# https://github.com/mikedh/trimesh

o Vertical Coupling.STL
v -0.03661310 -0.01995544 0.00171547
v -0.03658887 -0.01997967 0.00153848
v -0.02001130 -0.03655724 0.00100000
v -0.03657152 -0.01999703 0.00135988
v -0.03672619 -0.01984236 0.00223156
v -0.03668186 -0.01988668 0.00206253
v -0.03664413 -0.01992441 0.00189033
v -0.04111994 -0.01544860 0.00002321
v -0.04115433 -0.01541421 0.00019680
v -0.05444740 -0.00212114 -0.00750000
v -0.04118197 -0.01538657 0.00037279
v -0.04120277 -0.01536577 0.00055065
v -0.01551298 -0.04105556 0.00223156
v -0.01546866 -0.04109988 0.00206253
v -0.00212150 -0.05444704 0.00950000
v -0.02000347 -0.03656507 0.00072985
v -0.03658887 -0.01997967 0.00046152
v -0.03661310 -0.01995544 0.00028453
v -0.04097736 -0.01559118 -0.00047805
v -0.04103132 -0.01553722 -0.00031472
v -0.04107889 -0.01548965 -0.00014747
v -0.04118197 -0.01538657 0.00162721
v -0.04115433 -0.01541421 0.00180320
v -0.05444740 -0.00212114 0.00950000
v -0.04111994 -0.01544860 0.00197679
v -0.04107889 -0.01548965 0.00214747
v -0.01534439 -0.04122415 0.00100000
v -0.00212150 -0.05444704 -0.00750000
v -0.01534788 -0.04122067 0.00081979
v -0.01535831 -0.04121023 0.00064012
v -0.01537567 -0.04119287 0.00046152
v -0.01539990 -0.04116864 0.00028453
v -0.01543093 -0.04113762 0.00010967
v -0.01546866 -0.04109988 -0.00006253
v -0.01551298 -0.04105556 -0.00023156
v -0.01556377 -0.04100477 -0.00039691
v -0.01940481 -0.03716373 -0.00121927
v -0.01948793 -0.03708061 -0.00108259
v -0.04013059 -0.01643795 -0.00179590
v -0.04023671 -0.01633184 -0.00169600
v -0.03689730 -0.01967124 -0.00071463
v -0.03696649 -0.01960206 -0.00086604
v -0.03704142 -0.01952713 -0.00101189
v -0.04103132 -0.01553722 0.00231472
v -0.04097736 -0.01559118 0.00247805
v -0.04091717 -0.01565137 0.00263697
v -0.02000347 -0.03656507 0.00127015
v -0.03704142 -0.01952713 0.00301189
v -0.03696649 -0.01960206 0.00286604
v -0.03677697 -0.01979157 0.00239691
v -0.02001043 -0.03655811 0.00109014
v -0.01956565 -0.03700289 -0.00093969
v -0.01963773 -0.03693081 -0.00079100
v -0.01970397 -0.03686458 -0.00063697
v -0.01976415 -0.03680439 -0.00047805
v -0.01981812 -0.03675043 -0.00031472
v -0.01986569 -0.03670285 -0.00014747
v -0.01990673 -0.03666181 0.00002321
v -0.01994113 -0.03662742 0.00019680
v -0.01996876 -0.03659978 0.00037279
v -0.04033880 -0.01622974 -0.00158805
v -0.04043658 -0.01613196 -0.00147238
v -0.04052974 -0.01603880 -0.00134933
v -0.03656108 -0.02000746 0.00118021
v -0.03655760 -0.02001094 0.00100000
v -0.02001043 -0.03655811 0.00090986
v -0.03656108 -0.02000746 0.00081979
v -0.03657152 -0.01999703 0.00064012
v -0.03672619 -0.01984236 -0.00023156
v -0.03677697 -0.01979157 -0.00039691
v -0.03683407 -0.01973447 -0.00055809
v -0.04122363 -0.01534491 0.00109014
v -0.04121667 -0.01535187 0.00127015
v -0.04120277 -0.01536577 0.00144935
v -0.03689730 -0.01967124 0.00271463
v -0.03683407 -0.01973447 0.00255809
v -0.04085093 -0.01571761 0.00279100
v -0.04077885 -0.01578969 0.00293969
v -0.04070113 -0.01586741 0.00308259
v -0.04043658 -0.01613196 0.00347238
v -0.04033880 -0.01622974 0.00358805
v -0.04023671 -0.01633184 0.00369600
v -0.03729835 -0.01927020 0.00341176
v -0.03720759 -0.01936095 0.00328516
v -0.03712187 -0.01944668 0.00315173
v -0.01556377 -0.04100477 0.00239691
v -0.01543093 -0.04113762 0.00189033
v -0.01539990 -0.04116864 0.00171547
v -0.01537567 -0.04119287 0.00153848
v -0.01535831 -0.04121023 0.00135988
v -0.01534788 -0.04122067 0.00118021
v -0.01575328 -0.04081526 -0.00086604
v -0.01582821 -0.04074033 -0.00101189
v -0.01590866 -0.04065988 -0.00115173
v -0.01618065 -0.04038790 -0.00153116
v -0.01628062 -0.04028792 -0.00164301
v -0.01638477 -0.04018378 -0.00174698
v -0.01649277 -0.04007577 -0.00184274
v -0.01660431 -0.03996424 -0.00193002
v -0.01912560 -0.03744294 -0.00158805
v -0.01922338 -0.03734517 -0.00147238
v -0.01931654 -0.03725200 -0.00134933
v -0.03712187 -0.01944668 -0.00115173
v -0.03720759 -0.01936095 -0.00128516
v -0.01998957 -0.03657898 0.00055065
v -0.03729835 -0.01927020 -0.00141176
v -0.03739385 -0.01917469 -0.00153116
v -0.03749383 -0.01907472 -0.00164301
v -0.03759797 -0.01897057 -0.00174698
v -0.03770597 -0.01886257 -0.00184274
v -0.03781751 -0.01875103 -0.00193002
v -0.04061802 -0.01595053 -0.00121927
v -0.04070113 -0.01586741 -0.00108259
v -0.04077885 -0.01578969 -0.00093969
v -0.03664413 -0.01992441 0.00010967
v -0.03668186 -0.01988668 -0.00006253
v -0.01562087 -0.04094768 -0.00055809
v -0.01568410 -0.04088444 -0.00071463
v -0.01599439 -0.04057415 -0.00128516
v -0.01608514 -0.04048340 -0.00141176
v -0.01671905 -0.03984949 -0.00200856
v -0.01683665 -0.03973189 -0.00207811
v -0.01695677 -0.03961177 -0.00213849
v -0.01821483 -0.03835371 -0.00221143
v -0.01833804 -0.03823051 -0.00216517
v -0.01845927 -0.03810927 -0.00210946
v -0.01857818 -0.03799037 -0.00204447
v -0.01869439 -0.03787415 -0.00197040
v -0.01880758 -0.03776096 -0.00188746
v -0.03942803 -0.01714051 -0.00221143
v -0.03955124 -0.01701730 -0.00216517
v -0.03967248 -0.01689607 -0.00210946
v -0.03979138 -0.01677716 -0.00204447
v -0.03990760 -0.01666094 -0.00197040
v -0.04002078 -0.01654776 -0.00188746
v -0.04085093 -0.01571761 -0.00079100
v -0.04091717 -0.01565137 -0.00063697
v -0.04061802 -0.01595053 0.00321927
v -0.04052974 -0.01603880 0.00334933
v -0.04013059 -0.01643795 0.00379590
v -0.04002078 -0.01654776 0.00388746
v -0.03990760 -0.01666094 0.00397040
v -0.01998957 -0.03657898 0.00144935
v -0.01996876 -0.03659978 0.00162721
v -0.03739385 -0.01917469 0.00353116
v -0.03749383 -0.01907472 0.00364301
v -0.01986569 -0.03670285 0.00214747
v -0.01981812 -0.03675043 0.00231472
v -0.01976415 -0.03680439 0.00247805
v -0.01970397 -0.03686458 0.00263697
v -0.01963773 -0.03693081 0.00279100
v -0.01956565 -0.03700289 0.00293969
v -0.01948793 -0.03708061 0.00308259
v -0.01940481 -0.03716373 0.00321927
v -0.01931654 -0.03725200 0.00334933
v -0.01891739 -0.03765115 -0.00179590
v -0.01902350 -0.03754504 -0.00169600
v -0.03793226 -0.01863629 -0.00200856
v -0.03804986 -0.01851868 -0.00207811
v -0.03816997 -0.01839857 -0.00213849
v -0.03905029 -0.01751825 -0.00229231
v -0.03917719 -0.01739136 -0.00227510
v -0.03930322 -0.01726532 -0.00224811
v -0.01994113 -0.03662742 0.00180320
v -0.01990673 -0.03666181 0.00197679
v -0.01707904 -0.03948951 0.00418949
v -0.01695677 -0.03961177 0.00413849
v -0.01683665 -0.03973189 0.00407811
v -0.01671905 -0.03984949 0.00400856
v -0.01660431 -0.03996424 0.00393002
v -0.01608514 -0.04048340 0.00341176
v -0.01618065 -0.04038790 0.00353116
v -0.01628062 -0.04028792 0.00364301
v -0.01582821 -0.04074033 0.00301189
v -0.01575328 -0.04081526 0.00286604
v -0.01707904 -0.03948951 -0.00218949
v -0.01720309 -0.03936545 -0.00223098
v -0.01732856 -0.03923998 -0.00226282
v -0.01783709 -0.03873146 -0.00229231
v -0.01796398 -0.03860456 -0.00227510
v -0.01809002 -0.03847852 -0.00224811
v -0.04121667 -0.01535187 0.00072985
v -0.04122363 -0.01534491 0.00090986
v -0.04122450 -0.01534404 0.00100000
v -0.03781751 -0.01875103 0.00393002
v -0.03770597 -0.01886257 0.00384274
v -0.03759797 -0.01897057 0.00374698
v -0.01845927 -0.03810927 0.00410946
v -0.01857818 -0.03799037 0.00404447
v -0.01869439 -0.03787415 0.00397040
v -0.01649277 -0.04007577 0.00384274
v -0.01638477 -0.04018378 0.00374698
v -0.01599439 -0.04057415 0.00328516
v -0.01590866 -0.04065988 0.00315173
v -0.01568410 -0.04088444 0.00271463
v -0.01562087 -0.04094768 0.00255809
v -0.03866828 -0.01790026 -0.00228493
v -0.03879546 -0.01777308 -0.00229723
v -0.03892292 -0.01764562 -0.00229969
v -0.03979138 -0.01677716 0.00404447
v -0.03967248 -0.01689607 0.00410946
v -0.03955124 -0.01701730 0.00416517
v -0.01922338 -0.03734517 0.00347238
v -0.01912560 -0.03744294 0.00358805
v -0.01902350 -0.03754504 0.00369600
v -0.01758225 -0.03898629 0.00429723
v -0.01745508 -0.03911346 0.00428493
v -0.01732856 -0.03923998 0.00426282
v -0.01720309 -0.03936545 0.00423098
v -0.01745508 -0.03911346 -0.00228493
v -0.01758225 -0.03898629 -0.00229723
v -0.01770972 -0.03885882 -0.00229969
v -0.03829224 -0.01827630 -0.00218949
v -0.03841630 -0.01815225 -0.00223098
v -0.03854177 -0.01802677 -0.00226282
v -0.03892292 -0.01764562 0.00429969
v -0.03905029 -0.01751825 0.00429231
v -0.03917719 -0.01739136 0.00427510
v -0.03879546 -0.01777308 0.00429723
v -0.03866828 -0.01790026 0.00428493
v -0.03854177 -0.01802677 0.00426282
v -0.03841630 -0.01815225 0.00423098
v -0.03829224 -0.01827630 0.00418949
v -0.03816997 -0.01839857 0.00413849
v -0.03804986 -0.01851868 0.00407811
v -0.03793226 -0.01863629 0.00400856
v -0.01891739 -0.03765115 0.00379590
v -0.01880758 -0.03776096 0.00388746
v -0.01833804 -0.03823051 0.00416517
v -0.01821483 -0.03835371 0.00421143
v -0.01809002 -0.03847852 0.00424811
v -0.01796398 -0.03860456 0.00427510
v -0.03942803 -0.01714051 0.00421143
v -0.03930322 -0.01726532 0.00424811
v -0.01783709 -0.03873146 0.00429231
v -0.01770972 -0.03885882 0.00429969
v 0.02499982 0.00000017 0.00580258
v 0.02265981 -0.00187715 0.00400000
v 0.02256079 -0.00174656 0.00400000
v 0.02276582 -0.00200213 0.00400000
v 0.02287850 -0.00212115 0.00400000
v 0.02238484 -0.00147015 0.00400000
v 0.02230845 -0.00132516 0.00400000
v 0.02246903 -0.00161076 0.00400000
v 0.02217997 -0.00102374 0.00400000
v 0.02212826 -0.00086823 0.00400000
v 0.02224009 -0.00117621 0.00400000
v 0.02205068 -0.00054989 0.00400000
v 0.02202504 -0.00038802 0.00400000
v 0.02208512 -0.00071012 0.00400000
v 0.02200045 -0.00006128 0.00400000
v 0.02200157 0.00010260 0.00400000
v 0.02200828 -0.00022499 0.00400000
v 0.02203062 0.00042896 0.00400000
v 0.02205847 0.00059047 0.00400000
v 0.02201164 0.00026618 0.00400000
v 0.02214039 0.00090772 0.00400000
v 0.02219421 0.00106252 0.00400000
v 0.02209509 0.00075021 0.00400000
v 0.02232680 0.00136215 0.00400000
v 0.02240516 0.00150609 0.00400000
v 0.02225641 0.00121414 0.00400000
v 0.02258487 0.00178007 0.00400000
v 0.02268567 0.00190929 0.00400000
v 0.02249127 0.00164553 0.00400000
v 0.02290767 0.00215027 0.00400000
v 0.02302821 0.00226131 0.00400000
v 0.02279338 0.00203281 0.00400000
v 0.02328656 0.00246285 0.00400000
v 0.02342360 0.00255273 0.00400000
v 0.02315463 0.00236561 0.00400000
v 0.02371137 0.00270940 0.00400000
v 0.02386124 0.00277572 0.00400000
v 0.02356534 0.00263499 0.00400000
v 0.02417072 0.00288333 0.00400000
v 0.02432941 0.00292431 0.00400000
v 0.02401451 0.00283375 0.00400000
v 0.02465230 0.00297998 0.00400000
v 0.02481554 0.00299451 0.00400000
v 0.02449009 0.00295655 0.00400000
v 0.02514319 0.00299675 0.00400000
v 0.02530661 0.00298445 0.00400000
v 0.02497934 0.00300011 0.00400000
v 0.02563024 0.00293319 0.00400000
v 0.02578946 0.00289439 0.00400000
v 0.02546913 0.00296324 0.00400000
v 0.02610038 0.00279101 0.00400000
v 0.02625115 0.00272674 0.00400000
v 0.02594633 0.00284695 0.00400000
v 0.02654103 0.00257402 0.00400000
v 0.02667929 0.00248602 0.00400000
v 0.02639818 0.00265435 0.00400000
v 0.02694036 0.00228803 0.00400000
v 0.02706240 0.00217865 0.00400000
v 0.02681253 0.00239059 0.00400000
v 0.02728768 0.00194072 0.00400000
v 0.02739024 0.00181289 0.00400000
v 0.02717829 0.00206276 0.00400000
v 0.02757366 0.00154139 0.00400000
v 0.02765399 0.00139853 0.00400000
v 0.02748566 0.00167964 0.00400000
v 0.02779065 0.00110074 0.00400000
v 0.02784659 0.00094669 0.00400000
v 0.02772639 0.00125150 0.00400000
v 0.02793284 0.00063059 0.00400000
v 0.02796289 0.00046948 0.00400000
v 0.02789403 0.00078982 0.00400000
v 0.02799640 0.00014354 0.00400000
v 0.02799975 -0.00002031 0.00400000
v 0.02798409 0.00030697 0.00400000
v 0.02797963 -0.00034735 0.00400000
v 0.02795620 -0.00050956 0.00400000
v 0.02799415 -0.00018411 0.00400000
v 0.02788298 -0.00082892 0.00400000
v 0.02783340 -0.00098513 0.00400000
v 0.02792395 -0.00067024 0.00400000
v 0.02770904 -0.00128828 0.00400000
v 0.02763464 -0.00143430 0.00400000
v 0.02777536 -0.00113840 0.00400000
v 0.02746249 -0.00171308 0.00400000
v 0.02736525 -0.00184502 0.00400000
v 0.02755238 -0.00157604 0.00400000
v 0.02714992 -0.00209197 0.00400000
v 0.02703246 -0.00220626 0.00400000
v 0.02726096 -0.00197144 0.00400000
v 0.02677971 -0.00241477 0.00400000
v 0.02664518 -0.00250837 0.00400000
v 0.02690894 -0.00231397 0.00400000
v 0.02636179 -0.00267284 0.00400000
v 0.02621379 -0.00274323 0.00400000
v 0.02650573 -0.00259448 0.00400000
v 0.02590736 -0.00285926 0.00400000
v 0.02574986 -0.00290455 0.00400000
v 0.02606216 -0.00280543 0.00400000
v 0.02542861 -0.00296902 0.00400000
v 0.02526582 -0.00298801 0.00400000
v 0.02559012 -0.00294117 0.00400000
v 0.02493836 -0.00299919 0.00400000
v 0.02477466 -0.00299136 0.00400000
v 0.02510225 -0.00299807 0.00400000
v 0.02444976 -0.00294897 0.00400000
v 0.02428953 -0.00291452 0.00400000
v 0.02461163 -0.00297460 0.00400000
v 0.02397590 -0.00281968 0.00400000
v 0.02382344 -0.00275955 0.00400000
v 0.02413142 -0.00287139 0.00400000
v 0.02352949 -0.00261480 0.00400000
v 0.02338888 -0.00253061 0.00400000
v 0.02367449 -0.00269120 0.00400000
v 0.02312250 -0.00233983 0.00400000
v 0.02299751 -0.00223382 0.00400000
v 0.02325308 -0.00243886 0.00400000
v -0.01981244 0.01516120 0.00000000
v -0.01994669 0.01528153 0.00000000
v -0.01994669 0.01528153 0.00400000
v -0.02001130 0.01534439 0.00000000
v -0.02007417 0.01540900 0.00400000
v -0.02007417 0.01540900 0.00000000
v -0.02019449 0.01554325 0.00400000
v -0.02019449 0.01554325 0.00000000
v -0.02030730 0.01568387 0.00400000
v -0.02030730 0.01568387 0.00000000
v -0.02041227 0.01583043 0.00400000
v -0.02041227 0.01583043 0.00000000
v -0.02050908 0.01598251 0.00400000
v -0.02050908 0.01598251 0.00000000
v -0.02059743 0.01613966 0.00400000
v -0.02059743 0.01613966 0.00000000
v -0.02067707 0.01630139 0.00400000
v -0.02067707 0.01630139 0.00000000
v -0.02074777 0.01646723 0.00400000
v -0.02074777 0.01646723 0.00000000
v -0.02080930 0.01663668 0.00400000
v -0.02080930 0.01663668 0.00000000
v -0.02086148 0.01680924 0.00400000
v -0.02086148 0.01680924 0.00000000
v -0.02090416 0.01698439 0.00400000
v -0.02090416 0.01698439 0.00000000
v -0.02093722 0.01716161 0.00400000
v -0.02093722 0.01716161 0.00000000
v -0.02096055 0.01734037 0.00400000
v -0.02096055 0.01734037 0.00000000
v -0.02097407 0.01752014 0.00400000
v -0.02097407 0.01752014 0.00000000
v -0.02097777 0.01770038 0.00400000
v -0.02097777 0.01770038 0.00000000
v -0.02097162 0.01788055 0.00400000
v -0.02097162 0.01788055 0.00000000
v -0.02095563 0.01806012 0.00400000
v -0.02095563 0.01806012 0.00000000
v -0.02092986 0.01823855 0.00400000
v -0.02092986 0.01823855 0.00000000
v -0.02089439 0.01841530 0.00400000
v -0.02089439 0.01841530 0.00000000
v -0.02084932 0.01858986 0.00400000
v -0.02084932 0.01858986 0.00000000
v -0.02079479 0.01876169 0.00400000
v -0.02079479 0.01876169 0.00000000
v -0.02073095 0.01893028 0.00400000
v -0.02073095 0.01893028 0.00000000
v -0.02065799 0.01909514 0.00400000
v -0.02065799 0.01909514 0.00000000
v -0.02057615 0.01925577 0.00400000
v -0.02057615 0.01925577 0.00000000
v -0.02048566 0.01941169 0.00400000
v -0.02048566 0.01941169 0.00000000
v -0.02038678 0.01956243 0.00400000
v -0.02038678 0.01956243 0.00000000
v -0.02027982 0.01970755 0.00400000
v -0.02027982 0.01970755 0.00000000
v -0.02016510 0.01984662 0.00400000
v -0.02016510 0.01984662 0.00000000
v -0.02004295 0.01997921 0.00400000
v -0.02004295 0.01997921 0.00000000
v -0.01991375 0.02010493 0.00400000
v -0.01991375 0.02010493 0.00000000
v -0.01977787 0.02022341 0.00400000
v -0.01977787 0.02022341 0.00000000
v -0.01963573 0.02033430 0.00400000
v -0.01963573 0.02033430 0.00000000
v -0.01948774 0.02043725 0.00400000
v -0.01948774 0.02043725 0.00000000
v -0.01933435 0.02053197 0.00400000
v -0.01933435 0.02053197 0.00000000
v -0.01917602 0.02061817 0.00400000
v -0.01917602 0.02061817 0.00000000
v -0.01901321 0.02069560 0.00400000
v -0.01901321 0.02069560 0.00000000
v -0.01884643 0.02076402 0.00400000
v -0.01884643 0.02076402 0.00000000
v -0.01867615 0.02082322 0.00400000
v -0.01867615 0.02082322 0.00000000
v -0.01850289 0.02087305 0.00400000
v -0.01850289 0.02087305 0.00000000
v -0.01832717 0.02091333 0.00400000
v -0.01832717 0.02091333 0.00000000
v -0.01814951 0.02094397 0.00400000
v -0.01814951 0.02094397 0.00000000
v -0.01797045 0.02096485 0.00400000
v -0.01797045 0.02096485 0.00000000
v -0.01779052 0.02097592 0.00400000
v -0.01779052 0.02097592 0.00000000
v -0.01761024 0.02097715 0.00400000
v -0.01761024 0.02097715 0.00000000
v -0.01743017 0.02096854 0.00400000
v -0.01743017 0.02096854 0.00000000
v -0.01725084 0.02095010 0.00400000
v -0.01725084 0.02095010 0.00000000
v -0.01707278 0.02092190 0.00400000
v -0.01707278 0.02092190 0.00000000
v -0.01689652 0.02088402 0.00400000
v -0.01689652 0.02088402 0.00000000
v -0.01672260 0.02083656 0.00400000
v -0.01672260 0.02083656 0.00000000
v -0.01655154 0.02077969 0.00400000
v -0.01655154 0.02077969 0.00000000
v -0.01638383 0.02071355 0.00400000
v -0.01638383 0.02071355 0.00000000
v -0.01621998 0.02063836 0.00400000
v -0.01621998 0.02063836 0.00000000
v -0.01606048 0.02055432 0.00400000
v -0.01606048 0.02055432 0.00000000
v -0.01590582 0.02046171 0.00400000
v -0.01590582 0.02046171 0.00000000
v -0.01575644 0.02036079 0.00400000
v -0.01575644 0.02036079 0.00000000
v -0.01561279 0.02025186 0.00400000
v -0.01561279 0.02025186 0.00000000
v -0.01547531 0.02013524 0.00400000
v -0.01547531 0.02013524 0.00000000
v -0.01534440 0.02001130 0.00400000
v -0.01534440 0.02001130 0.00000000
v -0.01522045 0.01988039 0.00400000
v -0.01522045 0.01988039 0.00000000
v -0.01510384 0.01974291 0.00400000
v -0.01510384 0.01974291 0.00000000
v -0.01499491 0.01959926 0.00400000
v -0.01499491 0.01959926 0.00000000
v -0.01489398 0.01944988 0.00400000
v -0.01489398 0.01944988 0.00000000
v -0.01480137 0.01929521 0.00400000
v -0.01480137 0.01929521 0.00000000
v -0.01471734 0.01913571 0.00400000
v -0.01471734 0.01913571 0.00000000
v -0.01464214 0.01897187 0.00400000
v -0.01464214 0.01897187 0.00000000
v -0.01457601 0.01880416 0.00400000
v -0.01457601 0.01880416 0.00000000
v -0.01451913 0.01863309 0.00400000
v -0.01451913 0.01863309 0.00000000
v -0.01447167 0.01845917 0.00400000
v -0.01447167 0.01845917 0.00000000
v -0.01443379 0.01828292 0.00400000
v -0.01443379 0.01828292 0.00000000
v -0.01440559 0.01810486 0.00400000
v -0.01440559 0.01810486 0.00000000
v -0.01438715 0.01792553 0.00400000
v -0.01438715 0.01792553 0.00000000
v -0.01437854 0.01774546 0.00400000
v -0.01437854 0.01774546 0.00000000
v -0.01437977 0.01756518 0.00400000
v -0.01437977 0.01756518 0.00000000
v -0.01439085 0.01738524 0.00400000
v -0.01439085 0.01738524 0.00000000
v -0.01441173 0.01720618 0.00400000
v -0.01441173 0.01720618 0.00000000
v -0.01444236 0.01702852 0.00400000
v -0.01444236 0.01702852 0.00000000
v -0.01448265 0.01685280 0.00400000
v -0.01448265 0.01685280 0.00000000
v -0.01453247 0.01667955 0.00400000
v -0.01453247 0.01667955 0.00000000
v -0.01459168 0.01650927 0.00400000
v -0.01459168 0.01650927 0.00000000
v -0.01466010 0.01634248 0.00400000
v -0.01466010 0.01634248 0.00000000
v -0.01473753 0.01617968 0.00400000
v -0.01473753 0.01617968 0.00000000
v -0.01482373 0.01602135 0.00400000
v -0.01482373 0.01602135 0.00000000
v -0.01491845 0.01586795 0.00400000
v -0.01491845 0.01586795 0.00000000
v -0.01502140 0.01571997 0.00400000
v -0.01502140 0.01571997 0.00000000
v -0.01513228 0.01557782 0.00400000
v -0.01513228 0.01557782 0.00000000
v -0.01525076 0.01544194 0.00400000
v -0.01525076 0.01544194 0.00000000
v -0.01537648 0.01531274 0.00400000
v -0.01537648 0.01531274 0.00000000
v -0.01550907 0.01519059 0.00400000
v -0.01550907 0.01519059 0.00000000
v -0.01564814 0.01507587 0.00400000
v -0.01564814 0.01507587 0.00000000
v -0.01579326 0.01496891 0.00400000
v -0.01579326 0.01496891 0.00000000
v -0.01594401 0.01487004 0.00400000
v -0.01594401 0.01487004 0.00000000
v -0.01609992 0.01477954 0.00400000
v -0.01609992 0.01477954 0.00000000
v -0.01626055 0.01469770 0.00400000
v -0.01626055 0.01469770 0.00000000
v -0.01642541 0.01462475 0.00400000
v -0.01642541 0.01462475 0.00000000
v -0.01659401 0.01456091 0.00400000
v -0.01659401 0.01456091 0.00000000
v -0.01676584 0.01450637 0.00400000
v -0.01676584 0.01450637 0.00000000
v -0.01694039 0.01446130 0.00400000
v -0.01694039 0.01446130 0.00000000
v -0.01711714 0.01442583 0.00400000
v -0.01711714 0.01442583 0.00000000
v -0.01729557 0.01440006 0.00400000
v -0.01729557 0.01440006 0.00000000
v -0.01747514 0.01438408 0.00400000
v -0.01747514 0.01438408 0.00000000
v -0.01765531 0.01437792 0.00400000
v -0.01765531 0.01437792 0.00000000
v -0.01783555 0.01438162 0.00400000
v -0.01783555 0.01438162 0.00000000
v -0.01801532 0.01439515 0.00400000
v -0.01801532 0.01439515 0.00000000
v -0.01819408 0.01441847 0.00400000
v -0.01819408 0.01441847 0.00000000
v -0.01837130 0.01445153 0.00400000
v -0.01837130 0.01445153 0.00000000
v -0.01854646 0.01449421 0.00400000
v -0.01854646 0.01449421 0.00000000
v -0.01871901 0.01454640 0.00400000
v -0.01871901 0.01454640 0.00000000
v -0.01888847 0.01460793 0.00400000
v -0.01888847 0.01460793 0.00000000
v -0.01905431 0.01467862 0.00400000
v -0.01905431 0.01467862 0.00000000
v -0.01921604 0.01475826 0.00400000
v -0.01921604 0.01475826 0.00000000
v -0.01937318 0.01484662 0.00400000
v -0.01937318 0.01484662 0.00000000
v -0.01952526 0.01494342 0.00400000
v -0.01952526 0.01494342 0.00000000
v -0.01967183 0.01504839 0.00400000
v -0.01967183 0.01504839 0.00000000
v -0.01981244 0.01516120 0.00400000
v -0.01981244 -0.02019414 0.00000000
v -0.01994669 -0.02007381 0.00000000
v -0.01994669 -0.02007381 0.00400000
v -0.02001130 -0.02001094 0.00000000
v -0.02007417 -0.01994634 0.00400000
v -0.02007417 -0.01994634 0.00000000
v -0.02019449 -0.01981209 0.00400000
v -0.02019449 -0.01981209 0.00000000
v -0.02030730 -0.01967147 0.00400000
v -0.02030730 -0.01967147 0.00000000
v -0.02041227 -0.01952490 0.00400000
v -0.02041227 -0.01952490 0.00000000
v -0.02050908 -0.01937282 0.00400000
v -0.02050908 -0.01937282 0.00000000
v -0.02059743 -0.01921568 0.00400000
v -0.02059743 -0.01921568 0.00000000
v -0.02067708 -0.01905395 0.00400000
v -0.02067708 -0.01905395 0.00000000
v -0.02074777 -0.01888811 0.00400000
v -0.02074777 -0.01888811 0.00000000
v -0.02080930 -0.01871866 0.00400000
v -0.02080930 -0.01871866 0.00000000
v -0.02086148 -0.01854610 0.00400000
v -0.02086148 -0.01854610 0.00000000
v -0.02090417 -0.01837095 0.00400000
v -0.02090417 -0.01837095 0.00000000
v -0.02093722 -0.01819373 0.00400000
v -0.02093722 -0.01819373 0.00000000
v -0.02096055 -0.01801497 0.00400000
v -0.02096055 -0.01801497 0.00000000
v -0.02097408 -0.01783520 0.00400000
v -0.02097408 -0.01783520 0.00000000
v -0.02097777 -0.01765496 0.00400000
v -0.02097777 -0.01765496 0.00000000
v -0.02097162 -0.01747478 0.00400000
v -0.02097162 -0.01747478 0.00000000
v -0.02095563 -0.01729521 0.00400000
v -0.02095563 -0.01729521 0.00000000
v -0.02092986 -0.01711679 0.00400000
v -0.02092986 -0.01711679 0.00000000
v -0.02089439 -0.01694003 0.00400000
v -0.02089439 -0.01694003 0.00000000
v -0.02084932 -0.01676548 0.00400000
v -0.02084932 -0.01676548 0.00000000
v -0.02079479 -0.01659365 0.00400000
v -0.02079479 -0.01659365 0.00000000
v -0.02073095 -0.01642506 0.00400000
v -0.02073095 -0.01642506 0.00000000
v -0.02065799 -0.01626020 0.00400000
v -0.02065799 -0.01626020 0.00000000
v -0.02057615 -0.01609957 0.00400000
v -0.02057615 -0.01609957 0.00000000
v -0.02048566 -0.01594365 0.00400000
v -0.02048566 -0.01594365 0.00000000
v -0.02038678 -0.01579290 0.00400000
v -0.02038678 -0.01579290 0.00000000
v -0.02027983 -0.01564778 0.00400000
v -0.02027983 -0.01564778 0.00000000
v -0.02016510 -0.01550872 0.00400000
v -0.02016510 -0.01550872 0.00000000
v -0.02004295 -0.01537613 0.00400000
v -0.02004295 -0.01537613 0.00000000
v -0.01991375 -0.01525041 0.00400000
v -0.01991375 -0.01525041 0.00000000
v -0.01977787 -0.01513193 0.00400000
v -0.01977787 -0.01513193 0.00000000
v -0.01963573 -0.01502105 0.00400000
v -0.01963573 -0.01502105 0.00000000
v -0.01948774 -0.01491809 0.00400000
v -0.01948774 -0.01491809 0.00000000
v -0.01933435 -0.01482337 0.00400000
v -0.01933435 -0.01482337 0.00000000
v -0.01917601 -0.01473717 0.00400000
v -0.01917601 -0.01473717 0.00000000
v -0.01901321 -0.01465975 0.00400000
v -0.01901321 -0.01465975 0.00000000
v -0.01884642 -0.01459133 0.00400000
v -0.01884642 -0.01459133 0.00000000
v -0.01867615 -0.01453212 0.00400000
v -0.01867615 -0.01453212 0.00000000
v -0.01850289 -0.01448229 0.00400000
v -0.01850289 -0.01448229 0.00000000
v -0.01832717 -0.01444201 0.00400000
v -0.01832717 -0.01444201 0.00000000
v -0.01814951 -0.01441137 0.00400000
v -0.01814951 -0.01441137 0.00000000
v -0.01797045 -0.01439049 0.00400000
v -0.01797045 -0.01439049 0.00000000
v -0.01779052 -0.01437942 0.00400000
v -0.01779052 -0.01437942 0.00000000
v -0.01761024 -0.01437818 0.00400000
v -0.01761024 -0.01437818 0.00000000
v -0.01743017 -0.01438680 0.00400000
v -0.01743017 -0.01438680 0.00000000
v -0.01725084 -0.01440524 0.00400000
v -0.01725084 -0.01440524 0.00000000
v -0.01707278 -0.01443344 0.00400000
v -0.01707278 -0.01443344 0.00000000
v -0.01689652 -0.01447132 0.00400000
v -0.01689652 -0.01447132 0.00000000
v -0.01672260 -0.01451877 0.00400000
v -0.01672260 -0.01451877 0.00000000
v -0.01655153 -0.01457565 0.00400000
v -0.01655153 -0.01457565 0.00000000
v -0.01638383 -0.01464179 0.00400000
v -0.01638383 -0.01464179 0.00000000
v -0.01621998 -0.01471698 0.00400000
v -0.01621998 -0.01471698 0.00000000
v -0.01606048 -0.01480101 0.00400000
v -0.01606048 -0.01480101 0.00000000
v -0.01590582 -0.01489363 0.00400000
v -0.01590582 -0.01489363 0.00000000
v -0.01575644 -0.01499455 0.00400000
v -0.01575644 -0.01499455 0.00000000
v -0.01561279 -0.01510348 0.00400000
v -0.01561279 -0.01510348 0.00000000
v -0.01547531 -0.01522009 0.00400000
v -0.01547531 -0.01522009 0.00000000
v -0.01534440 -0.01534404 0.00400000
v -0.01534440 -0.01534404 0.00000000
v -0.01522045 -0.01547495 0.00400000
v -0.01522045 -0.01547495 0.00000000
v -0.01510384 -0.01561243 0.00400000
v -0.01510384 -0.01561243 0.00000000
v -0.01499491 -0.01575608 0.00400000
v -0.01499491 -0.01575608 0.00000000
v -0.01489398 -0.01590546 0.00400000
v -0.01489398 -0.01590546 0.00000000
v -0.01480137 -0.01606013 0.00400000
v -0.01480137 -0.01606013 0.00000000
v -0.01471734 -0.01621963 0.00400000
v -0.01471734 -0.01621963 0.00000000
v -0.01464214 -0.01638347 0.00400000
v -0.01464214 -0.01638347 0.00000000
v -0.01457600 -0.01655118 0.00400000
v -0.01457600 -0.01655118 0.00000000
v -0.01451913 -0.01672225 0.00400000
v -0.01451913 -0.01672225 0.00000000
v -0.01447168 -0.01689617 0.00400000
v -0.01447168 -0.01689617 0.00000000
v -0.01443379 -0.01707242 0.00400000
v -0.01443379 -0.01707242 0.00000000
v -0.01440559 -0.01725048 0.00400000
v -0.01440559 -0.01725048 0.00000000
v -0.01438715 -0.01742981 0.00400000
v -0.01438715 -0.01742981 0.00000000
v -0.01437854 -0.01760988 0.00400000
v -0.01437854 -0.01760988 0.00000000
v -0.01437977 -0.01779016 0.00400000
v -0.01437977 -0.01779016 0.00000000
v -0.01439085 -0.01797009 0.00400000
v -0.01439085 -0.01797009 0.00000000
v -0.01441173 -0.01814916 0.00400000
v -0.01441173 -0.01814916 0.00000000
v -0.01444236 -0.01832681 0.00400000
v -0.01444236 -0.01832681 0.00000000
v -0.01448265 -0.01850254 0.00400000
v -0.01448265 -0.01850254 0.00000000
v -0.01453247 -0.01867579 0.00400000
v -0.01453247 -0.01867579 0.00000000
v -0.01459168 -0.01884607 0.00400000
v -0.01459168 -0.01884607 0.00000000
v -0.01466010 -0.01901286 0.00400000
v -0.01466010 -0.01901286 0.00000000
v -0.01473752 -0.01917566 0.00400000
v -0.01473752 -0.01917566 0.00000000
v -0.01482373 -0.01933399 0.00400000
v -0.01482373 -0.01933399 0.00000000
v -0.01491845 -0.01948739 0.00400000
v -0.01491845 -0.01948739 0.00000000
v -0.01502140 -0.01963537 0.00400000
v -0.01502140 -0.01963537 0.00000000
v -0.01513228 -0.01977752 0.00400000
v -0.01513228 -0.01977752 0.00000000
v -0.01525076 -0.01991339 0.00400000
v -0.01525076 -0.01991339 0.00000000
v -0.01537648 -0.02004260 0.00400000
v -0.01537648 -0.02004260 0.00000000
v -0.01550907 -0.02016475 0.00400000
v -0.01550907 -0.02016475 0.00000000
v -0.01564814 -0.02027947 0.00400000
v -0.01564814 -0.02027947 0.00000000
v -0.01579326 -0.02038643 0.00400000
v -0.01579326 -0.02038643 0.00000000
v -0.01594401 -0.02048530 0.00400000
v -0.01594401 -0.02048530 0.00000000
v -0.01609993 -0.02057579 0.00400000
v -0.01609993 -0.02057579 0.00000000
v -0.01626055 -0.02065764 0.00400000
v -0.01626055 -0.02065764 0.00000000
v -0.01642541 -0.02073059 0.00400000
v -0.01642541 -0.02073059 0.00000000
v -0.01659401 -0.02079443 0.00400000
v -0.01659401 -0.02079443 0.00000000
v -0.01676584 -0.02084897 0.00400000
v -0.01676584 -0.02084897 0.00000000
v -0.01694039 -0.02089404 0.00400000
v -0.01694039 -0.02089404 0.00000000
v -0.01711714 -0.02092951 0.00400000
v -0.01711714 -0.02092951 0.00000000
v -0.01729557 -0.02095528 0.00400000
v -0.01729557 -0.02095528 0.00000000
v -0.01747514 -0.02097126 0.00400000
v -0.01747514 -0.02097126 0.00000000
v -0.01765531 -0.02097742 0.00400000
v -0.01765531 -0.02097742 0.00000000
v -0.01783555 -0.02097372 0.00400000
v -0.01783555 -0.02097372 0.00000000
v -0.01801532 -0.02096019 0.00400000
v -0.01801532 -0.02096019 0.00000000
v -0.01819408 -0.02093687 0.00400000
v -0.01819408 -0.02093687 0.00000000
v -0.01837130 -0.02090381 0.00400000
v -0.01837130 -0.02090381 0.00000000
v -0.01854646 -0.02086113 0.00400000
v -0.01854646 -0.02086113 0.00000000
v -0.01871901 -0.02080894 0.00400000
v -0.01871901 -0.02080894 0.00000000
v -0.01888847 -0.02074741 0.00400000
v -0.01888847 -0.02074741 0.00000000
v -0.01905431 -0.02067672 0.00400000
v -0.01905431 -0.02067672 0.00000000
v -0.01921604 -0.02059708 0.00400000
v -0.01921604 -0.02059708 0.00000000
v -0.01937318 -0.02050872 0.00400000
v -0.01937318 -0.02050872 0.00000000
v -0.01952526 -0.02041192 0.00400000
v -0.01952526 -0.02041192 0.00000000
v -0.01967183 -0.02030695 0.00400000
v -0.01967183 -0.02030695 0.00000000
v -0.01981244 -0.02019414 0.00400000
v 0.01554289 -0.02019414 0.00000000
v 0.01540865 -0.02007381 0.00000000
v 0.01540865 -0.02007381 0.00400000
v 0.01534404 -0.02001095 0.00000000
v 0.01528117 -0.01994634 0.00400000
v 0.01528117 -0.01994634 0.00000000
v 0.01516085 -0.01981209 0.00400000
v 0.01516085 -0.01981209 0.00000000
v 0.01504803 -0.01967147 0.00400000
v 0.01504803 -0.01967147 0.00000000
v 0.01494307 -0.01952491 0.00400000
v 0.01494307 -0.01952491 0.00000000
v 0.01484626 -0.01937283 0.00400000
v 0.01484626 -0.01937283 0.00000000
v 0.01475791 -0.01921568 0.00400000
v 0.01475791 -0.01921568 0.00000000
v 0.01467826 -0.01905395 0.00400000
v 0.01467826 -0.01905395 0.00000000
v 0.01460757 -0.01888811 0.00400000
v 0.01460757 -0.01888811 0.00000000
v 0.01454604 -0.01871866 0.00400000
v 0.01454604 -0.01871866 0.00000000
v 0.01449386 -0.01854610 0.00400000
v 0.01449386 -0.01854610 0.00000000
v 0.01445117 -0.01837095 0.00400000
v 0.01445117 -0.01837095 0.00000000
v 0.01441812 -0.01819373 0.00400000
v 0.01441812 -0.01819373 0.00000000
v 0.01439479 -0.01801497 0.00400000
v 0.01439479 -0.01801497 0.00000000
v 0.01438126 -0.01783519 0.00400000
v 0.01438126 -0.01783519 0.00000000
v 0.01437757 -0.01765496 0.00400000
v 0.01437757 -0.01765496 0.00000000
v 0.01438372 -0.01747478 0.00400000
v 0.01438372 -0.01747478 0.00000000
v 0.01439971 -0.01729521 0.00400000
v 0.01439971 -0.01729521 0.00000000
v 0.01442547 -0.01711679 0.00400000
v 0.01442547 -0.01711679 0.00000000
v 0.01446095 -0.01694003 0.00400000
v 0.01446095 -0.01694003 0.00000000
v 0.01450602 -0.01676548 0.00400000
v 0.01450602 -0.01676548 0.00000000
v 0.01456055 -0.01659365 0.00400000
v 0.01456055 -0.01659365 0.00000000
v 0.01462439 -0.01642506 0.00400000
v 0.01462439 -0.01642506 0.00000000
v 0.01469735 -0.01626020 0.00400000
v 0.01469735 -0.01626020 0.00000000
v 0.01477919 -0.01609957 0.00400000
v 0.01477919 -0.01609957 0.00000000
v 0.01486968 -0.01594365 0.00400000
v 0.01486968 -0.01594365 0.00000000
v 0.01496856 -0.01579290 0.00400000
v 0.01496856 -0.01579290 0.00000000
v 0.01507552 -0.01564778 0.00400000
v 0.01507552 -0.01564778 0.00000000
v 0.01519024 -0.01550872 0.00400000
v 0.01519024 -0.01550872 0.00000000
v 0.01531239 -0.01537613 0.00400000
v 0.01531239 -0.01537613 0.00000000
v 0.01544159 -0.01525041 0.00400000
v 0.01544159 -0.01525041 0.00000000
v 0.01557747 -0.01513193 0.00400000
v 0.01557747 -0.01513193 0.00000000
v 0.01571961 -0.01502105 0.00400000
v 0.01571961 -0.01502105 0.00000000
v 0.01586760 -0.01491809 0.00400000
v 0.01586760 -0.01491809 0.00000000
v 0.01602099 -0.01482337 0.00400000
v 0.01602099 -0.01482337 0.00000000
v 0.01617932 -0.01473717 0.00400000
v 0.01617932 -0.01473717 0.00000000
v 0.01634213 -0.01465974 0.00400000
v 0.01634213 -0.01465974 0.00000000
v 0.01650892 -0.01459133 0.00400000
v 0.01650892 -0.01459133 0.00000000
v 0.01667919 -0.01453212 0.00400000
v 0.01667919 -0.01453212 0.00000000
v 0.01685245 -0.01448229 0.00400000
v 0.01685245 -0.01448229 0.00000000
v 0.01702817 -0.01444200 0.00400000
v 0.01702817 -0.01444200 0.00000000
v 0.01720583 -0.01441137 0.00400000
v 0.01720583 -0.01441137 0.00000000
v 0.01738489 -0.01439049 0.00400000
v 0.01738489 -0.01439049 0.00000000
v 0.01756482 -0.01437942 0.00400000
v 0.01756482 -0.01437942 0.00000000
v 0.01774510 -0.01437819 0.00400000
v 0.01774510 -0.01437819 0.00000000
v 0.01792517 -0.01438680 0.00400000
v 0.01792517 -0.01438680 0.00000000
v 0.01810450 -0.01440524 0.00400000
v 0.01810450 -0.01440524 0.00000000
v 0.01828256 -0.01443344 0.00400000
v 0.01828256 -0.01443344 0.00000000
v 0.01845881 -0.01447132 0.00400000
v 0.01845881 -0.01447132 0.00000000
v 0.01863273 -0.01451877 0.00400000
v 0.01863273 -0.01451877 0.00000000
v 0.01880380 -0.01457565 0.00400000
v 0.01880380 -0.01457565 0.00000000
v 0.01897151 -0.01464179 0.00400000
v 0.01897151 -0.01464179 0.00000000
v 0.01913536 -0.01471698 0.00400000
v 0.01913536 -0.01471698 0.00000000
v 0.01929485 -0.01480101 0.00400000
v 0.01929485 -0.01480101 0.00000000
v 0.01944952 -0.01489363 0.00400000
v 0.01944952 -0.01489363 0.00000000
v 0.01959890 -0.01499455 0.00400000
v 0.01959890 -0.01499455 0.00000000
v 0.01974255 -0.01510348 0.00400000
v 0.01974255 -0.01510348 0.00000000
v 0.01988003 -0.01522009 0.00400000
v 0.01988003 -0.01522009 0.00000000
v 0.02001094 -0.01534404 0.00400000
v 0.02001094 -0.01534404 0.00000000
v 0.02013489 -0.01547495 0.00400000
v 0.02013489 -0.01547495 0.00000000
v 0.02025150 -0.01561243 0.00400000
v 0.02025150 -0.01561243 0.00000000
v 0.02036043 -0.01575608 0.00400000
v 0.02036043 -0.01575608 0.00000000
v 0.02046135 -0.01590546 0.00400000
v 0.02046135 -0.01590546 0.00000000
v 0.02055397 -0.01606013 0.00400000
v 0.02055397 -0.01606013 0.00000000
v 0.02063800 -0.01621962 0.00400000
v 0.02063800 -0.01621962 0.00000000
v 0.02071320 -0.01638347 0.00400000
v 0.02071320 -0.01638347 0.00000000
v 0.02077933 -0.01655118 0.00400000
v 0.02077933 -0.01655118 0.00000000
v 0.02083621 -0.01672225 0.00400000
v 0.02083621 -0.01672225 0.00000000
v 0.02088366 -0.01689617 0.00400000
v 0.02088366 -0.01689617 0.00000000
v 0.02092155 -0.01707242 0.00400000
v 0.02092155 -0.01707242 0.00000000
v 0.02094975 -0.01725048 0.00400000
v 0.02094975 -0.01725048 0.00000000
v 0.02096818 -0.01742981 0.00400000
v 0.02096818 -0.01742981 0.00000000
v 0.02097680 -0.01760988 0.00400000
v 0.02097680 -0.01760988 0.00000000
v 0.02097557 -0.01779016 0.00400000
v 0.02097557 -0.01779016 0.00000000
v 0.02096449 -0.01797010 0.00400000
v 0.02096449 -0.01797010 0.00000000
v 0.02094361 -0.01814916 0.00400000
v 0.02094361 -0.01814916 0.00000000
v 0.02091298 -0.01832682 0.00400000
v 0.02091298 -0.01832682 0.00000000
v 0.02087269 -0.01850254 0.00400000
v 0.02087269 -0.01850254 0.00000000
v 0.02082287 -0.01867579 0.00400000
v 0.02082287 -0.01867579 0.00000000
v 0.02076366 -0.01884607 0.00400000
v 0.02076366 -0.01884607 0.00000000
v 0.02069524 -0.01901286 0.00400000
v 0.02069524 -0.01901286 0.00000000
v 0.02061781 -0.01917566 0.00400000
v 0.02061781 -0.01917566 0.00000000
v 0.02053161 -0.01933399 0.00400000
v 0.02053161 -0.01933399 0.00000000
v 0.02043689 -0.01948739 0.00400000
v 0.02043689 -0.01948739 0.00000000
v 0.02033394 -0.01963537 0.00400000
v 0.02033394 -0.01963537 0.00000000
v 0.02022306 -0.01977752 0.00400000
v 0.02022306 -0.01977752 0.00000000
v 0.02010458 -0.01991340 0.00400000
v 0.02010458 -0.01991340 0.00000000
v 0.01997886 -0.02004260 0.00400000
v 0.01997886 -0.02004260 0.00000000
v 0.01984626 -0.02016475 0.00400000
v 0.01984626 -0.02016475 0.00000000
v 0.01970720 -0.02027947 0.00400000
v 0.01970720 -0.02027947 0.00000000
v 0.01956208 -0.02038643 0.00400000
v 0.01956208 -0.02038643 0.00000000
v 0.01941133 -0.02048530 0.00400000
v 0.01941133 -0.02048530 0.00000000
v 0.01925541 -0.02057580 0.00400000
v 0.01925541 -0.02057580 0.00000000
v 0.01909479 -0.02065764 0.00400000
v 0.01909479 -0.02065764 0.00000000
v 0.01892993 -0.02073059 0.00400000
v 0.01892993 -0.02073059 0.00000000
v 0.01876133 -0.02079443 0.00400000
v 0.01876133 -0.02079443 0.00000000
v 0.01858950 -0.02084897 0.00400000
v 0.01858950 -0.02084897 0.00000000
v 0.01841495 -0.02089404 0.00400000
v 0.01841495 -0.02089404 0.00000000
v 0.01823820 -0.02092951 0.00400000
v 0.01823820 -0.02092951 0.00000000
v 0.01805977 -0.02095528 0.00400000
v 0.01805977 -0.02095528 0.00000000
v 0.01788020 -0.02097126 0.00400000
v 0.01788020 -0.02097126 0.00000000
v 0.01770003 -0.02097742 0.00400000
v 0.01770003 -0.02097742 0.00000000
v 0.01751979 -0.02097372 0.00400000
v 0.01751979 -0.02097372 0.00000000
v 0.01734002 -0.02096019 0.00400000
v 0.01734002 -0.02096019 0.00000000
v 0.01716126 -0.02093687 0.00400000
v 0.01716126 -0.02093687 0.00000000
v 0.01698404 -0.02090381 0.00400000
v 0.01698404 -0.02090381 0.00000000
v 0.01680888 -0.02086113 0.00400000
v 0.01680888 -0.02086113 0.00000000
v 0.01663632 -0.02080894 0.00400000
v 0.01663632 -0.02080894 0.00000000
v 0.01646687 -0.02074741 0.00400000
v 0.01646687 -0.02074741 0.00000000
v 0.01630103 -0.02067672 0.00400000
v 0.01630103 -0.02067672 0.00000000
v 0.01613930 -0.02059708 0.00400000
v 0.01613930 -0.02059708 0.00000000
v 0.01598216 -0.02050872 0.00400000
v 0.01598216 -0.02050872 0.00000000
v 0.01583008 -0.02041192 0.00400000
v 0.01583008 -0.02041192 0.00000000
v 0.01568351 -0.02030695 0.00400000
v 0.01568351 -0.02030695 0.00000000
v 0.01554289 -0.02019414 0.00400000
v 0.01554289 0.01516120 0.00000000
v 0.01540865 0.01528153 0.00000000
v 0.01540865 0.01528153 0.00400000
v 0.01534404 0.01534439 0.00000000
v 0.01528117 0.01540900 0.00400000
v 0.01528117 0.01540900 0.00000000
v 0.01516085 0.01554325 0.00400000
v 0.01516085 0.01554325 0.00000000
v 0.01504804 0.01568387 0.00400000
v 0.01504804 0.01568387 0.00000000
v 0.01494307 0.01583044 0.00400000
v 0.01494307 0.01583044 0.00000000
v 0.01484626 0.01598252 0.00400000
v 0.01484626 0.01598252 0.00000000
v 0.01475791 0.01613966 0.00400000
v 0.01475791 0.01613966 0.00000000
v 0.01467827 0.01630139 0.00400000
v 0.01467827 0.01630139 0.00000000
v 0.01460757 0.01646723 0.00400000
v 0.01460757 0.01646723 0.00000000
v 0.01454604 0.01663668 0.00400000
v 0.01454604 0.01663668 0.00000000
v 0.01449385 0.01680924 0.00400000
v 0.01449385 0.01680924 0.00000000
v 0.01445117 0.01698439 0.00400000
v 0.01445117 0.01698439 0.00000000
v 0.01441812 0.01716161 0.00400000
v 0.01441812 0.01716161 0.00000000
v 0.01439479 0.01734037 0.00400000
v 0.01439479 0.01734037 0.00000000
v 0.01438126 0.01752014 0.00400000
v 0.01438126 0.01752014 0.00000000
v 0.01437756 0.01770038 0.00400000
v 0.01437756 0.01770038 0.00000000
v 0.01438373 0.01788056 0.00400000
v 0.01438373 0.01788056 0.00000000
v 0.01439971 0.01806013 0.00400000
v 0.01439971 0.01806013 0.00000000
v 0.01442548 0.01823855 0.00400000
v 0.01442548 0.01823855 0.00000000
v 0.01446094 0.01841530 0.00400000
v 0.01446094 0.01841530 0.00000000
v 0.01450601 0.01858985 0.00400000
v 0.01450601 0.01858985 0.00000000
v 0.01456056 0.01876169 0.00400000
v 0.01456056 0.01876169 0.00000000
v 0.01462439 0.01893028 0.00400000
v 0.01462439 0.01893028 0.00000000
v 0.01469735 0.01909514 0.00400000
v 0.01469735 0.01909514 0.00000000
v 0.01477919 0.01925577 0.00400000
v 0.01477919 0.01925577 0.00000000
v 0.01486968 0.01941169 0.00400000
v 0.01486968 0.01941169 0.00000000
v 0.01496856 0.01956244 0.00400000
v 0.01496856 0.01956244 0.00000000
v 0.01507551 0.01970756 0.00400000
v 0.01507551 0.01970756 0.00000000
v 0.01519024 0.01984662 0.00400000
v 0.01519024 0.01984662 0.00000000
v 0.01531239 0.01997921 0.00400000
v 0.01531239 0.01997921 0.00000000
v 0.01544159 0.02010493 0.00400000
v 0.01544159 0.02010493 0.00000000
v 0.01557746 0.02022341 0.00400000
v 0.01557746 0.02022341 0.00000000
v 0.01571961 0.02033429 0.00400000
v 0.01571961 0.02033429 0.00000000
v 0.01586760 0.02043725 0.00400000
v 0.01586760 0.02043725 0.00000000
v 0.01602099 0.02053196 0.00400000
v 0.01602099 0.02053196 0.00000000
v 0.01617932 0.02061817 0.00400000
v 0.01617932 0.02061817 0.00000000
v 0.01634213 0.02069559 0.00400000
v 0.01634213 0.02069559 0.00000000
v 0.01650892 0.02076401 0.00400000
v 0.01650892 0.02076401 0.00000000
v 0.01667919 0.02082322 0.00400000
v 0.01667919 0.02082322 0.00000000
v 0.01685245 0.02087304 0.00400000
v 0.01685245 0.02087304 0.00000000
v 0.01702817 0.02091334 0.00400000
v 0.01702817 0.02091334 0.00000000
v 0.01720582 0.02094397 0.00400000
v 0.01720582 0.02094397 0.00000000
v 0.01738489 0.02096485 0.00400000
v 0.01738489 0.02096485 0.00000000
v 0.01756483 0.02097592 0.00400000
v 0.01756483 0.02097592 0.00000000
v 0.01774510 0.02097715 0.00400000
v 0.01774510 0.02097715 0.00000000
v 0.01792517 0.02096854 0.00400000
v 0.01792517 0.02096854 0.00000000
v 0.01810450 0.02095010 0.00400000
v 0.01810450 0.02095010 0.00000000
v 0.01828256 0.02092190 0.00400000
v 0.01828256 0.02092190 0.00000000
v 0.01845881 0.02088402 0.00400000
v 0.01845881 0.02088402 0.00000000
v 0.01863273 0.02083657 0.00400000
v 0.01863273 0.02083657 0.00000000
v 0.01880380 0.02077969 0.00400000
v 0.01880380 0.02077969 0.00000000
v 0.01897151 0.02071355 0.00400000
v 0.01897151 0.02071355 0.00000000
v 0.01913536 0.02063835 0.00400000
v 0.01913536 0.02063835 0.00000000
v 0.01929486 0.02055433 0.00400000
v 0.01929486 0.02055433 0.00000000
v 0.01944952 0.02046171 0.00400000
v 0.01944952 0.02046171 0.00000000
v 0.01959890 0.02036079 0.00400000
v 0.01959890 0.02036079 0.00000000
v 0.01974255 0.02025186 0.00400000
v 0.01974255 0.02025186 0.00000000
v 0.01988003 0.02013524 0.00400000
v 0.01988003 0.02013524 0.00000000
v 0.02001094 0.02001130 0.00400000
v 0.02001094 0.02001130 0.00000000
v 0.02013489 0.01988039 0.00400000
v 0.02013489 0.01988039 0.00000000
v 0.02025150 0.01974291 0.00400000
v 0.02025150 0.01974291 0.00000000
v 0.02036043 0.01959926 0.00400000
v 0.02036043 0.01959926 0.00000000
v 0.02046135 0.01944988 0.00400000
v 0.02046135 0.01944988 0.00000000
v 0.02055397 0.01929521 0.00400000
v 0.02055397 0.01929521 0.00000000
v 0.02063800 0.01913571 0.00400000
v 0.02063800 0.01913571 0.00000000
v 0.02071319 0.01897187 0.00400000
v 0.02071319 0.01897187 0.00000000
v 0.02077933 0.01880416 0.00400000
v 0.02077933 0.01880416 0.00000000
v 0.02083621 0.01863309 0.00400000
v 0.02083621 0.01863309 0.00000000
v 0.02088366 0.01845917 0.00400000
v 0.02088366 0.01845917 0.00000000
v 0.02092154 0.01828292 0.00400000
v 0.02092154 0.01828292 0.00000000
v 0.02094975 0.01810486 0.00400000
v 0.02094975 0.01810486 0.00000000
v 0.02096819 0.01792553 0.00400000
v 0.02096819 0.01792553 0.00000000
v 0.02097680 0.01774546 0.00400000
v 0.02097680 0.01774546 0.00000000
v 0.02097557 0.01756518 0.00400000
v 0.02097557 0.01756518 0.00000000
v 0.02096449 0.01738524 0.00400000
v 0.02096449 0.01738524 0.00000000
v 0.02094361 0.01720618 0.00400000
v 0.02094361 0.01720618 0.00000000
v 0.02091298 0.01702853 0.00400000
v 0.02091298 0.01702853 0.00000000
v 0.02087269 0.01685280 0.00400000
v 0.02087269 0.01685280 0.00000000
v 0.02082287 0.01667955 0.00400000
v 0.02082287 0.01667955 0.00000000
v 0.02076366 0.01650927 0.00400000
v 0.02076366 0.01650927 0.00000000
v 0.02069524 0.01634248 0.00400000
v 0.02069524 0.01634248 0.00000000
v 0.02061781 0.01617967 0.00400000
v 0.02061781 0.01617967 0.00000000
v 0.02053161 0.01602134 0.00400000
v 0.02053161 0.01602134 0.00000000
v 0.02043689 0.01586795 0.00400000
v 0.02043689 0.01586795 0.00000000
v 0.02033394 0.01571997 0.00400000
v 0.02033394 0.01571997 0.00000000
v 0.02022305 0.01557782 0.00400000
v 0.02022305 0.01557782 0.00000000
v 0.02010458 0.01544194 0.00400000
v 0.02010458 0.01544194 0.00000000
v 0.01997886 0.01531274 0.00400000
v 0.01997886 0.01531274 0.00000000
v 0.01984626 0.01519059 0.00400000
v 0.01984626 0.01519059 0.00000000
v 0.01970720 0.01507587 0.00400000
v 0.01970720 0.01507587 0.00000000
v 0.01956208 0.01496891 0.00400000
v 0.01956208 0.01496891 0.00000000
v 0.01941134 0.01487004 0.00400000
v 0.01941134 0.01487004 0.00000000
v 0.01925542 0.01477955 0.00400000
v 0.01925542 0.01477955 0.00000000
v 0.01909479 0.01469770 0.00400000
v 0.01909479 0.01469770 0.00000000
v 0.01892993 0.01462475 0.00400000
v 0.01892993 0.01462475 0.00000000
v 0.01876133 0.01456091 0.00400000
v 0.01876133 0.01456091 0.00000000
v 0.01858950 0.01450637 0.00400000
v 0.01858950 0.01450637 0.00000000
v 0.01841495 0.01446130 0.00400000
v 0.01841495 0.01446130 0.00000000
v 0.01823820 0.01442583 0.00400000
v 0.01823820 0.01442583 0.00000000
v 0.01805977 0.01440006 0.00400000
v 0.01805977 0.01440006 0.00000000
v 0.01788020 0.01438408 0.00400000
v 0.01788020 0.01438408 0.00000000
v 0.01770003 0.01437792 0.00400000
v 0.01770003 0.01437792 0.00000000
v 0.01751979 0.01438162 0.00400000
v 0.01751979 0.01438162 0.00000000
v 0.01734002 0.01439514 0.00400000
v 0.01734002 0.01439514 0.00000000
v 0.01716126 0.01441847 0.00400000
v 0.01716126 0.01441847 0.00000000
v 0.01698404 0.01445153 0.00400000
v 0.01698404 0.01445153 0.00000000
v 0.01680888 0.01449421 0.00400000
v 0.01680888 0.01449421 0.00000000
v 0.01663633 0.01454640 0.00400000
v 0.01663633 0.01454640 0.00000000
v 0.01646687 0.01460793 0.00400000
v 0.01646687 0.01460793 0.00000000
v 0.01630103 0.01467862 0.00400000
v 0.01630103 0.01467862 0.00000000
v 0.01613930 0.01475826 0.00400000
v 0.01613930 0.01475826 0.00000000
v 0.01598216 0.01484662 0.00400000
v 0.01598216 0.01484662 0.00000000
v 0.01583008 0.01494342 0.00400000
v 0.01583008 0.01494342 0.00000000
v 0.01568351 0.01504839 0.00400000
v 0.01568351 0.01504839 0.00000000
v 0.01554289 0.01516120 0.00400000
v 0.02287850 -0.00212115 0.00000000
v 0.02276582 -0.00200213 0.00000000
v 0.02265981 -0.00187715 0.00000000
v 0.02256079 -0.00174656 0.00000000
v 0.02246903 -0.00161076 0.00000000
v 0.02238484 -0.00147015 0.00000000
v 0.02230845 -0.00132516 0.00000000
v 0.02224009 -0.00117621 0.00000000
v 0.02217997 -0.00102374 0.00000000
v 0.02212826 -0.00086823 0.00000000
v 0.02208512 -0.00071012 0.00000000
v 0.02205068 -0.00054989 0.00000000
v 0.02202504 -0.00038802 0.00000000
v 0.02200828 -0.00022499 0.00000000
v 0.02200045 -0.00006128 0.00000000
v 0.02200157 0.00010260 0.00000000
v 0.02201164 0.00026618 0.00000000
v 0.02203062 0.00042896 0.00000000
v 0.02205847 0.00059047 0.00000000
v 0.02209509 0.00075021 0.00000000
v 0.02214039 0.00090772 0.00000000
v 0.02219421 0.00106252 0.00000000
v 0.02225641 0.00121414 0.00000000
v 0.02232680 0.00136215 0.00000000
v 0.02240516 0.00150609 0.00000000
v 0.02249127 0.00164553 0.00000000
v 0.02258487 0.00178007 0.00000000
v 0.02268567 0.00190929 0.00000000
v 0.02279338 0.00203281 0.00000000
v 0.02290767 0.00215027 0.00000000
v 0.02302821 0.00226131 0.00000000
v 0.02315463 0.00236561 0.00000000
v 0.02328656 0.00246285 0.00000000
v 0.02342360 0.00255273 0.00000000
v 0.02356534 0.00263499 0.00000000
v 0.02371137 0.00270940 0.00000000
v 0.02386124 0.00277572 0.00000000
v 0.02401451 0.00283375 0.00000000
v 0.02417072 0.00288333 0.00000000
v 0.02432941 0.00292431 0.00000000
v 0.02449009 0.00295655 0.00000000
v 0.02465230 0.00297998 0.00000000
v 0.02481554 0.00299451 0.00000000
v 0.02497934 0.00300011 0.00000000
v 0.02514319 0.00299675 0.00000000
v 0.02530661 0.00298445 0.00000000
v 0.02546913 0.00296324 0.00000000
v 0.02563024 0.00293319 0.00000000
v 0.02578946 0.00289439 0.00000000
v 0.02594633 0.00284695 0.00000000
v 0.02610038 0.00279101 0.00000000
v 0.02625115 0.00272674 0.00000000
v 0.02639818 0.00265435 0.00000000
v 0.02654103 0.00257402 0.00000000
v 0.02667929 0.00248602 0.00000000
v 0.02681253 0.00239059 0.00000000
v 0.02694036 0.00228803 0.00000000
v 0.02706240 0.00217865 0.00000000
v 0.02717829 0.00206276 0.00000000
v 0.02728768 0.00194072 0.00000000
v 0.02739024 0.00181289 0.00000000
v 0.02748566 0.00167964 0.00000000
v 0.02757366 0.00154139 0.00000000
v 0.02765399 0.00139853 0.00000000
v 0.02772639 0.00125150 0.00000000
v 0.02779065 0.00110074 0.00000000
v 0.02784659 0.00094669 0.00000000
v 0.02789403 0.00078982 0.00000000
v 0.02793284 0.00063059 0.00000000
v 0.02796289 0.00046948 0.00000000
v 0.02798409 0.00030697 0.00000000
v 0.02799640 0.00014354 0.00000000
v 0.02799975 -0.00002031 0.00000000
v 0.02799415 -0.00018411 0.00000000
v 0.02797963 -0.00034735 0.00000000
v 0.02795620 -0.00050956 0.00000000
v 0.02792395 -0.00067024 0.00000000
v 0.02788298 -0.00082892 0.00000000
v 0.02783340 -0.00098513 0.00000000
v 0.02777536 -0.00113840 0.00000000
v 0.02770904 -0.00128828 0.00000000
v 0.02763464 -0.00143430 0.00000000
v 0.02755238 -0.00157604 0.00000000
v 0.02746249 -0.00171308 0.00000000
v 0.02736525 -0.00184502 0.00000000
v 0.02726096 -0.00197144 0.00000000
v 0.02714992 -0.00209197 0.00000000
v 0.02703246 -0.00220626 0.00000000
v 0.02690894 -0.00231397 0.00000000
v 0.02677971 -0.00241477 0.00000000
v 0.02664518 -0.00250837 0.00000000
v 0.02650573 -0.00259448 0.00000000
v 0.02636179 -0.00267284 0.00000000
v 0.02621379 -0.00274323 0.00000000
v 0.02606216 -0.00280543 0.00000000
v 0.02590736 -0.00285926 0.00000000
v 0.02574986 -0.00290455 0.00000000
v 0.02559012 -0.00294117 0.00000000
v 0.02542861 -0.00296902 0.00000000
v 0.02526582 -0.00298801 0.00000000
v 0.02510225 -0.00299807 0.00000000
v 0.02493836 -0.00299919 0.00000000
v 0.02477466 -0.00299136 0.00000000
v 0.02461163 -0.00297460 0.00000000
v 0.02444976 -0.00294897 0.00000000
v 0.02428953 -0.00291452 0.00000000
v 0.02413142 -0.00287139 0.00000000
v 0.02397590 -0.00281968 0.00000000
v 0.02382344 -0.00275955 0.00000000
v 0.02367449 -0.00269120 0.00000000
v 0.02352949 -0.00261480 0.00000000
v 0.02338888 -0.00253061 0.00000000
v 0.02325308 -0.00243886 0.00000000
v 0.02312250 -0.00233983 0.00000000
v 0.02299751 -0.00223382 0.00000000
v -0.02167171 0.01389644 0.00400000
v -0.02145925 0.01368398 0.00400000
v -0.02123551 0.01348344 0.00400000
v -0.02100115 0.01329542 0.00400000
v -0.02075687 0.01312047 0.00400000
v -0.02050340 0.01295913 0.00400000
v -0.02024150 0.01281187 0.00400000
v -0.01997194 0.01267913 0.00400000
v -0.01969554 0.01256131 0.00400000
v -0.01941313 0.01245876 0.00400000
v -0.01912553 0.01237179 0.00400000
v -0.01883360 0.01230065 0.00400000
v -0.01853824 0.01224556 0.00400000
v -0.01824030 0.01220668 0.00400000
v -0.01794068 0.01218413 0.00400000
v -0.01764029 0.01217797 0.00400000
v -0.01734000 0.01218823 0.00400000
v -0.01704072 0.01221487 0.00400000
v -0.01674334 0.01225782 0.00400000
v -0.01644875 0.01231694 0.00400000
v -0.01615783 0.01239206 0.00400000
v -0.01587145 0.01248295 0.00400000
v -0.01559046 0.01258935 0.00400000
v -0.01531569 0.01271093 0.00400000
v -0.01504798 0.01284734 0.00400000
v -0.01478811 0.01299816 0.00400000
v -0.01453687 0.01316295 0.00400000
v -0.01429500 0.01334122 0.00400000
v -0.01406323 0.01353242 0.00400000
v -0.01384224 0.01373600 0.00400000
v -0.01363270 0.01395134 0.00400000
v -0.01343524 0.01417781 0.00400000
v -0.01325044 0.01441472 0.00400000
v -0.01307885 0.01466136 0.00400000
v -0.01292098 0.01491701 0.00400000
v -0.01277731 0.01518090 0.00400000
v -0.01264827 0.01545224 0.00400000
v -0.01253424 0.01573022 0.00400000
v -0.01243555 0.01601402 0.00400000
v -0.01235251 0.01630278 0.00400000
v -0.01228537 0.01659564 0.00400000
v -0.01223431 0.01689173 0.00400000
v -0.01219951 0.01719017 0.00400000
v -0.01218106 0.01749007 0.00400000
v -0.01217900 0.01779053 0.00400000
v -0.01219336 0.01809064 0.00400000
v -0.01222409 0.01838953 0.00400000
v -0.01227109 0.01868630 0.00400000
v -0.01233423 0.01898005 0.00400000
v -0.01241332 0.01926992 0.00400000
v -0.01250811 0.01955503 0.00400000
v -0.01261834 0.01983455 0.00400000
v -0.01274366 0.02010763 0.00400000
v -0.01288372 0.02037345 0.00400000
v -0.01303807 0.02063123 0.00400000
v -0.01320628 0.02088020 0.00400000
v -0.01338783 0.02111961 0.00400000
v -0.01358219 0.02134875 0.00400000
v -0.01378876 0.02156693 0.00400000
v -0.01400694 0.02177351 0.00400000
v -0.01423608 0.02196786 0.00400000
v -0.01447549 0.02214941 0.00400000
v -0.01472446 0.02231762 0.00400000
v -0.01498224 0.02247198 0.00400000
v -0.01524807 0.02261203 0.00400000
v -0.01552115 0.02273736 0.00400000
v -0.01580066 0.02284758 0.00400000
v -0.01608578 0.02294238 0.00400000
v -0.01637564 0.02302147 0.00400000
v -0.01666940 0.02308460 0.00400000
v -0.01696616 0.02313160 0.00400000
v -0.01726505 0.02316234 0.00400000
v -0.01756517 0.02317669 0.00400000
v -0.01786563 0.02317464 0.00400000
v -0.01816552 0.02315618 0.00400000
v -0.01846396 0.02312138 0.00400000
v -0.01876005 0.02307032 0.00400000
v -0.01905292 0.02300318 0.00400000
v -0.01934168 0.02292014 0.00400000
v -0.01962547 0.02282146 0.00400000
v -0.01990346 0.02270743 0.00400000
v -0.02017480 0.02257838 0.00400000
v -0.02043869 0.02243471 0.00400000
v -0.02069433 0.02227685 0.00400000
v -0.02094098 0.02210526 0.00400000
v -0.02117789 0.02192045 0.00400000
v -0.02140435 0.02172299 0.00400000
v -0.02161969 0.02151345 0.00400000
v -0.02182327 0.02129246 0.00400000
v -0.02201448 0.02106070 0.00400000
v -0.02219274 0.02081883 0.00400000
v -0.02235753 0.02056758 0.00400000
v -0.02250835 0.02030772 0.00400000
v -0.02264476 0.02004001 0.00400000
v -0.02276634 0.01976524 0.00400000
v -0.02287274 0.01948425 0.00400000
v -0.02296364 0.01919786 0.00400000
v -0.02303876 0.01890694 0.00400000
v -0.02309788 0.01861235 0.00400000
v -0.02314082 0.01831498 0.00400000
v -0.02316746 0.01801569 0.00400000
v -0.02317772 0.01771541 0.00400000
v -0.02317157 0.01741501 0.00400000
v -0.02314902 0.01711539 0.00400000
v -0.02311014 0.01681746 0.00400000
v -0.02305504 0.01652209 0.00400000
v -0.02298391 0.01623017 0.00400000
v -0.02289693 0.01594257 0.00400000
v -0.02279438 0.01566015 0.00400000
v -0.02267656 0.01538375 0.00400000
v -0.02254382 0.01511420 0.00400000
v -0.02239656 0.01485230 0.00400000
v -0.02223522 0.01459883 0.00400000
v -0.02206028 0.01435455 0.00400000
v -0.02187225 0.01412018 0.00400000
v -0.01559046 -0.02276599 0.00400000
v -0.01531569 -0.02264440 0.00400000
v -0.01504797 -0.02250800 0.00400000
v -0.01478811 -0.02235717 0.00400000
v -0.01453687 -0.02219239 0.00400000
v -0.01429500 -0.02201412 0.00400000
v -0.01406323 -0.02182292 0.00400000
v -0.01384224 -0.02161934 0.00400000
v -0.01363270 -0.02140400 0.00400000
v -0.01343524 -0.02117754 0.00400000
v -0.01325044 -0.02094063 0.00400000
v -0.01307885 -0.02069398 0.00400000
v -0.01292098 -0.02043833 0.00400000
v -0.01277731 -0.02017444 0.00400000
v -0.01264827 -0.01990310 0.00400000
v -0.01253424 -0.01962512 0.00400000
v -0.01243555 -0.01934132 0.00400000
v -0.01235251 -0.01905256 0.00400000
v -0.01228537 -0.01875970 0.00400000
v -0.01223432 -0.01846361 0.00400000
v -0.01219951 -0.01816516 0.00400000
v -0.01218105 -0.01786527 0.00400000
v -0.01217900 -0.01756481 0.00400000
v -0.01219336 -0.01726469 0.00400000
v -0.01222409 -0.01696581 0.00400000
v -0.01227109 -0.01666904 0.00400000
v -0.01233423 -0.01637529 0.00400000
v -0.01241331 -0.01608542 0.00400000
v -0.01250811 -0.01580030 0.00400000
v -0.01261834 -0.01552079 0.00400000
v -0.01274366 -0.01524771 0.00400000
v -0.01288372 -0.01498189 0.00400000
v -0.01303807 -0.01472410 0.00400000
v -0.01320628 -0.01447514 0.00400000
v -0.01338783 -0.01423573 0.00400000
v -0.01358219 -0.01400659 0.00400000
v -0.01378876 -0.01378841 0.00400000
v -0.01400694 -0.01358183 0.00400000
v -0.01423608 -0.01338748 0.00400000
v -0.01447549 -0.01320593 0.00400000
v -0.01472446 -0.01303772 0.00400000
v -0.01498224 -0.01288336 0.00400000
v -0.01524807 -0.01274331 0.00400000
v -0.01552115 -0.01261798 0.00400000
v -0.01580066 -0.01250776 0.00400000
v -0.01608578 -0.01241296 0.00400000
v -0.01637565 -0.01233388 0.00400000
v -0.01666940 -0.01227073 0.00400000
v -0.01696616 -0.01222373 0.00400000
v -0.01726505 -0.01219301 0.00400000
v -0.01756517 -0.01217865 0.00400000
v -0.01786562 -0.01218070 0.00400000
v -0.01816552 -0.01219916 0.00400000
v -0.01846396 -0.01223396 0.00400000
v -0.01876005 -0.01228501 0.00400000
v -0.01905292 -0.01235216 0.00400000
v -0.01934168 -0.01243520 0.00400000
v -0.01962547 -0.01253388 0.00400000
v -0.01990346 -0.01264791 0.00400000
v -0.02017480 -0.01277696 0.00400000
v -0.02043869 -0.01292063 0.00400000
v -0.02069433 -0.01307849 0.00400000
v -0.02094098 -0.01325008 0.00400000
v -0.02117789 -0.01343489 0.00400000
v -0.02140435 -0.01363235 0.00400000
v -0.02161969 -0.01384189 0.00400000
v -0.02182327 -0.01406287 0.00400000
v -0.02201447 -0.01429464 0.00400000
v -0.02219274 -0.01453651 0.00400000
v -0.02235753 -0.01478775 0.00400000
v -0.02250835 -0.01504762 0.00400000
v -0.02264476 -0.01531533 0.00400000
v -0.02276634 -0.01559010 0.00400000
v -0.02287274 -0.01587109 0.00400000
v -0.02296364 -0.01615748 0.00400000
v -0.02303876 -0.01644840 0.00400000
v -0.02309787 -0.01674299 0.00400000
v -0.02314082 -0.01704036 0.00400000
v -0.02316746 -0.01733964 0.00400000
v -0.02317772 -0.01763993 0.00400000
v -0.02317156 -0.01794033 0.00400000
v -0.02314901 -0.01823995 0.00400000
v -0.02311013 -0.01853788 0.00400000
v -0.02305504 -0.01883325 0.00400000
v -0.02298390 -0.01912517 0.00400000
v -0.02289693 -0.01941277 0.00400000
v -0.02279438 -0.01969519 0.00400000
v -0.02267656 -0.01997159 0.00400000
v -0.02254382 -0.02024114 0.00400000
v -0.02239656 -0.02050304 0.00400000
v -0.02223522 -0.02075651 0.00400000
v -0.02206028 -0.02100079 0.00400000
v -0.02187225 -0.02123515 0.00400000
v -0.02167171 -0.02145890 0.00400000
v -0.02145926 -0.02167136 0.00400000
v -0.02123551 -0.02187190 0.00400000
v -0.02100115 -0.02205992 0.00400000
v -0.02075687 -0.02223486 0.00400000
v -0.02050340 -0.02239621 0.00400000
v -0.02024150 -0.02254347 0.00400000
v -0.01997195 -0.02267621 0.00400000
v -0.01969555 -0.02279403 0.00400000
v -0.01941313 -0.02289657 0.00400000
v -0.01912553 -0.02298355 0.00400000
v -0.01883361 -0.02305469 0.00400000
v -0.01853824 -0.02310978 0.00400000
v -0.01824030 -0.02314866 0.00400000
v -0.01794068 -0.02317121 0.00400000
v -0.01764028 -0.02317736 0.00400000
v -0.01734000 -0.02316711 0.00400000
v -0.01704072 -0.02314046 0.00400000
v -0.01674334 -0.02309752 0.00400000
v -0.01644875 -0.02303840 0.00400000
v -0.01615783 -0.02296328 0.00400000
v -0.01587145 -0.02287239 0.00400000
v 0.01230030 -0.01883325 0.00400000
v 0.01237144 -0.01912517 0.00400000
v 0.01245841 -0.01941277 0.00400000
v 0.01256096 -0.01969519 0.00400000
v 0.01267878 -0.01997159 0.00400000
v 0.01281152 -0.02024114 0.00400000
v 0.01295878 -0.02050304 0.00400000
v 0.01312012 -0.02075651 0.00400000
v 0.01329506 -0.02100079 0.00400000
v 0.01348309 -0.02123515 0.00400000
v 0.01368363 -0.02145890 0.00400000
v 0.01389609 -0.02167136 0.00400000
v 0.01411983 -0.02187190 0.00400000
v 0.01435419 -0.02205992 0.00400000
v 0.01459847 -0.02223486 0.00400000
v 0.01485194 -0.02239621 0.00400000
v 0.01511384 -0.02254347 0.00400000
v 0.01538339 -0.02267620 0.00400000
v 0.01565979 -0.02279402 0.00400000
v 0.01594221 -0.02289657 0.00400000
v 0.01622981 -0.02298355 0.00400000
v 0.01652173 -0.02305469 0.00400000
v 0.01681710 -0.02310978 0.00400000
v 0.01711504 -0.02314866 0.00400000
v 0.01741465 -0.02317121 0.00400000
v 0.01771505 -0.02317737 0.00400000
v 0.01801534 -0.02316711 0.00400000
v 0.01831462 -0.02314046 0.00400000
v 0.01861200 -0.02309752 0.00400000
v 0.01890659 -0.02303840 0.00400000
v 0.01919751 -0.02296328 0.00400000
v 0.01948389 -0.02287239 0.00400000
v 0.01976489 -0.02276599 0.00400000
v 0.02003965 -0.02264440 0.00400000
v 0.02030736 -0.02250800 0.00400000
v 0.02056723 -0.02235717 0.00400000
v 0.02081847 -0.02219239 0.00400000
v 0.02106034 -0.02201412 0.00400000
v 0.02129211 -0.02182292 0.00400000
v 0.02151310 -0.02161934 0.00400000
v 0.02172263 -0.02140400 0.00400000
v 0.02192010 -0.02117753 0.00400000
v 0.02210490 -0.02094062 0.00400000
v 0.02227649 -0.02069398 0.00400000
v 0.02243436 -0.02043833 0.00400000
v 0.02257803 -0.02017444 0.00400000
v 0.02270707 -0.01990310 0.00400000
v 0.02282110 -0.01962512 0.00400000
v 0.02291979 -0.01934132 0.00400000
v 0.02300283 -0.01905256 0.00400000
v 0.02306997 -0.01875970 0.00400000
v 0.02312102 -0.01846360 0.00400000
v 0.02315583 -0.01816516 0.00400000
v 0.02317428 -0.01786527 0.00400000
v 0.02317634 -0.01756481 0.00400000
v 0.02316198 -0.01726469 0.00400000
v 0.02313125 -0.01696581 0.00400000
v 0.02308425 -0.01666904 0.00400000
v 0.02302111 -0.01637529 0.00400000
v 0.02294202 -0.01608542 0.00400000
v 0.02284723 -0.01580030 0.00400000
v 0.02273700 -0.01552079 0.00400000
v 0.02261167 -0.01524771 0.00400000
v 0.02247162 -0.01498189 0.00400000
v 0.02231726 -0.01472410 0.00400000
v 0.02214906 -0.01447514 0.00400000
v 0.02196751 -0.01423573 0.00400000
v 0.02177315 -0.01400659 0.00400000
v 0.02156658 -0.01378840 0.00400000
v 0.02134839 -0.01358183 0.00400000
v 0.02111926 -0.01338748 0.00400000
v 0.02087985 -0.01320593 0.00400000
v 0.02063088 -0.01303772 0.00400000
v 0.02037310 -0.01288336 0.00400000
v 0.02010727 -0.01274331 0.00400000
v 0.01983419 -0.01261798 0.00400000
v 0.01955468 -0.01250776 0.00400000
v 0.01926956 -0.01241296 0.00400000
v 0.01897970 -0.01233387 0.00400000
v 0.01868594 -0.01227074 0.00400000
v 0.01838918 -0.01222373 0.00400000
v 0.01809029 -0.01219301 0.00400000
v 0.01779017 -0.01217865 0.00400000
v 0.01748971 -0.01218070 0.00400000
v 0.01718982 -0.01219916 0.00400000
v 0.01689138 -0.01223396 0.00400000
v 0.01659528 -0.01228501 0.00400000
v 0.01630242 -0.01235216 0.00400000
v 0.01601366 -0.01243520 0.00400000
v 0.01572987 -0.01253388 0.00400000
v 0.01545188 -0.01264791 0.00400000
v 0.01518054 -0.01277696 0.00400000
v 0.01491665 -0.01292063 0.00400000
v 0.01466101 -0.01307849 0.00400000
v 0.01441436 -0.01325008 0.00400000
v 0.01417745 -0.01343488 0.00400000
v 0.01395099 -0.01363235 0.00400000
v 0.01373565 -0.01384189 0.00400000
v 0.01353207 -0.01406287 0.00400000
v 0.01334086 -0.01429465 0.00400000
v 0.01316260 -0.01453651 0.00400000
v 0.01299781 -0.01478775 0.00400000
v 0.01284699 -0.01504762 0.00400000
v 0.01271058 -0.01531533 0.00400000
v 0.01258900 -0.01559010 0.00400000
v 0.01248260 -0.01587109 0.00400000
v 0.01239170 -0.01615748 0.00400000
v 0.01231658 -0.01644840 0.00400000
v 0.01225746 -0.01674299 0.00400000
v 0.01221452 -0.01704036 0.00400000
v 0.01218788 -0.01733964 0.00400000
v 0.01217762 -0.01763993 0.00400000
v 0.01218377 -0.01794033 0.00400000
v 0.01220633 -0.01823995 0.00400000
v 0.01224520 -0.01853788 0.00400000
v 0.01976488 0.01258935 0.00400000
v 0.02003965 0.01271093 0.00400000
v 0.02030736 0.01284734 0.00400000
v 0.02056723 0.01299817 0.00400000
v 0.02081847 0.01316295 0.00400000
v 0.02106034 0.01334122 0.00400000
v 0.02129211 0.01353242 0.00400000
v 0.02151309 0.01373600 0.00400000
v 0.02172263 0.01395134 0.00400000
v 0.02192010 0.01417780 0.00400000
v 0.02210490 0.01441471 0.00400000
v 0.02227649 0.01466136 0.00400000
v 0.02243436 0.01491701 0.00400000
v 0.02257803 0.01518090 0.00400000
v 0.02270707 0.01545224 0.00400000
v 0.02282110 0.01573022 0.00400000
v 0.02291979 0.01601402 0.00400000
v 0.02300283 0.01630278 0.00400000
v 0.02306997 0.01659564 0.00400000
v 0.02312102 0.01689173 0.00400000
v 0.02315583 0.01719017 0.00400000
v 0.02317429 0.01749007 0.00400000
v 0.02317633 0.01779052 0.00400000
v 0.02316197 0.01809064 0.00400000
v 0.02313125 0.01838953 0.00400000
v 0.02308425 0.01868630 0.00400000
v 0.02302111 0.01898005 0.00400000
v 0.02294203 0.01926992 0.00400000
v 0.02284723 0.01955503 0.00400000
v 0.02273700 0.01983455 0.00400000
v 0.02261167 0.02010763 0.00400000
v 0.02247162 0.02037345 0.00400000
v 0.02231726 0.02063123 0.00400000
v 0.02214905 0.02088020 0.00400000
v 0.02196751 0.02111961 0.00400000
v 0.02177315 0.02134875 0.00400000
v 0.02156658 0.02156693 0.00400000
v 0.02134839 0.02177351 0.00400000
v 0.02111926 0.02196786 0.00400000
v 0.02087984 0.02214941 0.00400000
v 0.02063088 0.02231762 0.00400000
v 0.02037310 0.02247198 0.00400000
v 0.02010727 0.02261203 0.00400000
v 0.01983419 0.02273735 0.00400000
v 0.01955468 0.02284758 0.00400000
v 0.01926956 0.02294238 0.00400000
v 0.01897969 0.02302146 0.00400000
v 0.01868594 0.02308461 0.00400000
v 0.01838918 0.02313161 0.00400000
v 0.01809029 0.02316233 0.00400000
v 0.01779017 0.02317669 0.00400000
v 0.01748972 0.02317464 0.00400000
v 0.01718982 0.02315618 0.00400000
v 0.01689138 0.02312138 0.00400000
v 0.01659528 0.02307032 0.00400000
v 0.01630242 0.02300318 0.00400000
v 0.01601366 0.02292014 0.00400000
v 0.01572986 0.02282146 0.00400000
v 0.01545188 0.02270742 0.00400000
v 0.01518054 0.02257838 0.00400000
v 0.01491666 0.02243471 0.00400000
v 0.01466100 0.02227684 0.00400000
v 0.01441436 0.02210525 0.00400000
v 0.01417745 0.02192045 0.00400000
v 0.01395099 0.02172299 0.00400000
v 0.01373565 0.02151345 0.00400000
v 0.01353207 0.02129247 0.00400000
v 0.01334087 0.02106070 0.00400000
v 0.01316260 0.02081882 0.00400000
v 0.01299781 0.02056759 0.00400000
v 0.01284699 0.02030772 0.00400000
v 0.01271058 0.02004000 0.00400000
v 0.01258900 0.01976524 0.00400000
v 0.01248260 0.01948425 0.00400000
v 0.01239170 0.01919786 0.00400000
v 0.01231659 0.01890694 0.00400000
v 0.01225746 0.01861235 0.00400000
v 0.01221452 0.01831498 0.00400000
v 0.01218787 0.01801569 0.00400000
v 0.01217762 0.01771541 0.00400000
v 0.01218378 0.01741501 0.00400000
v 0.01220633 0.01711539 0.00400000
v 0.01224521 0.01681746 0.00400000
v 0.01230030 0.01652209 0.00400000
v 0.01237144 0.01623017 0.00400000
v 0.01245841 0.01594257 0.00400000
v 0.01256096 0.01566015 0.00400000
v 0.01267878 0.01538375 0.00400000
v 0.01281152 0.01511419 0.00400000
v 0.01295878 0.01485230 0.00400000
v 0.01312012 0.01459882 0.00400000
v 0.01329506 0.01435454 0.00400000
v 0.01348309 0.01412019 0.00400000
v 0.01368363 0.01389644 0.00400000
v 0.01389608 0.01368398 0.00400000
v 0.01411983 0.01348344 0.00400000
v 0.01435419 0.01329542 0.00400000
v 0.01459847 0.01312047 0.00400000
v 0.01485194 0.01295913 0.00400000
v 0.01511384 0.01281187 0.00400000
v 0.01538339 0.01267913 0.00400000
v 0.01565979 0.01256131 0.00400000
v 0.01594221 0.01245877 0.00400000
v 0.01622981 0.01237179 0.00400000
v 0.01652173 0.01230065 0.00400000
v 0.01681710 0.01224556 0.00400000
v 0.01711504 0.01220668 0.00400000
v 0.01741466 0.01218413 0.00400000
v 0.01771506 0.01217798 0.00400000
v 0.01801534 0.01218823 0.00400000
v 0.01831462 0.01221488 0.00400000
v 0.01861200 0.01225782 0.00400000
v 0.01890659 0.01231694 0.00400000
v 0.01919751 0.01239206 0.00400000
v 0.01948389 0.01248295 0.00400000
v -0.01873152 -0.02594471 0.00000000
v -0.02262760 -0.02262724 0.00000000
v -0.02170416 -0.02351444 0.00000000
v -0.01767847 -0.02667337 0.00000000
v -0.01975456 -0.02517450 0.00000000
v -0.02074597 -0.02436398 0.00000000
v -0.02537123 0.01950170 0.00000000
v -0.02436433 -0.02074562 0.00000000
v -0.02517486 -0.01975421 0.00000000
v -0.01659712 -0.02735931 0.00000000
v -0.02351479 -0.02170381 0.00000000
v -0.02457067 0.02050117 0.00000000
v -0.02373076 0.02146781 0.00000000
v -0.02613117 0.01847100 0.00000000
v -0.02752435 0.01632256 0.00000000
v -0.02684926 0.01741072 0.00000000
v 0.01271195 0.00000017 0.00000000
v -0.02800180 -0.01548883 0.00000000
v -0.02193833 0.02329646 0.00000000
v -0.02098870 0.02415555 0.00000000
v -0.02285285 0.02240007 0.00000000
v -0.02815536 0.01520826 0.00000000
v -0.02874129 0.01406961 0.00000000
v -0.02928119 0.01290842 0.00000000
v -0.02977420 0.01172656 0.00000000
v -0.02735967 -0.01659677 0.00000000
v -0.03170873 0.00430924 0.00000000
v -0.03185574 0.00303714 0.00000000
v -0.02594506 -0.01873116 0.00000000
v -0.02667372 -0.01767812 0.00000000
v -0.01548919 -0.02800144 0.00000000
v -0.01535977 -0.02807264 0.00000000
v -0.01794446 0.02649551 0.00000000
v -0.03021952 0.01052592 0.00000000
v -0.03061645 0.00930843 0.00000000
v -0.03096436 0.00807603 0.00000000
v -0.03126268 0.00683070 0.00000000
v -0.03151093 0.00557444 0.00000000
v -0.02859908 -0.01435610 0.00000000
v -0.02915057 -0.01320037 0.00000000
v -0.01899016 0.02575636 0.00000000
v -0.02000544 0.02497595 0.00000000
v -0.01535892 0.02807345 0.00000000
v -0.01687002 0.02719224 0.00000000
v -0.03195174 0.00176018 0.00000000
v -0.03088201 -0.00838507 0.00000000
v -0.03119277 -0.00714279 0.00000000
v -0.02965538 -0.01202351 0.00000000
v -0.03011270 -0.01082739 0.00000000
v -0.03052180 -0.00961393 0.00000000
v -0.01576857 0.02784543 0.00000000
v -0.03193253 -0.00207941 0.00000000
v -0.03199017 -0.00080015 0.00000000
v -0.03199657 0.00048040 0.00000000
v -0.03145359 -0.00588906 0.00000000
v -0.03166403 -0.00462591 0.00000000
v -0.03182376 -0.00335535 0.00000000
v 0.02497560 -0.02000509 0.00000000
v 0.01847064 -0.02613081 0.00000000
v 0.01741037 -0.02684890 0.00000000
v 0.02575600 -0.01898980 0.00000000
v 0.02649516 -0.01794410 0.00000000
v 0.01950135 -0.02537088 0.00000000
v 0.02146746 -0.02373041 0.00000000
v 0.02329611 -0.02193798 0.00000000
v 0.02239972 -0.02285249 0.00000000
v 0.02719189 -0.01686967 0.00000000
v 0.01520790 -0.02815501 0.00000000
v 0.02415520 -0.02098834 0.00000000
v 0.02807310 -0.01535857 0.00000000
v 0.01632220 -0.02752399 0.00000000
v 0.02050082 -0.02457032 0.00000000
v 0.02784507 -0.01576821 0.00000000
v -0.00335570 -0.03182341 0.00000000
v 0.00557408 -0.03151058 0.00000000
v 0.00430888 -0.03170837 0.00000000
v 0.00303679 -0.03185539 0.00000000
v 0.01406925 -0.02874093 0.00000000
v 0.01290806 -0.02928083 0.00000000
v 0.01172620 -0.02977384 0.00000000
v 0.01052557 -0.03021917 0.00000000
v 0.00930808 -0.03061610 0.00000000
v 0.00807568 -0.03096400 0.00000000
v 0.00683035 -0.03126232 0.00000000
v 0.00175983 -0.03195139 0.00000000
v 0.00048005 -0.03199622 0.00000000
v -0.00080050 -0.03198982 0.00000000
v -0.00207977 -0.03193218 0.00000000
v -0.01435645 -0.02859873 0.00000000
v -0.00961428 -0.03052144 0.00000000
v -0.01082774 -0.03011234 0.00000000
v -0.01202386 -0.02965503 0.00000000
v -0.01320073 -0.02915022 0.00000000
v -0.00462627 -0.03166367 0.00000000
v -0.00588942 -0.03145323 0.00000000
v -0.00714314 -0.03119242 0.00000000
v -0.00838543 -0.03088166 0.00000000
v 0.03161580 -0.00494247 0.00000000
v 0.03139273 -0.00620346 0.00000000
v 0.03132910 0.00651758 0.00000000
v 0.03156477 0.00525889 0.00000000
v 0.03178824 -0.00367357 0.00000000
v 0.03079622 -0.00869362 0.00000000
v 0.03042372 -0.00991881 0.00000000
v 0.03190977 -0.00239879 0.00000000
v 0.03104325 0.00776584 0.00000000
v 0.02845366 -0.01464151 0.00000000
v 0.02901669 -0.01349136 0.00000000
v 0.02953324 -0.01231960 0.00000000
v 0.03000250 -0.01112812 0.00000000
v 0.03198020 -0.00112016 0.00000000
v 0.03199942 0.00016026 0.00000000
v 0.03196740 0.00144042 0.00000000
v 0.03070769 0.00900166 0.00000000
v 0.03111939 -0.00745451 0.00000000
v 0.03188417 0.00271828 0.00000000
v 0.03174989 0.00399178 0.00000000
v 0.03032296 0.01022306 0.00000000
v 0.02988967 0.01142809 0.00000000
v 0.02807309 0.01535894 0.00000000
v 0.02940851 0.01261482 0.00000000
v 0.02888025 0.01378135 0.00000000
v 0.02830575 0.01492581 0.00000000
v 0.02477419 0.02025432 0.00000000
v 0.02631430 0.01820864 0.00000000
v 0.02307545 0.02217032 0.00000000
v 0.02394400 0.02122932 0.00000000
v 0.02216996 0.02307581 0.00000000
v 0.02122896 0.02394435 0.00000000
v 0.02556472 0.01924689 0.00000000
v 0.02025396 0.02477455 0.00000000
v 0.01820829 0.02631466 0.00000000
v 0.01924654 0.02556507 0.00000000
v 0.01714087 0.02702210 0.00000000
v 0.02768592 0.01604637 0.00000000
v 0.02702174 0.01714123 0.00000000
v 0.01604601 0.02768627 0.00000000
v 0.01492545 0.02830610 0.00000000
v 0.01378099 0.02888061 0.00000000
v 0.00015990 0.03199978 0.00000000
v 0.00144007 0.03196775 0.00000000
v 0.00271792 0.03188453 0.00000000
v 0.00399142 0.03175025 0.00000000
v 0.00525854 0.03156512 0.00000000
v 0.00651723 0.03132945 0.00000000
v 0.00776548 0.03104361 0.00000000
v 0.00900130 0.03070805 0.00000000
v 0.01022270 0.03032332 0.00000000
v 0.01142773 0.02989002 0.00000000
v 0.01261446 0.02940887 0.00000000
v -0.01112847 0.03000286 0.00000000
v -0.00367393 0.03178860 0.00000000
v -0.00239914 0.03191013 0.00000000
v -0.00112052 0.03198056 0.00000000
v -0.01464187 0.02845401 0.00000000
v -0.01349171 0.02901704 0.00000000
v -0.01231996 0.02953360 0.00000000
v -0.00620381 0.03139309 0.00000000
v -0.00494283 0.03161616 0.00000000
v -0.00991916 0.03042407 0.00000000
v -0.00869397 0.03079657 0.00000000
v -0.00745486 0.03111974 0.00000000
v 0.02651633 -0.02651633 0.00950000
v 0.02651633 -0.02651633 -0.00750000
v 0.02747804 -0.02551839 -0.00750000
v 0.02747804 -0.02551839 0.00950000
v 0.02840222 -0.02448561 -0.00750000
v 0.02840222 -0.02448561 0.00950000
v 0.02928762 -0.02341937 -0.00750000
v 0.02928762 -0.02341937 0.00950000
v 0.03013300 -0.02232115 -0.00750000
v 0.03013300 -0.02232115 0.00950000
v 0.03093722 -0.02119244 -0.00750000
v 0.03093722 -0.02119244 0.00950000
v 0.03169920 -0.02003478 -0.00750000
v 0.03169920 -0.02003478 0.00950000
v 0.03241787 -0.01884976 -0.00750000
v 0.03241787 -0.01884976 0.00950000
v 0.03309226 -0.01763899 -0.00750000
v 0.03309226 -0.01763899 0.00950000
v 0.03372146 -0.01640413 -0.00750000
v 0.03372146 -0.01640413 0.00950000
v 0.03430459 -0.01514686 -0.00750000
v 0.03430459 -0.01514686 0.00950000
v 0.03484087 -0.01386890 -0.00750000
v 0.03484087 -0.01386890 0.00950000
v 0.03532956 -0.01257201 -0.00750000
v 0.03532956 -0.01257201 0.00950000
v 0.03576999 -0.01125793 -0.00750000
v 0.03576999 -0.01125793 0.00950000
v 0.03616157 -0.00992848 -0.00750000
v 0.03616157 -0.00992848 0.00950000
v 0.03650375 -0.00858547 -0.00750000
v 0.03650375 -0.00858547 0.00950000
v 0.03679607 -0.00723073 -0.00750000
v 0.03679607 -0.00723073 0.00950000
v 0.03703813 -0.00586611 -0.00750000
v 0.03703813 -0.00586611 0.00950000
v 0.03722961 -0.00449349 -0.00750000
v 0.03722961 -0.00449349 0.00950000
v 0.03737023 -0.00311472 -0.00750000
v 0.03737023 -0.00311472 0.00950000
v 0.03745981 -0.00173170 -0.00750000
v 0.03745981 -0.00173170 0.00950000
v 0.03749822 -0.00034632 -0.00750000
v 0.03749822 -0.00034632 0.00950000
v 0.03748541 0.00103954 -0.00750000
v 0.03748541 0.00103954 0.00950000
v 0.03742141 0.00242398 -0.00750000
v 0.03742141 0.00242398 0.00950000
v 0.03730629 0.00380511 -0.00750000
v 0.03730629 0.00380511 0.00950000
v 0.03714021 0.00518104 -0.00750000
v 0.03714021 0.00518104 0.00950000
v 0.03692341 0.00654989 -0.00750000
v 0.03692341 0.00654989 0.00950000
v 0.03665617 0.00790980 -0.00750000
v 0.03665617 0.00790980 0.00950000
v 0.03633886 0.00925891 -0.00750000
v 0.03633886 0.00925891 0.00950000
v 0.03597192 0.01059537 -0.00750000
v 0.03597192 0.01059537 0.00950000
v 0.03555585 0.01191736 -0.00750000
v 0.03555585 0.01191736 0.00950000
v 0.03509120 0.01322306 -0.00750000
v 0.03509120 0.01322306 0.00950000
v 0.03457863 0.01451071 -0.00750000
v 0.03457863 0.01451071 0.00950000
v 0.03401883 0.01577854 -0.00750000
v 0.03401883 0.01577854 0.00950000
v 0.03341257 0.01702482 -0.00750000
v 0.03341257 0.01702482 0.00950000
v 0.03276066 0.01824784 -0.00750000
v 0.03276066 0.01824784 0.00950000
v 0.03206401 0.01944594 -0.00750000
v 0.03206401 0.01944594 0.00950000
v 0.03132356 0.02061749 -0.00750000
v 0.03132356 0.02061749 0.00950000
v 0.03054033 0.02176086 -0.00750000
v 0.03054033 0.02176086 0.00950000
v 0.02971538 0.02287452 -0.00750000
v 0.02971538 0.02287452 0.00950000
v 0.02884984 0.02395693 -0.00750000
v 0.02884984 0.02395693 0.00950000
v 0.02794490 0.02500662 -0.00750000
v 0.02794490 0.02500662 0.00950000
v 0.02700180 0.02602216 -0.00750000
v 0.02700180 0.02602216 0.00950000
v 0.02602180 0.02700215 -0.00750000
v 0.02602180 0.02700215 0.00950000
v 0.02500627 0.02794526 -0.00750000
v 0.02500627 0.02794526 0.00950000
v 0.02395657 0.02885020 -0.00750000
v 0.02395657 0.02885020 0.00950000
v 0.02287416 0.02971574 -0.00750000
v 0.02287416 0.02971574 0.00950000
v 0.02176051 0.03054069 -0.00750000
v 0.02176051 0.03054069 0.00950000
v 0.02061713 0.03132392 -0.00750000
v 0.02061713 0.03132392 0.00950000
v 0.01944559 0.03206436 -0.00750000
v 0.01944559 0.03206436 0.00950000
v 0.01824749 0.03276101 -0.00750000
v 0.01824749 0.03276101 0.00950000
v 0.01702446 0.03341292 -0.00750000
v 0.01702446 0.03341292 0.00950000
v 0.01577819 0.03401919 -0.00750000
v 0.01577819 0.03401919 0.00950000
v 0.01451036 0.03457899 -0.00750000
v 0.01451036 0.03457899 0.00950000
v 0.01322271 0.03509156 -0.00750000
v 0.01322271 0.03509156 0.00950000
v 0.01191700 0.03555620 -0.00750000
v 0.01191700 0.03555620 0.00950000
v 0.01059501 0.03597228 -0.00750000
v 0.01059501 0.03597228 0.00950000
v 0.00925855 0.03633922 -0.00750000
v 0.00925855 0.03633922 0.00950000
v 0.00790945 0.03665652 -0.00750000
v 0.00790945 0.03665652 0.00950000
v 0.00654954 0.03692376 -0.00750000
v 0.00654954 0.03692376 0.00950000
v 0.00518069 0.03714057 -0.00750000
v 0.00518069 0.03714057 0.00950000
v 0.00380475 0.03730664 -0.00750000
v 0.00380475 0.03730664 0.00950000
v 0.00242362 0.03742176 -0.00750000
v 0.00242362 0.03742176 0.00950000
v 0.00103919 0.03748577 -0.00750000
v 0.00103919 0.03748577 0.00950000
v -0.00034668 0.03749858 -0.00750000
v -0.00034668 0.03749858 0.00950000
v -0.00173206 0.03746017 -0.00750000
v -0.00173206 0.03746017 0.00950000
v -0.00311507 0.03737059 -0.00750000
v -0.00311507 0.03737059 0.00950000
v -0.00449384 0.03722997 -0.00750000
v -0.00449384 0.03722997 0.00950000
v -0.00586647 0.03703849 -0.00750000
v -0.00586647 0.03703849 0.00950000
v -0.00723108 0.03679642 -0.00750000
v -0.00723108 0.03679642 0.00950000
v -0.00858582 0.03650410 -0.00750000
v -0.00858582 0.03650410 0.00950000
v -0.00992884 0.03616192 -0.00750000
v -0.00992884 0.03616192 0.00950000
v -0.01125829 0.03577034 -0.00750000
v -0.01125829 0.03577034 0.00950000
v -0.01257236 0.03532991 -0.00750000
v -0.01257236 0.03532991 0.00950000
v -0.01386926 0.03484123 -0.00750000
v -0.01386926 0.03484123 0.00950000
v -0.01514722 0.03430495 -0.00750000
v -0.01514722 0.03430495 0.00950000
v -0.01640448 0.03372181 -0.00750000
v -0.01640448 0.03372181 0.00950000
v -0.01763934 0.03309262 -0.00750000
v -0.01763934 0.03309262 0.00950000
v -0.01885012 0.03241822 -0.00750000
v -0.01885012 0.03241822 0.00950000
v -0.02003514 0.03169955 -0.00750000
v -0.02003514 0.03169955 0.00950000
v -0.02119279 0.03093758 -0.00750000
v -0.02119279 0.03093758 0.00950000
v -0.02232151 0.03013335 -0.00750000
v -0.02232151 0.03013335 0.00950000
v -0.02341973 0.02928797 -0.00750000
v -0.02341973 0.02928797 0.00950000
v -0.02448596 0.02840258 -0.00750000
v -0.02448596 0.02840258 0.00950000
v -0.02551875 0.02747840 -0.00750000
v -0.02551875 0.02747840 0.00950000
v -0.02651668 0.02651668 -0.00750000
v -0.02651668 0.02651668 0.00950000
v -0.05444740 -0.00141404 0.00950000
v -0.05444740 -0.00141404 -0.00750000
v -0.00141439 -0.05444705 -0.00750000
v -0.00141439 -0.05444705 0.00950000
v -0.02262760 -0.02262724 -0.00750000
v -0.02350929 -0.02170976 -0.00750000
v -0.02351479 -0.02170381 -0.00750000
v -0.02435382 -0.02075796 -0.00750000
v -0.02436433 -0.02074562 -0.00750000
v -0.02515984 -0.01977333 -0.00750000
v -0.02517486 -0.01975421 -0.00750000
v -0.02592607 -0.01875744 -0.00750000
v -0.02594506 -0.01873116 -0.00750000
v -0.02665131 -0.01771188 -0.00750000
v -0.02667372 -0.01767812 -0.00750000
v -0.02733441 -0.01663833 -0.00750000
v -0.02735967 -0.01659677 -0.00750000
v -0.02797429 -0.01553846 -0.00750000
v -0.02800180 -0.01548883 -0.00750000
v -0.02856994 -0.01441402 -0.00750000
v -0.02859908 -0.01435610 -0.00750000
v -0.02912040 -0.01326679 -0.00750000
v -0.02915057 -0.01320037 -0.00750000
v -0.02962483 -0.01209858 -0.00750000
v -0.02965538 -0.01202351 -0.00750000
v -0.03008241 -0.01091124 -0.00750000
v -0.03011270 -0.01082739 -0.00750000
v -0.03049243 -0.00970665 -0.00750000
v -0.03052180 -0.00961393 -0.00750000
v -0.03085423 -0.00848672 -0.00750000
v -0.03088201 -0.00838507 -0.00750000
v -0.03116725 -0.00725336 -0.00750000
v -0.03119277 -0.00714279 -0.00750000
v -0.03143098 -0.00600852 -0.00750000
v -0.03145359 -0.00588906 -0.00750000
v -0.03164502 -0.00475420 -0.00750000
v -0.03166403 -0.00462591 -0.00750000
v -0.03180902 -0.00349235 -0.00750000
v -0.03182376 -0.00335535 -0.00750000
v -0.03192272 -0.00222498 -0.00750000
v -0.03193253 -0.00207941 -0.00750000
v -0.03198595 -0.00095409 -0.00750000
v -0.03199017 -0.00080015 -0.00750000
v -0.03199860 0.00031831 -0.00750000
v -0.03199657 0.00048040 -0.00750000
v -0.03196065 0.00159020 -0.00750000
v -0.03195174 0.00176018 -0.00750000
v -0.03187217 0.00285958 -0.00750000
v -0.03185574 0.00303714 -0.00750000
v -0.03173329 0.00412444 -0.00750000
v -0.03170873 0.00430924 -0.00750000
v -0.03154424 0.00538278 -0.00750000
v -0.03151093 0.00557444 -0.00750000
v -0.03130530 0.00663260 -0.00750000
v -0.03126268 0.00683070 -0.00750000
v -0.03101687 0.00787194 -0.00750000
v -0.03096436 0.00807603 -0.00750000
v -0.03067940 0.00909883 -0.00750000
v -0.03061645 0.00930843 -0.00750000
v -0.03029341 0.01031134 -0.00750000
v -0.03021952 0.01052592 -0.00750000
v -0.02985952 0.01150754 -0.00750000
v -0.02977420 0.01172656 -0.00750000
v -0.02937843 0.01268555 -0.00750000
v -0.02928119 0.01290842 -0.00750000
v -0.02885087 0.01384349 -0.00750000
v -0.02874129 0.01406961 -0.00750000
v -0.02827770 0.01497956 -0.00750000
v -0.02815536 0.01520826 -0.00750000
v -0.02765982 0.01609193 -0.00750000
v -0.02752435 0.01632256 -0.00750000
v -0.02699820 0.01717885 -0.00750000
v -0.02684926 0.01741072 -0.00750000
v -0.02629389 0.01823862 -0.00750000
v -0.02613117 0.01847100 -0.00750000
v -0.02554800 0.01926955 -0.00750000
v -0.02537123 0.01950170 -0.00750000
v -0.02476172 0.02027000 -0.00750000
v -0.02457067 0.02050117 -0.00750000
v -0.02393629 0.02123841 -0.00750000
v -0.02373076 0.02146781 -0.00750000
v -0.02307301 0.02217324 -0.00750000
v -0.02285285 0.02240007 -0.00750000
v -0.02217324 0.02307300 -0.00750000
v -0.02193833 0.02329646 -0.00750000
v -0.02123842 0.02393628 -0.00750000
v -0.02098870 0.02415555 -0.00750000
v -0.02027001 0.02476172 -0.00750000
v -0.02000544 0.02497595 -0.00750000
v -0.01926955 0.02554800 -0.00750000
v -0.01899016 0.02575636 -0.00750000
v -0.01823863 0.02629389 -0.00750000
v -0.01794446 0.02649551 -0.00750000
v -0.01717886 0.02699819 -0.00750000
v -0.01687002 0.02719224 -0.00750000
v -0.01609193 0.02765982 -0.00750000
v -0.01576857 0.02784543 -0.00750000
v -0.01497956 0.02827770 -0.00750000
v -0.01464187 0.02845401 -0.00750000
v -0.01384350 0.02885087 -0.00750000
v -0.01349171 0.02901704 -0.00750000
v -0.01268555 0.02937842 -0.00750000
v -0.01231996 0.02953360 -0.00750000
v -0.01150754 0.02985952 -0.00750000
v -0.01112847 0.03000286 -0.00750000
v -0.01031134 0.03029341 -0.00750000
v -0.00991916 0.03042407 -0.00750000
v -0.00909884 0.03067939 -0.00750000
v -0.00869397 0.03079657 -0.00750000
v -0.00787194 0.03101687 -0.00750000
v -0.00745486 0.03111974 -0.00750000
v -0.00663261 0.03130530 -0.00750000
v -0.00620381 0.03139309 -0.00750000
v -0.00538278 0.03154423 -0.00750000
v -0.00494283 0.03161616 -0.00750000
v -0.00412444 0.03173329 -0.00750000
v -0.00367393 0.03178860 -0.00750000
v -0.00285958 0.03187216 -0.00750000
v -0.00239914 0.03191013 -0.00750000
v -0.00159020 0.03196065 -0.00750000
v -0.00112052 0.03198056 -0.00750000
v -0.00031831 0.03199859 -0.00750000
v 0.00015990 0.03199978 -0.00750000
v 0.00095409 0.03198595 -0.00750000
v 0.00144007 0.03196775 -0.00750000
v 0.00222497 0.03192272 -0.00750000
v 0.00271792 0.03188453 -0.00750000
v 0.00349234 0.03180902 -0.00750000
v 0.00399142 0.03175025 -0.00750000
v 0.00475419 0.03164502 -0.00750000
v 0.00525854 0.03156512 -0.00750000
v 0.00600852 0.03143098 -0.00750000
v 0.00651723 0.03132945 -0.00750000
v 0.00725335 0.03116725 -0.00750000
v 0.00776548 0.03104361 -0.00750000
v 0.00848671 0.03085423 -0.00750000
v 0.00900130 0.03070805 -0.00750000
v 0.00970665 0.03049243 -0.00750000
v 0.01022270 0.03032332 -0.00750000
v 0.01091124 0.03008241 -0.00750000
v 0.01142773 0.02989002 -0.00750000
v 0.01209858 0.02962483 -0.00750000
v 0.01261446 0.02940887 -0.00750000
v 0.01326679 0.02912040 -0.00750000
v 0.01378099 0.02888061 -0.00750000
v 0.01441402 0.02856993 -0.00750000
v 0.01492545 0.02830610 -0.00750000
v 0.01553846 0.02797429 -0.00750000
v 0.01604601 0.02768627 -0.00750000
v 0.01663832 0.02733441 -0.00750000
v 0.01714087 0.02702210 -0.00750000
v 0.01771188 0.02665131 -0.00750000
v 0.01820829 0.02631466 -0.00750000
v 0.01875744 0.02592607 -0.00750000
v 0.01924654 0.02556507 -0.00750000
v 0.01977333 0.02515983 -0.00750000
v 0.02025396 0.02477455 -0.00750000
v 0.02075796 0.02435382 -0.00750000
v 0.02122896 0.02394435 -0.00750000
v 0.02170976 0.02350929 -0.00750000
v 0.02216996 0.02307581 -0.00750000
v 0.02262724 0.02262760 -0.00750000
v 0.02307545 0.02217032 -0.00750000
v 0.02350894 0.02171012 -0.00750000
v 0.02394400 0.02122932 -0.00750000
v 0.02435346 0.02075831 -0.00750000
v 0.02477419 0.02025432 -0.00750000
v 0.02515948 0.01977369 -0.00750000
v 0.02556472 0.01924689 -0.00750000
v 0.02592571 0.01875779 -0.00750000
v 0.02631430 0.01820864 -0.00750000
v 0.02665095 0.01771224 -0.00750000
v 0.02702174 0.01714123 -0.00750000
v 0.02733405 0.01663868 -0.00750000
v 0.02768592 0.01604637 -0.00750000
v 0.02797393 0.01553881 -0.00750000
v 0.02830575 0.01492581 -0.00750000
v 0.02856958 0.01441437 -0.00750000
v 0.02888025 0.01378135 -0.00750000
v 0.02912005 0.01326714 -0.00750000
v 0.02940851 0.01261482 -0.00750000
v 0.02962447 0.01209894 -0.00750000
v 0.02988967 0.01142809 -0.00750000
v 0.03008206 0.01091160 -0.00750000
v 0.03032296 0.01022306 -0.00750000
v 0.03049207 0.00970701 -0.00750000
v 0.03070769 0.00900166 -0.00750000
v 0.03085387 0.00848707 -0.00750000
v 0.03104325 0.00776584 -0.00750000
v 0.03116689 0.00725371 -0.00750000
v 0.03132910 0.00651758 -0.00750000
v 0.03143062 0.00600888 -0.00750000
v 0.03156477 0.00525889 -0.00750000
v 0.03164466 0.00475455 -0.00750000
v 0.03174989 0.00399178 -0.00750000
v 0.03180866 0.00349270 -0.00750000
v 0.03188417 0.00271828 -0.00750000
v 0.03192236 0.00222533 -0.00750000
v 0.03196740 0.00144042 -0.00750000
v 0.03198559 0.00095444 -0.00750000
v 0.03199942 0.00016026 -0.00750000
v 0.03199824 -0.00031795 -0.00750000
v 0.03198020 -0.00112016 -0.00750000
v 0.03196030 -0.00158985 -0.00750000
v 0.03190977 -0.00239879 -0.00750000
v 0.03187181 -0.00285923 -0.00750000
v 0.03178824 -0.00367357 -0.00750000
v 0.03173293 -0.00412409 -0.00750000
v 0.03161580 -0.00494247 -0.00750000
v 0.03154388 -0.00538243 -0.00750000
v 0.03139273 -0.00620346 -0.00750000
v 0.03130495 -0.00663225 -0.00750000
v 0.03111939 -0.00745451 -0.00750000
v 0.03101652 -0.00787159 -0.00750000
v 0.03079622 -0.00869362 -0.00750000
v 0.03067904 -0.00909848 -0.00750000
v 0.03042372 -0.00991881 -0.00750000
v 0.03029305 -0.01031099 -0.00750000
v 0.03000250 -0.01112812 -0.00750000
v 0.02985917 -0.01150719 -0.00750000
v 0.02953324 -0.01231960 -0.00750000
v 0.02937807 -0.01268520 -0.00750000
v 0.02901669 -0.01349136 -0.00750000
v 0.02885052 -0.01384314 -0.00750000
v 0.02845366 -0.01464151 -0.00750000
v 0.02827734 -0.01497920 -0.00750000
v 0.02784507 -0.01576821 -0.00750000
v 0.02765946 -0.01609157 -0.00750000
v 0.02719189 -0.01686967 -0.00750000
v 0.02699784 -0.01717850 -0.00750000
v 0.02649516 -0.01794410 -0.00750000
v 0.02629353 -0.01823827 -0.00750000
v 0.02575600 -0.01898980 -0.00750000
v 0.02554765 -0.01926919 -0.00750000
v 0.02497560 -0.02000509 -0.00750000
v 0.02476137 -0.02026965 -0.00750000
v 0.02415520 -0.02098834 -0.00750000
v 0.02393593 -0.02123806 -0.00750000
v 0.02329611 -0.02193798 -0.00750000
v 0.02307265 -0.02217289 -0.00750000
v 0.02239972 -0.02285249 -0.00750000
v 0.02217288 -0.02307265 -0.00750000
v 0.02146746 -0.02373041 -0.00750000
v 0.02123806 -0.02393593 -0.00750000
v 0.02050082 -0.02457032 -0.00750000
v 0.02026965 -0.02476137 -0.00750000
v 0.01950135 -0.02537088 -0.00750000
v 0.01926919 -0.02554765 -0.00750000
v 0.01847064 -0.02613081 -0.00750000
v 0.01823827 -0.02629353 -0.00750000
v 0.01741037 -0.02684890 -0.00750000
v 0.01717850 -0.02699784 -0.00750000
v 0.01632220 -0.02752399 -0.00750000
v 0.01609157 -0.02765946 -0.00750000
v 0.01520790 -0.02815501 -0.00750000
v 0.01497920 -0.02827735 -0.00750000
v 0.01406925 -0.02874093 -0.00750000
v 0.01384314 -0.02885052 -0.00750000
v 0.01290806 -0.02928083 -0.00750000
v 0.01268519 -0.02937807 -0.00750000
v 0.01172620 -0.02977384 -0.00750000
v 0.01150719 -0.02985917 -0.00750000
v 0.01052557 -0.03021917 -0.00750000
v 0.01031098 -0.03029306 -0.00750000
v 0.00930808 -0.03061610 -0.00750000
v 0.00909848 -0.03067904 -0.00750000
v 0.00807568 -0.03096400 -0.00750000
v 0.00787159 -0.03101652 -0.00750000
v 0.00683035 -0.03126232 -0.00750000
v 0.00663225 -0.03130495 -0.00750000
v 0.00557408 -0.03151058 -0.00750000
v 0.00538242 -0.03154388 -0.00750000
v 0.00430888 -0.03170837 -0.00750000
v 0.00412408 -0.03173294 -0.00750000
v 0.00303679 -0.03185539 -0.00750000
v 0.00285922 -0.03187182 -0.00750000
v 0.00175983 -0.03195139 -0.00750000
v 0.00158985 -0.03196030 -0.00750000
v 0.00048005 -0.03199622 -0.00750000
v 0.00031795 -0.03199824 -0.00750000
v -0.00080050 -0.03198982 -0.00750000
v -0.00095445 -0.03198559 -0.00750000
v -0.00207977 -0.03193218 -0.00750000
v -0.00222533 -0.03192237 -0.00750000
v -0.00335570 -0.03182341 -0.00750000
v -0.00349270 -0.03180866 -0.00750000
v -0.00462627 -0.03166367 -0.00750000
v -0.00475455 -0.03164466 -0.00750000
v -0.00588942 -0.03145323 -0.00750000
v -0.00600888 -0.03143063 -0.00750000
v -0.00714314 -0.03119242 -0.00750000
v -0.00725371 -0.03116689 -0.00750000
v -0.00838543 -0.03088166 -0.00750000
v -0.00848707 -0.03085388 -0.00750000
v -0.00961428 -0.03052144 -0.00750000
v -0.00970701 -0.03049208 -0.00750000
v -0.01082774 -0.03011234 -0.00750000
v -0.01091160 -0.03008206 -0.00750000
v -0.01202386 -0.02965503 -0.00750000
v -0.01209894 -0.02962447 -0.00750000
v -0.01320073 -0.02915022 -0.00750000
v -0.01326715 -0.02912005 -0.00750000
v -0.01435645 -0.02859873 -0.00750000
v -0.01441438 -0.02856958 -0.00750000
v -0.01548919 -0.02800144 -0.00750000
v -0.01553881 -0.02797393 -0.00750000
v -0.01659712 -0.02735931 -0.00750000
v -0.01663868 -0.02733405 -0.00750000
v -0.01767847 -0.02667337 -0.00750000
v -0.01771224 -0.02665095 -0.00750000
v -0.01873152 -0.02594471 -0.00750000
v -0.01875780 -0.02592572 -0.00750000
v -0.01975456 -0.02517450 -0.00750000
v -0.01977369 -0.02515948 -0.00750000
v -0.02074597 -0.02436398 -0.00750000
v -0.02075832 -0.02435346 -0.00750000
v -0.02170416 -0.02351444 -0.00750000
v -0.02171012 -0.02350894 -0.00750000
v 0.00044105 -0.05078915 -0.00800000
v 0.00054639 -0.05064623 -0.00800000
v 0.02616277 -0.02616277 -0.00800000
v -0.00415527 -0.05132520 -0.00800000
v -0.00401380 -0.05143248 -0.00800000
v -0.00176795 -0.05409349 -0.00800000
v -0.00429067 -0.05121036 -0.00800000
v -0.04763968 -0.00516055 -0.00800000
v -0.04747541 -0.00509317 -0.00800000
v -0.02298115 -0.02298079 -0.00800000
v -0.00271740 -0.05198509 -0.00800000
v -0.00289098 -0.05194778 -0.00800000
v -0.00306227 -0.05190105 -0.00800000
v -0.04570654 -0.00109575 -0.00800000
v -0.04576714 -0.00092887 -0.00800000
v -0.02343352 0.02251969 -0.00800000
v -0.00218808 -0.05203951 -0.00800000
v -0.00201054 -0.05203829 -0.00800000
v -0.00183333 -0.05202739 -0.00800000
v -0.00165698 -0.05200682 -0.00800000
v -0.04973132 -0.00523200 -0.00800000
v -0.04956003 -0.00527874 -0.00800000
v -0.04938645 -0.00531604 -0.00800000
v -0.04921109 -0.00534382 -0.00800000
v -0.04903447 -0.00536198 -0.00800000
v -0.04885713 -0.00537046 -0.00800000
v -0.04867958 -0.00536925 -0.00800000
v -0.04609756 -0.00030172 -0.00800000
v -0.04620093 -0.00015738 -0.00800000
v -0.02616313 0.02616313 -0.00800000
v -0.00386668 -0.05153187 -0.00800000
v -0.00371436 -0.05162309 -0.00800000
v -0.00355728 -0.05170585 -0.00800000
v -0.00339591 -0.05177990 -0.00800000
v -0.00323074 -0.05184504 -0.00800000
v -0.05129754 -0.00005294 -0.00800000
v -0.05140674 -0.00019293 -0.00800000
v -0.05409385 -0.00176759 -0.00800000
v -0.05168632 -0.00064567 -0.00800000
v -0.05176257 -0.00080601 -0.00800000
v -0.05182996 -0.00097027 -0.00800000
v -0.05188827 -0.00113797 -0.00800000
v -0.00254204 -0.05201287 -0.00800000
v -0.00236543 -0.05203102 -0.00800000
v -0.00148201 -0.05197665 -0.00800000
v -0.00130896 -0.05193698 -0.00800000
v -0.00113833 -0.05188791 -0.00800000
v 0.00032807 -0.05092610 -0.00800000
v 0.00020777 -0.05105669 -0.00800000
v -0.05022632 -0.00503680 -0.00800000
v -0.05006496 -0.00511085 -0.00800000
v -0.04989980 -0.00517598 -0.00800000
v -0.04815106 -0.00530761 -0.00800000
v -0.04797801 -0.00526793 -0.00800000
v -0.04780737 -0.00521886 -0.00800000
v -0.04556242 -0.00249763 -0.00800000
v -0.04554669 -0.00232078 -0.00800000
v -0.03230603 -0.00354692 -0.00800000
v -0.05150814 -0.00033868 -0.00800000
v -0.05160142 -0.00048974 -0.00800000
v -0.05193733 -0.00130860 -0.00800000
v -0.05197701 -0.00148166 -0.00800000
v -0.05200718 -0.00165662 -0.00800000
v -0.05202775 -0.00183297 -0.00800000
v -0.05203865 -0.00201019 -0.00800000
v -0.05203987 -0.00218773 -0.00800000
v -0.00097063 -0.05182960 -0.00800000
v -0.00080637 -0.05176221 -0.00800000
v -0.00064603 -0.05168596 -0.00800000
v -0.00019329 -0.05140639 -0.00800000
v -0.00005329 -0.05129719 -0.00800000
v 0.00008052 -0.05118050 -0.00800000
v -0.04850238 -0.00535834 -0.00800000
v -0.04832603 -0.00533777 -0.00800000
v -0.04700808 -0.00483874 -0.00800000
v -0.04686233 -0.00473734 -0.00800000
v -0.04672234 -0.00462814 -0.00800000
v -0.04658852 -0.00451146 -0.00800000
v -0.04583676 -0.00076554 -0.00800000
v -0.04591520 -0.00060626 -0.00800000
v -0.04600222 -0.00045150 -0.00800000
v -0.00495440 -0.05038305 -0.00800000
v -0.00486318 -0.05053537 -0.00800000
v -0.00476379 -0.05068249 -0.00800000
v 0.01168699 -0.03032572 -0.00800000
v 0.00104631 -0.04951647 -0.00800000
v 0.00108124 -0.04934240 -0.00800000
v 0.00110662 -0.04916667 -0.00800000
v 0.00112236 -0.04898983 -0.00800000
v 0.00112842 -0.04881239 -0.00800000
v -0.00049010 -0.05160107 -0.00800000
v -0.00033903 -0.05150779 -0.00800000
v -0.04731508 -0.00501692 -0.00800000
v -0.04715914 -0.00493202 -0.00800000
v -0.04646128 -0.00438764 -0.00800000
v -0.04634098 -0.00425706 -0.00800000
v -0.02387663 -0.02204898 -0.00800000
v -0.04612266 -0.00397718 -0.00800000
v -0.04602528 -0.00382872 -0.00800000
v -0.02901634 -0.01463924 -0.00800000
v -0.03242151 -0.00225975 -0.00800000
v -0.04554062 -0.00214334 -0.00800000
v -0.03248573 -0.00096900 -0.00800000
v 0.01288340 -0.02983711 -0.00800000
v 0.00064377 -0.05049776 -0.00800000
v 0.00073289 -0.05034421 -0.00800000
v -0.04793510 0.00101425 -0.00800000
v -0.04810760 0.00105629 -0.00800000
v -0.04828213 0.00108884 -0.00800000
v -0.04845819 0.00111182 -0.00800000
v -0.00015773 -0.04620058 -0.00800000
v -0.00030208 -0.04609720 -0.00800000
v -0.05082432 -0.00465615 -0.00800000
v -0.00045186 -0.04600186 -0.00800000
v -0.00060661 -0.04591484 -0.00800000
v -0.00076590 -0.04583641 -0.00800000
v -0.00092922 -0.04576679 -0.00800000
v -0.00109611 -0.04570619 -0.00800000
v -0.00509352 -0.04747506 -0.00800000
v -0.00516091 -0.04763932 -0.00800000
v 0.00081349 -0.05018601 -0.00800000
v 0.00088534 -0.05002365 -0.00800000
v 0.00094821 -0.04985761 -0.00800000
v 0.00100192 -0.04968838 -0.00800000
v 0.00112479 -0.04863488 -0.00800000
v 0.00111146 -0.04845783 -0.00800000
v 0.00108849 -0.04828178 -0.00800000
v 0.00105593 -0.04810725 -0.00800000
v 0.00101390 -0.04793474 -0.00800000
v 0.00096250 -0.04776480 -0.00800000
v 0.00075385 -0.04727531 -0.00800000
v 0.00066683 -0.04712055 -0.00800000
v -0.02204934 -0.02387627 -0.00800000
v -0.05053573 -0.00486283 -0.00800000
v -0.05038341 -0.00495404 -0.00800000
v -0.05092646 0.00032842 -0.00800000
v -0.05105704 0.00020813 -0.00800000
v -0.05118086 0.00008088 -0.00800000
v -0.02706774 -0.01798864 -0.00800000
v -0.04622800 -0.00412010 -0.00800000
v -0.02776151 -0.01689830 -0.00800000
v -0.02841138 -0.01578125 -0.00800000
v -0.04558780 -0.00267335 -0.00800000
v -0.03213947 -0.00482848 -0.00800000
v -0.04562274 -0.00284743 -0.00800000
v -0.03192209 -0.00610241 -0.00800000
v -0.04566712 -0.00301934 -0.00800000
v -0.03165424 -0.00736669 -0.00800000
v -0.04572084 -0.00318856 -0.00800000
v -0.03133633 -0.00861932 -0.00800000
v -0.04578371 -0.00335460 -0.00800000
v -0.03096887 -0.00985832 -0.00800000
v -0.04585555 -0.00351696 -0.00800000
v -0.03055245 -0.01108174 -0.00800000
v -0.04593616 -0.00367516 -0.00800000
v -0.03008772 -0.01228763 -0.00800000
v -0.02957541 -0.01347409 -0.00800000
v -0.04631203 -0.00001889 -0.00800000
v -0.04643053 0.00011332 -0.00800000
v -0.04655608 0.00023887 -0.00800000
v -0.00527909 -0.04955968 -0.00800000
v -0.00523236 -0.04973096 -0.00800000
v -0.00517634 -0.04989944 -0.00800000
v -0.00465651 -0.05082396 -0.00800000
v -0.00454167 -0.05095936 -0.00800000
v -0.00441960 -0.05108829 -0.00800000
v 0.00090191 -0.04759791 -0.00800000
v 0.00083228 -0.04743459 -0.00800000
v -0.05203138 -0.00236507 -0.00800000
v -0.05201322 -0.00254169 -0.00800000
v -0.05198545 -0.00271705 -0.00800000
v -0.05194814 -0.00289063 -0.00800000
v -0.05190141 -0.00306192 -0.00800000
v -0.05184539 -0.00323039 -0.00800000
v -0.05162344 -0.00371400 -0.00800000
v -0.05153223 -0.00386633 -0.00800000
v -0.05143284 -0.00401345 -0.00800000
v -0.05132556 -0.00415491 -0.00800000
v -0.02633116 -0.01905053 -0.00800000
v -0.02555296 -0.02008229 -0.00800000
v -0.02473435 -0.02108231 -0.00800000
v -0.04668829 0.00035737 -0.00800000
v -0.04682678 0.00046847 -0.00800000
v -0.04697113 0.00057185 -0.00800000
v -0.04712090 0.00066719 -0.00800000
v -0.04727566 0.00075420 -0.00800000
v -0.04743494 0.00083264 -0.00800000
v -0.04759827 0.00090226 -0.00800000
v -0.04776516 0.00096286 -0.00800000
v -0.04863523 0.00112514 -0.00800000
v -0.04881274 0.00112878 -0.00800000
v -0.04899019 0.00112272 -0.00800000
v -0.04985797 0.00094857 -0.00800000
v -0.04968874 0.00100227 -0.00800000
v -0.04951683 0.00104667 -0.00800000
v -0.00126605 -0.04565479 -0.00800000
v -0.00143855 -0.04561276 -0.00800000
v -0.00161309 -0.04558020 -0.00800000
v -0.00535870 -0.04850202 -0.00800000
v -0.00533813 -0.04832567 -0.00800000
v -0.00530796 -0.04815071 -0.00800000
v -0.00536233 -0.04903412 -0.00800000
v -0.00534418 -0.04921073 -0.00800000
v -0.00531640 -0.04938609 -0.00800000
v -0.00511121 -0.05006461 -0.00800000
v -0.00503715 -0.05022597 -0.00800000
v 0.00057149 -0.04697077 -0.00800000
v 0.00046812 -0.04682642 -0.00800000
v 0.00035701 -0.04668793 -0.00800000
v -0.05178026 -0.00339556 -0.00800000
v -0.05170620 -0.00355692 -0.00800000
v -0.02514862 0.02058672 -0.00800000
v -0.02594719 0.01957063 -0.00800000
v -0.04565515 -0.00126569 -0.00800000
v -0.02670473 0.01852360 -0.00800000
v -0.02742004 0.01744727 -0.00800000
v -0.04554426 -0.00196583 -0.00800000
v -0.04555759 -0.00178878 -0.00800000
v -0.03249857 0.00032328 -0.00800000
v -0.04558056 -0.00161273 -0.00800000
v -0.03246003 0.00161505 -0.00800000
v -0.04561311 -0.00143820 -0.00800000
v -0.03237017 0.00290426 -0.00800000
v -0.04916703 0.00110697 -0.00800000
v -0.04934276 0.00108160 -0.00800000
v -0.00214370 -0.04554027 -0.00800000
v -0.00232114 -0.04554633 -0.00800000
v -0.00249798 -0.04556207 -0.00800000
v -0.00267371 -0.04558745 -0.00800000
v -0.00521922 -0.04780702 -0.00800000
v -0.00526829 -0.04797765 -0.00800000
v -0.00536960 -0.04867923 -0.00800000
v -0.00537082 -0.04885677 -0.00800000
v -0.02431029 0.02157026 -0.00800000
v -0.02930167 0.01405980 -0.00800000
v -0.02983746 0.01288376 -0.00800000
v -0.03032608 0.01168735 -0.00800000
v -0.03076674 0.01047245 -0.00800000
v -0.03115876 0.00924100 -0.00800000
v -0.03150151 0.00799494 -0.00800000
v -0.03179445 0.00673624 -0.00800000
v -0.03203711 0.00546688 -0.00800000
v -0.03222912 0.00418888 -0.00800000
v -0.05002401 0.00088569 -0.00800000
v -0.05018637 0.00081385 -0.00800000
v -0.05034456 0.00073324 -0.00800000
v -0.00178914 -0.04555723 -0.00800000
v -0.00196619 -0.04554390 -0.00800000
v -0.00001924 -0.04631168 -0.00800000
v -0.05068285 -0.00476343 -0.00800000
v -0.02809200 0.01634336 -0.00800000
v -0.02871954 0.01521360 -0.00800000
v 0.01957028 -0.02594683 -0.00800000
v 0.02058637 -0.02514827 -0.00800000
v -0.05049812 0.00064412 -0.00800000
v -0.05064658 0.00054675 -0.00800000
v -0.05078950 0.00044141 -0.00800000
v -0.00284778 -0.04562238 -0.00800000
v -0.00301969 -0.04566677 -0.00800000
v -0.05095972 -0.00454131 -0.00800000
v -0.00318892 -0.04572048 -0.00800000
v -0.00335496 -0.04578335 -0.00800000
v -0.00351732 -0.04585520 -0.00800000
v -0.00367551 -0.04593580 -0.00800000
v -0.00382907 -0.04602493 -0.00800000
v 0.01852324 -0.02670437 -0.00800000
v -0.00397753 -0.04612230 -0.00800000
v -0.00412046 -0.04622764 -0.00800000
v -0.00425741 -0.04634063 -0.00800000
v -0.00473770 -0.04686198 -0.00800000
v -0.00483909 -0.04700772 -0.00800000
v -0.01463960 -0.02901598 -0.00800000
v -0.01347444 -0.02957505 -0.00800000
v -0.01228798 -0.03008736 -0.00800000
v 0.00161469 -0.03245968 -0.00800000
v 0.00290390 -0.03236981 -0.00800000
v 0.00011297 -0.04643018 -0.00800000
v 0.00418853 -0.03222877 -0.00800000
v 0.00546653 -0.03203676 -0.00800000
v 0.00673588 -0.03179409 -0.00800000
v 0.00799458 -0.03150115 -0.00800000
v 0.00924065 -0.03115840 -0.00800000
v 0.01405944 -0.02930131 -0.00800000
v 0.01521325 -0.02871918 -0.00800000
v 0.01634300 -0.02809164 -0.00800000
v 0.01744692 -0.02741969 -0.00800000
v -0.05121072 -0.00429031 -0.00800000
v -0.05108865 -0.00441924 -0.00800000
v -0.00438799 -0.04646092 -0.00800000
v -0.00451181 -0.04658817 -0.00800000
v -0.00462849 -0.04672199 -0.00800000
v -0.00493237 -0.04715879 -0.00800000
v -0.00501727 -0.04731472 -0.00800000
v -0.01798899 -0.02706738 -0.00800000
v -0.01689866 -0.02776115 -0.00800000
v -0.01578160 -0.02841103 -0.00800000
v -0.00861968 -0.03133597 -0.00800000
v -0.00736705 -0.03165388 -0.00800000
v 0.00023851 -0.04655572 -0.00800000
v 0.01047210 -0.03076639 -0.00800000
v -0.02251970 0.02343352 -0.00800000
v -0.02517850 0.02711202 -0.00800000
v -0.02157027 0.02431029 -0.00800000
v -0.02415948 0.02802388 -0.00800000
v -0.02058673 0.02514862 -0.00800000
v -0.02310747 0.02889747 -0.00800000
v -0.01957063 0.02594719 -0.00800000
v -0.02202389 0.02973158 -0.00800000
v -0.01852360 0.02670473 -0.00800000
v -0.02091023 0.03052508 -0.00800000
v -0.01744727 0.02742004 -0.00800000
v -0.01976800 0.03127689 -0.00800000
v -0.01634336 0.02809200 -0.00800000
v -0.01859878 0.03198598 -0.00800000
v -0.01521361 0.02871953 -0.00800000
v -0.01740416 0.03265139 -0.00800000
v -0.01405980 0.02930167 -0.00800000
v -0.01618576 0.03327219 -0.00800000
v -0.01288376 0.02983746 -0.00800000
v -0.01494525 0.03384755 -0.00800000
v -0.01168735 0.03032608 -0.00800000
v -0.01368434 0.03437667 -0.00800000
v -0.01047245 0.03076674 -0.00800000
v -0.01240473 0.03485885 -0.00800000
v -0.00924101 0.03115876 -0.00800000
v -0.02108266 -0.02473399 -0.00800000
v -0.02008265 -0.02555260 -0.00800000
v -0.01905088 -0.02633081 -0.00800000
v -0.01108209 -0.03055209 -0.00800000
v -0.00985868 -0.03096852 -0.00800000
v -0.00610277 -0.03192173 -0.00800000
v -0.00482884 -0.03213912 -0.00800000
v -0.00354727 -0.03230568 -0.00800000
v -0.00226010 -0.03242115 -0.00800000
v -0.00096936 -0.03248537 -0.00800000
v 0.00032292 -0.03249822 -0.00800000
v 0.02156991 -0.02430993 -0.00800000
v 0.02251934 -0.02343316 -0.00800000
v 0.02711166 -0.02517815 -0.00800000
v 0.02343316 -0.02251934 -0.00800000
v 0.02802352 -0.02415913 -0.00800000
v 0.02430993 -0.02156991 -0.00800000
v 0.02889711 -0.02310711 -0.00800000
v 0.02514826 -0.02058637 -0.00800000
v 0.02973122 -0.02202353 -0.00800000
v 0.02594683 -0.01957028 -0.00800000
v 0.03052473 -0.02090987 -0.00800000
v 0.02670437 -0.01852324 -0.00800000
v 0.03127654 -0.01976765 -0.00800000
v 0.02741969 -0.01744692 -0.00800000
v 0.03198563 -0.01859843 -0.00800000
v 0.02809164 -0.01634300 -0.00800000
v 0.03265103 -0.01740380 -0.00800000
v 0.02871918 -0.01521325 -0.00800000
v 0.03327184 -0.01618541 -0.00800000
v 0.02930131 -0.01405944 -0.00800000
v 0.03384720 -0.01494490 -0.00800000
v 0.02983710 -0.01288340 -0.00800000
v 0.03437632 -0.01368398 -0.00800000
v 0.03032572 -0.01168699 -0.00800000
v 0.03485850 -0.01240437 -0.00800000
v 0.03076639 -0.01047210 -0.00800000
v 0.03529305 -0.01110782 -0.00800000
v 0.03115840 -0.00924065 -0.00800000
v 0.03567941 -0.00979610 -0.00800000
v 0.03150115 -0.00799459 -0.00800000
v 0.03133597 0.00861967 -0.00800000
v 0.03585434 0.00913546 -0.00800000
v 0.03165388 0.00736704 -0.00800000
v 0.03616742 0.00780434 -0.00800000
v 0.03192173 0.00610277 -0.00800000
v 0.03643109 0.00646257 -0.00800000
v 0.03213912 0.00482884 -0.00800000
v 0.03664501 0.00511196 -0.00800000
v 0.03230567 0.00354727 -0.00800000
v 0.03680887 0.00375438 -0.00800000
v 0.03242115 0.00226010 -0.00800000
v 0.03692245 0.00239166 -0.00800000
v 0.03248537 0.00096935 -0.00800000
v 0.03698561 0.00102569 -0.00800000
v 0.03249821 -0.00032293 -0.00800000
v 0.03699824 -0.00034170 -0.00800000
v 0.03245968 -0.00161469 -0.00800000
v 0.03696034 -0.00170861 -0.00800000
v 0.03236981 -0.00290391 -0.00800000
v 0.03687196 -0.00307319 -0.00800000
v 0.03222876 -0.00418853 -0.00800000
v 0.03673321 -0.00443357 -0.00800000
v 0.03203675 -0.00546653 -0.00800000
v 0.03654429 -0.00578790 -0.00800000
v 0.03179409 -0.00673588 -0.00800000
v 0.03630545 -0.00713432 -0.00800000
v 0.03601703 -0.00847099 -0.00800000
v -0.01110818 0.03529341 -0.00800000
v -0.00979645 0.03567976 -0.00800000
v -0.00799494 0.03150151 -0.00800000
v -0.00847135 0.03601738 -0.00800000
v -0.00673624 0.03179444 -0.00800000
v -0.00713467 0.03630581 -0.00800000
v -0.00546688 0.03203711 -0.00800000
v -0.00578826 0.03654465 -0.00800000
v -0.00418888 0.03222912 -0.00800000
v -0.00443392 0.03673356 -0.00800000
v -0.00290426 0.03237017 -0.00800000
v -0.00307355 0.03687231 -0.00800000
v -0.00161505 0.03246003 -0.00800000
v -0.00170897 0.03696070 -0.00800000
v -0.00032328 0.03249857 -0.00800000
v -0.00034205 0.03699860 -0.00800000
v 0.00096900 0.03248572 -0.00800000
v 0.00102533 0.03698596 -0.00800000
v 0.00225974 0.03242151 -0.00800000
v 0.00239131 0.03692281 -0.00800000
v 0.00354692 0.03230603 -0.00800000
v 0.00375402 0.03680923 -0.00800000
v 0.00482848 0.03213947 -0.00800000
v 0.00511160 0.03664536 -0.00800000
v 0.00610241 0.03192209 -0.00800000
v 0.00646221 0.03643145 -0.00800000
v 0.00736669 0.03165423 -0.00800000
v 0.00780399 0.03616777 -0.00800000
v 0.00913510 0.03585469 -0.00800000
v 0.00861932 0.03133633 -0.00800000
v 0.01045374 0.03549265 -0.00800000
v 0.00985832 0.03096887 -0.00800000
v 0.01175810 0.03508212 -0.00800000
v 0.01108173 0.03055245 -0.00800000
v 0.01304641 0.03462368 -0.00800000
v 0.01228763 0.03008771 -0.00800000
v 0.01431689 0.03411794 -0.00800000
v 0.01347409 0.02957541 -0.00800000
v 0.01556781 0.03356560 -0.00800000
v 0.01463924 0.02901634 -0.00800000
v 0.01679747 0.03296742 -0.00800000
v 0.01578125 0.02841138 -0.00800000
v 0.01800419 0.03232421 -0.00800000
v 0.01689830 0.02776151 -0.00800000
v 0.01918631 0.03163684 -0.00800000
v 0.01798864 0.02706773 -0.00800000
v 0.02034223 0.03090626 -0.00800000
v 0.01905053 0.02633116 -0.00800000
v 0.02147037 0.03013348 -0.00800000
v 0.02008229 0.02555295 -0.00800000
v 0.02256917 0.02931953 -0.00800000
v 0.02108230 0.02473434 -0.00800000
v 0.02363715 0.02846553 -0.00800000
v 0.02204898 0.02387662 -0.00800000
v 0.02467285 0.02757266 -0.00800000
v 0.02298079 0.02298115 -0.00800000
v 0.02567484 0.02664212 -0.00800000
v 0.02664177 0.02567520 -0.00800000
v 0.02387627 0.02204933 -0.00800000
v 0.02757230 0.02467320 -0.00800000
v 0.02473399 0.02108266 -0.00800000
v 0.02846518 0.02363751 -0.00800000
v 0.02555260 0.02008265 -0.00800000
v 0.02931917 0.02256953 -0.00800000
v 0.02633081 0.01905088 -0.00800000
v 0.03013312 0.02147072 -0.00800000
v 0.02706738 0.01798899 -0.00800000
v 0.03090591 0.02034259 -0.00800000
v 0.02776115 0.01689866 -0.00800000
v 0.03163648 0.01918667 -0.00800000
v 0.02841103 0.01578160 -0.00800000
v 0.03232385 0.01800454 -0.00800000
v 0.02901598 0.01463960 -0.00800000
v 0.03296706 0.01679782 -0.00800000
v 0.02957505 0.01347444 -0.00800000
v 0.03356525 0.01556817 -0.00800000
v 0.03008736 0.01228798 -0.00800000
v 0.03411759 0.01431724 -0.00800000
v 0.03055209 0.01108209 -0.00800000
v 0.03462332 0.01304676 -0.00800000
v 0.03096852 0.00985868 -0.00800000
v 0.03508176 0.01175846 -0.00800000
v 0.03549229 0.01045410 -0.00800000
v -0.01378876 0.02156693 0.01000000
v -0.01400694 0.02177351 0.01000000
v -0.01423608 0.02196786 0.01000000
v -0.01447549 0.02214941 0.01000000
v -0.01472446 0.02231762 0.01000000
v -0.01498224 0.02247198 0.01000000
v -0.01524807 0.02261203 0.01000000
v -0.01552115 0.02273736 0.01000000
v -0.01580066 0.02284758 0.01000000
v -0.01608578 0.02294238 0.01000000
v -0.01637564 0.02302147 0.01000000
v -0.01666940 0.02308460 0.01000000
v -0.01696616 0.02313160 0.01000000
v -0.01726505 0.02316234 0.01000000
v -0.01756517 0.02317669 0.01000000
v -0.01786563 0.02317464 0.01000000
v -0.01816552 0.02315618 0.01000000
v -0.01846396 0.02312138 0.01000000
v -0.01876005 0.02307032 0.01000000
v -0.01905292 0.02300318 0.01000000
v -0.01934168 0.02292014 0.01000000
v -0.01962547 0.02282146 0.01000000
v -0.01990346 0.02270743 0.01000000
v -0.02017480 0.02257838 0.01000000
v -0.02043869 0.02243471 0.01000000
v -0.02069433 0.02227685 0.01000000
v -0.02094098 0.02210526 0.01000000
v -0.02117789 0.02192045 0.01000000
v -0.02140435 0.02172299 0.01000000
v -0.02161969 0.02151345 0.01000000
v -0.02182327 0.02129246 0.01000000
v -0.02201448 0.02106070 0.01000000
v -0.02219274 0.02081883 0.01000000
v -0.02235753 0.02056758 0.01000000
v -0.02250835 0.02030772 0.01000000
v -0.02264476 0.02004001 0.01000000
v -0.02276634 0.01976524 0.01000000
v -0.02287274 0.01948425 0.01000000
v -0.02296364 0.01919786 0.01000000
v -0.02303876 0.01890694 0.01000000
v -0.02309788 0.01861235 0.01000000
v -0.02314082 0.01831498 0.01000000
v -0.02316746 0.01801569 0.01000000
v -0.02317772 0.01771541 0.01000000
v -0.02317157 0.01741501 0.01000000
v -0.02314902 0.01711539 0.01000000
v -0.02311014 0.01681746 0.01000000
v -0.02305504 0.01652209 0.01000000
v -0.02298391 0.01623017 0.01000000
v -0.02289693 0.01594257 0.01000000
v -0.02279438 0.01566015 0.01000000
v -0.02267656 0.01538375 0.01000000
v -0.02254382 0.01511420 0.01000000
v -0.02239656 0.01485230 0.01000000
v -0.02223522 0.01459883 0.01000000
v -0.02206028 0.01435455 0.01000000
v -0.02187225 0.01412018 0.01000000
v -0.02167171 0.01389644 0.01000000
v -0.02145925 0.01368398 0.01000000
v -0.02123551 0.01348344 0.01000000
v -0.02100115 0.01329542 0.01000000
v -0.02075687 0.01312047 0.01000000
v -0.02050340 0.01295913 0.01000000
v -0.02024150 0.01281187 0.01000000
v -0.01997194 0.01267913 0.01000000
v -0.01969554 0.01256131 0.01000000
v -0.01941313 0.01245876 0.01000000
v -0.01912553 0.01237179 0.01000000
v -0.01883360 0.01230065 0.01000000
v -0.01853824 0.01224556 0.01000000
v -0.01824030 0.01220668 0.01000000
v -0.01794068 0.01218413 0.01000000
v -0.01764029 0.01217797 0.01000000
v -0.01734000 0.01218823 0.01000000
v -0.01704072 0.01221487 0.01000000
v -0.01674334 0.01225782 0.01000000
v -0.01644875 0.01231694 0.01000000
v -0.01615783 0.01239206 0.01000000
v -0.01587145 0.01248295 0.01000000
v -0.01559046 0.01258935 0.01000000
v -0.01531569 0.01271093 0.01000000
v -0.01504798 0.01284734 0.01000000
v -0.01478811 0.01299816 0.01000000
v -0.01453687 0.01316295 0.01000000
v -0.01429500 0.01334122 0.01000000
v -0.01406323 0.01353242 0.01000000
v -0.01384224 0.01373600 0.01000000
v -0.01363270 0.01395134 0.01000000
v -0.01343524 0.01417781 0.01000000
v -0.01325044 0.01441472 0.01000000
v -0.01307885 0.01466136 0.01000000
v -0.01292098 0.01491701 0.01000000
v -0.01277731 0.01518090 0.01000000
v -0.01264827 0.01545224 0.01000000
v -0.01253424 0.01573022 0.01000000
v -0.01243555 0.01601402 0.01000000
v -0.01235251 0.01630278 0.01000000
v -0.01228537 0.01659564 0.01000000
v -0.01223431 0.01689173 0.01000000
v -0.01219951 0.01719017 0.01000000
v -0.01218106 0.01749007 0.01000000
v -0.01217900 0.01779053 0.01000000
v -0.01219336 0.01809064 0.01000000
v -0.01222409 0.01838953 0.01000000
v -0.01227109 0.01868630 0.01000000
v -0.01233423 0.01898005 0.01000000
v -0.01241332 0.01926992 0.01000000
v -0.01250811 0.01955503 0.01000000
v -0.01261834 0.01983455 0.01000000
v -0.01274366 0.02010763 0.01000000
v -0.01288372 0.02037345 0.01000000
v -0.01303807 0.02063123 0.01000000
v -0.01320628 0.02088020 0.01000000
v -0.01338783 0.02111961 0.01000000
v -0.01358219 0.02134875 0.01000000
v -0.01378876 -0.01378841 0.01000000
v -0.01400694 -0.01358183 0.01000000
v -0.01423608 -0.01338748 0.01000000
v -0.01447549 -0.01320593 0.01000000
v -0.01472446 -0.01303772 0.01000000
v -0.01498224 -0.01288336 0.01000000
v -0.01524807 -0.01274331 0.01000000
v -0.01552115 -0.01261798 0.01000000
v -0.01580066 -0.01250776 0.01000000
v -0.01608578 -0.01241296 0.01000000
v -0.01637565 -0.01233388 0.01000000
v -0.01666940 -0.01227073 0.01000000
v -0.01696616 -0.01222373 0.01000000
v -0.01726505 -0.01219301 0.01000000
v -0.01756517 -0.01217865 0.01000000
v -0.01786562 -0.01218070 0.01000000
v -0.01816552 -0.01219916 0.01000000
v -0.01846396 -0.01223396 0.01000000
v -0.01876005 -0.01228501 0.01000000
v -0.01905292 -0.01235216 0.01000000
v -0.01934168 -0.01243520 0.01000000
v -0.01962547 -0.01253388 0.01000000
v -0.01990346 -0.01264791 0.01000000
v -0.02017480 -0.01277696 0.01000000
v -0.02043869 -0.01292063 0.01000000
v -0.02069433 -0.01307849 0.01000000
v -0.02094098 -0.01325008 0.01000000
v -0.02117789 -0.01343489 0.01000000
v -0.02140435 -0.01363235 0.01000000
v -0.02161969 -0.01384189 0.01000000
v -0.02182327 -0.01406287 0.01000000
v -0.02201447 -0.01429464 0.01000000
v -0.02219274 -0.01453651 0.01000000
v -0.02235753 -0.01478775 0.01000000
v -0.02250835 -0.01504762 0.01000000
v -0.02264476 -0.01531533 0.01000000
v -0.02276634 -0.01559010 0.01000000
v -0.02287274 -0.01587109 0.01000000
v -0.02296364 -0.01615748 0.01000000
v -0.02303876 -0.01644840 0.01000000
v -0.02309787 -0.01674299 0.01000000
v -0.02314082 -0.01704036 0.01000000
v -0.02316746 -0.01733964 0.01000000
v -0.02317772 -0.01763993 0.01000000
v -0.02317156 -0.01794033 0.01000000
v -0.02314901 -0.01823995 0.01000000
v -0.02311013 -0.01853788 0.01000000
v -0.02305504 -0.01883325 0.01000000
v -0.02298390 -0.01912517 0.01000000
v -0.02289693 -0.01941277 0.01000000
v -0.02279438 -0.01969519 0.01000000
v -0.02267656 -0.01997159 0.01000000
v -0.02254382 -0.02024114 0.01000000
v -0.02239656 -0.02050304 0.01000000
v -0.02223522 -0.02075651 0.01000000
v -0.02206028 -0.02100079 0.01000000
v -0.02187225 -0.02123515 0.01000000
v -0.02167171 -0.02145890 0.01000000
v -0.02145926 -0.02167136 0.01000000
v -0.02123551 -0.02187190 0.01000000
v -0.02100115 -0.02205992 0.01000000
v -0.02075687 -0.02223486 0.01000000
v -0.02050340 -0.02239621 0.01000000
v -0.02024150 -0.02254347 0.01000000
v -0.01997195 -0.02267621 0.01000000
v -0.01969555 -0.02279403 0.01000000
v -0.01941313 -0.02289657 0.01000000
v -0.01912553 -0.02298355 0.01000000
v -0.01883361 -0.02305469 0.01000000
v -0.01853824 -0.02310978 0.01000000
v -0.01824030 -0.02314866 0.01000000
v -0.01794068 -0.02317121 0.01000000
v -0.01764028 -0.02317736 0.01000000
v -0.01734000 -0.02316711 0.01000000
v -0.01704072 -0.02314046 0.01000000
v -0.01674334 -0.02309752 0.01000000
v -0.01644875 -0.02303840 0.01000000
v -0.01615783 -0.02296328 0.01000000
v -0.01587145 -0.02287239 0.01000000
v -0.01559046 -0.02276599 0.01000000
v -0.01531569 -0.02264440 0.01000000
v -0.01504797 -0.02250800 0.01000000
v -0.01478811 -0.02235717 0.01000000
v -0.01453687 -0.02219239 0.01000000
v -0.01429500 -0.02201412 0.01000000
v -0.01406323 -0.02182292 0.01000000
v -0.01384224 -0.02161934 0.01000000
v -0.01363270 -0.02140400 0.01000000
v -0.01343524 -0.02117754 0.01000000
v -0.01325044 -0.02094063 0.01000000
v -0.01307885 -0.02069398 0.01000000
v -0.01292098 -0.02043833 0.01000000
v -0.01277731 -0.02017444 0.01000000
v -0.01264827 -0.01990310 0.01000000
v -0.01253424 -0.01962512 0.01000000
v -0.01243555 -0.01934132 0.01000000
v -0.01235251 -0.01905256 0.01000000
v -0.01228537 -0.01875970 0.01000000
v -0.01223432 -0.01846361 0.01000000
v -0.01219951 -0.01816516 0.01000000
v -0.01218105 -0.01786527 0.01000000
v -0.01217900 -0.01756481 0.01000000
v -0.01219336 -0.01726469 0.01000000
v -0.01222409 -0.01696581 0.01000000
v -0.01227109 -0.01666904 0.01000000
v -0.01233423 -0.01637529 0.01000000
v -0.01241331 -0.01608542 0.01000000
v -0.01250811 -0.01580030 0.01000000
v -0.01261834 -0.01552079 0.01000000
v -0.01274366 -0.01524771 0.01000000
v -0.01288372 -0.01498189 0.01000000
v -0.01303807 -0.01472410 0.01000000
v -0.01320628 -0.01447514 0.01000000
v -0.01338783 -0.01423573 0.01000000
v -0.01358219 -0.01400659 0.01000000
v 0.02156658 -0.01378840 0.01000000
v 0.02134839 -0.01358183 0.01000000
v 0.02111926 -0.01338748 0.01000000
v 0.02087985 -0.01320593 0.01000000
v 0.02063088 -0.01303772 0.01000000
v 0.02037310 -0.01288336 0.01000000
v 0.02010727 -0.01274331 0.01000000
v 0.01983419 -0.01261798 0.01000000
v 0.01955468 -0.01250776 0.01000000
v 0.01926956 -0.01241296 0.01000000
v 0.01897970 -0.01233387 0.01000000
v 0.01868594 -0.01227074 0.01000000
v 0.01838918 -0.01222373 0.01000000
v 0.01809029 -0.01219301 0.01000000
v 0.01779017 -0.01217865 0.01000000
v 0.01748971 -0.01218070 0.01000000
v 0.01718982 -0.01219916 0.01000000
v 0.01689138 -0.01223396 0.01000000
v 0.01659528 -0.01228501 0.01000000
v 0.01630242 -0.01235216 0.01000000
v 0.01601366 -0.01243520 0.01000000
v 0.01572987 -0.01253388 0.01000000
v 0.01545188 -0.01264791 0.01000000
v 0.01518054 -0.01277696 0.01000000
v 0.01491665 -0.01292063 0.01000000
v 0.01466101 -0.01307849 0.01000000
v 0.01441436 -0.01325008 0.01000000
v 0.01417745 -0.01343488 0.01000000
v 0.01395099 -0.01363235 0.01000000
v 0.01373565 -0.01384189 0.01000000
v 0.01353207 -0.01406287 0.01000000
v 0.01334086 -0.01429465 0.01000000
v 0.01316260 -0.01453651 0.01000000
v 0.01299781 -0.01478775 0.01000000
v 0.01284699 -0.01504762 0.01000000
v 0.01271058 -0.01531533 0.01000000
v 0.01258900 -0.01559010 0.01000000
v 0.01248260 -0.01587109 0.01000000
v 0.01239170 -0.01615748 0.01000000
v 0.01231658 -0.01644840 0.01000000
v 0.01225746 -0.01674299 0.01000000
v 0.01221452 -0.01704036 0.01000000
v 0.01218788 -0.01733964 0.01000000
v 0.01217762 -0.01763993 0.01000000
v 0.01218377 -0.01794033 0.01000000
v 0.01220633 -0.01823995 0.01000000
v 0.01224520 -0.01853788 0.01000000
v 0.01230030 -0.01883325 0.01000000
v 0.01237144 -0.01912517 0.01000000
v 0.01245841 -0.01941277 0.01000000
v 0.01256096 -0.01969519 0.01000000
v 0.01267878 -0.01997159 0.01000000
v 0.01281152 -0.02024114 0.01000000
v 0.01295878 -0.02050304 0.01000000
v 0.01312012 -0.02075651 0.01000000
v 0.01329506 -0.02100079 0.01000000
v 0.01348309 -0.02123515 0.01000000
v 0.01368363 -0.02145890 0.01000000
v 0.01389609 -0.02167136 0.01000000
v 0.01411983 -0.02187190 0.01000000
v 0.01435419 -0.02205992 0.01000000
v 0.01459847 -0.02223486 0.01000000
v 0.01485194 -0.02239621 0.01000000
v 0.01511384 -0.02254347 0.01000000
v 0.01538339 -0.02267620 0.01000000
v 0.01565979 -0.02279402 0.01000000
v 0.01594221 -0.02289657 0.01000000
v 0.01622981 -0.02298355 0.01000000
v 0.01652173 -0.02305469 0.01000000
v 0.01681710 -0.02310978 0.01000000
v 0.01711504 -0.02314866 0.01000000
v 0.01741465 -0.02317121 0.01000000
v 0.01771505 -0.02317737 0.01000000
v 0.01801534 -0.02316711 0.01000000
v 0.01831462 -0.02314046 0.01000000
v 0.01861200 -0.02309752 0.01000000
v 0.01890659 -0.02303840 0.01000000
v 0.01919751 -0.02296328 0.01000000
v 0.01948389 -0.02287239 0.01000000
v 0.01976489 -0.02276599 0.01000000
v 0.02003965 -0.02264440 0.01000000
v 0.02030736 -0.02250800 0.01000000
v 0.02056723 -0.02235717 0.01000000
v 0.02081847 -0.02219239 0.01000000
v 0.02106034 -0.02201412 0.01000000
v 0.02129211 -0.02182292 0.01000000
v 0.02151310 -0.02161934 0.01000000
v 0.02172263 -0.02140400 0.01000000
v 0.02192010 -0.02117753 0.01000000
v 0.02210490 -0.02094062 0.01000000
v 0.02227649 -0.02069398 0.01000000
v 0.02243436 -0.02043833 0.01000000
v 0.02257803 -0.02017444 0.01000000
v 0.02270707 -0.01990310 0.01000000
v 0.02282110 -0.01962512 0.01000000
v 0.02291979 -0.01934132 0.01000000
v 0.02300283 -0.01905256 0.01000000
v 0.02306997 -0.01875970 0.01000000
v 0.02312102 -0.01846360 0.01000000
v 0.02315583 -0.01816516 0.01000000
v 0.02317428 -0.01786527 0.01000000
v 0.02317634 -0.01756481 0.01000000
v 0.02316198 -0.01726469 0.01000000
v 0.02313125 -0.01696581 0.01000000
v 0.02308425 -0.01666904 0.01000000
v 0.02302111 -0.01637529 0.01000000
v 0.02294202 -0.01608542 0.01000000
v 0.02284723 -0.01580030 0.01000000
v 0.02273700 -0.01552079 0.01000000
v 0.02261167 -0.01524771 0.01000000
v 0.02247162 -0.01498189 0.01000000
v 0.02231726 -0.01472410 0.01000000
v 0.02214906 -0.01447514 0.01000000
v 0.02196751 -0.01423573 0.01000000
v 0.02177315 -0.01400659 0.01000000
v 0.02156658 0.02156693 0.01000000
v 0.02134839 0.02177351 0.01000000
v 0.02111926 0.02196786 0.01000000
v 0.02087984 0.02214941 0.01000000
v 0.02063088 0.02231762 0.01000000
v 0.02037310 0.02247198 0.01000000
v 0.02010727 0.02261203 0.01000000
v 0.01983419 0.02273735 0.01000000
v 0.01955468 0.02284758 0.01000000
v 0.01926956 0.02294238 0.01000000
v 0.01897969 0.02302146 0.01000000
v 0.01868594 0.02308461 0.01000000
v 0.01838918 0.02313161 0.01000000
v 0.01809029 0.02316233 0.01000000
v 0.01779017 0.02317669 0.01000000
v 0.01748972 0.02317464 0.01000000
v 0.01718982 0.02315618 0.01000000
v 0.01689138 0.02312138 0.01000000
v 0.01659528 0.02307032 0.01000000
v 0.01630242 0.02300318 0.01000000
v 0.01601366 0.02292014 0.01000000
v 0.01572986 0.02282146 0.01000000
v 0.01545188 0.02270742 0.01000000
v 0.01518054 0.02257838 0.01000000
v 0.01491666 0.02243471 0.01000000
v 0.01466100 0.02227684 0.01000000
v 0.01441436 0.02210525 0.01000000
v 0.01417745 0.02192045 0.01000000
v 0.01395099 0.02172299 0.01000000
v 0.01373565 0.02151345 0.01000000
v 0.01353207 0.02129247 0.01000000
v 0.01334087 0.02106070 0.01000000
v 0.01316260 0.02081882 0.01000000
v 0.01299781 0.02056759 0.01000000
v 0.01284699 0.02030772 0.01000000
v 0.01271058 0.02004000 0.01000000
v 0.01258900 0.01976524 0.01000000
v 0.01248260 0.01948425 0.01000000
v 0.01239170 0.01919786 0.01000000
v 0.01231659 0.01890694 0.01000000
v 0.01225746 0.01861235 0.01000000
v 0.01221452 0.01831498 0.01000000
v 0.01218787 0.01801569 0.01000000
v 0.01217762 0.01771541 0.01000000
v 0.01218378 0.01741501 0.01000000
v 0.01220633 0.01711539 0.01000000
v 0.01224521 0.01681746 0.01000000
v 0.01230030 0.01652209 0.01000000
v 0.01237144 0.01623017 0.01000000
v 0.01245841 0.01594257 0.01000000
v 0.01256096 0.01566015 0.01000000
v 0.01267878 0.01538375 0.01000000
v 0.01281152 0.01511419 0.01000000
v 0.01295878 0.01485230 0.01000000
v 0.01312012 0.01459882 0.01000000
v 0.01329506 0.01435454 0.01000000
v 0.01348309 0.01412019 0.01000000
v 0.01368363 0.01389644 0.01000000
v 0.01389608 0.01368398 0.01000000
v 0.01411983 0.01348344 0.01000000
v 0.01435419 0.01329542 0.01000000
v 0.01459847 0.01312047 0.01000000
v 0.01485194 0.01295913 0.01000000
v 0.01511384 0.01281187 0.01000000
v 0.01538339 0.01267913 0.01000000
v 0.01565979 0.01256131 0.01000000
v 0.01594221 0.01245877 0.01000000
v 0.01622981 0.01237179 0.01000000
v 0.01652173 0.01230065 0.01000000
v 0.01681710 0.01224556 0.01000000
v 0.01711504 0.01220668 0.01000000
v 0.01741466 0.01218413 0.01000000
v 0.01771506 0.01217798 0.01000000
v 0.01801534 0.01218823 0.01000000
v 0.01831462 0.01221488 0.01000000
v 0.01861200 0.01225782 0.01000000
v 0.01890659 0.01231694 0.01000000
v 0.01919751 0.01239206 0.01000000
v 0.01948389 0.01248295 0.01000000
v 0.01976488 0.01258935 0.01000000
v 0.02003965 0.01271093 0.01000000
v 0.02030736 0.01284734 0.01000000
v 0.02056723 0.01299817 0.01000000
v 0.02081847 0.01316295 0.01000000
v 0.02106034 0.01334122 0.01000000
v 0.02129211 0.01353242 0.01000000
v 0.02151309 0.01373600 0.01000000
v 0.02172263 0.01395134 0.01000000
v 0.02192010 0.01417780 0.01000000
v 0.02210490 0.01441471 0.01000000
v 0.02227649 0.01466136 0.01000000
v 0.02243436 0.01491701 0.01000000
v 0.02257803 0.01518090 0.01000000
v 0.02270707 0.01545224 0.01000000
v 0.02282110 0.01573022 0.01000000
v 0.02291979 0.01601402 0.01000000
v 0.02300283 0.01630278 0.01000000
v 0.02306997 0.01659564 0.01000000
v 0.02312102 0.01689173 0.01000000
v 0.02315583 0.01719017 0.01000000
v 0.02317429 0.01749007 0.01000000
v 0.02317633 0.01779052 0.01000000
v 0.02316197 0.01809064 0.01000000
v 0.02313125 0.01838953 0.01000000
v 0.02308425 0.01868630 0.01000000
v 0.02302111 0.01898005 0.01000000
v 0.02294203 0.01926992 0.01000000
v 0.02284723 0.01955503 0.01000000
v 0.02273700 0.01983455 0.01000000
v 0.02261167 0.02010763 0.01000000
v 0.02247162 0.02037345 0.01000000
v 0.02231726 0.02063123 0.01000000
v 0.02214905 0.02088020 0.01000000
v 0.02196751 0.02111961 0.01000000
v 0.02177315 0.02134875 0.01000000
v -0.01301094 0.03068861 0.01000000
v -0.01740416 0.03265139 0.01000000
v -0.01859878 0.03198598 0.01000000
v -0.02517850 0.02711202 0.01000000
v -0.03068861 0.01301094 0.01000000
v -0.02616313 0.02616313 0.01000000
v -0.03500196 0.01732429 0.01000000
v -0.01976800 0.03127689 0.01000000
v -0.02091023 0.03052508 0.01000000
v -0.02202389 0.02973158 0.01000000
v -0.02310747 0.02889747 0.01000000
v -0.02415948 0.02802388 0.01000000
v -0.00847135 0.03601738 0.01000000
v -0.00979645 0.03567976 0.01000000
v -0.01368434 0.03437667 0.01000000
v -0.01494525 0.03384755 0.01000000
v -0.01618576 0.03327219 0.01000000
v -0.01110818 0.03529341 0.01000000
v -0.01240473 0.03485885 0.01000000
v -0.00307355 0.03687231 0.01000000
v -0.00443392 0.03673356 0.01000000
v -0.00000018 0.01767785 0.01000000
v -0.00578826 0.03654465 0.01000000
v -0.00713467 0.03630581 0.01000000
v 0.00913510 0.03585469 0.01000000
v 0.01045374 0.03549265 0.01000000
v 0.01175810 0.03508212 0.01000000
v 0.01556781 0.03356560 0.01000000
v 0.01431689 0.03411794 0.01000000
v 0.01304641 0.03462368 0.01000000
v 0.00511160 0.03664536 0.01000000
v 0.00375402 0.03680923 0.01000000
v 0.00239131 0.03692281 0.01000000
v 0.00102533 0.03698596 0.01000000
v -0.00034205 0.03699860 0.01000000
v -0.00170897 0.03696070 0.01000000
v 0.00780399 0.03616777 0.01000000
v 0.00646221 0.03643145 0.01000000
v 0.02664177 0.02567520 0.01000000
v 0.02567484 0.02664212 0.01000000
v 0.02757230 0.02467320 0.01000000
v 0.02931917 0.02256953 0.01000000
v 0.02846518 0.02363751 0.01000000
v 0.03013312 0.02147072 0.01000000
v 0.03090591 0.02034259 0.01000000
v 0.03356525 0.01556817 0.01000000
v 0.03296706 0.01679782 0.01000000
v 0.01767749 0.00000018 0.01000000
v 0.02034223 0.03090626 0.01000000
v 0.02147037 0.03013348 0.01000000
v 0.02256917 0.02931953 0.01000000
v 0.02467285 0.02757266 0.01000000
v 0.02363715 0.02846553 0.01000000
v 0.03163648 0.01918667 0.01000000
v 0.03232385 0.01800454 0.01000000
v 0.01679747 0.03296742 0.01000000
v 0.01918631 0.03163684 0.01000000
v 0.01800419 0.03232421 0.01000000
v 0.03068826 -0.01301059 0.01000000
v 0.03630545 -0.00713432 0.01000000
v 0.03654429 -0.00578790 0.01000000
v 0.03673321 -0.00443357 0.01000000
v 0.03687196 -0.00307319 0.01000000
v 0.03696034 -0.00170861 0.01000000
v 0.03699824 -0.00034170 0.01000000
v 0.03698561 0.00102569 0.01000000
v 0.03664501 0.00511196 0.01000000
v 0.03643109 0.00646257 0.01000000
v 0.03616742 0.00780434 0.01000000
v 0.03585434 0.00913546 0.01000000
v 0.03692245 0.00239166 0.01000000
v 0.03680887 0.00375438 0.01000000
v 0.03549229 0.01045410 0.01000000
v 0.03508176 0.01175846 0.01000000
v 0.03462332 0.01304676 0.01000000
v 0.03411759 0.01431724 0.01000000
v 0.03485850 -0.01240437 0.01000000
v 0.03529305 -0.01110782 0.01000000
v 0.03567941 -0.00979610 0.01000000
v 0.03601703 -0.00847099 0.01000000
v 0.03327184 -0.01618541 0.01000000
v 0.03384720 -0.01494490 0.01000000
v 0.03437632 -0.01368398 0.01000000
v 0.01651077 -0.03418844 0.01000000
v 0.03198563 -0.01859843 0.01000000
v 0.03265103 -0.01740380 0.01000000
v 0.02802352 -0.02415913 0.01000000
v 0.02889711 -0.02310711 0.01000000
v 0.02711166 -0.02517815 0.01000000
v 0.02973122 -0.02202353 0.01000000
v 0.03052473 -0.02090987 0.01000000
v 0.03127654 -0.01976765 0.01000000
v -0.04962373 -0.00360297 0.01000000
v -0.04970341 -0.00355525 0.01000000
v -0.04914410 -0.00544454 0.01000000
v -0.04978037 -0.00350326 0.01000000
v -0.04985437 -0.00344715 0.01000000
v -0.04992519 -0.00338708 0.01000000
v -0.04762175 -0.00088668 0.01000000
v -0.04758847 -0.00091906 0.01000000
v -0.04476004 -0.00106048 0.01000000
v -0.04755607 -0.00095235 0.01000000
v -0.04749409 -0.00102150 0.01000000
v -0.04720907 -0.00149749 0.01000000
v -0.04717738 -0.00158478 0.01000000
v -0.04715050 -0.00167368 0.01000000
v -0.04712850 -0.00176391 0.01000000
v -0.04709376 -0.00222557 0.01000000
v -0.04709059 -0.00213275 0.01000000
v -0.04709249 -0.00203990 0.01000000
v -0.04710199 -0.00231808 0.01000000
v -0.04711527 -0.00240999 0.01000000
v -0.04713354 -0.00250105 0.01000000
v -0.04928264 -0.00374837 0.01000000
v -0.04937077 -0.00371906 0.01000000
v -0.05011655 -0.00318496 0.01000000
v -0.05345745 -0.00113119 0.01000000
v -0.05005648 -0.00325579 0.01000000
v -0.04999263 -0.00332323 0.01000000
v -0.05017267 -0.00311096 0.01000000
v -0.05022466 -0.00303401 0.01000000
v -0.05027237 -0.00295433 0.01000000
v -0.04816690 -0.00053967 0.01000000
v -0.04907339 0.00325287 0.01000000
v -0.04825419 -0.00050797 0.01000000
v -0.04834308 -0.00048109 0.01000000
v -0.04743598 -0.00109394 0.01000000
v -0.04738190 -0.00116945 0.01000000
v -0.04733203 -0.00124779 0.01000000
v -0.04728652 -0.00132874 0.01000000
v -0.04724549 -0.00141206 0.01000000
v -0.04711147 -0.00185521 0.01000000
v -0.04709946 -0.00194730 0.01000000
v -0.04919304 -0.00377281 0.01000000
v -0.04945717 -0.00368499 0.01000000
v -0.04954157 -0.00364625 0.01000000
v -0.04889497 -0.00042435 0.01000000
v -0.04898747 -0.00043259 0.01000000
v -0.04907939 -0.00044586 0.01000000
v -0.04880216 -0.00042118 0.01000000
v -0.04870930 -0.00042309 0.01000000
v -0.04861669 -0.00043006 0.01000000
v -0.04715676 -0.00259097 0.01000000
v -0.04718485 -0.00267949 0.01000000
v -0.04721774 -0.00276634 0.01000000
v -0.05031566 -0.00287217 0.01000000
v -0.05035440 -0.00278776 0.01000000
v -0.05038847 -0.00270137 0.01000000
v -0.04934889 -0.00051545 0.01000000
v -0.04926037 -0.00048735 0.01000000
v -0.04917045 -0.00046413 0.01000000
v -0.04808146 -0.00057609 0.01000000
v -0.04799814 -0.00061711 0.01000000
v -0.04791720 -0.00066263 0.01000000
v -0.04783885 -0.00071250 0.01000000
v -0.04776335 -0.00076658 0.01000000
v -0.04769091 -0.00082469 0.01000000
v -0.04818855 -0.00371099 0.01000000
v -0.04827627 -0.00374149 0.01000000
v -0.04836553 -0.00376715 0.01000000
v -0.04863981 -0.00381445 0.01000000
v -0.04873251 -0.00382016 0.01000000
v -0.04882538 -0.00382079 0.01000000
v -0.04891814 -0.00381635 0.01000000
v -0.04901052 -0.00380685 0.01000000
v -0.04910225 -0.00379232 0.01000000
v -0.05041776 -0.00261324 0.01000000
v -0.05044221 -0.00252364 0.01000000
v -0.05046173 -0.00243284 0.01000000
v -0.05041090 -0.00160687 0.01000000
v -0.05038039 -0.00151915 0.01000000
v -0.04852461 -0.00044207 0.01000000
v -0.04843331 -0.00045910 0.01000000
v -0.04725532 -0.00285126 0.01000000
v -0.04729748 -0.00293401 0.01000000
v -0.04734410 -0.00301434 0.01000000
v -0.04845605 -0.00378791 0.01000000
v -0.04854756 -0.00380369 0.01000000
v -0.05047626 -0.00234112 0.01000000
v -0.05048575 -0.00224874 0.01000000
v -0.05049019 -0.00215597 0.01000000
v -0.05048956 -0.00206310 0.01000000
v -0.05048385 -0.00197041 0.01000000
v -0.05047309 -0.00187817 0.01000000
v -0.04757216 -0.00330669 0.01000000
v -0.04763872 -0.00337146 0.01000000
v -0.04770871 -0.00343250 0.01000000
v -0.05045731 -0.00178664 0.01000000
v -0.05043656 -0.00169612 0.01000000
v -0.04983616 -0.00078073 0.01000000
v -0.04976140 -0.00072563 0.01000000
v -0.04968374 -0.00067470 0.01000000
v -0.04960342 -0.00062808 0.01000000
v -0.04952067 -0.00058591 0.01000000
v -0.04943574 -0.00054833 0.01000000
v -0.04739503 -0.00309199 0.01000000
v -0.04745013 -0.00316675 0.01000000
v -0.04750924 -0.00323839 0.01000000
v -0.04778194 -0.00348962 0.01000000
v -0.04785818 -0.00354266 0.01000000
v -0.04793720 -0.00359145 0.01000000
v -0.04801876 -0.00363586 0.01000000
v -0.04810264 -0.00367574 0.01000000
v -0.05034514 -0.00143323 0.01000000
v -0.05030525 -0.00134936 0.01000000
v -0.05026085 -0.00126779 0.01000000
v -0.05021206 -0.00118878 0.01000000
v -0.05015902 -0.00111254 0.01000000
v -0.05010190 -0.00103931 0.01000000
v -0.05004086 -0.00096932 0.01000000
v -0.04997610 -0.00090275 0.01000000
v -0.04990779 -0.00083983 0.01000000
v -0.01767785 0.00000018 0.01000000
v -0.00000018 -0.01767749 0.01000000
v -0.03174927 -0.01407125 0.01000000
v -0.01407161 -0.03174892 0.01000000
v 0.01301059 -0.03068826 0.01000000
v -0.00106084 -0.04475968 0.01000000
v -0.00303436 -0.05022430 0.01000000
v -0.00311132 -0.05017231 0.01000000
v -0.00194472 -0.05264392 0.01000000
v -0.00295469 -0.05027201 0.01000000
v -0.00544490 -0.04914375 0.01000000
v -0.00338743 -0.04992484 0.01000000
v -0.00344750 -0.04985401 0.01000000
v 0.00243934 -0.04825986 0.01000000
v -0.00088703 -0.04762139 0.01000000
v -0.00082505 -0.04769055 0.01000000
v -0.00054002 -0.04816654 0.01000000
v -0.00050833 -0.04825383 0.01000000
v -0.00048145 -0.04834273 0.01000000
v -0.00045945 -0.04843296 0.01000000
v -0.00042344 -0.04870895 0.01000000
v -0.00042154 -0.04880180 0.01000000
v -0.00042471 -0.04889462 0.01000000
v -0.00043294 -0.04898712 0.01000000
v -0.00261359 -0.05041741 0.01000000
v -0.00270172 -0.05038811 0.01000000
v -0.00318532 -0.05011620 0.01000000
v -0.00325614 -0.05005612 0.01000000
v -0.00332358 -0.04999227 0.01000000
v -0.00350362 -0.04978001 0.01000000
v -0.00355561 -0.04970306 0.01000000
v -0.00360332 -0.04962338 0.01000000
v -0.00149785 -0.04720872 0.01000000
v -0.00158514 -0.04717702 0.01000000
v -0.00167403 -0.04715014 0.01000000
v -0.00102186 -0.04749374 0.01000000
v -0.00095270 -0.04755572 0.01000000
v -0.00091942 -0.04758811 0.01000000
v -0.00076693 -0.04776299 0.01000000
v -0.00071286 -0.04783849 0.01000000
v -0.00066299 -0.04791684 0.01000000
v -0.00061747 -0.04799779 0.01000000
v -0.00057644 -0.04808111 0.01000000
v -0.00044243 -0.04852425 0.01000000
v -0.00043041 -0.04861634 0.01000000
v -0.00044622 -0.04907904 0.01000000
v -0.00046449 -0.04917009 0.01000000
v -0.00048771 -0.04926001 0.01000000
v -0.00252400 -0.05044185 0.01000000
v -0.00278812 -0.05035404 0.01000000
v -0.00287252 -0.05031530 0.01000000
v -0.00222592 -0.04709340 0.01000000
v -0.00231843 -0.04710164 0.01000000
v -0.00241035 -0.04711491 0.01000000
v -0.00213311 -0.04709023 0.01000000
v -0.00204026 -0.04709213 0.01000000
v -0.00194765 -0.04709910 0.01000000
v -0.00364661 -0.04954121 0.01000000
v -0.00368535 -0.04945681 0.01000000
v -0.00371942 -0.04937042 0.01000000
v -0.00267984 -0.04718450 0.01000000
v -0.00259132 -0.04715640 0.01000000
v -0.00250140 -0.04713318 0.01000000
v -0.00141241 -0.04724513 0.01000000
v -0.00132910 -0.04728616 0.01000000
v -0.00124815 -0.04733168 0.01000000
v -0.00116980 -0.04738155 0.01000000
v -0.00109430 -0.04743563 0.01000000
v -0.00151951 -0.05038004 0.01000000
v -0.00160723 -0.05041054 0.01000000
v -0.00169648 -0.05043620 0.01000000
v -0.00197076 -0.05048350 0.01000000
v -0.00206346 -0.05048920 0.01000000
v -0.00215633 -0.05048984 0.01000000
v -0.00224909 -0.05048540 0.01000000
v -0.00234148 -0.05047590 0.01000000
v -0.00243320 -0.05046137 0.01000000
v -0.00374872 -0.04928229 0.01000000
v -0.00377316 -0.04919269 0.01000000
v -0.00379268 -0.04910189 0.01000000
v -0.00374185 -0.04827592 0.01000000
v -0.00371134 -0.04818820 0.01000000
v -0.00185556 -0.04711112 0.01000000
v -0.00176426 -0.04712815 0.01000000
v -0.00051581 -0.04934853 0.01000000
v -0.00054869 -0.04943539 0.01000000
v -0.00058627 -0.04952031 0.01000000
v -0.00062844 -0.04960306 0.01000000
v -0.00067505 -0.04968339 0.01000000
v -0.00072599 -0.04976104 0.01000000
v -0.00178700 -0.05045696 0.01000000
v -0.00187852 -0.05047274 0.01000000
v -0.00380721 -0.04901017 0.01000000
v -0.00381670 -0.04891778 0.01000000
v -0.00382114 -0.04882502 0.01000000
v -0.00382051 -0.04873215 0.01000000
v -0.00381480 -0.04863945 0.01000000
v -0.00380405 -0.04854721 0.01000000
v -0.00343285 -0.04770836 0.01000000
v -0.00337182 -0.04763836 0.01000000
v -0.00096967 -0.05004051 0.01000000
v -0.00103967 -0.05010154 0.01000000
v -0.00378826 -0.04845569 0.01000000
v -0.00376751 -0.04836517 0.01000000
v -0.00293437 -0.04729713 0.01000000
v -0.00301469 -0.04734375 0.01000000
v -0.00309235 -0.04739468 0.01000000
v -0.00285162 -0.04725496 0.01000000
v -0.00276669 -0.04721738 0.01000000
v -0.00111289 -0.05015866 0.01000000
v -0.00118913 -0.05021170 0.01000000
v -0.00126815 -0.05026050 0.01000000
v -0.00134972 -0.05030490 0.01000000
v -0.00143359 -0.05034479 0.01000000
v -0.00078109 -0.04983580 0.01000000
v -0.00084019 -0.04990744 0.01000000
v -0.00090311 -0.04997574 0.01000000
v -0.00367610 -0.04810228 0.01000000
v -0.00363621 -0.04801841 0.01000000
v -0.00359180 -0.04793684 0.01000000
v -0.00354301 -0.04785783 0.01000000
v -0.00348997 -0.04778159 0.01000000
v -0.00330705 -0.04757180 0.01000000
v -0.00323875 -0.04750888 0.01000000
v -0.00316711 -0.04744978 0.01000000
v -0.01845567 -0.03613298 0.01000000
v -0.03613334 -0.01845531 0.01000000
v 0.02616277 -0.02616277 0.01000000
v 0.01732394 -0.03500161 0.01000000
v 0.00325251 -0.04907304 0.01000000
v -0.00113155 -0.05345710 0.01000000
v -0.05409385 -0.00176759 0.01000000
v -0.04978050 -0.00608094 0.01000000
v -0.03676973 -0.01909171 0.01000000
v -0.01909206 -0.03676938 0.01000000
v -0.00608130 -0.04978014 0.01000000
v -0.00258112 -0.05328032 0.01000000
v -0.00176795 -0.05409349 0.01000000
v -0.04065218 -0.01591495 0.00079534
v -0.04065745 -0.01590968 0.00093171
v -0.04065811 -0.01590902 0.00100000
v -0.04065745 -0.01590968 0.00106829
v -0.04065218 -0.01591495 0.00120466
v -0.04064165 -0.01592548 0.00134042
v -0.04062589 -0.01594124 0.00147516
v -0.04060495 -0.01596218 0.00160849
v -0.04057890 -0.01598824 0.00174000
v -0.04054780 -0.01601933 0.00186930
v -0.04051176 -0.01605537 0.00199600
v -0.04047088 -0.01609625 0.00211974
v -0.04042528 -0.01614185 0.00224013
v -0.04037511 -0.01619202 0.00235682
v -0.04032050 -0.01624663 0.00246946
v -0.04026162 -0.01630551 0.00257772
v -0.04019865 -0.01636848 0.00268127
v -0.04013178 -0.01643535 0.00277980
v -0.04006120 -0.01650593 0.00287302
v -0.03998713 -0.01658001 0.00296065
v -0.03990978 -0.01665735 0.00304242
v -0.03982939 -0.01673774 0.00311811
v -0.03974620 -0.01682093 0.00318747
v -0.03966046 -0.01690668 0.00325030
v -0.03957241 -0.01699472 0.00330642
v -0.03948233 -0.01708480 0.00335565
v -0.03939049 -0.01717664 0.00339786
v -0.03929715 -0.01726998 0.00343290
v -0.03920260 -0.01736454 0.00346069
v -0.03910711 -0.01746002 0.00348113
v -0.03901098 -0.01755615 0.00349417
v -0.03891449 -0.01765264 0.00349977
v -0.03881793 -0.01774920 0.00349790
v -0.03872158 -0.01784555 0.00348858
v -0.03862574 -0.01794140 0.00347183
v -0.03853068 -0.01803645 0.00344771
v -0.03843670 -0.01813043 0.00341628
v -0.03834407 -0.01822306 0.00337764
v -0.03825308 -0.01831405 0.00333191
v -0.03816398 -0.01840315 0.00327921
v -0.03807706 -0.01849007 0.00321971
v -0.03799256 -0.01857457 0.00315359
v -0.03791074 -0.01865639 0.00308104
v -0.03783184 -0.01873529 0.00300228
v -0.03775610 -0.01881103 0.00291755
v -0.03768375 -0.01888338 0.00282709
v -0.03761500 -0.01895213 0.00273118
v -0.03755005 -0.01901708 0.00263010
v -0.03748911 -0.01907803 0.00252416
v -0.03743234 -0.01913479 0.00241367
v -0.03737993 -0.01918720 0.00229896
v -0.03733203 -0.01923511 0.00218037
v -0.03728877 -0.01927836 0.00205826
v -0.03725030 -0.01931683 0.00193300
v -0.03721672 -0.01935041 0.00180494
v -0.03718813 -0.01937900 0.00167449
v -0.03716463 -0.01940251 0.00154202
v -0.03714627 -0.01942086 0.00140794
v -0.03713312 -0.01943401 0.00127264
v -0.03712522 -0.01944192 0.00113652
v -0.03712258 -0.01944455 0.00100000
v -0.03712522 -0.01944192 0.00086348
v -0.03713312 -0.01943401 0.00072736
v -0.03714627 -0.01942086 0.00059206
v -0.03716463 -0.01940251 0.00045797
v -0.03718813 -0.01937900 0.00032551
v -0.03721672 -0.01935041 0.00019505
v -0.03725030 -0.01931683 0.00006700
v -0.03728877 -0.01927836 -0.00005827
v -0.03733203 -0.01923511 -0.00018037
v -0.03737993 -0.01918720 -0.00029896
v -0.03743234 -0.01913479 -0.00041367
v -0.03748911 -0.01907803 -0.00052416
v -0.03755005 -0.01901708 -0.00063010
v -0.03761500 -0.01895213 -0.00073118
v -0.03768375 -0.01888338 -0.00082709
v -0.03775610 -0.01881103 -0.00091755
v -0.03783184 -0.01873529 -0.00100228
v -0.03791074 -0.01865639 -0.00108104
v -0.03799256 -0.01857457 -0.00115359
v -0.03807706 -0.01849007 -0.00121971
v -0.03816398 -0.01840315 -0.00127921
v -0.03825308 -0.01831405 -0.00133191
v -0.03834407 -0.01822306 -0.00137764
v -0.03843670 -0.01813043 -0.00141628
v -0.03853068 -0.01803645 -0.00144771
v -0.03862574 -0.01794140 -0.00147183
v -0.03872158 -0.01784555 -0.00148858
v -0.03881793 -0.01774920 -0.00149790
v -0.03891449 -0.01765264 -0.00149977
v -0.03901098 -0.01755615 -0.00149417
v -0.03910711 -0.01746002 -0.00148113
v -0.03920260 -0.01736454 -0.00146069
v -0.03929715 -0.01726998 -0.00143290
v -0.03939049 -0.01717664 -0.00139786
v -0.03948233 -0.01708480 -0.00135565
v -0.03957241 -0.01699472 -0.00130642
v -0.03966046 -0.01690668 -0.00125030
v -0.03974620 -0.01682093 -0.00118747
v -0.03982939 -0.01673774 -0.00111811
v -0.03990978 -0.01665735 -0.00104242
v -0.03998713 -0.01658001 -0.00096065
v -0.04006120 -0.01650593 -0.00087302
v -0.04013178 -0.01643535 -0.00077980
v -0.04019865 -0.01636848 -0.00068127
v -0.04026162 -0.01630551 -0.00057772
v -0.04032050 -0.01624663 -0.00046946
v -0.04037511 -0.01619202 -0.00035682
v -0.04042528 -0.01614185 -0.00024013
v -0.04047088 -0.01609625 -0.00011974
v -0.04051176 -0.01605537 0.00000400
v -0.04054780 -0.01601933 0.00013070
v -0.04057890 -0.01598824 0.00026000
v -0.04060495 -0.01596218 0.00039151
v -0.04062589 -0.01594124 0.00052484
v -0.04064165 -0.01592548 0.00065958
v -0.03075780 -0.00954424 0.00100000
v -0.03006276 -0.01236365 0.00127264
v -0.03007591 -0.01235050 0.00140794
v -0.03005486 -0.01237155 0.00113652
v -0.03005222 -0.01237419 0.00100000
v -0.03011777 -0.01230864 0.00167449
v -0.03014636 -0.01228005 0.00180494
v -0.03009426 -0.01233214 0.00154202
v -0.03021841 -0.01220800 0.00205826
v -0.03026167 -0.01216474 0.00218037
v -0.03017994 -0.01224647 0.00193300
v -0.03036198 -0.01206443 0.00241367
v -0.03041875 -0.01200766 0.00252416
v -0.03030957 -0.01211684 0.00229896
v -0.03054464 -0.01188177 0.00273118
v -0.03061339 -0.01181302 0.00282709
v -0.03047969 -0.01194672 0.00263010
v -0.03076148 -0.01166493 0.00300228
v -0.03084038 -0.01158603 0.00308104
v -0.03068574 -0.01174067 0.00291755
v -0.03100670 -0.01141971 0.00321971
v -0.03109362 -0.01133279 0.00327921
v -0.03092220 -0.01150421 0.00315359
v -0.03127371 -0.01115270 0.00337764
v -0.03136634 -0.01106007 0.00341628
v -0.03118272 -0.01124369 0.00333191
v -0.03155538 -0.01087103 0.00347183
v -0.03165122 -0.01077519 0.00348858
v -0.03146032 -0.01096609 0.00344771
v -0.03184413 -0.01058228 0.00349977
v -0.03194062 -0.01048579 0.00349417
v -0.03174757 -0.01067884 0.00349790
v -0.03213224 -0.01029417 0.00346069
v -0.03222679 -0.01019962 0.00343290
v -0.03203675 -0.01038966 0.00348113
v -0.03241197 -0.01001444 0.00335565
v -0.03250205 -0.00992436 0.00330642
v -0.03232013 -0.01010628 0.00339786
v -0.03267584 -0.00975057 0.00318747
v -0.03275903 -0.00966738 0.00311811
v -0.03259009 -0.00983632 0.00325030
v -0.03291677 -0.00950964 0.00296065
v -0.03299084 -0.00943557 0.00287302
v -0.03283942 -0.00958699 0.00304242
v -0.03312829 -0.00929812 0.00268127
v -0.03319126 -0.00923515 0.00257772
v -0.03306142 -0.00936499 0.00277980
v -0.03330475 -0.00912166 0.00235682
v -0.03335492 -0.00907149 0.00224013
v -0.03325014 -0.00917627 0.00246946
v -0.03344140 -0.00898501 0.00199600
v -0.03347744 -0.00894897 0.00186930
v -0.03340052 -0.00902589 0.00211974
v -0.03353459 -0.00889182 0.00160849
v -0.03355553 -0.00887088 0.00147516
v -0.03350853 -0.00891788 0.00174000
v -0.03358182 -0.00884459 0.00120466
v -0.03358709 -0.00883932 0.00106829
v -0.03357129 -0.00885512 0.00134042
v -0.03358182 -0.00884459 0.00079534
v -0.03357129 -0.00885512 0.00065958
v -0.03358709 -0.00883932 0.00093171
v -0.03353459 -0.00889182 0.00039151
v -0.03350853 -0.00891788 0.00026000
v -0.03355553 -0.00887088 0.00052484
v -0.03344140 -0.00898501 0.00000400
v -0.03340052 -0.00902589 -0.00011974
v -0.03347744 -0.00894897 0.00013070
v -0.03330475 -0.00912166 -0.00035682
v -0.03325014 -0.00917627 -0.00046946
v -0.03335492 -0.00907149 -0.00024013
v -0.03312829 -0.00929812 -0.00068127
v -0.03306142 -0.00936499 -0.00077980
v -0.03319126 -0.00923515 -0.00057772
v -0.03291677 -0.00950964 -0.00096065
v -0.03283942 -0.00958699 -0.00104242
v -0.03299084 -0.00943557 -0.00087302
v -0.03267584 -0.00975057 -0.00118747
v -0.03259009 -0.00983632 -0.00125030
v -0.03275903 -0.00966738 -0.00111811
v -0.03241197 -0.01001444 -0.00135565
v -0.03232013 -0.01010628 -0.00139786
v -0.03250205 -0.00992436 -0.00130642
v -0.03213224 -0.01029417 -0.00146069
v -0.03203675 -0.01038966 -0.00148113
v -0.03222679 -0.01019962 -0.00143290
v -0.03184413 -0.01058228 -0.00149977
v -0.03174757 -0.01067884 -0.00149790
v -0.03194062 -0.01048579 -0.00149417
v -0.03155538 -0.01087103 -0.00147183
v -0.03146032 -0.01096609 -0.00144771
v -0.03165122 -0.01077519 -0.00148858
v -0.03127371 -0.01115270 -0.00137764
v -0.03118272 -0.01124369 -0.00133191
v -0.03136634 -0.01106007 -0.00141628
v -0.03100670 -0.01141971 -0.00121971
v -0.03092220 -0.01150421 -0.00115359
v -0.03109362 -0.01133279 -0.00127921
v -0.03076148 -0.01166493 -0.00100228
v -0.03068574 -0.01174067 -0.00091755
v -0.03084038 -0.01158603 -0.00108104
v -0.03054464 -0.01188177 -0.00073118
v -0.03047969 -0.01194672 -0.00063010
v -0.03061339 -0.01181302 -0.00082709
v -0.03036198 -0.01206443 -0.00041367
v -0.03030957 -0.01211684 -0.00029896
v -0.03041875 -0.01200766 -0.00052416
v -0.03021841 -0.01220800 -0.00005827
v -0.03017994 -0.01224647 0.00006700
v -0.03026167 -0.01216474 -0.00018037
v -0.03011777 -0.01230864 0.00032551
v -0.03009426 -0.01233214 0.00045797
v -0.03014636 -0.01228005 0.00019505
v -0.03006276 -0.01236365 0.00072736
v -0.03005486 -0.01237155 0.00086348
v -0.03007591 -0.01235050 0.00059206
v -0.01943897 -0.03712816 0.00079534
v -0.01944425 -0.03712288 0.00093171
v -0.01944491 -0.03712222 0.00100000
v -0.01944425 -0.03712288 0.00106829
v -0.01943897 -0.03712816 0.00120466
v -0.01942844 -0.03713869 0.00134042
v -0.01941268 -0.03715445 0.00147516
v -0.01939175 -0.03717538 0.00160849
v -0.01936569 -0.03720144 0.00174000
v -0.01933460 -0.03723253 0.00186930
v -0.01929856 -0.03726857 0.00199600
v -0.01925768 -0.03730945 0.00211974
v -0.01921208 -0.03735505 0.00224013
v -0.01916190 -0.03740523 0.00235682
v -0.01910729 -0.03745984 0.00246946
v -0.01904842 -0.03751871 0.00257772
v -0.01898545 -0.03758168 0.00268127
v -0.01891858 -0.03764856 0.00277980
v -0.01884800 -0.03771913 0.00287302
v -0.01877392 -0.03779321 0.00296065
v -0.01869658 -0.03787055 0.00304242
v -0.01861619 -0.03795094 0.00311811
v -0.01853300 -0.03803413 0.00318747
v -0.01844725 -0.03811988 0.00325030
v -0.01835921 -0.03820792 0.00330642
v -0.01826913 -0.03829800 0.00335565
v -0.01817728 -0.03838985 0.00339786
v -0.01808395 -0.03848319 0.00343290
v -0.01798939 -0.03857774 0.00346069
v -0.01789391 -0.03867322 0.00348113
v -0.01779778 -0.03876935 0.00349417
v -0.01770129 -0.03886585 0.00349977
v -0.01760472 -0.03896241 0.00349790
v -0.01750838 -0.03905876 0.00348858
v -0.01741253 -0.03915460 0.00347183
v -0.01731748 -0.03924965 0.00344771
v -0.01722350 -0.03934363 0.00341628
v -0.01713087 -0.03943626 0.00337764
v -0.01703988 -0.03952726 0.00333191
v -0.01695078 -0.03961635 0.00327921
v -0.01686385 -0.03970328 0.00321971
v -0.01677935 -0.03978778 0.00315359
v -0.01669753 -0.03986960 0.00308104
v -0.01661864 -0.03994849 0.00300228
v -0.01654290 -0.04002423 0.00291755
v -0.01647055 -0.04009658 0.00282709
v -0.01640179 -0.04016534 0.00273118
v -0.01633685 -0.04023028 0.00263010
v -0.01627590 -0.04029123 0.00252416
v -0.01621914 -0.04034799 0.00241367
v -0.01616673 -0.04040040 0.00229896
v -0.01611882 -0.04044831 0.00218037
v -0.01607557 -0.04049156 0.00205826
v -0.01603709 -0.04053004 0.00193300
v -0.01600351 -0.04056362 0.00180494
v -0.01597493 -0.04059220 0.00167449
v -0.01595142 -0.04061571 0.00154202
v -0.01593307 -0.04063406 0.00140794
v -0.01591992 -0.04064721 0.00127264
v -0.01591201 -0.04065512 0.00113652
v -0.01590938 -0.04065776 0.00100000
v -0.01591201 -0.04065512 0.00086348
v -0.01591992 -0.04064721 0.00072736
v -0.01593307 -0.04063406 0.00059206
v -0.01595142 -0.04061571 0.00045797
v -0.01597493 -0.04059220 0.00032551
v -0.01600351 -0.04056362 0.00019505
v -0.01603709 -0.04053004 0.00006700
v -0.01607557 -0.04049156 -0.00005827
v -0.01611882 -0.04044831 -0.00018037
v -0.01616673 -0.04040040 -0.00029896
v -0.01621914 -0.04034799 -0.00041367
v -0.01627590 -0.04029123 -0.00052416
v -0.01633685 -0.04023028 -0.00063010
v -0.01640179 -0.04016534 -0.00073118
v -0.01647055 -0.04009658 -0.00082709
v -0.01654290 -0.04002423 -0.00091755
v -0.01661864 -0.03994849 -0.00100228
v -0.01669753 -0.03986960 -0.00108104
v -0.01677935 -0.03978778 -0.00115359
v -0.01686385 -0.03970328 -0.00121971
v -0.01695078 -0.03961635 -0.00127921
v -0.01703988 -0.03952726 -0.00133191
v -0.01713087 -0.03943626 -0.00137764
v -0.01722350 -0.03934363 -0.00141628
v -0.01731748 -0.03924965 -0.00144771
v -0.01741253 -0.03915460 -0.00147183
v -0.01750838 -0.03905876 -0.00148858
v -0.01760472 -0.03896241 -0.00149790
v -0.01770129 -0.03886585 -0.00149977
v -0.01779778 -0.03876935 -0.00149417
v -0.01789391 -0.03867322 -0.00148113
v -0.01798939 -0.03857774 -0.00146069
v -0.01808395 -0.03848319 -0.00143290
v -0.01817728 -0.03838985 -0.00139786
v -0.01826913 -0.03829800 -0.00135565
v -0.01835921 -0.03820792 -0.00130642
v -0.01844725 -0.03811988 -0.00125030
v -0.01853300 -0.03803413 -0.00118747
v -0.01861619 -0.03795094 -0.00111811
v -0.01869658 -0.03787055 -0.00104242
v -0.01877392 -0.03779321 -0.00096065
v -0.01884800 -0.03771913 -0.00087302
v -0.01891858 -0.03764856 -0.00077980
v -0.01898545 -0.03758168 -0.00068127
v -0.01904842 -0.03751871 -0.00057772
v -0.01910729 -0.03745984 -0.00046946
v -0.01916190 -0.03740523 -0.00035682
v -0.01921208 -0.03735505 -0.00024013
v -0.01925768 -0.03730945 -0.00011974
v -0.01929856 -0.03726857 0.00000400
v -0.01933460 -0.03723253 0.00013070
v -0.01936569 -0.03720144 0.00026000
v -0.01939175 -0.03717538 0.00039151
v -0.01941268 -0.03715445 0.00052484
v -0.01942844 -0.03713869 0.00065958
v -0.00954460 -0.03075745 0.00100000
v -0.00884956 -0.03357685 0.00127264
v -0.00886271 -0.03356370 0.00140794
v -0.00884165 -0.03358476 0.00113652
v -0.00883901 -0.03358740 0.00100000
v -0.00890457 -0.03352184 0.00167449
v -0.00893315 -0.03349326 0.00180494
v -0.00888106 -0.03354535 0.00154202
v -0.00900521 -0.03342120 0.00205826
v -0.00904846 -0.03337795 0.00218037
v -0.00896673 -0.03345968 0.00193300
v -0.00914878 -0.03327763 0.00241367
v -0.00920554 -0.03322087 0.00252416
v -0.00909637 -0.03333004 0.00229896
v -0.00933143 -0.03309498 0.00273118
v -0.00940019 -0.03302622 0.00282709
v -0.00926649 -0.03315992 0.00263010
v -0.00954828 -0.03287813 0.00300228
v -0.00962717 -0.03279924 0.00308104
v -0.00947254 -0.03295387 0.00291755
v -0.00979349 -0.03263292 0.00321971
v -0.00988042 -0.03254599 0.00327921
v -0.00970899 -0.03271742 0.00315359
v -0.01006051 -0.03236590 0.00337764
v -0.01015314 -0.03227327 0.00341628
v -0.00996951 -0.03245690 0.00333191
v -0.01034217 -0.03208424 0.00347183
v -0.01043801 -0.03198840 0.00348858
v -0.01024712 -0.03217929 0.00344771
v -0.01063093 -0.03179548 0.00349977
v -0.01072742 -0.03169899 0.00349417
v -0.01053436 -0.03189205 0.00349790
v -0.01091903 -0.03150738 0.00346069
v -0.01101359 -0.03141282 0.00343290
v -0.01082355 -0.03160286 0.00348113
v -0.01119877 -0.03122764 0.00335565
v -0.01128885 -0.03113756 0.00330642
v -0.01110692 -0.03131949 0.00339786
v -0.01146264 -0.03096377 0.00318747
v -0.01154583 -0.03088058 0.00311811
v -0.01137689 -0.03104952 0.00325030
v -0.01170356 -0.03072285 0.00296065
v -0.01177764 -0.03064877 0.00287302
v -0.01162622 -0.03080019 0.00304242
v -0.01191509 -0.03051132 0.00268127
v -0.01197806 -0.03044835 0.00257772
v -0.01184821 -0.03057820 0.00277980
v -0.01209154 -0.03033487 0.00235682
v -0.01214172 -0.03028469 0.00224013
v -0.01203693 -0.03038948 0.00246946
v -0.01222820 -0.03019821 0.00199600
v -0.01226424 -0.03016217 0.00186930
v -0.01218732 -0.03023909 0.00211974
v -0.01232139 -0.03010502 0.00160849
v -0.01234232 -0.03008409 0.00147516
v -0.01229533 -0.03013108 0.00174000
v -0.01236861 -0.03005780 0.00120466
v -0.01237389 -0.03005252 0.00106829
v -0.01235808 -0.03006833 0.00134042
v -0.01236861 -0.03005780 0.00079534
v -0.01235808 -0.03006833 0.00065958
v -0.01237389 -0.03005252 0.00093171
v -0.01232139 -0.03010502 0.00039151
v -0.01229533 -0.03013108 0.00026000
v -0.01234232 -0.03008409 0.00052484
v -0.01222820 -0.03019821 0.00000400
v -0.01218732 -0.03023909 -0.00011974
v -0.01226424 -0.03016217 0.00013070
v -0.01209154 -0.03033487 -0.00035682
v -0.01203693 -0.03038948 -0.00046946
v -0.01214172 -0.03028469 -0.00024013
v -0.01191509 -0.03051132 -0.00068127
v -0.01184821 -0.03057820 -0.00077980
v -0.01197806 -0.03044835 -0.00057772
v -0.01170356 -0.03072285 -0.00096065
v -0.01162622 -0.03080019 -0.00104242
v -0.01177764 -0.03064877 -0.00087302
v -0.01146264 -0.03096377 -0.00118747
v -0.01137689 -0.03104952 -0.00125030
v -0.01154583 -0.03088058 -0.00111811
v -0.01119877 -0.03122764 -0.00135565
v -0.01110692 -0.03131949 -0.00139786
v -0.01128885 -0.03113756 -0.00130642
v -0.01091903 -0.03150738 -0.00146069
v -0.01082355 -0.03160286 -0.00148113
v -0.01101359 -0.03141282 -0.00143290
v -0.01063093 -0.03179548 -0.00149977
v -0.01053436 -0.03189205 -0.00149790
v -0.01072742 -0.03169899 -0.00149417
v -0.01034217 -0.03208424 -0.00147183
v -0.01024712 -0.03217929 -0.00144771
v -0.01043801 -0.03198840 -0.00148858
v -0.01006051 -0.03236590 -0.00137764
v -0.00996951 -0.03245690 -0.00133191
v -0.01015314 -0.03227327 -0.00141628
v -0.00979349 -0.03263292 -0.00121971
v -0.00970899 -0.03271742 -0.00115359
v -0.00988042 -0.03254599 -0.00127921
v -0.00954828 -0.03287813 -0.00100228
v -0.00947254 -0.03295387 -0.00091755
v -0.00962717 -0.03279924 -0.00108104
v -0.00933143 -0.03309498 -0.00073118
v -0.00926649 -0.03315992 -0.00063010
v -0.00940019 -0.03302622 -0.00082709
v -0.00914878 -0.03327763 -0.00041367
v -0.00909637 -0.03333004 -0.00029896
v -0.00920554 -0.03322087 -0.00052416
v -0.00900521 -0.03342120 -0.00005827
v -0.00896673 -0.03345968 0.00006700
v -0.00904846 -0.03337795 -0.00018037
v -0.00890457 -0.03352184 0.00032551
v -0.00888106 -0.03354535 0.00045797
v -0.00893315 -0.03349326 0.00019505
v -0.00884956 -0.03357685 0.00072736
v -0.00884165 -0.03358476 0.00086348
v -0.00886271 -0.03356370 0.00059206
v -0.00095270 -0.04755572 -0.00500000
v -0.00102186 -0.04749374 -0.00500000
v -0.00109430 -0.04743563 -0.00500000
v -0.00116980 -0.04738155 -0.00500000
v -0.00124815 -0.04733168 -0.00500000
v -0.00132910 -0.04728616 -0.00500000
v -0.00141241 -0.04724513 -0.00500000
v -0.00149785 -0.04720872 -0.00500000
v -0.00158514 -0.04717702 -0.00500000
v -0.00167403 -0.04715014 -0.00500000
v -0.00176426 -0.04712815 -0.00500000
v -0.00185556 -0.04711112 -0.00500000
v -0.00194765 -0.04709910 -0.00500000
v -0.00204026 -0.04709213 -0.00500000
v -0.00213311 -0.04709023 -0.00500000
v -0.00222592 -0.04709340 -0.00500000
v -0.00231843 -0.04710164 -0.00500000
v -0.00241035 -0.04711491 -0.00500000
v -0.00250140 -0.04713318 -0.00500000
v -0.00259132 -0.04715640 -0.00500000
v -0.00267984 -0.04718450 -0.00500000
v -0.00276669 -0.04721738 -0.00500000
v -0.00285162 -0.04725496 -0.00500000
v -0.00293437 -0.04729713 -0.00500000
v -0.00301469 -0.04734375 -0.00500000
v -0.00309235 -0.04739468 -0.00500000
v -0.00316711 -0.04744978 -0.00500000
v -0.00323875 -0.04750888 -0.00500000
v -0.00330705 -0.04757180 -0.00500000
v -0.00337182 -0.04763836 -0.00500000
v -0.00343285 -0.04770836 -0.00500000
v -0.00348997 -0.04778159 -0.00500000
v -0.00354301 -0.04785783 -0.00500000
v -0.00359180 -0.04793684 -0.00500000
v -0.00363621 -0.04801841 -0.00500000
v -0.00367610 -0.04810228 -0.00500000
v -0.00371134 -0.04818820 -0.00500000
v -0.00374185 -0.04827592 -0.00500000
v -0.00376751 -0.04836517 -0.00500000
v -0.00378826 -0.04845569 -0.00500000
v -0.00380405 -0.04854721 -0.00500000
v -0.00381480 -0.04863945 -0.00500000
v -0.00382051 -0.04873215 -0.00500000
v -0.00382114 -0.04882502 -0.00500000
v -0.00381670 -0.04891778 -0.00500000
v -0.00380721 -0.04901017 -0.00500000
v -0.00379268 -0.04910189 -0.00500000
v -0.00377316 -0.04919269 -0.00500000
v -0.00374872 -0.04928229 -0.00500000
v -0.00371942 -0.04937042 -0.00500000
v -0.00368535 -0.04945681 -0.00500000
v -0.00364661 -0.04954121 -0.00500000
v -0.00360332 -0.04962338 -0.00500000
v -0.00355561 -0.04970306 -0.00500000
v -0.00350362 -0.04978001 -0.00500000
v -0.00344750 -0.04985401 -0.00500000
v -0.00338743 -0.04992484 -0.00500000
v -0.00332358 -0.04999227 -0.00500000
v -0.00325614 -0.05005612 -0.00500000
v -0.00318532 -0.05011620 -0.00500000
v -0.00311132 -0.05017231 -0.00500000
v -0.00303436 -0.05022430 -0.00500000
v -0.00295469 -0.05027201 -0.00500000
v -0.00287252 -0.05031530 -0.00500000
v -0.00278812 -0.05035404 -0.00500000
v -0.00270172 -0.05038811 -0.00500000
v -0.00261359 -0.05041741 -0.00500000
v -0.00252400 -0.05044185 -0.00500000
v -0.00243320 -0.05046137 -0.00500000
v -0.00234148 -0.05047590 -0.00500000
v -0.00224909 -0.05048540 -0.00500000
v -0.00215633 -0.05048984 -0.00500000
v -0.00206346 -0.05048920 -0.00500000
v -0.00197076 -0.05048350 -0.00500000
v -0.00187852 -0.05047274 -0.00500000
v -0.00178700 -0.05045696 -0.00500000
v -0.00169648 -0.05043620 -0.00500000
v -0.00160723 -0.05041054 -0.00500000
v -0.00151951 -0.05038004 -0.00500000
v -0.00143359 -0.05034479 -0.00500000
v -0.00134972 -0.05030490 -0.00500000
v -0.00126815 -0.05026050 -0.00500000
v -0.00118913 -0.05021170 -0.00500000
v -0.00111289 -0.05015866 -0.00500000
v -0.00103967 -0.05010154 -0.00500000
v -0.00096967 -0.05004051 -0.00500000
v -0.00090311 -0.04997574 -0.00500000
v -0.00084019 -0.04990744 -0.00500000
v -0.00078109 -0.04983580 -0.00500000
v -0.00072599 -0.04976104 -0.00500000
v -0.00067505 -0.04968339 -0.00500000
v -0.00062844 -0.04960306 -0.00500000
v -0.00058627 -0.04952031 -0.00500000
v -0.00054869 -0.04943539 -0.00500000
v -0.00051581 -0.04934853 -0.00500000
v -0.00048771 -0.04926001 -0.00500000
v -0.00046449 -0.04917009 -0.00500000
v -0.00044622 -0.04907904 -0.00500000
v -0.00043294 -0.04898712 -0.00500000
v -0.00042471 -0.04889462 -0.00500000
v -0.00042154 -0.04880180 -0.00500000
v -0.00042344 -0.04870895 -0.00500000
v -0.00043041 -0.04861634 -0.00500000
v -0.00044243 -0.04852425 -0.00500000
v -0.00045945 -0.04843296 -0.00500000
v -0.00048145 -0.04834273 -0.00500000
v -0.00050833 -0.04825383 -0.00500000
v -0.00054002 -0.04816654 -0.00500000
v -0.00057644 -0.04808111 -0.00500000
v -0.00061747 -0.04799779 -0.00500000
v -0.00066299 -0.04791684 -0.00500000
v -0.00071286 -0.04783849 -0.00500000
v -0.00076693 -0.04776299 -0.00500000
v -0.00082505 -0.04769055 -0.00500000
v -0.00088703 -0.04762139 -0.00500000
v -0.00501727 -0.04731472 -0.00500000
v -0.00493237 -0.04715879 -0.00500000
v -0.00483909 -0.04700772 -0.00500000
v -0.00473770 -0.04686198 -0.00500000
v -0.00462849 -0.04672199 -0.00500000
v -0.00451181 -0.04658817 -0.00500000
v -0.00438799 -0.04646092 -0.00500000
v -0.00425741 -0.04634063 -0.00500000
v -0.00412046 -0.04622764 -0.00500000
v -0.00397753 -0.04612230 -0.00500000
v -0.00382907 -0.04602493 -0.00500000
v -0.00367551 -0.04593580 -0.00500000
v -0.00351732 -0.04585520 -0.00500000
v -0.00335496 -0.04578335 -0.00500000
v -0.00318892 -0.04572048 -0.00500000
v -0.00301969 -0.04566677 -0.00500000
v -0.00284778 -0.04562238 -0.00500000
v -0.00267371 -0.04558745 -0.00500000
v -0.00249798 -0.04556207 -0.00500000
v -0.00232114 -0.04554633 -0.00500000
v -0.00214370 -0.04554027 -0.00500000
v -0.00196619 -0.04554390 -0.00500000
v -0.00178914 -0.04555723 -0.00500000
v -0.00161309 -0.04558020 -0.00500000
v -0.00143855 -0.04561276 -0.00500000
v -0.00126605 -0.04565479 -0.00500000
v -0.00109611 -0.04570619 -0.00500000
v -0.00092922 -0.04576679 -0.00500000
v -0.00076590 -0.04583641 -0.00500000
v -0.00060661 -0.04591484 -0.00500000
v -0.00045186 -0.04600186 -0.00500000
v -0.00030208 -0.04609720 -0.00500000
v -0.00015773 -0.04620058 -0.00500000
v -0.00001924 -0.04631168 -0.00500000
v 0.00011297 -0.04643018 -0.00500000
v 0.00023851 -0.04655572 -0.00500000
v 0.00035701 -0.04668793 -0.00500000
v 0.00046812 -0.04682642 -0.00500000
v 0.00057149 -0.04697077 -0.00500000
v 0.00066683 -0.04712055 -0.00500000
v 0.00075385 -0.04727531 -0.00500000
v 0.00083228 -0.04743459 -0.00500000
v 0.00090191 -0.04759791 -0.00500000
v 0.00096250 -0.04776480 -0.00500000
v 0.00101390 -0.04793474 -0.00500000
v 0.00105593 -0.04810725 -0.00500000
v 0.00108849 -0.04828178 -0.00500000
v 0.00111146 -0.04845783 -0.00500000
v 0.00112479 -0.04863488 -0.00500000
v 0.00112842 -0.04881239 -0.00500000
v 0.00112236 -0.04898983 -0.00500000
v 0.00110662 -0.04916667 -0.00500000
v 0.00108124 -0.04934240 -0.00500000
v 0.00104631 -0.04951647 -0.00500000
v 0.00100192 -0.04968838 -0.00500000
v 0.00094821 -0.04985761 -0.00500000
v 0.00088534 -0.05002365 -0.00500000
v 0.00081349 -0.05018601 -0.00500000
v 0.00073289 -0.05034421 -0.00500000
v 0.00064377 -0.05049776 -0.00500000
v 0.00054639 -0.05064623 -0.00500000
v 0.00044105 -0.05078915 -0.00500000
v 0.00032807 -0.05092610 -0.00500000
v 0.00020777 -0.05105669 -0.00500000
v 0.00008052 -0.05118050 -0.00500000
v -0.00005329 -0.05129719 -0.00500000
v -0.00019329 -0.05140639 -0.00500000
v -0.00033903 -0.05150779 -0.00500000
v -0.00049010 -0.05160107 -0.00500000
v -0.00064603 -0.05168596 -0.00500000
v -0.00080637 -0.05176221 -0.00500000
v -0.00097063 -0.05182960 -0.00500000
v -0.00113833 -0.05188791 -0.00500000
v -0.00130896 -0.05193698 -0.00500000
v -0.00148201 -0.05197665 -0.00500000
v -0.00165698 -0.05200682 -0.00500000
v -0.00183333 -0.05202739 -0.00500000
v -0.00201054 -0.05203829 -0.00500000
v -0.00218808 -0.05203951 -0.00500000
v -0.00236543 -0.05203102 -0.00500000
v -0.00254204 -0.05201287 -0.00500000
v -0.00271740 -0.05198509 -0.00500000
v -0.00289098 -0.05194778 -0.00500000
v -0.00306227 -0.05190105 -0.00500000
v -0.00323074 -0.05184504 -0.00500000
v -0.00339591 -0.05177990 -0.00500000
v -0.00355728 -0.05170585 -0.00500000
v -0.00371436 -0.05162309 -0.00500000
v -0.00386668 -0.05153187 -0.00500000
v -0.00401380 -0.05143248 -0.00500000
v -0.00415527 -0.05132520 -0.00500000
v -0.00429067 -0.05121036 -0.00500000
v -0.00441960 -0.05108829 -0.00500000
v -0.00454167 -0.05095936 -0.00500000
v -0.00465651 -0.05082396 -0.00500000
v -0.00476379 -0.05068249 -0.00500000
v -0.00486318 -0.05053537 -0.00500000
v -0.00495440 -0.05038305 -0.00500000
v -0.00503715 -0.05022597 -0.00500000
v -0.00511121 -0.05006461 -0.00500000
v -0.00517634 -0.04989944 -0.00500000
v -0.00523236 -0.04973096 -0.00500000
v -0.00527909 -0.04955968 -0.00500000
v -0.00531640 -0.04938609 -0.00500000
v -0.00534418 -0.04921073 -0.00500000
v -0.00536233 -0.04903412 -0.00500000
v -0.00537082 -0.04885677 -0.00500000
v -0.00536960 -0.04867923 -0.00500000
v -0.00535870 -0.04850202 -0.00500000
v -0.00533813 -0.04832567 -0.00500000
v -0.00530796 -0.04815071 -0.00500000
v -0.00526829 -0.04797765 -0.00500000
v -0.00521922 -0.04780702 -0.00500000
v -0.00516091 -0.04763932 -0.00500000
v -0.00509352 -0.04747506 -0.00500000
v -0.04762175 -0.00088668 -0.00500000
v -0.04769091 -0.00082469 -0.00500000
v -0.04776335 -0.00076658 -0.00500000
v -0.04783885 -0.00071250 -0.00500000
v -0.04791720 -0.00066263 -0.00500000
v -0.04799814 -0.00061711 -0.00500000
v -0.04808146 -0.00057609 -0.00500000
v -0.04816690 -0.00053967 -0.00500000
v -0.04825419 -0.00050797 -0.00500000
v -0.04834308 -0.00048109 -0.00500000
v -0.04843331 -0.00045910 -0.00500000
v -0.04852461 -0.00044207 -0.00500000
v -0.04861669 -0.00043006 -0.00500000
v -0.04870930 -0.00042309 -0.00500000
v -0.04880216 -0.00042118 -0.00500000
v -0.04889497 -0.00042435 -0.00500000
v -0.04898747 -0.00043259 -0.00500000
v -0.04907939 -0.00044586 -0.00500000
v -0.04917045 -0.00046413 -0.00500000
v -0.04926037 -0.00048735 -0.00500000
v -0.04934889 -0.00051545 -0.00500000
v -0.04943574 -0.00054833 -0.00500000
v -0.04952067 -0.00058591 -0.00500000
v -0.04960342 -0.00062808 -0.00500000
v -0.04968374 -0.00067470 -0.00500000
v -0.04976140 -0.00072563 -0.00500000
v -0.04983616 -0.00078073 -0.00500000
v -0.04990779 -0.00083983 -0.00500000
v -0.04997610 -0.00090275 -0.00500000
v -0.05004086 -0.00096932 -0.00500000
v -0.05010190 -0.00103931 -0.00500000
v -0.05015902 -0.00111254 -0.00500000
v -0.05021206 -0.00118878 -0.00500000
v -0.05026085 -0.00126779 -0.00500000
v -0.05030525 -0.00134936 -0.00500000
v -0.05034514 -0.00143323 -0.00500000
v -0.05038039 -0.00151915 -0.00500000
v -0.05041090 -0.00160687 -0.00500000
v -0.05043656 -0.00169612 -0.00500000
v -0.05045731 -0.00178664 -0.00500000
v -0.05047309 -0.00187817 -0.00500000
v -0.05048385 -0.00197041 -0.00500000
v -0.05048956 -0.00206310 -0.00500000
v -0.05049019 -0.00215597 -0.00500000
v -0.05048575 -0.00224874 -0.00500000
v -0.05047626 -0.00234112 -0.00500000
v -0.05046173 -0.00243284 -0.00500000
v -0.05044221 -0.00252364 -0.00500000
v -0.05041776 -0.00261324 -0.00500000
v -0.05038847 -0.00270137 -0.00500000
v -0.05035440 -0.00278776 -0.00500000
v -0.05031566 -0.00287217 -0.00500000
v -0.05027237 -0.00295433 -0.00500000
v -0.05022466 -0.00303401 -0.00500000
v -0.05017267 -0.00311096 -0.00500000
v -0.05011655 -0.00318496 -0.00500000
v -0.05005648 -0.00325579 -0.00500000
v -0.04999263 -0.00332323 -0.00500000
v -0.04992519 -0.00338708 -0.00500000
v -0.04985437 -0.00344715 -0.00500000
v -0.04978037 -0.00350326 -0.00500000
v -0.04970341 -0.00355525 -0.00500000
v -0.04962373 -0.00360297 -0.00500000
v -0.04954157 -0.00364625 -0.00500000
v -0.04945717 -0.00368499 -0.00500000
v -0.04937077 -0.00371906 -0.00500000
v -0.04928264 -0.00374837 -0.00500000
v -0.04919304 -0.00377281 -0.00500000
v -0.04910225 -0.00379232 -0.00500000
v -0.04901052 -0.00380685 -0.00500000
v -0.04891814 -0.00381635 -0.00500000
v -0.04882538 -0.00382079 -0.00500000
v -0.04873251 -0.00382016 -0.00500000
v -0.04863981 -0.00381445 -0.00500000
v -0.04854756 -0.00380369 -0.00500000
v -0.04845605 -0.00378791 -0.00500000
v -0.04836553 -0.00376715 -0.00500000
v -0.04827627 -0.00374149 -0.00500000
v -0.04818855 -0.00371099 -0.00500000
v -0.04810264 -0.00367574 -0.00500000
v -0.04801876 -0.00363586 -0.00500000
v -0.04793720 -0.00359145 -0.00500000
v -0.04785818 -0.00354266 -0.00500000
v -0.04778194 -0.00348962 -0.00500000
v -0.04770871 -0.00343250 -0.00500000
v -0.04763872 -0.00337146 -0.00500000
v -0.04757216 -0.00330669 -0.00500000
v -0.04750924 -0.00323839 -0.00500000
v -0.04745013 -0.00316675 -0.00500000
v -0.04739503 -0.00309199 -0.00500000
v -0.04734410 -0.00301434 -0.00500000
v -0.04729748 -0.00293401 -0.00500000
v -0.04725532 -0.00285126 -0.00500000
v -0.04721774 -0.00276634 -0.00500000
v -0.04718485 -0.00267949 -0.00500000
v -0.04715676 -0.00259097 -0.00500000
v -0.04713354 -0.00250105 -0.00500000
v -0.04711527 -0.00240999 -0.00500000
v -0.04710199 -0.00231808 -0.00500000
v -0.04709376 -0.00222557 -0.00500000
v -0.04709059 -0.00213275 -0.00500000
v -0.04709249 -0.00203990 -0.00500000
v -0.04709946 -0.00194730 -0.00500000
v -0.04711147 -0.00185521 -0.00500000
v -0.04712850 -0.00176391 -0.00500000
v -0.04715050 -0.00167368 -0.00500000
v -0.04717738 -0.00158478 -0.00500000
v -0.04720907 -0.00149749 -0.00500000
v -0.04724549 -0.00141206 -0.00500000
v -0.04728652 -0.00132874 -0.00500000
v -0.04733203 -0.00124779 -0.00500000
v -0.04738190 -0.00116945 -0.00500000
v -0.04743598 -0.00109394 -0.00500000
v -0.04749409 -0.00102150 -0.00500000
v -0.04755607 -0.00095235 -0.00500000
v -0.05168632 -0.00064567 -0.00500000
v -0.05160142 -0.00048974 -0.00500000
v -0.05150814 -0.00033868 -0.00500000
v -0.05140674 -0.00019293 -0.00500000
v -0.05129754 -0.00005294 -0.00500000
v -0.05118086 0.00008088 -0.00500000
v -0.05105704 0.00020813 -0.00500000
v -0.05092646 0.00032842 -0.00500000
v -0.05078950 0.00044141 -0.00500000
v -0.05064658 0.00054675 -0.00500000
v -0.05049812 0.00064412 -0.00500000
v -0.05034456 0.00073324 -0.00500000
v -0.05018637 0.00081385 -0.00500000
v -0.05002401 0.00088569 -0.00500000
v -0.04985797 0.00094857 -0.00500000
v -0.04968874 0.00100227 -0.00500000
v -0.04951683 0.00104667 -0.00500000
v -0.04934276 0.00108160 -0.00500000
v -0.04916703 0.00110697 -0.00500000
v -0.04899019 0.00112272 -0.00500000
v -0.04881274 0.00112878 -0.00500000
v -0.04863523 0.00112514 -0.00500000
v -0.04845819 0.00111182 -0.00500000
v -0.04828213 0.00108884 -0.00500000
v -0.04810760 0.00105629 -0.00500000
v -0.04793510 0.00101425 -0.00500000
v -0.04776516 0.00096286 -0.00500000
v -0.04759827 0.00090226 -0.00500000
v -0.04743494 0.00083264 -0.00500000
v -0.04727566 0.00075420 -0.00500000
v -0.04712090 0.00066719 -0.00500000
v -0.04697113 0.00057185 -0.00500000
v -0.04682678 0.00046847 -0.00500000
v -0.04668829 0.00035737 -0.00500000
v -0.04655608 0.00023887 -0.00500000
v -0.04643053 0.00011332 -0.00500000
v -0.04631203 -0.00001889 -0.00500000
v -0.04620093 -0.00015738 -0.00500000
v -0.04609756 -0.00030172 -0.00500000
v -0.04600222 -0.00045150 -0.00500000
v -0.04591520 -0.00060626 -0.00500000
v -0.04583676 -0.00076554 -0.00500000
v -0.04576714 -0.00092887 -0.00500000
v -0.04570654 -0.00109575 -0.00500000
v -0.04565515 -0.00126569 -0.00500000
v -0.04561311 -0.00143820 -0.00500000
v -0.04558056 -0.00161273 -0.00500000
v -0.04555759 -0.00178878 -0.00500000
v -0.04554426 -0.00196583 -0.00500000
v -0.04554062 -0.00214334 -0.00500000
v -0.04554669 -0.00232078 -0.00500000
v -0.04556242 -0.00249763 -0.00500000
v -0.04558780 -0.00267335 -0.00500000
v -0.04562274 -0.00284743 -0.00500000
v -0.04566712 -0.00301934 -0.00500000
v -0.04572084 -0.00318856 -0.00500000
v -0.04578371 -0.00335460 -0.00500000
v -0.04585555 -0.00351696 -0.00500000
v -0.04593616 -0.00367516 -0.00500000
v -0.04602528 -0.00382872 -0.00500000
v -0.04612266 -0.00397718 -0.00500000
v -0.04622800 -0.00412010 -0.00500000
v -0.04634098 -0.00425706 -0.00500000
v -0.04646128 -0.00438764 -0.00500000
v -0.04658852 -0.00451146 -0.00500000
v -0.04672234 -0.00462814 -0.00500000
v -0.04686233 -0.00473734 -0.00500000
v -0.04700808 -0.00483874 -0.00500000
v -0.04715914 -0.00493202 -0.00500000
v -0.04731508 -0.00501692 -0.00500000
v -0.04747541 -0.00509317 -0.00500000
v -0.04763968 -0.00516055 -0.00500000
v -0.04780737 -0.00521886 -0.00500000
v -0.04797801 -0.00526793 -0.00500000
v -0.04815106 -0.00530761 -0.00500000
v -0.04832603 -0.00533777 -0.00500000
v -0.04850238 -0.00535834 -0.00500000
v -0.04867958 -0.00536925 -0.00500000
v -0.04885713 -0.00537046 -0.00500000
v -0.04903447 -0.00536198 -0.00500000
v -0.04921109 -0.00534382 -0.00500000
v -0.04938645 -0.00531604 -0.00500000
v -0.04956003 -0.00527874 -0.00500000
v -0.04973132 -0.00523200 -0.00500000
v -0.04989980 -0.00517598 -0.00500000
v -0.05006496 -0.00511085 -0.00500000
v -0.05022632 -0.00503680 -0.00500000
v -0.05038341 -0.00495404 -0.00500000
v -0.05053573 -0.00486283 -0.00500000
v -0.05068285 -0.00476343 -0.00500000
v -0.05082432 -0.00465615 -0.00500000
v -0.05095972 -0.00454131 -0.00500000
v -0.05108865 -0.00441924 -0.00500000
v -0.05121072 -0.00429031 -0.00500000
v -0.05132556 -0.00415491 -0.00500000
v -0.05143284 -0.00401345 -0.00500000
v -0.05153223 -0.00386633 -0.00500000
v -0.05162344 -0.00371400 -0.00500000
v -0.05170620 -0.00355692 -0.00500000
v -0.05178026 -0.00339556 -0.00500000
v -0.05184539 -0.00323039 -0.00500000
v -0.05190141 -0.00306192 -0.00500000
v -0.05194814 -0.00289063 -0.00500000
v -0.05198545 -0.00271705 -0.00500000
v -0.05201322 -0.00254169 -0.00500000
v -0.05203138 -0.00236507 -0.00500000
v -0.05203987 -0.00218773 -0.00500000
v -0.05203865 -0.00201019 -0.00500000
v -0.05202775 -0.00183297 -0.00500000
v -0.05200718 -0.00165662 -0.00500000
v -0.05197701 -0.00148166 -0.00500000
v -0.05193733 -0.00130860 -0.00500000
v -0.05188827 -0.00113797 -0.00500000
v -0.05182996 -0.00097027 -0.00500000
v -0.05176257 -0.00080601 -0.00500000
f 1 2 3
f 3 2 4
f 5 6 3
f 3 6 7
f 3 7 1
f 8 9 10
f 10 9 11
f 10 11 12
f 13 14 15
f 16 17 18
f 19 20 10
f 10 20 21
f 10 21 8
f 22 23 24
f 24 23 25
f 24 25 26
f 15 27 28
f 28 27 29
f 28 29 30
f 30 31 28
f 28 31 32
f 28 32 33
f 33 34 28
f 28 34 35
f 28 35 36
f 10 37 38
f 39 40 10
f 41 42 16
f 16 42 43
f 26 44 24
f 24 44 45
f 24 45 46
f 47 48 49
f 5 3 50
f 50 3 51
f 50 51 47
f 38 52 10
f 10 52 53
f 10 53 54
f 54 55 10
f 10 55 56
f 10 56 57
f 57 58 10
f 10 58 59
f 10 59 60
f 40 61 10
f 10 61 62
f 10 62 63
f 4 64 3
f 3 64 65
f 3 65 66
f 66 65 67
f 66 67 16
f 16 67 68
f 16 68 17
f 69 70 16
f 16 70 71
f 16 71 41
f 72 73 24
f 24 73 74
f 24 74 22
f 49 75 47
f 47 75 76
f 47 76 50
f 46 77 24
f 24 77 78
f 24 78 79
f 80 81 24
f 24 81 82
f 83 84 47
f 47 84 85
f 47 85 48
f 13 15 86
f 14 87 15
f 15 87 88
f 15 88 89
f 89 90 15
f 15 90 91
f 15 91 27
f 92 93 28
f 28 93 94
f 28 95 96
f 96 97 28
f 28 97 98
f 28 98 99
f 100 101 10
f 10 101 102
f 10 102 37
f 43 103 16
f 16 103 104
f 16 104 105
f 105 104 106
f 105 106 60
f 60 106 107
f 60 107 108
f 108 109 60
f 60 109 110
f 60 110 111
f 63 112 10
f 10 112 113
f 10 113 114
f 18 115 16
f 16 115 116
f 16 116 69
f 36 117 28
f 28 117 118
f 28 118 92
f 94 119 28
f 28 119 120
f 28 120 95
f 99 121 28
f 28 121 122
f 28 122 123
f 124 125 10
f 10 125 126
f 126 127 10
f 10 127 128
f 10 128 129
f 130 131 10
f 10 131 132
f 10 132 133
f 133 134 10
f 10 134 135
f 10 135 39
f 114 136 10
f 10 136 137
f 10 137 19
f 79 138 24
f 24 138 139
f 24 139 80
f 82 140 24
f 24 140 141
f 24 141 142
f 47 143 83
f 83 143 144
f 83 144 145
f 145 144 146
f 147 148 24
f 24 148 149
f 149 150 24
f 24 150 151
f 24 151 152
f 152 153 24
f 24 153 154
f 24 154 155
f 129 156 10
f 10 156 157
f 10 157 100
f 111 158 60
f 60 158 159
f 60 159 160
f 161 162 10
f 10 162 163
f 10 163 130
f 144 164 24
f 24 164 165
f 24 165 147
f 166 167 15
f 167 168 15
f 15 168 169
f 15 169 170
f 171 15 172
f 172 15 173
f 15 174 175
f 123 176 28
f 28 176 177
f 28 177 178
f 179 180 10
f 10 180 181
f 10 181 124
f 12 182 10
f 10 182 183
f 10 183 24
f 24 183 184
f 24 184 72
f 185 186 144
f 144 186 187
f 144 187 146
f 188 24 189
f 189 24 190
f 170 191 15
f 15 191 192
f 15 192 173
f 171 193 15
f 15 193 194
f 15 194 174
f 175 195 15
f 15 195 196
f 15 196 86
f 197 198 10
f 10 198 199
f 10 199 161
f 142 200 24
f 24 200 201
f 24 201 202
f 155 203 24
f 24 203 204
f 24 204 205
f 206 207 15
f 207 208 15
f 15 208 209
f 15 209 166
f 178 210 28
f 28 210 211
f 28 211 10
f 10 211 212
f 10 212 179
f 160 213 60
f 60 213 214
f 60 214 10
f 10 214 215
f 10 215 197
f 216 24 217
f 217 24 218
f 216 219 24
f 24 219 220
f 24 220 144
f 144 220 221
f 221 222 144
f 144 222 223
f 144 223 224
f 224 225 144
f 144 225 226
f 144 226 185
f 205 227 24
f 24 227 228
f 24 228 190
f 188 229 24
f 24 229 230
f 24 230 15
f 15 230 231
f 15 231 232
f 202 233 24
f 24 233 234
f 24 234 218
f 232 235 15
f 15 235 236
f 15 236 206
f 237 238 239
f 240 238 237
f 241 240 237
f 237 242 243
f 244 242 237
f 239 244 237
f 237 245 246
f 247 245 237
f 243 247 237
f 237 248 249
f 250 248 237
f 246 250 237
f 237 251 252
f 253 251 237
f 249 253 237
f 237 254 255
f 256 254 237
f 252 256 237
f 237 257 258
f 259 257 237
f 255 259 237
f 237 260 261
f 262 260 237
f 258 262 237
f 237 263 264
f 265 263 237
f 261 265 237
f 237 266 267
f 268 266 237
f 264 268 237
f 237 269 270
f 271 269 237
f 267 271 237
f 237 272 273
f 274 272 237
f 270 274 237
f 237 275 276
f 277 275 237
f 273 277 237
f 237 278 279
f 280 278 237
f 276 280 237
f 237 281 282
f 283 281 237
f 279 283 237
f 237 284 285
f 286 284 237
f 282 286 237
f 237 287 288
f 289 287 237
f 285 289 237
f 237 290 291
f 292 290 237
f 288 292 237
f 237 293 294
f 295 293 237
f 291 295 237
f 237 296 297
f 298 296 237
f 294 298 237
f 237 299 300
f 301 299 237
f 297 301 237
f 237 302 303
f 304 302 237
f 300 304 237
f 237 305 306
f 307 305 237
f 303 307 237
f 237 308 309
f 310 308 237
f 306 310 237
f 237 311 312
f 313 311 237
f 309 313 237
f 237 314 315
f 316 314 237
f 312 316 237
f 237 317 318
f 319 317 237
f 315 319 237
f 237 320 321
f 322 320 237
f 318 322 237
f 237 323 324
f 325 323 237
f 321 325 237
f 237 326 327
f 328 326 237
f 324 328 237
f 237 329 330
f 331 329 237
f 327 331 237
f 237 332 333
f 334 332 237
f 330 334 237
f 237 335 336
f 337 335 237
f 333 337 237
f 237 338 339
f 340 338 237
f 336 340 237
f 237 341 342
f 343 341 237
f 339 343 237
f 237 344 345
f 346 344 237
f 342 346 237
f 237 347 348
f 349 347 237
f 345 349 237
f 237 350 351
f 352 350 237
f 348 352 237
f 351 241 237
f 353 354 355
f 355 354 356
f 355 356 357
f 357 356 358
f 357 358 359
f 359 358 360
f 359 360 361
f 361 360 362
f 361 362 363
f 363 362 364
f 363 364 365
f 365 364 366
f 365 366 367
f 367 366 368
f 367 368 369
f 369 368 370
f 369 370 371
f 371 370 372
f 371 372 373
f 373 372 374
f 373 374 375
f 375 374 376
f 375 376 377
f 377 376 378
f 377 378 379
f 379 378 380
f 379 380 381
f 381 380 382
f 381 382 383
f 383 382 384
f 383 384 385
f 385 384 386
f 385 386 387
f 387 386 388
f 387 388 389
f 389 388 390
f 389 390 391
f 391 390 392
f 391 392 393
f 393 392 394
f 393 394 395
f 395 394 396
f 395 396 397
f 397 396 398
f 397 398 399
f 399 398 400
f 399 400 401
f 401 400 402
f 401 402 403
f 403 402 404
f 403 404 405
f 405 404 406
f 405 406 407
f 407 406 408
f 407 408 409
f 409 408 410
f 409 410 411
f 411 410 412
f 411 412 413
f 413 412 414
f 413 414 415
f 415 414 416
f 415 416 417
f 417 416 418
f 417 418 419
f 419 418 420
f 419 420 421
f 421 420 422
f 421 422 423
f 423 422 424
f 423 424 425
f 425 424 426
f 425 426 427
f 427 426 428
f 427 428 429
f 429 428 430
f 429 430 431
f 431 430 432
f 431 432 433
f 433 432 434
f 433 434 435
f 435 434 436
f 435 436 437
f 437 436 438
f 437 438 439
f 439 438 440
f 439 440 441
f 441 440 442
f 441 442 443
f 443 442 444
f 443 444 445
f 445 444 446
f 445 446 447
f 447 446 448
f 447 448 449
f 449 448 450
f 449 450 451
f 451 450 452
f 451 452 453
f 453 452 454
f 453 454 455
f 455 454 456
f 455 456 457
f 457 456 458
f 457 458 459
f 459 458 460
f 459 460 461
f 461 460 462
f 461 462 463
f 463 462 464
f 463 464 465
f 465 464 466
f 465 466 467
f 467 466 468
f 467 468 469
f 469 468 470
f 469 470 471
f 471 470 472
f 471 472 473
f 473 472 474
f 473 474 475
f 475 474 476
f 475 476 477
f 477 476 478
f 477 478 479
f 479 478 480
f 479 480 481
f 481 480 482
f 481 482 483
f 483 482 484
f 483 484 485
f 485 484 486
f 485 486 487
f 487 486 488
f 487 488 489
f 489 488 490
f 489 490 491
f 491 490 492
f 491 492 493
f 493 492 494
f 493 494 495
f 495 494 496
f 495 496 497
f 497 496 498
f 497 498 499
f 499 498 500
f 499 500 501
f 501 500 502
f 501 502 503
f 503 502 504
f 503 504 505
f 505 504 506
f 505 506 507
f 507 506 508
f 507 508 509
f 509 508 510
f 509 510 511
f 511 510 512
f 511 512 513
f 513 512 514
f 513 514 515
f 515 514 516
f 515 516 517
f 517 516 518
f 517 518 519
f 519 518 520
f 519 520 521
f 521 520 522
f 521 522 523
f 523 522 524
f 523 524 525
f 525 524 526
f 525 526 527
f 527 526 528
f 527 528 529
f 529 528 530
f 529 530 531
f 531 530 532
f 531 532 533
f 533 532 534
f 533 534 535
f 535 534 536
f 535 536 537
f 537 536 538
f 537 538 539
f 539 538 540
f 539 540 541
f 541 540 542
f 541 542 543
f 543 542 544
f 543 544 545
f 545 544 546
f 545 546 547
f 547 546 548
f 547 548 549
f 549 548 550
f 549 550 551
f 551 550 552
f 551 552 553
f 553 552 554
f 553 554 555
f 555 554 556
f 555 556 557
f 557 556 558
f 557 558 559
f 559 558 560
f 559 560 561
f 561 560 562
f 561 562 563
f 563 562 564
f 563 564 565
f 565 564 566
f 565 566 567
f 567 566 568
f 567 568 569
f 569 568 570
f 569 570 571
f 571 570 572
f 571 572 573
f 573 572 574
f 573 574 575
f 575 574 576
f 575 576 577
f 577 576 578
f 577 578 579
f 579 578 580
f 579 580 581
f 581 580 582
f 581 582 583
f 583 582 353
f 583 353 355
f 584 585 586
f 586 585 587
f 586 587 588
f 588 587 589
f 588 589 590
f 590 589 591
f 590 591 592
f 592 591 593
f 592 593 594
f 594 593 595
f 594 595 596
f 596 595 597
f 596 597 598
f 598 597 599
f 598 599 600
f 600 599 601
f 600 601 602
f 602 601 603
f 602 603 604
f 604 603 605
f 604 605 606
f 606 605 607
f 606 607 608
f 608 607 609
f 608 609 610
f 610 609 611
f 610 611 612
f 612 611 613
f 612 613 614
f 614 613 615
f 614 615 616
f 616 615 617
f 616 617 618
f 618 617 619
f 618 619 620
f 620 619 621
f 620 621 622
f 622 621 623
f 622 623 624
f 624 623 625
f 624 625 626
f 626 625 627
f 626 627 628
f 628 627 629
f 628 629 630
f 630 629 631
f 630 631 632
f 632 631 633
f 632 633 634
f 634 633 635
f 634 635 636
f 636 635 637
f 636 637 638
f 638 637 639
f 638 639 640
f 640 639 641
f 640 641 642
f 642 641 643
f 642 643 644
f 644 643 645
f 644 645 646
f 646 645 647
f 646 647 648
f 648 647 649
f 648 649 650
f 650 649 651
f 650 651 652
f 652 651 653
f 652 653 654
f 654 653 655
f 654 655 656
f 656 655 657
f 656 657 658
f 658 657 659
f 658 659 660
f 660 659 661
f 660 661 662
f 662 661 663
f 662 663 664
f 664 663 665
f 664 665 666
f 666 665 667
f 666 667 668
f 668 667 669
f 668 669 670
f 670 669 671
f 670 671 672
f 672 671 673
f 672 673 674
f 674 673 675
f 674 675 676
f 676 675 677
f 676 677 678
f 678 677 679
f 678 679 680
f 680 679 681
f 680 681 682
f 682 681 683
f 682 683 684
f 684 683 685
f 684 685 686
f 686 685 687
f 686 687 688
f 688 687 689
f 688 689 690
f 690 689 691
f 690 691 692
f 692 691 693
f 692 693 694
f 694 693 695
f 694 695 696
f 696 695 697
f 696 697 698
f 698 697 699
f 698 699 700
f 700 699 701
f 700 701 702
f 702 701 703
f 702 703 704
f 704 703 705
f 704 705 706
f 706 705 707
f 706 707 708
f 708 707 709
f 708 709 710
f 710 709 711
f 710 711 712
f 712 711 713
f 712 713 714
f 714 713 715
f 714 715 716
f 716 715 717
f 716 717 718
f 718 717 719
f 718 719 720
f 720 719 721
f 720 721 722
f 722 721 723
f 722 723 724
f 724 723 725
f 724 725 726
f 726 725 727
f 726 727 728
f 728 727 729
f 728 729 730
f 730 729 731
f 730 731 732
f 732 731 733
f 732 733 734
f 734 733 735
f 734 735 736
f 736 735 737
f 736 737 738
f 738 737 739
f 738 739 740
f 740 739 741
f 740 741 742
f 742 741 743
f 742 743 744
f 744 743 745
f 744 745 746
f 746 745 747
f 746 747 748
f 748 747 749
f 748 749 750
f 750 749 751
f 750 751 752
f 752 751 753
f 752 753 754
f 754 753 755
f 754 755 756
f 756 755 757
f 756 757 758
f 758 757 759
f 758 759 760
f 760 759 761
f 760 761 762
f 762 761 763
f 762 763 764
f 764 763 765
f 764 765 766
f 766 765 767
f 766 767 768
f 768 767 769
f 768 769 770
f 770 769 771
f 770 771 772
f 772 771 773
f 772 773 774
f 774 773 775
f 774 775 776
f 776 775 777
f 776 777 778
f 778 777 779
f 778 779 780
f 780 779 781
f 780 781 782
f 782 781 783
f 782 783 784
f 784 783 785
f 784 785 786
f 786 785 787
f 786 787 788
f 788 787 789
f 788 789 790
f 790 789 791
f 790 791 792
f 792 791 793
f 792 793 794
f 794 793 795
f 794 795 796
f 796 795 797
f 796 797 798
f 798 797 799
f 798 799 800
f 800 799 801
f 800 801 802
f 802 801 803
f 802 803 804
f 804 803 805
f 804 805 806
f 806 805 807
f 806 807 808
f 808 807 809
f 808 809 810
f 810 809 811
f 810 811 812
f 812 811 813
f 812 813 814
f 814 813 584
f 814 584 586
f 815 816 817
f 817 816 818
f 817 818 819
f 819 818 820
f 819 820 821
f 821 820 822
f 821 822 823
f 823 822 824
f 823 824 825
f 825 824 826
f 825 826 827
f 827 826 828
f 827 828 829
f 829 828 830
f 829 830 831
f 831 830 832
f 831 832 833
f 833 832 834
f 833 834 835
f 835 834 836
f 835 836 837
f 837 836 838
f 837 838 839
f 839 838 840
f 839 840 841
f 841 840 842
f 841 842 843
f 843 842 844
f 843 844 845
f 845 844 846
f 845 846 847
f 847 846 848
f 847 848 849
f 849 848 850
f 849 850 851
f 851 850 852
f 851 852 853
f 853 852 854
f 853 854 855
f 855 854 856
f 855 856 857
f 857 856 858
f 857 858 859
f 859 858 860
f 859 860 861
f 861 860 862
f 861 862 863
f 863 862 864
f 863 864 865
f 865 864 866
f 865 866 867
f 867 866 868
f 867 868 869
f 869 868 870
f 869 870 871
f 871 870 872
f 871 872 873
f 873 872 874
f 873 874 875
f 875 874 876
f 875 876 877
f 877 876 878
f 877 878 879
f 879 878 880
f 879 880 881
f 881 880 882
f 881 882 883
f 883 882 884
f 883 884 885
f 885 884 886
f 885 886 887
f 887 886 888
f 887 888 889
f 889 888 890
f 889 890 891
f 891 890 892
f 891 892 893
f 893 892 894
f 893 894 895
f 895 894 896
f 895 896 897
f 897 896 898
f 897 898 899
f 899 898 900
f 899 900 901
f 901 900 902
f 901 902 903
f 903 902 904
f 903 904 905
f 905 904 906
f 905 906 907
f 907 906 908
f 907 908 909
f 909 908 910
f 909 910 911
f 911 910 912
f 911 912 913
f 913 912 914
f 913 914 915
f 915 914 916
f 915 916 917
f 917 916 918
f 917 918 919
f 919 918 920
f 919 920 921
f 921 920 922
f 921 922 923
f 923 922 924
f 923 924 925
f 925 924 926
f 925 926 927
f 927 926 928
f 927 928 929
f 929 928 930
f 929 930 931
f 931 930 932
f 931 932 933
f 933 932 934
f 933 934 935
f 935 934 936
f 935 936 937
f 937 936 938
f 937 938 939
f 939 938 940
f 939 940 941
f 941 940 942
f 941 942 943
f 943 942 944
f 943 944 945
f 945 944 946
f 945 946 947
f 947 946 948
f 947 948 949
f 949 948 950
f 949 950 951
f 951 950 952
f 951 952 953
f 953 952 954
f 953 954 955
f 955 954 956
f 955 956 957
f 957 956 958
f 957 958 959
f 959 958 960
f 959 960 961
f 961 960 962
f 961 962 963
f 963 962 964
f 963 964 965
f 965 964 966
f 965 966 967
f 967 966 968
f 967 968 969
f 969 968 970
f 969 970 971
f 971 970 972
f 971 972 973
f 973 972 974
f 973 974 975
f 975 974 976
f 975 976 977
f 977 976 978
f 977 978 979
f 979 978 980
f 979 980 981
f 981 980 982
f 981 982 983
f 983 982 984
f 983 984 985
f 985 984 986
f 985 986 987
f 987 986 988
f 987 988 989
f 989 988 990
f 989 990 991
f 991 990 992
f 991 992 993
f 993 992 994
f 993 994 995
f 995 994 996
f 995 996 997
f 997 996 998
f 997 998 999
f 999 998 1000
f 999 1000 1001
f 1001 1000 1002
f 1001 1002 1003
f 1003 1002 1004
f 1003 1004 1005
f 1005 1004 1006
f 1005 1006 1007
f 1007 1006 1008
f 1007 1008 1009
f 1009 1008 1010
f 1009 1010 1011
f 1011 1010 1012
f 1011 1012 1013
f 1013 1012 1014
f 1013 1014 1015
f 1015 1014 1016
f 1015 1016 1017
f 1017 1016 1018
f 1017 1018 1019
f 1019 1018 1020
f 1019 1020 1021
f 1021 1020 1022
f 1021 1022 1023
f 1023 1022 1024
f 1023 1024 1025
f 1025 1024 1026
f 1025 1026 1027
f 1027 1026 1028
f 1027 1028 1029
f 1029 1028 1030
f 1029 1030 1031
f 1031 1030 1032
f 1031 1032 1033
f 1033 1032 1034
f 1033 1034 1035
f 1035 1034 1036
f 1035 1036 1037
f 1037 1036 1038
f 1037 1038 1039
f 1039 1038 1040
f 1039 1040 1041
f 1041 1040 1042
f 1041 1042 1043
f 1043 1042 1044
f 1043 1044 1045
f 1045 1044 815
f 1045 815 817
f 1046 1047 1048
f 1048 1047 1049
f 1048 1049 1050
f 1050 1049 1051
f 1050 1051 1052
f 1052 1051 1053
f 1052 1053 1054
f 1054 1053 1055
f 1054 1055 1056
f 1056 1055 1057
f 1056 1057 1058
f 1058 1057 1059
f 1058 1059 1060
f 1060 1059 1061
f 1060 1061 1062
f 1062 1061 1063
f 1062 1063 1064
f 1064 1063 1065
f 1064 1065 1066
f 1066 1065 1067
f 1066 1067 1068
f 1068 1067 1069
f 1068 1069 1070
f 1070 1069 1071
f 1070 1071 1072
f 1072 1071 1073
f 1072 1073 1074
f 1074 1073 1075
f 1074 1075 1076
f 1076 1075 1077
f 1076 1077 1078
f 1078 1077 1079
f 1078 1079 1080
f 1080 1079 1081
f 1080 1081 1082
f 1082 1081 1083
f 1082 1083 1084
f 1084 1083 1085
f 1084 1085 1086
f 1086 1085 1087
f 1086 1087 1088
f 1088 1087 1089
f 1088 1089 1090
f 1090 1089 1091
f 1090 1091 1092
f 1092 1091 1093
f 1092 1093 1094
f 1094 1093 1095
f 1094 1095 1096
f 1096 1095 1097
f 1096 1097 1098
f 1098 1097 1099
f 1098 1099 1100
f 1100 1099 1101
f 1100 1101 1102
f 1102 1101 1103
f 1102 1103 1104
f 1104 1103 1105
f 1104 1105 1106
f 1106 1105 1107
f 1106 1107 1108
f 1108 1107 1109
f 1108 1109 1110
f 1110 1109 1111
f 1110 1111 1112
f 1112 1111 1113
f 1112 1113 1114
f 1114 1113 1115
f 1114 1115 1116
f 1116 1115 1117
f 1116 1117 1118
f 1118 1117 1119
f 1118 1119 1120
f 1120 1119 1121
f 1120 1121 1122
f 1122 1121 1123
f 1122 1123 1124
f 1124 1123 1125
f 1124 1125 1126
f 1126 1125 1127
f 1126 1127 1128
f 1128 1127 1129
f 1128 1129 1130
f 1130 1129 1131
f 1130 1131 1132
f 1132 1131 1133
f 1132 1133 1134
f 1134 1133 1135
f 1134 1135 1136
f 1136 1135 1137
f 1136 1137 1138
f 1138 1137 1139
f 1138 1139 1140
f 1140 1139 1141
f 1140 1141 1142
f 1142 1141 1143
f 1142 1143 1144
f 1144 1143 1145
f 1144 1145 1146
f 1146 1145 1147
f 1146 1147 1148
f 1148 1147 1149
f 1148 1149 1150
f 1150 1149 1151
f 1150 1151 1152
f 1152 1151 1153
f 1152 1153 1154
f 1154 1153 1155
f 1154 1155 1156
f 1156 1155 1157
f 1156 1157 1158
f 1158 1157 1159
f 1158 1159 1160
f 1160 1159 1161
f 1160 1161 1162
f 1162 1161 1163
f 1162 1163 1164
f 1164 1163 1165
f 1164 1165 1166
f 1166 1165 1167
f 1166 1167 1168
f 1168 1167 1169
f 1168 1169 1170
f 1170 1169 1171
f 1170 1171 1172
f 1172 1171 1173
f 1172 1173 1174
f 1174 1173 1175
f 1174 1175 1176
f 1176 1175 1177
f 1176 1177 1178
f 1178 1177 1179
f 1178 1179 1180
f 1180 1179 1181
f 1180 1181 1182
f 1182 1181 1183
f 1182 1183 1184
f 1184 1183 1185
f 1184 1185 1186
f 1186 1185 1187
f 1186 1187 1188
f 1188 1187 1189
f 1188 1189 1190
f 1190 1189 1191
f 1190 1191 1192
f 1192 1191 1193
f 1192 1193 1194
f 1194 1193 1195
f 1194 1195 1196
f 1196 1195 1197
f 1196 1197 1198
f 1198 1197 1199
f 1198 1199 1200
f 1200 1199 1201
f 1200 1201 1202
f 1202 1201 1203
f 1202 1203 1204
f 1204 1203 1205
f 1204 1205 1206
f 1206 1205 1207
f 1206 1207 1208
f 1208 1207 1209
f 1208 1209 1210
f 1210 1209 1211
f 1210 1211 1212
f 1212 1211 1213
f 1212 1213 1214
f 1214 1213 1215
f 1214 1215 1216
f 1216 1215 1217
f 1216 1217 1218
f 1218 1217 1219
f 1218 1219 1220
f 1220 1219 1221
f 1220 1221 1222
f 1222 1221 1223
f 1222 1223 1224
f 1224 1223 1225
f 1224 1225 1226
f 1226 1225 1227
f 1226 1227 1228
f 1228 1227 1229
f 1228 1229 1230
f 1230 1229 1231
f 1230 1231 1232
f 1232 1231 1233
f 1232 1233 1234
f 1234 1233 1235
f 1234 1235 1236
f 1236 1235 1237
f 1236 1237 1238
f 1238 1237 1239
f 1238 1239 1240
f 1240 1239 1241
f 1240 1241 1242
f 1242 1241 1243
f 1242 1243 1244
f 1244 1243 1245
f 1244 1245 1246
f 1246 1245 1247
f 1246 1247 1248
f 1248 1247 1249
f 1248 1249 1250
f 1250 1249 1251
f 1250 1251 1252
f 1252 1251 1253
f 1252 1253 1254
f 1254 1253 1255
f 1254 1255 1256
f 1256 1255 1257
f 1256 1257 1258
f 1258 1257 1259
f 1258 1259 1260
f 1260 1259 1261
f 1260 1261 1262
f 1262 1261 1263
f 1262 1263 1264
f 1264 1263 1265
f 1264 1265 1266
f 1266 1265 1267
f 1266 1267 1268
f 1268 1267 1269
f 1268 1269 1270
f 1270 1269 1271
f 1270 1271 1272
f 1272 1271 1273
f 1272 1273 1274
f 1274 1273 1275
f 1274 1275 1276
f 1276 1275 1046
f 1276 1046 1048
f 241 1277 240
f 240 1277 1278
f 240 1278 238
f 238 1278 1279
f 238 1279 239
f 239 1279 1280
f 239 1280 244
f 244 1280 1281
f 244 1281 242
f 242 1281 1282
f 242 1282 243
f 243 1282 1283
f 243 1283 247
f 247 1283 1284
f 247 1284 245
f 245 1284 1285
f 245 1285 246
f 246 1285 1286
f 246 1286 250
f 250 1286 1287
f 250 1287 248
f 248 1287 1288
f 248 1288 249
f 249 1288 1289
f 249 1289 253
f 253 1289 1290
f 253 1290 251
f 251 1290 1291
f 251 1291 252
f 252 1291 1292
f 252 1292 256
f 256 1292 1293
f 256 1293 254
f 254 1293 1294
f 254 1294 255
f 255 1294 1295
f 255 1295 259
f 259 1295 1296
f 259 1296 257
f 257 1296 1297
f 257 1297 258
f 258 1297 1298
f 258 1298 262
f 262 1298 1299
f 262 1299 260
f 260 1299 1300
f 260 1300 261
f 261 1300 1301
f 261 1301 265
f 265 1301 1302
f 265 1302 263
f 263 1302 1303
f 263 1303 264
f 264 1303 1304
f 264 1304 268
f 268 1304 1305
f 268 1305 266
f 266 1305 1306
f 266 1306 267
f 267 1306 1307
f 267 1307 271
f 271 1307 1308
f 271 1308 269
f 269 1308 1309
f 269 1309 270
f 270 1309 1310
f 270 1310 274
f 274 1310 1311
f 274 1311 272
f 272 1311 1312
f 272 1312 273
f 273 1312 1313
f 273 1313 277
f 277 1313 1314
f 277 1314 275
f 275 1314 1315
f 275 1315 276
f 276 1315 1316
f 276 1316 280
f 280 1316 1317
f 280 1317 278
f 278 1317 1318
f 278 1318 279
f 279 1318 1319
f 279 1319 283
f 283 1319 1320
f 283 1320 281
f 281 1320 1321
f 281 1321 282
f 282 1321 1322
f 282 1322 286
f 286 1322 1323
f 286 1323 284
f 284 1323 1324
f 284 1324 285
f 285 1324 1325
f 285 1325 289
f 289 1325 1326
f 289 1326 287
f 287 1326 1327
f 287 1327 288
f 288 1327 1328
f 288 1328 292
f 292 1328 1329
f 292 1329 290
f 290 1329 1330
f 290 1330 291
f 291 1330 1331
f 291 1331 295
f 295 1331 1332
f 295 1332 293
f 293 1332 1333
f 293 1333 294
f 294 1333 1334
f 294 1334 298
f 298 1334 1335
f 298 1335 296
f 296 1335 1336
f 296 1336 297
f 297 1336 1337
f 297 1337 301
f 301 1337 1338
f 301 1338 299
f 299 1338 1339
f 299 1339 300
f 300 1339 1340
f 300 1340 304
f 304 1340 1341
f 304 1341 302
f 302 1341 1342
f 302 1342 303
f 303 1342 1343
f 303 1343 307
f 307 1343 1344
f 307 1344 305
f 305 1344 1345
f 305 1345 306
f 306 1345 1346
f 306 1346 310
f 310 1346 1347
f 310 1347 308
f 308 1347 1348
f 308 1348 309
f 309 1348 1349
f 309 1349 313
f 313 1349 1350
f 313 1350 311
f 311 1350 1351
f 311 1351 312
f 312 1351 1352
f 312 1352 316
f 316 1352 1353
f 316 1353 314
f 314 1353 1354
f 314 1354 315
f 315 1354 1355
f 315 1355 319
f 319 1355 1356
f 319 1356 317
f 317 1356 1357
f 317 1357 318
f 318 1357 1358
f 318 1358 322
f 322 1358 1359
f 322 1359 320
f 320 1359 1360
f 320 1360 321
f 321 1360 1361
f 321 1361 325
f 325 1361 1362
f 325 1362 323
f 323 1362 1363
f 323 1363 324
f 324 1363 1364
f 324 1364 328
f 328 1364 1365
f 328 1365 326
f 326 1365 1366
f 326 1366 327
f 327 1366 1367
f 327 1367 331
f 331 1367 1368
f 331 1368 329
f 329 1368 1369
f 329 1369 330
f 330 1369 1370
f 330 1370 334
f 334 1370 1371
f 334 1371 332
f 332 1371 1372
f 332 1372 333
f 333 1372 1373
f 333 1373 337
f 337 1373 1374
f 337 1374 335
f 335 1374 1375
f 335 1375 336
f 336 1375 1376
f 336 1376 340
f 340 1376 1377
f 340 1377 338
f 338 1377 1378
f 338 1378 339
f 339 1378 1379
f 339 1379 343
f 343 1379 1380
f 343 1380 341
f 341 1380 1381
f 341 1381 342
f 342 1381 1382
f 342 1382 346
f 346 1382 1383
f 346 1383 344
f 344 1383 1384
f 344 1384 345
f 345 1384 1385
f 345 1385 349
f 349 1385 1386
f 349 1386 347
f 347 1386 1387
f 347 1387 348
f 348 1387 1388
f 348 1388 352
f 352 1388 1389
f 352 1389 350
f 350 1389 1390
f 350 1390 351
f 351 1390 1391
f 351 1391 241
f 241 1391 1277
f 357 1392 355
f 355 1392 1393
f 355 1393 583
f 583 1393 1394
f 583 1394 581
f 581 1394 1395
f 581 1395 579
f 579 1395 1396
f 579 1396 577
f 577 1396 1397
f 577 1397 575
f 575 1397 1398
f 575 1398 573
f 573 1398 1399
f 573 1399 571
f 571 1399 1400
f 571 1400 569
f 569 1400 1401
f 569 1401 567
f 567 1401 1402
f 567 1402 565
f 565 1402 1403
f 565 1403 563
f 563 1403 1404
f 563 1404 561
f 561 1404 1405
f 561 1405 559
f 559 1405 1406
f 559 1406 557
f 557 1406 1407
f 557 1407 555
f 555 1407 1408
f 555 1408 553
f 553 1408 1409
f 553 1409 551
f 551 1409 1410
f 551 1410 549
f 549 1410 1411
f 549 1411 547
f 547 1411 1412
f 547 1412 545
f 545 1412 1413
f 545 1413 543
f 543 1413 1414
f 543 1414 541
f 541 1414 1415
f 541 1415 539
f 539 1415 1416
f 539 1416 537
f 537 1416 1417
f 537 1417 535
f 535 1417 1418
f 535 1418 533
f 533 1418 1419
f 533 1419 531
f 531 1419 1420
f 531 1420 529
f 529 1420 1421
f 529 1421 527
f 527 1421 1422
f 527 1422 525
f 525 1422 1423
f 525 1423 523
f 523 1423 1424
f 523 1424 521
f 521 1424 1425
f 521 1425 519
f 519 1425 1426
f 519 1426 517
f 517 1426 1427
f 517 1427 515
f 515 1427 1428
f 515 1428 513
f 513 1428 1429
f 513 1429 511
f 511 1429 1430
f 511 1430 509
f 509 1430 1431
f 509 1431 507
f 507 1431 1432
f 507 1432 505
f 505 1432 1433
f 505 1433 503
f 503 1433 1434
f 503 1434 501
f 501 1434 1435
f 501 1435 499
f 499 1435 1436
f 499 1436 497
f 497 1436 1437
f 497 1437 495
f 495 1437 1438
f 495 1438 493
f 493 1438 1439
f 493 1439 491
f 491 1439 1440
f 491 1440 489
f 489 1440 1441
f 489 1441 487
f 487 1441 1442
f 487 1442 485
f 485 1442 1443
f 485 1443 483
f 483 1443 1444
f 483 1444 481
f 481 1444 1445
f 481 1445 479
f 479 1445 1446
f 479 1446 477
f 477 1446 1447
f 477 1447 475
f 475 1447 1448
f 475 1448 473
f 473 1448 1449
f 473 1449 471
f 471 1449 1450
f 471 1450 469
f 469 1450 1451
f 469 1451 467
f 467 1451 1452
f 467 1452 465
f 465 1452 1453
f 465 1453 463
f 463 1453 1454
f 463 1454 461
f 461 1454 1455
f 461 1455 459
f 459 1455 1456
f 459 1456 457
f 457 1456 1457
f 457 1457 455
f 455 1457 1458
f 455 1458 453
f 453 1458 1459
f 453 1459 451
f 451 1459 1460
f 451 1460 449
f 449 1460 1461
f 449 1461 447
f 447 1461 1462
f 447 1462 445
f 445 1462 1463
f 445 1463 443
f 443 1463 1464
f 443 1464 441
f 441 1464 1465
f 441 1465 439
f 439 1465 1466
f 439 1466 437
f 437 1466 1467
f 437 1467 435
f 435 1467 1468
f 435 1468 433
f 433 1468 1469
f 433 1469 431
f 431 1469 1470
f 431 1470 429
f 429 1470 1471
f 429 1471 427
f 427 1471 1472
f 427 1472 425
f 425 1472 1473
f 425 1473 423
f 423 1473 1474
f 423 1474 421
f 421 1474 1475
f 421 1475 419
f 419 1475 1476
f 419 1476 417
f 417 1476 1477
f 417 1477 415
f 415 1477 1478
f 415 1478 413
f 413 1478 1479
f 413 1479 411
f 411 1479 1480
f 411 1480 409
f 409 1480 1481
f 409 1481 407
f 407 1481 1482
f 407 1482 405
f 405 1482 1483
f 405 1483 403
f 403 1483 1484
f 403 1484 401
f 401 1484 1485
f 401 1485 399
f 399 1485 1486
f 399 1486 397
f 397 1486 1487
f 397 1487 395
f 395 1487 1488
f 395 1488 393
f 393 1488 1489
f 393 1489 391
f 391 1489 1490
f 391 1490 389
f 389 1490 1491
f 389 1491 387
f 387 1491 1492
f 387 1492 385
f 385 1492 1493
f 385 1493 383
f 383 1493 1494
f 383 1494 381
f 381 1494 1495
f 381 1495 379
f 379 1495 1496
f 379 1496 377
f 377 1496 1497
f 377 1497 375
f 375 1497 1498
f 375 1498 373
f 373 1498 1499
f 373 1499 371
f 371 1499 1500
f 371 1500 369
f 369 1500 1501
f 369 1501 367
f 367 1501 1502
f 367 1502 365
f 365 1502 1503
f 365 1503 363
f 363 1503 1504
f 363 1504 361
f 361 1504 1505
f 361 1505 359
f 359 1505 1506
f 359 1506 357
f 357 1506 1392
f 774 1507 772
f 772 1507 1508
f 772 1508 770
f 770 1508 1509
f 770 1509 768
f 768 1509 1510
f 768 1510 766
f 766 1510 1511
f 766 1511 764
f 764 1511 1512
f 764 1512 762
f 762 1512 1513
f 762 1513 760
f 760 1513 1514
f 760 1514 758
f 758 1514 1515
f 758 1515 756
f 756 1515 1516
f 756 1516 754
f 754 1516 1517
f 754 1517 752
f 752 1517 1518
f 752 1518 750
f 750 1518 1519
f 750 1519 748
f 748 1519 1520
f 748 1520 746
f 746 1520 1521
f 746 1521 744
f 744 1521 1522
f 744 1522 742
f 742 1522 1523
f 742 1523 740
f 740 1523 1524
f 740 1524 738
f 738 1524 1525
f 738 1525 736
f 736 1525 1526
f 736 1526 734
f 734 1526 1527
f 734 1527 732
f 732 1527 1528
f 732 1528 730
f 730 1528 1529
f 730 1529 728
f 728 1529 1530
f 728 1530 726
f 726 1530 1531
f 726 1531 724
f 724 1531 1532
f 724 1532 722
f 722 1532 1533
f 722 1533 720
f 720 1533 1534
f 720 1534 718
f 718 1534 1535
f 718 1535 716
f 716 1535 1536
f 716 1536 714
f 714 1536 1537
f 714 1537 712
f 712 1537 1538
f 712 1538 710
f 710 1538 1539
f 710 1539 708
f 708 1539 1540
f 708 1540 706
f 706 1540 1541
f 706 1541 704
f 704 1541 1542
f 704 1542 702
f 702 1542 1543
f 702 1543 700
f 700 1543 1544
f 700 1544 698
f 698 1544 1545
f 698 1545 696
f 696 1545 1546
f 696 1546 694
f 694 1546 1547
f 694 1547 692
f 692 1547 1548
f 692 1548 690
f 690 1548 1549
f 690 1549 688
f 688 1549 1550
f 688 1550 686
f 686 1550 1551
f 686 1551 684
f 684 1551 1552
f 684 1552 682
f 682 1552 1553
f 682 1553 680
f 680 1553 1554
f 680 1554 678
f 678 1554 1555
f 678 1555 676
f 676 1555 1556
f 676 1556 674
f 674 1556 1557
f 674 1557 672
f 672 1557 1558
f 672 1558 670
f 670 1558 1559
f 670 1559 668
f 668 1559 1560
f 668 1560 666
f 666 1560 1561
f 666 1561 664
f 664 1561 1562
f 664 1562 662
f 662 1562 1563
f 662 1563 660
f 660 1563 1564
f 660 1564 658
f 658 1564 1565
f 658 1565 656
f 656 1565 1566
f 656 1566 654
f 654 1566 1567
f 654 1567 652
f 652 1567 1568
f 652 1568 650
f 650 1568 1569
f 650 1569 648
f 648 1569 1570
f 648 1570 646
f 646 1570 1571
f 646 1571 644
f 644 1571 1572
f 644 1572 642
f 642 1572 1573
f 642 1573 640
f 640 1573 1574
f 640 1574 638
f 638 1574 1575
f 638 1575 636
f 636 1575 1576
f 636 1576 634
f 634 1576 1577
f 634 1577 632
f 632 1577 1578
f 632 1578 630
f 630 1578 1579
f 630 1579 628
f 628 1579 1580
f 628 1580 626
f 626 1580 1581
f 626 1581 624
f 624 1581 1582
f 624 1582 622
f 622 1582 1583
f 622 1583 620
f 620 1583 1584
f 620 1584 618
f 618 1584 1585
f 618 1585 616
f 616 1585 1586
f 616 1586 614
f 614 1586 1587
f 614 1587 612
f 612 1587 1588
f 612 1588 610
f 610 1588 1589
f 610 1589 608
f 608 1589 1590
f 608 1590 606
f 606 1590 1591
f 606 1591 604
f 604 1591 1592
f 604 1592 602
f 602 1592 1593
f 602 1593 600
f 600 1593 1594
f 600 1594 598
f 598 1594 1595
f 598 1595 596
f 596 1595 1596
f 596 1596 594
f 594 1596 1597
f 594 1597 592
f 592 1597 1598
f 592 1598 590
f 590 1598 1599
f 590 1599 588
f 588 1599 1600
f 588 1600 586
f 586 1600 1601
f 586 1601 814
f 814 1601 1602
f 814 1602 812
f 812 1602 1603
f 812 1603 810
f 810 1603 1604
f 810 1604 808
f 808 1604 1605
f 808 1605 806
f 806 1605 1606
f 806 1606 804
f 804 1606 1607
f 804 1607 802
f 802 1607 1608
f 802 1608 800
f 800 1608 1609
f 800 1609 798
f 798 1609 1610
f 798 1610 796
f 796 1610 1611
f 796 1611 794
f 794 1611 1612
f 794 1612 792
f 792 1612 1613
f 792 1613 790
f 790 1613 1614
f 790 1614 788
f 788 1614 1615
f 788 1615 786
f 786 1615 1616
f 786 1616 784
f 784 1616 1617
f 784 1617 782
f 782 1617 1618
f 782 1618 780
f 780 1618 1619
f 780 1619 778
f 778 1619 1620
f 778 1620 776
f 776 1620 1621
f 776 1621 774
f 774 1621 1507
f 839 1622 837
f 837 1622 1623
f 837 1623 835
f 835 1623 1624
f 835 1624 833
f 833 1624 1625
f 833 1625 831
f 831 1625 1626
f 831 1626 829
f 829 1626 1627
f 829 1627 827
f 827 1627 1628
f 827 1628 825
f 825 1628 1629
f 825 1629 823
f 823 1629 1630
f 823 1630 821
f 821 1630 1631
f 821 1631 819
f 819 1631 1632
f 819 1632 817
f 817 1632 1633
f 817 1633 1045
f 1045 1633 1634
f 1045 1634 1043
f 1043 1634 1635
f 1043 1635 1041
f 1041 1635 1636
f 1041 1636 1039
f 1039 1636 1637
f 1039 1637 1037
f 1037 1637 1638
f 1037 1638 1035
f 1035 1638 1639
f 1035 1639 1033
f 1033 1639 1640
f 1033 1640 1031
f 1031 1640 1641
f 1031 1641 1029
f 1029 1641 1642
f 1029 1642 1027
f 1027 1642 1643
f 1027 1643 1025
f 1025 1643 1644
f 1025 1644 1023
f 1023 1644 1645
f 1023 1645 1021
f 1021 1645 1646
f 1021 1646 1019
f 1019 1646 1647
f 1019 1647 1017
f 1017 1647 1648
f 1017 1648 1015
f 1015 1648 1649
f 1015 1649 1013
f 1013 1649 1650
f 1013 1650 1011
f 1011 1650 1651
f 1011 1651 1009
f 1009 1651 1652
f 1009 1652 1007
f 1007 1652 1653
f 1007 1653 1005
f 1005 1653 1654
f 1005 1654 1003
f 1003 1654 1655
f 1003 1655 1001
f 1001 1655 1656
f 1001 1656 999
f 999 1656 1657
f 999 1657 997
f 997 1657 1658
f 997 1658 995
f 995 1658 1659
f 995 1659 993
f 993 1659 1660
f 993 1660 991
f 991 1660 1661
f 991 1661 989
f 989 1661 1662
f 989 1662 987
f 987 1662 1663
f 987 1663 985
f 985 1663 1664
f 985 1664 983
f 983 1664 1665
f 983 1665 981
f 981 1665 1666
f 981 1666 979
f 979 1666 1667
f 979 1667 977
f 977 1667 1668
f 977 1668 975
f 975 1668 1669
f 975 1669 973
f 973 1669 1670
f 973 1670 971
f 971 1670 1671
f 971 1671 969
f 969 1671 1672
f 969 1672 967
f 967 1672 1673
f 967 1673 965
f 965 1673 1674
f 965 1674 963
f 963 1674 1675
f 963 1675 961
f 961 1675 1676
f 961 1676 959
f 959 1676 1677
f 959 1677 957
f 957 1677 1678
f 957 1678 955
f 955 1678 1679
f 955 1679 953
f 953 1679 1680
f 953 1680 951
f 951 1680 1681
f 951 1681 949
f 949 1681 1682
f 949 1682 947
f 947 1682 1683
f 947 1683 945
f 945 1683 1684
f 945 1684 943
f 943 1684 1685
f 943 1685 941
f 941 1685 1686
f 941 1686 939
f 939 1686 1687
f 939 1687 937
f 937 1687 1688
f 937 1688 935
f 935 1688 1689
f 935 1689 933
f 933 1689 1690
f 933 1690 931
f 931 1690 1691
f 931 1691 929
f 929 1691 1692
f 929 1692 927
f 927 1692 1693
f 927 1693 925
f 925 1693 1694
f 925 1694 923
f 923 1694 1695
f 923 1695 921
f 921 1695 1696
f 921 1696 919
f 919 1696 1697
f 919 1697 917
f 917 1697 1698
f 917 1698 915
f 915 1698 1699
f 915 1699 913
f 913 1699 1700
f 913 1700 911
f 911 1700 1701
f 911 1701 909
f 909 1701 1702
f 909 1702 907
f 907 1702 1703
f 907 1703 905
f 905 1703 1704
f 905 1704 903
f 903 1704 1705
f 903 1705 901
f 901 1705 1706
f 901 1706 899
f 899 1706 1707
f 899 1707 897
f 897 1707 1708
f 897 1708 895
f 895 1708 1709
f 895 1709 893
f 893 1709 1710
f 893 1710 891
f 891 1710 1711
f 891 1711 889
f 889 1711 1712
f 889 1712 887
f 887 1712 1713
f 887 1713 885
f 885 1713 1714
f 885 1714 883
f 883 1714 1715
f 883 1715 881
f 881 1715 1716
f 881 1716 879
f 879 1716 1717
f 879 1717 877
f 877 1717 1718
f 877 1718 875
f 875 1718 1719
f 875 1719 873
f 873 1719 1720
f 873 1720 871
f 871 1720 1721
f 871 1721 869
f 869 1721 1722
f 869 1722 867
f 867 1722 1723
f 867 1723 865
f 865 1723 1724
f 865 1724 863
f 863 1724 1725
f 863 1725 861
f 861 1725 1726
f 861 1726 859
f 859 1726 1727
f 859 1727 857
f 857 1727 1728
f 857 1728 855
f 855 1728 1729
f 855 1729 853
f 853 1729 1730
f 853 1730 851
f 851 1730 1731
f 851 1731 849
f 849 1731 1732
f 849 1732 847
f 847 1732 1733
f 847 1733 845
f 845 1733 1734
f 845 1734 843
f 843 1734 1735
f 843 1735 841
f 841 1735 1736
f 841 1736 839
f 839 1736 1622
f 1236 1737 1234
f 1234 1737 1738
f 1234 1738 1232
f 1232 1738 1739
f 1232 1739 1230
f 1230 1739 1740
f 1230 1740 1228
f 1228 1740 1741
f 1228 1741 1226
f 1226 1741 1742
f 1226 1742 1224
f 1224 1742 1743
f 1224 1743 1222
f 1222 1743 1744
f 1222 1744 1220
f 1220 1744 1745
f 1220 1745 1218
f 1218 1745 1746
f 1218 1746 1216
f 1216 1746 1747
f 1216 1747 1214
f 1214 1747 1748
f 1214 1748 1212
f 1212 1748 1749
f 1212 1749 1210
f 1210 1749 1750
f 1210 1750 1208
f 1208 1750 1751
f 1208 1751 1206
f 1206 1751 1752
f 1206 1752 1204
f 1204 1752 1753
f 1204 1753 1202
f 1202 1753 1754
f 1202 1754 1200
f 1200 1754 1755
f 1200 1755 1198
f 1198 1755 1756
f 1198 1756 1196
f 1196 1756 1757
f 1196 1757 1194
f 1194 1757 1758
f 1194 1758 1192
f 1192 1758 1759
f 1192 1759 1190
f 1190 1759 1760
f 1190 1760 1188
f 1188 1760 1761
f 1188 1761 1186
f 1186 1761 1762
f 1186 1762 1184
f 1184 1762 1763
f 1184 1763 1182
f 1182 1763 1764
f 1182 1764 1180
f 1180 1764 1765
f 1180 1765 1178
f 1178 1765 1766
f 1178 1766 1176
f 1176 1766 1767
f 1176 1767 1174
f 1174 1767 1768
f 1174 1768 1172
f 1172 1768 1769
f 1172 1769 1170
f 1170 1769 1770
f 1170 1770 1168
f 1168 1770 1771
f 1168 1771 1166
f 1166 1771 1772
f 1166 1772 1164
f 1164 1772 1773
f 1164 1773 1162
f 1162 1773 1774
f 1162 1774 1160
f 1160 1774 1775
f 1160 1775 1158
f 1158 1775 1776
f 1158 1776 1156
f 1156 1776 1777
f 1156 1777 1154
f 1154 1777 1778
f 1154 1778 1152
f 1152 1778 1779
f 1152 1779 1150
f 1150 1779 1780
f 1150 1780 1148
f 1148 1780 1781
f 1148 1781 1146
f 1146 1781 1782
f 1146 1782 1144
f 1144 1782 1783
f 1144 1783 1142
f 1142 1783 1784
f 1142 1784 1140
f 1140 1784 1785
f 1140 1785 1138
f 1138 1785 1786
f 1138 1786 1136
f 1136 1786 1787
f 1136 1787 1134
f 1134 1787 1788
f 1134 1788 1132
f 1132 1788 1789
f 1132 1789 1130
f 1130 1789 1790
f 1130 1790 1128
f 1128 1790 1791
f 1128 1791 1126
f 1126 1791 1792
f 1126 1792 1124
f 1124 1792 1793
f 1124 1793 1122
f 1122 1793 1794
f 1122 1794 1120
f 1120 1794 1795
f 1120 1795 1118
f 1118 1795 1796
f 1118 1796 1116
f 1116 1796 1797
f 1116 1797 1114
f 1114 1797 1798
f 1114 1798 1112
f 1112 1798 1799
f 1112 1799 1110
f 1110 1799 1800
f 1110 1800 1108
f 1108 1800 1801
f 1108 1801 1106
f 1106 1801 1802
f 1106 1802 1104
f 1104 1802 1803
f 1104 1803 1102
f 1102 1803 1804
f 1102 1804 1100
f 1100 1804 1805
f 1100 1805 1098
f 1098 1805 1806
f 1098 1806 1096
f 1096 1806 1807
f 1096 1807 1094
f 1094 1807 1808
f 1094 1808 1092
f 1092 1808 1809
f 1092 1809 1090
f 1090 1809 1810
f 1090 1810 1088
f 1088 1810 1811
f 1088 1811 1086
f 1086 1811 1812
f 1086 1812 1084
f 1084 1812 1813
f 1084 1813 1082
f 1082 1813 1814
f 1082 1814 1080
f 1080 1814 1815
f 1080 1815 1078
f 1078 1815 1816
f 1078 1816 1076
f 1076 1816 1817
f 1076 1817 1074
f 1074 1817 1818
f 1074 1818 1072
f 1072 1818 1819
f 1072 1819 1070
f 1070 1819 1820
f 1070 1820 1068
f 1068 1820 1821
f 1068 1821 1066
f 1066 1821 1822
f 1066 1822 1064
f 1064 1822 1823
f 1064 1823 1062
f 1062 1823 1824
f 1062 1824 1060
f 1060 1824 1825
f 1060 1825 1058
f 1058 1825 1826
f 1058 1826 1056
f 1056 1826 1827
f 1056 1827 1054
f 1054 1827 1828
f 1054 1828 1052
f 1052 1828 1829
f 1052 1829 1050
f 1050 1829 1830
f 1050 1830 1048
f 1048 1830 1831
f 1048 1831 1276
f 1276 1831 1832
f 1276 1832 1274
f 1274 1832 1833
f 1274 1833 1272
f 1272 1833 1834
f 1272 1834 1270
f 1270 1834 1835
f 1270 1835 1268
f 1268 1835 1836
f 1268 1836 1266
f 1266 1836 1837
f 1266 1837 1264
f 1264 1837 1838
f 1264 1838 1262
f 1262 1838 1839
f 1262 1839 1260
f 1260 1839 1840
f 1260 1840 1258
f 1258 1840 1841
f 1258 1841 1256
f 1256 1841 1842
f 1256 1842 1254
f 1254 1842 1843
f 1254 1843 1252
f 1252 1843 1844
f 1252 1844 1250
f 1250 1844 1845
f 1250 1845 1248
f 1248 1845 1846
f 1248 1846 1246
f 1246 1846 1847
f 1246 1847 1244
f 1244 1847 1848
f 1244 1848 1242
f 1242 1848 1849
f 1242 1849 1240
f 1240 1849 1850
f 1240 1850 1238
f 1238 1850 1851
f 1238 1851 1236
f 1236 1851 1737
f 795 793 1852
f 1853 584 1854
f 1854 584 813
f 1852 793 1855
f 589 587 1853
f 1853 587 585
f 1853 585 584
f 795 1852 797
f 797 1852 1856
f 797 1856 799
f 807 1857 809
f 809 1857 1854
f 809 1854 811
f 811 1854 813
f 807 805 1857
f 1857 805 803
f 1857 803 1856
f 1856 803 801
f 1856 801 799
f 687 685 540
f 394 392 1858
f 540 711 709
f 603 1859 605
f 605 1859 1860
f 605 1860 607
f 793 791 1855
f 1855 791 789
f 1855 789 1861
f 597 1862 599
f 599 1862 1859
f 599 1859 601
f 601 1859 603
f 402 1863 404
f 404 1863 1864
f 404 1864 406
f 1858 392 1865
f 1866 1867 384
f 520 518 1868
f 1868 518 516
f 1868 516 514
f 597 595 1862
f 1862 595 593
f 1862 593 1853
f 1853 593 591
f 1853 591 589
f 514 512 1868
f 1868 512 510
f 1868 510 508
f 508 506 1868
f 1868 506 504
f 1868 504 502
f 392 390 1865
f 1865 390 388
f 1865 388 1867
f 1867 388 386
f 1867 386 384
f 717 715 540
f 540 715 713
f 540 713 711
f 625 623 1869
f 739 737 1868
f 1868 737 735
f 1868 735 733
f 502 500 1868
f 1868 500 498
f 1868 498 496
f 422 1870 424
f 424 1870 1871
f 424 1871 426
f 414 412 1872
f 1872 412 410
f 1872 410 1864
f 1864 410 408
f 1864 408 406
f 402 400 1863
f 1863 400 398
f 1863 398 1858
f 1858 398 396
f 1858 396 394
f 384 382 1866
f 1866 382 380
f 1866 380 1873
f 380 378 1873
f 1873 378 376
f 1873 376 1874
f 1874 376 374
f 1874 374 1875
f 1875 374 372
f 1875 372 1876
f 725 723 540
f 693 540 695
f 695 540 697
f 693 691 540
f 540 691 689
f 540 689 687
f 1869 623 1877
f 540 538 1868
f 538 536 1868
f 1868 536 534
f 1868 534 532
f 532 530 1868
f 1868 530 528
f 1868 528 526
f 526 524 1868
f 1868 524 522
f 1868 522 520
f 496 494 1868
f 1868 494 492
f 1868 492 490
f 422 420 1870
f 1870 420 418
f 1870 418 1872
f 1872 418 416
f 1872 416 414
f 360 358 1878
f 1878 358 1879
f 723 721 540
f 540 721 719
f 540 719 717
f 709 707 540
f 540 707 705
f 540 705 703
f 703 701 540
f 540 701 699
f 540 699 697
f 546 544 685
f 685 544 542
f 685 542 540
f 1880 1881 615
f 747 745 1868
f 733 731 1868
f 1868 731 729
f 1868 729 540
f 540 729 727
f 540 727 725
f 615 613 1880
f 1880 613 611
f 1880 611 1860
f 1860 611 609
f 1860 609 607
f 789 787 1861
f 1861 787 785
f 1861 785 1882
f 1882 785 783
f 1882 783 1883
f 755 753 1883
f 1883 753 751
f 1883 751 1868
f 1868 751 749
f 1868 749 747
f 745 743 1868
f 1868 743 741
f 1868 741 739
f 1884 442 440
f 372 370 1876
f 1876 370 368
f 1876 368 1885
f 1885 368 366
f 1885 366 1886
f 1886 366 364
f 1886 364 1887
f 1887 364 362
f 1887 362 1888
f 1888 362 360
f 1888 360 1889
f 1889 360 1878
f 570 1890 1891
f 623 621 1877
f 1877 621 619
f 1877 619 1881
f 1881 619 617
f 1881 617 615
f 1884 440 1892
f 434 1893 436
f 436 1893 1892
f 436 1892 438
f 438 1892 440
f 434 432 1893
f 1893 432 430
f 1893 430 1871
f 1871 430 428
f 1871 428 426
f 570 1891 572
f 1890 570 1869
f 1869 570 568
f 1869 568 566
f 665 663 566
f 783 781 1883
f 1883 781 779
f 1883 779 777
f 771 769 1883
f 1883 769 767
f 546 685 548
f 548 685 683
f 548 683 681
f 665 566 667
f 1869 645 643
f 777 775 1883
f 1883 775 773
f 1883 773 771
f 767 765 1883
f 1883 765 763
f 1883 763 761
f 761 759 1883
f 1883 759 757
f 1883 757 755
f 490 488 1868
f 1868 488 486
f 1868 486 1894
f 1894 486 484
f 484 482 1894
f 1894 482 480
f 1894 480 478
f 460 458 1894
f 1895 446 1884
f 1884 446 444
f 1884 444 442
f 358 356 1879
f 1879 356 354
f 1879 354 1896
f 1896 354 353
f 574 1897 576
f 576 1897 1898
f 576 1898 578
f 1891 1899 572
f 572 1899 1900
f 572 1900 574
f 574 1900 1901
f 574 1901 1897
f 675 550 677
f 677 550 548
f 677 548 679
f 679 548 681
f 653 566 655
f 655 566 657
f 653 651 566
f 566 651 649
f 566 649 1869
f 1869 649 647
f 1869 647 645
f 478 476 1894
f 1894 476 474
f 1894 474 472
f 472 470 1894
f 1894 470 468
f 1894 468 466
f 1894 452 1902
f 1902 452 450
f 1902 450 1895
f 1895 450 448
f 1895 448 446
f 580 1903 582
f 582 1903 1904
f 582 1904 353
f 353 1904 1905
f 353 1905 1896
f 1898 1906 578
f 578 1906 1907
f 578 1907 580
f 580 1907 1908
f 580 1908 1903
f 564 562 671
f 671 562 560
f 671 560 673
f 564 671 566
f 566 671 669
f 566 669 667
f 663 661 566
f 566 661 659
f 566 659 657
f 643 641 1869
f 1869 641 639
f 1869 639 637
f 631 629 1869
f 1869 629 627
f 1869 627 625
f 466 464 1894
f 1894 464 462
f 1894 462 460
f 458 456 1894
f 1894 456 454
f 1894 454 452
f 556 554 675
f 675 554 552
f 675 552 550
f 637 635 1869
f 1869 635 633
f 1869 633 631
f 673 560 675
f 675 560 558
f 675 558 556
f 900 898 1868
f 974 972 1909
f 1910 1911 1020
f 1909 972 1912
f 964 962 1913
f 898 896 1868
f 1868 896 894
f 1868 894 892
f 1020 1018 1910
f 1910 1018 1016
f 1910 1016 1914
f 1914 1016 1014
f 1915 1000 998
f 988 1916 990
f 990 1916 1917
f 990 1917 992
f 992 1917 994
f 1913 962 1918
f 1868 880 878
f 858 856 1883
f 1883 856 854
f 1919 1030 1028
f 982 1920 984
f 984 1920 1916
f 984 1916 986
f 986 1916 988
f 972 970 1912
f 1912 970 968
f 1912 968 1913
f 1913 968 966
f 1913 966 964
f 952 950 1921
f 892 890 1868
f 1868 890 888
f 1868 888 886
f 886 884 1868
f 1868 884 882
f 1868 882 880
f 878 876 1868
f 1868 876 874
f 1868 874 872
f 854 852 1883
f 1883 852 850
f 1883 850 848
f 1919 1028 1922
f 1028 1026 1922
f 1922 1026 1024
f 1922 1024 1911
f 1911 1024 1022
f 1911 1022 1020
f 1008 1923 1010
f 1010 1923 1914
f 1010 1914 1012
f 1012 1914 1014
f 1915 998 1917
f 1917 998 996
f 1917 996 994
f 982 980 1920
f 1920 980 978
f 1920 978 1909
f 1909 978 976
f 1909 976 974
f 906 904 1868
f 1868 904 902
f 1868 902 900
f 1008 1006 1923
f 1923 1006 1004
f 1923 1004 1915
f 1915 1004 1002
f 1915 1002 1000
f 962 960 1918
f 1918 960 958
f 1918 958 1924
f 1924 958 956
f 1924 956 1921
f 1921 956 954
f 1921 954 952
f 864 862 1883
f 1883 862 860
f 1883 860 858
f 950 948 1921
f 1921 948 946
f 1921 946 944
f 872 870 1868
f 1868 870 868
f 1868 868 1883
f 1883 868 866
f 1883 866 864
f 848 846 1883
f 1883 846 844
f 1883 844 842
f 828 826 1925
f 815 1926 816
f 816 1926 1927
f 816 1927 818
f 818 1927 1928
f 818 1928 820
f 820 1928 822
f 1030 1919 1032
f 1032 1919 1929
f 1032 1929 1034
f 1034 1929 1930
f 1034 1930 1036
f 1036 1930 1931
f 1036 1931 1038
f 934 1921 936
f 936 1921 938
f 1038 1931 1040
f 1040 1931 1932
f 1040 1932 1042
f 1042 1932 1933
f 1042 1933 1044
f 1044 1933 1934
f 1044 1934 815
f 815 1934 1935
f 815 1935 1926
f 944 942 1921
f 1921 942 940
f 1921 940 938
f 916 914 1868
f 1868 914 912
f 1928 1936 822
f 822 1936 1937
f 822 1937 824
f 824 1937 1938
f 824 1938 826
f 826 1938 1939
f 826 1939 1925
f 934 932 1921
f 1921 932 930
f 1921 930 928
f 928 926 1868
f 1868 926 924
f 1868 924 922
f 912 910 1868
f 1868 910 908
f 1868 908 906
f 836 1940 838
f 838 1940 1883
f 838 1883 840
f 840 1883 842
f 922 920 1868
f 1868 920 918
f 1868 918 916
f 834 832 1941
f 1941 1942 834
f 834 1942 1943
f 834 1943 836
f 836 1943 1944
f 836 1944 1940
f 1925 1945 828
f 828 1945 1946
f 828 1946 830
f 830 1946 1947
f 830 1947 832
f 832 1947 1948
f 832 1948 1941
f 1949 1950 1362
f 1294 1293 1868
f 1382 1381 1921
f 1921 1381 1380
f 1921 1380 1379
f 1951 1952 1336
f 1286 1285 1868
f 1390 1389 1921
f 1921 1389 1388
f 1379 1378 1921
f 1921 1378 1377
f 1921 1377 1376
f 1362 1361 1949
f 1949 1361 1360
f 1949 1360 1953
f 1953 1360 1359
f 928 1868 1921
f 1921 1868 1391
f 1921 1391 1390
f 1954 1955 1368
f 1359 1358 1953
f 1953 1358 1357
f 1953 1357 1956
f 1956 1357 1356
f 1336 1335 1951
f 1951 1335 1334
f 1951 1334 1957
f 1388 1387 1921
f 1921 1387 1386
f 1921 1386 1385
f 1376 1375 1921
f 1921 1375 1374
f 1921 1374 1958
f 1958 1374 1373
f 1958 1373 1959
f 1959 1373 1372
f 1959 1372 1960
f 1960 1372 1371
f 1960 1371 1961
f 1961 1371 1370
f 1961 1370 1955
f 1955 1370 1369
f 1955 1369 1368
f 1353 1962 1354
f 1354 1962 1956
f 1354 1956 1355
f 1355 1956 1356
f 1353 1352 1962
f 1962 1352 1351
f 1962 1351 1963
f 1963 1351 1350
f 1963 1350 1349
f 1346 1964 1347
f 1347 1964 1963
f 1347 1963 1348
f 1348 1963 1349
f 1334 1333 1957
f 1957 1333 1332
f 1957 1332 1965
f 1868 1290 1289
f 1285 1284 1868
f 1868 1284 1283
f 1868 1283 1282
f 1282 1281 1868
f 1868 1281 1280
f 1868 1280 1279
f 1368 1367 1954
f 1954 1367 1366
f 1954 1366 1966
f 1366 1365 1966
f 1966 1365 1364
f 1966 1364 1950
f 1950 1364 1363
f 1950 1363 1362
f 1346 1345 1964
f 1964 1345 1344
f 1964 1344 1967
f 1967 1344 1343
f 1340 1968 1341
f 1341 1968 1967
f 1341 1967 1342
f 1342 1967 1343
f 1332 1331 1965
f 1965 1331 1330
f 1965 1330 1969
f 1969 1330 1329
f 1969 1329 1970
f 1322 1321 1971
f 1971 1321 1320
f 1971 1320 1319
f 1298 1297 1868
f 1293 1292 1868
f 1868 1292 1291
f 1868 1291 1290
f 1289 1288 1868
f 1868 1288 1287
f 1868 1287 1286
f 1279 1278 1868
f 1868 1278 1277
f 1868 1277 1391
f 1385 1384 1921
f 1921 1384 1383
f 1921 1383 1382
f 1340 1339 1968
f 1968 1339 1338
f 1968 1338 1952
f 1952 1338 1337
f 1952 1337 1336
f 1319 1318 1971
f 1971 1318 1317
f 1971 1317 1316
f 1297 1296 1868
f 1868 1296 1295
f 1868 1295 1294
f 1329 1328 1970
f 1970 1328 1327
f 1970 1327 1972
f 1972 1327 1326
f 1972 1326 1973
f 1973 1326 1325
f 1973 1325 1974
f 1974 1325 1324
f 1974 1324 1971
f 1971 1324 1323
f 1971 1323 1322
f 1316 1315 1971
f 1971 1315 1314
f 1971 1314 1313
f 1313 1312 1971
f 1971 1312 1311
f 1971 1311 1310
f 1304 1868 1305
f 1305 1868 1306
f 1304 1303 1868
f 1868 1303 1302
f 1868 1302 1301
f 1301 1300 1868
f 1868 1300 1299
f 1868 1299 1298
f 1310 1309 1971
f 1971 1309 1308
f 1971 1308 1868
f 1868 1308 1307
f 1868 1307 1306
f 1047 1046 1868
f 1868 1046 1275
f 1868 1275 1273
f 1868 1255 1253
f 1261 1259 1868
f 1868 1259 1257
f 1868 1257 1255
f 1273 1271 1868
f 1868 1271 1269
f 1868 1269 1267
f 1267 1265 1868
f 1868 1265 1263
f 1868 1263 1261
f 1181 1179 1975
f 1191 1189 1976
f 1171 1977 1173
f 1173 1977 1978
f 1173 1978 1175
f 1067 1065 1894
f 1894 1065 1063
f 1894 1063 1868
f 1868 1063 1061
f 1868 1061 1059
f 1059 1057 1868
f 1868 1057 1055
f 1868 1055 1053
f 1053 1051 1868
f 1868 1051 1049
f 1868 1049 1047
f 1253 1251 1868
f 1868 1251 1249
f 1868 1249 1247
f 1975 1179 1978
f 1978 1179 1177
f 1978 1177 1175
f 1163 1161 1979
f 1979 1161 1159
f 1979 1159 1980
f 1980 1159 1157
f 1073 1894 1075
f 1075 1894 1077
f 1073 1071 1894
f 1894 1071 1069
f 1894 1069 1067
f 1976 1189 1981
f 1091 1089 1894
f 1083 1081 1894
f 1894 1081 1079
f 1894 1079 1077
f 1189 1187 1981
f 1981 1187 1185
f 1981 1185 1975
f 1975 1185 1183
f 1975 1183 1181
f 1151 1982 1153
f 1153 1982 1980
f 1153 1980 1155
f 1155 1980 1157
f 1141 1983 1143
f 1143 1983 1984
f 1141 1139 1983
f 1983 1139 1137
f 1983 1137 1985
f 1089 1087 1894
f 1894 1087 1085
f 1894 1085 1083
f 1171 1169 1977
f 1977 1169 1167
f 1977 1167 1979
f 1979 1167 1165
f 1979 1165 1163
f 1151 1149 1982
f 1982 1149 1147
f 1982 1147 1984
f 1984 1147 1145
f 1984 1145 1143
f 1217 1215 1971
f 1971 1215 1213
f 1971 1201 1986
f 1986 1201 1199
f 1986 1199 1987
f 1199 1197 1987
f 1987 1197 1195
f 1987 1195 1976
f 1976 1195 1193
f 1976 1193 1191
f 1213 1211 1971
f 1971 1211 1209
f 1971 1209 1207
f 1207 1205 1971
f 1971 1205 1203
f 1971 1203 1201
f 1988 1129 1989
f 1989 1129 1127
f 1989 1127 1990
f 1103 1991 1105
f 1105 1991 1992
f 1105 1992 1107
f 1247 1245 1868
f 1868 1245 1243
f 1868 1243 1241
f 1137 1135 1985
f 1985 1135 1133
f 1985 1133 1988
f 1988 1133 1131
f 1988 1131 1129
f 1992 1993 1107
f 1107 1993 1994
f 1107 1994 1109
f 1109 1994 1995
f 1109 1995 1111
f 1111 1995 1996
f 1111 1996 1113
f 1113 1996 1997
f 1113 1997 1115
f 1115 1997 1998
f 1115 1998 1117
f 1117 1998 1999
f 1117 1999 1119
f 1119 1999 2000
f 1119 2000 1121
f 1121 2000 2001
f 1121 2001 1123
f 1123 2001 1990
f 1123 1990 1125
f 1125 1990 1127
f 1095 1093 2002
f 1099 2003 1101
f 1101 2003 2004
f 1101 2004 1103
f 1103 2004 2005
f 1103 2005 1991
f 1894 2006 1091
f 1091 2006 2007
f 1091 2007 1093
f 1093 2007 2008
f 1093 2008 2002
f 1241 1239 1868
f 1868 1239 1237
f 1868 1237 1235
f 1235 1233 1868
f 1868 1233 1231
f 1868 1231 1971
f 1971 1231 1229
f 1229 1227 1971
f 1971 1227 1225
f 1971 1225 1223
f 1223 1221 1971
f 1971 1221 1219
f 1971 1219 1217
f 1097 2009 1099
f 1099 2009 2010
f 1099 2010 2003
f 2002 2011 1095
f 1095 2011 2012
f 1095 2012 1097
f 1097 2012 2013
f 1097 2013 2009
f 2014 2015 2016
f 2014 2016 2017
f 2017 2016 2018
f 2017 2018 2019
f 2019 2018 2020
f 2019 2020 2021
f 2021 2020 2022
f 2021 2022 2023
f 2023 2022 2024
f 2023 2024 2025
f 2025 2024 2026
f 2025 2026 2027
f 2027 2026 2028
f 2027 2028 2029
f 2029 2028 2030
f 2029 2030 2031
f 2031 2030 2032
f 2031 2032 2033
f 2033 2032 2034
f 2033 2034 2035
f 2035 2034 2036
f 2035 2036 2037
f 2037 2036 2038
f 2037 2038 2039
f 2039 2038 2040
f 2039 2040 2041
f 2041 2040 2042
f 2041 2042 2043
f 2043 2042 2044
f 2043 2044 2045
f 2045 2044 2046
f 2045 2046 2047
f 2047 2046 2048
f 2047 2048 2049
f 2049 2048 2050
f 2049 2050 2051
f 2051 2050 2052
f 2051 2052 2053
f 2053 2052 2054
f 2053 2054 2055
f 2055 2054 2056
f 2055 2056 2057
f 2057 2056 2058
f 2057 2058 2059
f 2059 2058 2060
f 2059 2060 2061
f 2061 2060 2062
f 2061 2062 2063
f 2063 2062 2064
f 2063 2064 2065
f 2065 2064 2066
f 2065 2066 2067
f 2067 2066 2068
f 2067 2068 2069
f 2069 2068 2070
f 2069 2070 2071
f 2071 2070 2072
f 2071 2072 2073
f 2073 2072 2074
f 2073 2074 2075
f 2075 2074 2076
f 2075 2076 2077
f 2077 2076 2078
f 2077 2078 2079
f 2079 2078 2080
f 2079 2080 2081
f 2081 2080 2082
f 2081 2082 2083
f 2083 2082 2084
f 2083 2084 2085
f 2085 2084 2086
f 2085 2086 2087
f 2087 2086 2088
f 2087 2088 2089
f 2089 2088 2090
f 2089 2090 2091
f 2091 2090 2092
f 2091 2092 2093
f 2093 2092 2094
f 2093 2094 2095
f 2095 2094 2096
f 2095 2096 2097
f 2097 2096 2098
f 2097 2098 2099
f 2099 2098 2100
f 2099 2100 2101
f 2101 2100 2102
f 2101 2102 2103
f 2103 2102 2104
f 2103 2104 2105
f 2105 2104 2106
f 2105 2106 2107
f 2107 2106 2108
f 2107 2108 2109
f 2109 2108 2110
f 2109 2110 2111
f 2111 2110 2112
f 2111 2112 2113
f 2113 2112 2114
f 2113 2114 2115
f 2115 2114 2116
f 2115 2116 2117
f 2117 2116 2118
f 2117 2118 2119
f 2119 2118 2120
f 2119 2120 2121
f 2121 2120 2122
f 2121 2122 2123
f 2123 2122 2124
f 2123 2124 2125
f 2125 2124 2126
f 2125 2126 2127
f 2127 2126 2128
f 2127 2128 2129
f 2129 2128 2130
f 2129 2130 2131
f 2131 2130 2132
f 2131 2132 2133
f 2133 2132 2134
f 2133 2134 2135
f 2135 2134 2136
f 2135 2136 2137
f 2137 2136 2138
f 2137 2138 2139
f 2139 2138 2140
f 2139 2140 2141
f 2141 2140 2142
f 2141 2142 2143
f 2143 2142 2144
f 2143 2144 2145
f 2145 2144 2146
f 2145 2146 2147
f 2147 2146 2148
f 2147 2148 2149
f 2149 2148 2150
f 2149 2150 2151
f 2151 2150 2152
f 2151 2152 2153
f 2153 2152 2154
f 2153 2154 2155
f 2155 2154 2156
f 2155 2156 2157
f 2157 2156 2158
f 2157 2158 2159
f 2159 2158 2160
f 2159 2160 2161
f 2161 2160 2162
f 2161 2162 2163
f 2163 2162 2164
f 2163 2164 2165
f 2165 2164 2166
f 2165 2166 2167
f 2167 2166 2168
f 2167 2168 2169
f 2169 2168 2170
f 2169 2170 2171
f 2171 2170 2172
f 2171 2172 2173
f 2173 2172 2174
f 2173 2174 2175
f 2175 2174 2176
f 2175 2176 2177
f 2177 2176 2178
f 2177 2178 2179
f 2179 2178 2180
f 2179 2180 2181
f 2181 2180 2182
f 2181 2182 2183
f 2183 2182 2184
f 2183 2184 2185
f 2185 2184 2186
f 2186 2184 2187
f 2015 2014 2188
f 2188 2014 2189
f 2190 2191 1853
f 1853 2191 1862
f 2191 2192 1862
f 1862 2192 2193
f 1862 2193 1859
f 2193 2194 1859
f 1859 2194 2195
f 1859 2195 1860
f 2195 2196 1860
f 1860 2196 2197
f 1860 2197 1880
f 2197 2198 1880
f 1880 2198 2199
f 1880 2199 1881
f 2199 2200 1881
f 1881 2200 2201
f 1881 2201 1877
f 2201 2202 1877
f 1877 2202 2203
f 1877 2203 1869
f 2203 2204 1869
f 1869 2204 2205
f 1869 2205 1890
f 2205 2206 1890
f 1890 2206 2207
f 1890 2207 1891
f 2207 2208 1891
f 1891 2208 2209
f 1891 2209 1899
f 2209 2210 1899
f 1899 2210 2211
f 1899 2211 1900
f 2211 2212 1900
f 1900 2212 2213
f 1900 2213 1901
f 2213 2214 1901
f 1901 2214 2215
f 1901 2215 1897
f 2215 2216 1897
f 1897 2216 2217
f 1897 2217 1898
f 2217 2218 1898
f 1898 2218 2219
f 1898 2219 1906
f 2219 2220 1906
f 1906 2220 2221
f 1906 2221 1907
f 2221 2222 1907
f 1907 2222 2223
f 1907 2223 1908
f 2223 2224 1908
f 1908 2224 2225
f 1908 2225 1903
f 2225 2226 1903
f 1903 2226 2227
f 1903 2227 1904
f 2227 2228 1904
f 1904 2228 2229
f 1904 2229 1905
f 2229 2230 1905
f 1905 2230 2231
f 1905 2231 1896
f 2231 2232 1896
f 1896 2232 2233
f 1896 2233 1879
f 2233 2234 1879
f 1879 2234 2235
f 1879 2235 1878
f 2235 2236 1878
f 1878 2236 2237
f 1878 2237 1889
f 2237 2238 1889
f 1889 2238 2239
f 1889 2239 1888
f 2239 2240 1888
f 1888 2240 2241
f 1888 2241 1887
f 2241 2242 1887
f 1887 2242 2243
f 1887 2243 1886
f 2243 2244 1886
f 1886 2244 2245
f 1886 2245 1885
f 2245 2246 1885
f 1885 2246 2247
f 1885 2247 1876
f 2247 2248 1876
f 1876 2248 2249
f 1876 2249 1875
f 2249 2250 1875
f 1875 2250 2251
f 1875 2251 1874
f 2251 2252 1874
f 1874 2252 2253
f 1874 2253 1873
f 2253 2254 1873
f 1873 2254 2255
f 1873 2255 1866
f 2255 2256 1866
f 1866 2256 2257
f 1866 2257 1867
f 2257 2258 1867
f 1867 2258 2259
f 1867 2259 1865
f 2259 2260 1865
f 1865 2260 2261
f 1865 2261 1858
f 2261 2262 1858
f 1858 2262 2263
f 1858 2263 1863
f 2263 2264 1863
f 1863 2264 2265
f 1863 2265 1864
f 2265 2266 1864
f 1864 2266 2267
f 1864 2267 1872
f 2267 2268 1872
f 1872 2268 2269
f 1872 2269 1870
f 2269 2270 1870
f 1870 2270 2271
f 1870 2271 1871
f 2271 2272 1871
f 1871 2272 2273
f 1871 2273 1893
f 2273 2274 1893
f 1893 2274 2275
f 1893 2275 1892
f 2275 2276 1892
f 1892 2276 2277
f 1892 2277 1884
f 2277 2278 1884
f 1884 2278 2279
f 1884 2279 1895
f 2279 2280 1895
f 1895 2280 2281
f 1895 2281 1902
f 1902 2281 2282
f 1902 2282 1894
f 1894 2282 2283
f 1894 2283 2006
f 2283 2284 2006
f 2006 2284 2285
f 2006 2285 2007
f 2285 2286 2007
f 2007 2286 2287
f 2007 2287 2008
f 2287 2288 2008
f 2008 2288 2289
f 2008 2289 2002
f 2289 2290 2002
f 2002 2290 2291
f 2002 2291 2011
f 2291 2292 2011
f 2011 2292 2293
f 2011 2293 2012
f 2293 2294 2012
f 2012 2294 2295
f 2012 2295 2013
f 2295 2296 2013
f 2013 2296 2297
f 2013 2297 2009
f 2297 2298 2009
f 2009 2298 2299
f 2009 2299 2010
f 2299 2300 2010
f 2010 2300 2301
f 2010 2301 2003
f 2301 2302 2003
f 2003 2302 2303
f 2003 2303 2004
f 2303 2304 2004
f 2004 2304 2305
f 2004 2305 2005
f 2305 2306 2005
f 2005 2306 2307
f 2005 2307 1991
f 2307 2308 1991
f 1991 2308 2309
f 1991 2309 1992
f 2309 2310 1992
f 1992 2310 2311
f 1992 2311 1993
f 2311 2312 1993
f 1993 2312 2313
f 1993 2313 1994
f 2313 2314 1994
f 1994 2314 2315
f 1994 2315 1995
f 2315 2316 1995
f 1995 2316 2317
f 1995 2317 1996
f 2317 2318 1996
f 1996 2318 2319
f 1996 2319 1997
f 2319 2320 1997
f 1997 2320 2321
f 1997 2321 1998
f 2321 2322 1998
f 1998 2322 2323
f 1998 2323 1999
f 2323 2324 1999
f 1999 2324 2325
f 1999 2325 2000
f 2325 2326 2000
f 2000 2326 2327
f 2000 2327 2001
f 2327 2328 2001
f 2001 2328 2329
f 2001 2329 1990
f 2329 2330 1990
f 1990 2330 2331
f 1990 2331 1989
f 2331 2332 1989
f 1989 2332 2333
f 1989 2333 1988
f 2333 2334 1988
f 1988 2334 2335
f 1988 2335 1985
f 2335 2336 1985
f 1985 2336 2337
f 1985 2337 1983
f 2337 2338 1983
f 1983 2338 2339
f 1983 2339 1984
f 2339 2340 1984
f 1984 2340 2341
f 1984 2341 1982
f 2341 2342 1982
f 1982 2342 2343
f 1982 2343 1980
f 2343 2344 1980
f 1980 2344 2345
f 1980 2345 1979
f 2345 2346 1979
f 1979 2346 2347
f 1979 2347 1977
f 2347 2348 1977
f 1977 2348 2349
f 1977 2349 1978
f 2349 2350 1978
f 1978 2350 2351
f 1978 2351 1975
f 2351 2352 1975
f 1975 2352 2353
f 1975 2353 1981
f 2353 2354 1981
f 1981 2354 2355
f 1981 2355 1976
f 2355 2356 1976
f 1976 2356 2357
f 1976 2357 1987
f 2357 2358 1987
f 1987 2358 2359
f 1987 2359 1986
f 1986 2359 2360
f 1986 2360 1971
f 1971 2360 2361
f 1971 2361 1974
f 2361 2362 1974
f 1974 2362 2363
f 1974 2363 1973
f 2363 2364 1973
f 1973 2364 2365
f 1973 2365 1972
f 2365 2366 1972
f 1972 2366 2367
f 1972 2367 1970
f 2367 2368 1970
f 1970 2368 2369
f 1970 2369 1969
f 2369 2370 1969
f 1969 2370 2371
f 1969 2371 1965
f 2371 2372 1965
f 1965 2372 2373
f 1965 2373 1957
f 2373 2374 1957
f 1957 2374 2375
f 1957 2375 1951
f 2375 2376 1951
f 1951 2376 2377
f 1951 2377 1952
f 2377 2378 1952
f 1952 2378 2379
f 1952 2379 1968
f 2379 2380 1968
f 1968 2380 2381
f 1968 2381 1967
f 2381 2382 1967
f 1967 2382 2383
f 1967 2383 1964
f 2383 2384 1964
f 1964 2384 2385
f 1964 2385 1963
f 2385 2386 1963
f 1963 2386 2387
f 1963 2387 1962
f 2387 2388 1962
f 1962 2388 2389
f 1962 2389 1956
f 2389 2390 1956
f 1956 2390 2391
f 1956 2391 1953
f 2391 2392 1953
f 1953 2392 2393
f 1953 2393 1949
f 2393 2394 1949
f 1949 2394 2395
f 1949 2395 1950
f 2395 2396 1950
f 1950 2396 2397
f 1950 2397 1966
f 2397 2398 1966
f 1966 2398 2399
f 1966 2399 1954
f 2399 2400 1954
f 1954 2400 2401
f 1954 2401 1955
f 2401 2402 1955
f 1955 2402 2403
f 1955 2403 1961
f 2403 2404 1961
f 1961 2404 2405
f 1961 2405 1960
f 2405 2406 1960
f 1960 2406 2407
f 1960 2407 1959
f 2407 2408 1959
f 1959 2408 2409
f 1959 2409 1958
f 1958 2409 2410
f 1958 2410 1921
f 1921 2410 2411
f 1921 2411 1924
f 2411 2412 1924
f 1924 2412 2413
f 1924 2413 1918
f 2413 2414 1918
f 1918 2414 2415
f 1918 2415 1913
f 2415 2416 1913
f 1913 2416 2417
f 1913 2417 1912
f 2417 2418 1912
f 1912 2418 2419
f 1912 2419 1909
f 2419 2420 1909
f 1909 2420 2421
f 1909 2421 1920
f 2421 2422 1920
f 1920 2422 2423
f 1920 2423 1916
f 2423 2424 1916
f 1916 2424 2425
f 1916 2425 1917
f 2425 2426 1917
f 1917 2426 2427
f 1917 2427 1915
f 2427 2428 1915
f 1915 2428 2429
f 1915 2429 1923
f 2429 2430 1923
f 1923 2430 2431
f 1923 2431 1914
f 2431 2432 1914
f 1914 2432 2433
f 1914 2433 1910
f 2433 2434 1910
f 1910 2434 2435
f 1910 2435 1911
f 2435 2436 1911
f 1911 2436 2437
f 1911 2437 1922
f 2437 2438 1922
f 1922 2438 2439
f 1922 2439 1919
f 2439 2440 1919
f 1919 2440 2441
f 1919 2441 1929
f 2441 2442 1929
f 1929 2442 2443
f 1929 2443 1930
f 2443 2444 1930
f 1930 2444 2445
f 1930 2445 1931
f 2445 2446 1931
f 1931 2446 2447
f 1931 2447 1932
f 2447 2448 1932
f 1932 2448 2449
f 1932 2449 1933
f 2449 2450 1933
f 1933 2450 2451
f 1933 2451 1934
f 2451 2452 1934
f 1934 2452 2453
f 1934 2453 1935
f 2453 2454 1935
f 1935 2454 2455
f 1935 2455 1926
f 2455 2456 1926
f 1926 2456 2457
f 1926 2457 1927
f 2457 2458 1927
f 1927 2458 2459
f 1927 2459 1928
f 2459 2460 1928
f 1928 2460 2461
f 1928 2461 1936
f 2461 2462 1936
f 1936 2462 2463
f 1936 2463 1937
f 2463 2464 1937
f 1937 2464 2465
f 1937 2465 1938
f 2465 2466 1938
f 1938 2466 2467
f 1938 2467 1939
f 2467 2468 1939
f 1939 2468 2469
f 1939 2469 1925
f 2469 2470 1925
f 1925 2470 2471
f 1925 2471 1945
f 2471 2472 1945
f 1945 2472 2473
f 1945 2473 1946
f 2473 2474 1946
f 1946 2474 2475
f 1946 2475 1947
f 2475 2476 1947
f 1947 2476 2477
f 1947 2477 1948
f 2477 2478 1948
f 1948 2478 2479
f 1948 2479 1941
f 2479 2480 1941
f 1941 2480 2481
f 1941 2481 1942
f 2481 2482 1942
f 1942 2482 2483
f 1942 2483 1943
f 2483 2484 1943
f 1943 2484 2485
f 1943 2485 1944
f 2485 2486 1944
f 1944 2486 2487
f 1944 2487 1940
f 2487 2488 1940
f 1940 2488 2489
f 1940 2489 1883
f 1883 2489 2490
f 1883 2490 1882
f 1882 2490 2491
f 1882 2491 1861
f 2491 2492 1861
f 1861 2492 2493
f 1861 2493 1855
f 2493 2494 1855
f 1855 2494 2495
f 1855 2495 1852
f 1852 2495 2496
f 1852 2496 1856
f 2496 2497 1856
f 1856 2497 2498
f 1856 2498 1857
f 2498 2499 1857
f 1857 2499 2500
f 1857 2500 1854
f 2500 2501 1854
f 1854 2501 2502
f 1854 2502 1853
f 1853 2502 2503
f 1853 2503 2190
f 2504 2505 2506
f 2507 2508 2509
f 2507 2509 2510
f 2511 2512 2513
f 2514 2509 2515
f 2515 2509 2516
f 2517 2518 2519
f 2520 2521 2509
f 2509 2521 2522
f 2509 2522 2523
f 2524 2525 2513
f 2513 2525 2526
f 2513 2526 2527
f 2527 2528 2513
f 2513 2528 2529
f 2513 2529 2530
f 2531 2532 2533
f 2508 2534 2509
f 2509 2534 2535
f 2509 2535 2536
f 2536 2537 2509
f 2509 2537 2538
f 2509 2538 2516
f 2539 2540 2541
f 2542 2543 2541
f 2541 2543 2544
f 2541 2544 2545
f 2514 2546 2509
f 2509 2546 2547
f 2509 2547 2520
f 2523 2548 2509
f 2509 2548 2549
f 2509 2549 2550
f 2504 2506 2551
f 2551 2506 2509
f 2551 2509 2552
f 2553 2554 2513
f 2513 2554 2555
f 2513 2555 2524
f 2556 2557 2513
f 2513 2557 2558
f 2513 2558 2511
f 2559 2560 2561
f 2540 2562 2541
f 2541 2562 2563
f 2541 2563 2542
f 2545 2564 2541
f 2541 2564 2565
f 2541 2565 2566
f 2566 2567 2541
f 2541 2567 2568
f 2541 2568 2569
f 2550 2570 2509
f 2509 2570 2571
f 2509 2571 2572
f 2573 2574 2509
f 2509 2574 2575
f 2509 2575 2552
f 2530 2576 2513
f 2513 2576 2577
f 2513 2577 2556
f 2578 2579 2513
f 2513 2579 2580
f 2513 2580 2581
f 2518 2582 2519
f 2519 2582 2583
f 2519 2583 2584
f 2585 2586 2541
f 2541 2586 2587
f 2588 2589 2590
f 2590 2591 2588
f 2588 2591 2592
f 2588 2592 2593
f 2572 2594 2509
f 2509 2594 2595
f 2509 2595 2573
f 2512 2596 2513
f 2513 2596 2597
f 2513 2597 2578
f 2581 2598 2513
f 2513 2598 2599
f 2513 2599 2600
f 2601 2602 2603
f 2561 2560 2604
f 2604 2560 2605
f 2604 2605 2606
f 2607 2608 2609
f 2610 2611 2533
f 2533 2611 2612
f 2533 2612 2613
f 2614 2615 2616
f 2616 2615 2617
f 2616 2617 2618
f 2618 2619 2616
f 2616 2619 2620
f 2616 2620 2621
f 2622 2623 2541
f 2607 2609 2588
f 2588 2609 2624
f 2588 2624 2625
f 2625 2626 2588
f 2588 2626 2627
f 2588 2627 2589
f 2593 2628 2588
f 2588 2628 2629
f 2588 2629 2630
f 2630 2631 2588
f 2588 2631 2632
f 2588 2632 2633
f 2588 2634 2635
f 2636 2637 2513
f 2513 2637 2638
f 2513 2638 2553
f 2639 2640 2541
f 2541 2640 2641
f 2541 2641 2539
f 2642 2643 2644
f 2644 2643 2601
f 2644 2601 2645
f 2645 2601 2603
f 2559 2561 2646
f 2646 2561 2647
f 2646 2647 2648
f 2648 2647 2649
f 2648 2649 2650
f 2650 2649 2651
f 2650 2651 2652
f 2652 2651 2653
f 2652 2653 2654
f 2654 2653 2655
f 2654 2655 2656
f 2656 2655 2657
f 2656 2657 2658
f 2658 2657 2659
f 2658 2659 2602
f 2602 2659 2660
f 2602 2660 2603
f 2532 2661 2533
f 2533 2661 2662
f 2533 2662 2663
f 2664 2665 2541
f 2541 2665 2666
f 2587 2667 2541
f 2541 2667 2668
f 2541 2668 2509
f 2509 2668 2669
f 2509 2669 2510
f 2633 2670 2588
f 2588 2670 2671
f 2588 2671 2634
f 2569 2672 2541
f 2541 2672 2673
f 2541 2673 2674
f 2674 2675 2541
f 2541 2675 2676
f 2541 2676 2677
f 2678 2679 2541
f 2541 2679 2680
f 2541 2680 2681
f 2642 2682 2643
f 2643 2682 2683
f 2643 2683 2599
f 2599 2683 2684
f 2599 2684 2600
f 2663 2685 2533
f 2533 2685 2686
f 2533 2686 2687
f 2687 2688 2533
f 2533 2688 2689
f 2533 2689 2690
f 2690 2691 2533
f 2533 2691 2692
f 2533 2692 2610
f 2613 2693 2533
f 2533 2693 2694
f 2533 2694 2695
f 2696 2533 2697
f 2697 2533 2698
f 2621 2699 2616
f 2616 2699 2700
f 2616 2700 2701
f 2702 2541 2703
f 2703 2541 2704
f 2705 2706 2541
f 2541 2706 2707
f 2541 2707 2664
f 2666 2708 2541
f 2541 2708 2709
f 2541 2709 2585
f 2635 2710 2588
f 2588 2710 2711
f 2588 2711 2712
f 2677 2713 2541
f 2541 2713 2714
f 2541 2714 2678
f 2715 2716 2717
f 2717 2716 2718
f 2717 2718 2719
f 2605 2720 2606
f 2606 2720 2721
f 2606 2721 2722
f 2722 2721 2723
f 2722 2723 2724
f 2724 2723 2725
f 2724 2725 2726
f 2726 2725 2717
f 2695 2727 2533
f 2533 2727 2728
f 2533 2728 2698
f 2729 2730 2616
f 2616 2730 2731
f 2616 2731 2732
f 2623 2733 2541
f 2541 2733 2734
f 2541 2734 2704
f 2702 2735 2541
f 2541 2735 2736
f 2541 2736 2705
f 2517 2519 2717
f 2717 2519 2737
f 2717 2737 2715
f 2738 2739 2717
f 2717 2739 2740
f 2717 2740 2741
f 2741 2742 2717
f 2717 2742 2743
f 2717 2743 2744
f 2744 2745 2717
f 2717 2745 2746
f 2717 2746 2726
f 2696 2747 2533
f 2533 2747 2748
f 2533 2748 2749
f 2701 2750 2616
f 2616 2750 2751
f 2616 2751 2729
f 2614 2616 2752
f 2752 2616 2753
f 2752 2753 2637
f 2719 2754 2717
f 2717 2754 2755
f 2717 2755 2738
f 2756 2757 2506
f 2749 2758 2533
f 2533 2758 2759
f 2533 2759 2541
f 2541 2759 2760
f 2541 2760 2639
f 2732 2761 2616
f 2616 2761 2762
f 2616 2762 2763
f 2763 2762 2764
f 2763 2764 2765
f 2765 2766 2763
f 2763 2766 2767
f 2763 2767 2768
f 2756 2506 2769
f 2768 2770 2763
f 2763 2770 2771
f 2763 2771 2772
f 2773 2774 2541
f 2775 2776 2752
f 2752 2776 2777
f 2778 2779 2780
f 2780 2779 2781
f 2780 2781 2782
f 2782 2783 2780
f 2780 2783 2784
f 2780 2784 2785
f 2607 2786 2608
f 2608 2786 2787
f 2608 2787 2505
f 2505 2787 2788
f 2505 2788 2506
f 2506 2788 2789
f 2506 2789 2769
f 2681 2790 2541
f 2541 2790 2791
f 2541 2791 2763
f 2772 2792 2763
f 2763 2792 2793
f 2763 2793 2541
f 2541 2793 2794
f 2541 2794 2773
f 2774 2795 2541
f 2541 2795 2796
f 2541 2796 2622
f 2797 2798 2752
f 2752 2798 2799
f 2752 2799 2775
f 2752 2800 2801
f 2712 2802 2588
f 2588 2802 2780
f 2588 2780 2803
f 2803 2780 2785
f 2584 2531 2519
f 2519 2531 2533
f 2519 2533 2804
f 2804 2533 2805
f 2804 2805 2806
f 2806 2805 2807
f 2806 2807 2808
f 2808 2807 2809
f 2808 2809 2810
f 2810 2809 2811
f 2810 2811 2812
f 2812 2811 2813
f 2812 2813 2814
f 2814 2813 2815
f 2814 2815 2816
f 2816 2815 2817
f 2816 2817 2818
f 2818 2817 2819
f 2818 2819 2820
f 2820 2819 2821
f 2820 2821 2822
f 2822 2821 2823
f 2822 2823 2824
f 2824 2823 2825
f 2824 2825 2826
f 2826 2825 2827
f 2826 2827 2828
f 2636 2829 2637
f 2637 2829 2830
f 2637 2830 2752
f 2752 2830 2831
f 2752 2831 2797
f 2777 2832 2752
f 2752 2832 2833
f 2752 2833 2800
f 2801 2834 2752
f 2752 2834 2835
f 2752 2835 2836
f 2836 2837 2752
f 2752 2837 2838
f 2752 2838 2780
f 2780 2838 2839
f 2780 2839 2778
f 2757 2840 2506
f 2506 2840 2841
f 2506 2841 2842
f 2842 2841 2843
f 2842 2843 2844
f 2844 2843 2845
f 2844 2845 2846
f 2846 2845 2847
f 2846 2847 2848
f 2848 2847 2849
f 2848 2849 2850
f 2850 2849 2851
f 2850 2851 2852
f 2852 2851 2853
f 2852 2853 2854
f 2854 2853 2855
f 2854 2855 2856
f 2856 2855 2857
f 2856 2857 2858
f 2858 2857 2859
f 2858 2859 2860
f 2860 2859 2861
f 2860 2861 2862
f 2862 2861 2863
f 2862 2863 2864
f 2864 2863 2865
f 2864 2865 2866
f 2866 2865 2867
f 2866 2867 2868
f 2868 2867 2869
f 2870 2871 2872
f 2872 2871 2873
f 2872 2873 2874
f 2874 2873 2875
f 2874 2875 2876
f 2876 2875 2877
f 2876 2877 2878
f 2878 2877 2879
f 2878 2879 2880
f 2880 2879 2881
f 2880 2881 2882
f 2882 2881 2883
f 2882 2883 2884
f 2884 2883 2885
f 2884 2885 2886
f 2886 2885 2887
f 2886 2887 2888
f 2888 2887 2889
f 2888 2889 2890
f 2890 2889 2891
f 2890 2891 2892
f 2892 2891 2893
f 2892 2893 2894
f 2894 2893 2895
f 2894 2895 2869
f 2869 2895 2896
f 2869 2896 2868
f 2827 2897 2828
f 2828 2897 2898
f 2828 2898 2899
f 2899 2898 2900
f 2899 2900 2901
f 2901 2900 2902
f 2901 2902 2903
f 2903 2902 2904
f 2903 2904 2905
f 2905 2904 2906
f 2905 2906 2907
f 2907 2906 2908
f 2907 2908 2909
f 2909 2908 2910
f 2909 2910 2911
f 2911 2910 2912
f 2911 2912 2913
f 2913 2912 2914
f 2913 2914 2915
f 2915 2914 2916
f 2915 2916 2917
f 2917 2916 2918
f 2917 2918 2919
f 2919 2918 2920
f 2919 2920 2921
f 2921 2920 2922
f 2921 2922 2923
f 2922 2924 2923
f 2923 2924 2925
f 2923 2925 2926
f 2926 2925 2927
f 2926 2927 2928
f 2928 2927 2929
f 2928 2929 2930
f 2930 2929 2931
f 2930 2931 2932
f 2932 2931 2933
f 2932 2933 2934
f 2934 2933 2935
f 2934 2935 2936
f 2936 2935 2937
f 2936 2937 2938
f 2938 2937 2939
f 2938 2939 2940
f 2940 2939 2941
f 2940 2941 2942
f 2942 2941 2943
f 2942 2943 2944
f 2944 2943 2945
f 2944 2945 2946
f 2946 2945 2947
f 2946 2947 2948
f 2948 2947 2949
f 2948 2949 2950
f 2950 2949 2951
f 2950 2951 2952
f 2951 2953 2952
f 2952 2953 2954
f 2952 2954 2955
f 2955 2954 2956
f 2955 2956 2957
f 2957 2956 2958
f 2957 2958 2959
f 2959 2958 2960
f 2959 2960 2961
f 2961 2960 2962
f 2961 2962 2963
f 2963 2962 2964
f 2963 2964 2965
f 2965 2964 2966
f 2965 2966 2967
f 2967 2966 2968
f 2967 2968 2969
f 2969 2968 2970
f 2969 2970 2971
f 2971 2970 2972
f 2971 2972 2973
f 2973 2972 2974
f 2973 2974 2975
f 2975 2974 2976
f 2975 2976 2977
f 2977 2976 2978
f 2977 2978 2870
f 2870 2978 2979
f 2870 2979 2871
f 1450 2980 1451
f 1451 2980 2981
f 1451 2981 1452
f 1452 2981 2982
f 1452 2982 1453
f 1453 2982 2983
f 1453 2983 1454
f 1454 2983 2984
f 1454 2984 1455
f 1455 2984 2985
f 1455 2985 1456
f 1456 2985 2986
f 1456 2986 1457
f 1457 2986 2987
f 1457 2987 1458
f 1458 2987 2988
f 1458 2988 1459
f 1459 2988 2989
f 1459 2989 1460
f 1460 2989 2990
f 1460 2990 1461
f 1461 2990 2991
f 1461 2991 1462
f 1462 2991 2992
f 1462 2992 1463
f 1463 2992 2993
f 1463 2993 1464
f 1464 2993 2994
f 1464 2994 1465
f 1465 2994 2995
f 1465 2995 1466
f 1466 2995 2996
f 1466 2996 1467
f 1467 2996 2997
f 1467 2997 1468
f 1468 2997 2998
f 1468 2998 1469
f 1469 2998 2999
f 1469 2999 1470
f 1470 2999 3000
f 1470 3000 1471
f 1471 3000 3001
f 1471 3001 1472
f 1472 3001 3002
f 1472 3002 1473
f 1473 3002 3003
f 1473 3003 1474
f 1474 3003 3004
f 1474 3004 1475
f 1475 3004 3005
f 1475 3005 1476
f 1476 3005 3006
f 1476 3006 1477
f 1477 3006 3007
f 1477 3007 1478
f 1478 3007 3008
f 1478 3008 1479
f 1479 3008 3009
f 1479 3009 1480
f 1480 3009 3010
f 1480 3010 1481
f 1481 3010 3011
f 1481 3011 1482
f 1482 3011 3012
f 1482 3012 1483
f 1483 3012 3013
f 1483 3013 1484
f 1484 3013 3014
f 1484 3014 1485
f 1485 3014 3015
f 1485 3015 1486
f 1486 3015 3016
f 1486 3016 1487
f 1487 3016 3017
f 1487 3017 1488
f 1488 3017 3018
f 1488 3018 1489
f 1489 3018 3019
f 1489 3019 1490
f 1490 3019 3020
f 1490 3020 1491
f 1491 3020 3021
f 1491 3021 1492
f 1492 3021 3022
f 1492 3022 1493
f 1493 3022 3023
f 1493 3023 1494
f 1494 3023 3024
f 1494 3024 1495
f 1495 3024 3025
f 1495 3025 1496
f 1496 3025 3026
f 1496 3026 1497
f 1497 3026 3027
f 1497 3027 1498
f 1498 3027 3028
f 1498 3028 1499
f 1499 3028 3029
f 1499 3029 1500
f 1500 3029 3030
f 1500 3030 1501
f 1501 3030 3031
f 1501 3031 1502
f 1502 3031 3032
f 1502 3032 1503
f 1503 3032 3033
f 1503 3033 1504
f 1504 3033 3034
f 1504 3034 1505
f 1505 3034 3035
f 1505 3035 1506
f 1506 3035 3036
f 1506 3036 1392
f 1392 3036 3037
f 1392 3037 1393
f 1393 3037 3038
f 1393 3038 1394
f 1394 3038 3039
f 1394 3039 1395
f 1395 3039 3040
f 1395 3040 1396
f 1396 3040 3041
f 1396 3041 1397
f 1397 3041 3042
f 1397 3042 1398
f 1398 3042 3043
f 1398 3043 1399
f 1399 3043 3044
f 1399 3044 1400
f 1400 3044 3045
f 1400 3045 1401
f 1401 3045 3046
f 1401 3046 1402
f 1402 3046 3047
f 1402 3047 1403
f 1403 3047 3048
f 1403 3048 1404
f 1404 3048 3049
f 1404 3049 1405
f 1405 3049 3050
f 1405 3050 1406
f 1406 3050 3051
f 1406 3051 1407
f 1407 3051 3052
f 1407 3052 1408
f 1408 3052 3053
f 1408 3053 1409
f 1409 3053 3054
f 1409 3054 1410
f 1410 3054 3055
f 1410 3055 1411
f 1411 3055 3056
f 1411 3056 1412
f 1412 3056 3057
f 1412 3057 1413
f 1413 3057 3058
f 1413 3058 1414
f 1414 3058 3059
f 1414 3059 1415
f 1415 3059 3060
f 1415 3060 1416
f 1416 3060 3061
f 1416 3061 1417
f 1417 3061 3062
f 1417 3062 1418
f 1418 3062 3063
f 1418 3063 1419
f 1419 3063 3064
f 1419 3064 1420
f 1420 3064 3065
f 1420 3065 1421
f 1421 3065 3066
f 1421 3066 1422
f 1422 3066 3067
f 1422 3067 1423
f 1423 3067 3068
f 1423 3068 1424
f 1424 3068 3069
f 1424 3069 1425
f 1425 3069 3070
f 1425 3070 1426
f 1426 3070 3071
f 1426 3071 1427
f 1427 3071 3072
f 1427 3072 1428
f 1428 3072 3073
f 1428 3073 1429
f 1429 3073 3074
f 1429 3074 1430
f 1430 3074 3075
f 1430 3075 1431
f 1431 3075 3076
f 1431 3076 1432
f 1432 3076 3077
f 1432 3077 1433
f 1433 3077 3078
f 1433 3078 1434
f 1434 3078 3079
f 1434 3079 1435
f 1435 3079 3080
f 1435 3080 1436
f 1436 3080 3081
f 1436 3081 1437
f 1437 3081 3082
f 1437 3082 1438
f 1438 3082 3083
f 1438 3083 1439
f 1439 3083 3084
f 1439 3084 1440
f 1440 3084 3085
f 1440 3085 1441
f 1441 3085 3086
f 1441 3086 1442
f 1442 3086 3087
f 1442 3087 1443
f 1443 3087 3088
f 1443 3088 1444
f 1444 3088 3089
f 1444 3089 1445
f 1445 3089 3090
f 1445 3090 1446
f 1446 3090 3091
f 1446 3091 1447
f 1447 3091 3092
f 1447 3092 1448
f 1448 3092 3093
f 1448 3093 1449
f 1449 3093 3094
f 1449 3094 1450
f 1450 3094 2980
f 1543 3095 1544
f 1544 3095 3096
f 1544 3096 1545
f 1545 3096 3097
f 1545 3097 1546
f 1546 3097 3098
f 1546 3098 1547
f 1547 3098 3099
f 1547 3099 1548
f 1548 3099 3100
f 1548 3100 1549
f 1549 3100 3101
f 1549 3101 1550
f 1550 3101 3102
f 1550 3102 1551
f 1551 3102 3103
f 1551 3103 1552
f 1552 3103 3104
f 1552 3104 1553
f 1553 3104 3105
f 1553 3105 1554
f 1554 3105 3106
f 1554 3106 1555
f 1555 3106 3107
f 1555 3107 1556
f 1556 3107 3108
f 1556 3108 1557
f 1557 3108 3109
f 1557 3109 1558
f 1558 3109 3110
f 1558 3110 1559
f 1559 3110 3111
f 1559 3111 1560
f 1560 3111 3112
f 1560 3112 1561
f 1561 3112 3113
f 1561 3113 1562
f 1562 3113 3114
f 1562 3114 1563
f 1563 3114 3115
f 1563 3115 1564
f 1564 3115 3116
f 1564 3116 1565
f 1565 3116 3117
f 1565 3117 1566
f 1566 3117 3118
f 1566 3118 1567
f 1567 3118 3119
f 1567 3119 1568
f 1568 3119 3120
f 1568 3120 1569
f 1569 3120 3121
f 1569 3121 1570
f 1570 3121 3122
f 1570 3122 1571
f 1571 3122 3123
f 1571 3123 1572
f 1572 3123 3124
f 1572 3124 1573
f 1573 3124 3125
f 1573 3125 1574
f 1574 3125 3126
f 1574 3126 1575
f 1575 3126 3127
f 1575 3127 1576
f 1576 3127 3128
f 1576 3128 1577
f 1577 3128 3129
f 1577 3129 1578
f 1578 3129 3130
f 1578 3130 1579
f 1579 3130 3131
f 1579 3131 1580
f 1580 3131 3132
f 1580 3132 1581
f 1581 3132 3133
f 1581 3133 1582
f 1582 3133 3134
f 1582 3134 1583
f 1583 3134 3135
f 1583 3135 1584
f 1584 3135 3136
f 1584 3136 1585
f 1585 3136 3137
f 1585 3137 1586
f 1586 3137 3138
f 1586 3138 1587
f 1587 3138 3139
f 1587 3139 1588
f 1588 3139 3140
f 1588 3140 1589
f 1589 3140 3141
f 1589 3141 1590
f 1590 3141 3142
f 1590 3142 1591
f 1591 3142 3143
f 1591 3143 1592
f 1592 3143 3144
f 1592 3144 1593
f 1593 3144 3145
f 1593 3145 1594
f 1594 3145 3146
f 1594 3146 1595
f 1595 3146 3147
f 1595 3147 1596
f 1596 3147 3148
f 1596 3148 1597
f 1597 3148 3149
f 1597 3149 1598
f 1598 3149 3150
f 1598 3150 1599
f 1599 3150 3151
f 1599 3151 1600
f 1600 3151 3152
f 1600 3152 1601
f 1601 3152 3153
f 1601 3153 1602
f 1602 3153 3154
f 1602 3154 1603
f 1603 3154 3155
f 1603 3155 1604
f 1604 3155 3156
f 1604 3156 1605
f 1605 3156 3157
f 1605 3157 1606
f 1606 3157 3158
f 1606 3158 1607
f 1607 3158 3159
f 1607 3159 1608
f 1608 3159 3160
f 1608 3160 1609
f 1609 3160 3161
f 1609 3161 1610
f 1610 3161 3162
f 1610 3162 1611
f 1611 3162 3163
f 1611 3163 1612
f 1612 3163 3164
f 1612 3164 1613
f 1613 3164 3165
f 1613 3165 1614
f 1614 3165 3166
f 1614 3166 1615
f 1615 3166 3167
f 1615 3167 1616
f 1616 3167 3168
f 1616 3168 1617
f 1617 3168 3169
f 1617 3169 1618
f 1618 3169 3170
f 1618 3170 1619
f 1619 3170 3171
f 1619 3171 1620
f 1620 3171 3172
f 1620 3172 1621
f 1621 3172 3173
f 1621 3173 1507
f 1507 3173 3174
f 1507 3174 1508
f 1508 3174 3175
f 1508 3175 1509
f 1509 3175 3176
f 1509 3176 1510
f 1510 3176 3177
f 1510 3177 1511
f 1511 3177 3178
f 1511 3178 1512
f 1512 3178 3179
f 1512 3179 1513
f 1513 3179 3180
f 1513 3180 1514
f 1514 3180 3181
f 1514 3181 1515
f 1515 3181 3182
f 1515 3182 1516
f 1516 3182 3183
f 1516 3183 1517
f 1517 3183 3184
f 1517 3184 1518
f 1518 3184 3185
f 1518 3185 1519
f 1519 3185 3186
f 1519 3186 1520
f 1520 3186 3187
f 1520 3187 1521
f 1521 3187 3188
f 1521 3188 1522
f 1522 3188 3189
f 1522 3189 1523
f 1523 3189 3190
f 1523 3190 1524
f 1524 3190 3191
f 1524 3191 1525
f 1525 3191 3192
f 1525 3192 1526
f 1526 3192 3193
f 1526 3193 1527
f 1527 3193 3194
f 1527 3194 1528
f 1528 3194 3195
f 1528 3195 1529
f 1529 3195 3196
f 1529 3196 1530
f 1530 3196 3197
f 1530 3197 1531
f 1531 3197 3198
f 1531 3198 1532
f 1532 3198 3199
f 1532 3199 1533
f 1533 3199 3200
f 1533 3200 1534
f 1534 3200 3201
f 1534 3201 1535
f 1535 3201 3202
f 1535 3202 1536
f 1536 3202 3203
f 1536 3203 1537
f 1537 3203 3204
f 1537 3204 1538
f 1538 3204 3205
f 1538 3205 1539
f 1539 3205 3206
f 1539 3206 1540
f 1540 3206 3207
f 1540 3207 1541
f 1541 3207 3208
f 1541 3208 1542
f 1542 3208 3209
f 1542 3209 1543
f 1543 3209 3095
f 1690 3210 1691
f 1691 3210 3211
f 1691 3211 1692
f 1692 3211 3212
f 1692 3212 1693
f 1693 3212 3213
f 1693 3213 1694
f 1694 3213 3214
f 1694 3214 1695
f 1695 3214 3215
f 1695 3215 1696
f 1696 3215 3216
f 1696 3216 1697
f 1697 3216 3217
f 1697 3217 1698
f 1698 3217 3218
f 1698 3218 1699
f 1699 3218 3219
f 1699 3219 1700
f 1700 3219 3220
f 1700 3220 1701
f 1701 3220 3221
f 1701 3221 1702
f 1702 3221 3222
f 1702 3222 1703
f 1703 3222 3223
f 1703 3223 1704
f 1704 3223 3224
f 1704 3224 1705
f 1705 3224 3225
f 1705 3225 1706
f 1706 3225 3226
f 1706 3226 1707
f 1707 3226 3227
f 1707 3227 1708
f 1708 3227 3228
f 1708 3228 1709
f 1709 3228 3229
f 1709 3229 1710
f 1710 3229 3230
f 1710 3230 1711
f 1711 3230 3231
f 1711 3231 1712
f 1712 3231 3232
f 1712 3232 1713
f 1713 3232 3233
f 1713 3233 1714
f 1714 3233 3234
f 1714 3234 1715
f 1715 3234 3235
f 1715 3235 1716
f 1716 3235 3236
f 1716 3236 1717
f 1717 3236 3237
f 1717 3237 1718
f 1718 3237 3238
f 1718 3238 1719
f 1719 3238 3239
f 1719 3239 1720
f 1720 3239 3240
f 1720 3240 1721
f 1721 3240 3241
f 1721 3241 1722
f 1722 3241 3242
f 1722 3242 1723
f 1723 3242 3243
f 1723 3243 1724
f 1724 3243 3244
f 1724 3244 1725
f 1725 3244 3245
f 1725 3245 1726
f 1726 3245 3246
f 1726 3246 1727
f 1727 3246 3247
f 1727 3247 1728
f 1728 3247 3248
f 1728 3248 1729
f 1729 3248 3249
f 1729 3249 1730
f 1730 3249 3250
f 1730 3250 1731
f 1731 3250 3251
f 1731 3251 1732
f 1732 3251 3252
f 1732 3252 1733
f 1733 3252 3253
f 1733 3253 1734
f 1734 3253 3254
f 1734 3254 1735
f 1735 3254 3255
f 1735 3255 1736
f 1736 3255 3256
f 1736 3256 1622
f 1622 3256 3257
f 1622 3257 1623
f 1623 3257 3258
f 1623 3258 1624
f 1624 3258 3259
f 1624 3259 1625
f 1625 3259 3260
f 1625 3260 1626
f 1626 3260 3261
f 1626 3261 1627
f 1627 3261 3262
f 1627 3262 1628
f 1628 3262 3263
f 1628 3263 1629
f 1629 3263 3264
f 1629 3264 1630
f 1630 3264 3265
f 1630 3265 1631
f 1631 3265 3266
f 1631 3266 1632
f 1632 3266 3267
f 1632 3267 1633
f 1633 3267 3268
f 1633 3268 1634
f 1634 3268 3269
f 1634 3269 1635
f 1635 3269 3270
f 1635 3270 1636
f 1636 3270 3271
f 1636 3271 1637
f 1637 3271 3272
f 1637 3272 1638
f 1638 3272 3273
f 1638 3273 1639
f 1639 3273 3274
f 1639 3274 1640
f 1640 3274 3275
f 1640 3275 1641
f 1641 3275 3276
f 1641 3276 1642
f 1642 3276 3277
f 1642 3277 1643
f 1643 3277 3278
f 1643 3278 1644
f 1644 3278 3279
f 1644 3279 1645
f 1645 3279 3280
f 1645 3280 1646
f 1646 3280 3281
f 1646 3281 1647
f 1647 3281 3282
f 1647 3282 1648
f 1648 3282 3283
f 1648 3283 1649
f 1649 3283 3284
f 1649 3284 1650
f 1650 3284 3285
f 1650 3285 1651
f 1651 3285 3286
f 1651 3286 1652
f 1652 3286 3287
f 1652 3287 1653
f 1653 3287 3288
f 1653 3288 1654
f 1654 3288 3289
f 1654 3289 1655
f 1655 3289 3290
f 1655 3290 1656
f 1656 3290 3291
f 1656 3291 1657
f 1657 3291 3292
f 1657 3292 1658
f 1658 3292 3293
f 1658 3293 1659
f 1659 3293 3294
f 1659 3294 1660
f 1660 3294 3295
f 1660 3295 1661
f 1661 3295 3296
f 1661 3296 1662
f 1662 3296 3297
f 1662 3297 1663
f 1663 3297 3298
f 1663 3298 1664
f 1664 3298 3299
f 1664 3299 1665
f 1665 3299 3300
f 1665 3300 1666
f 1666 3300 3301
f 1666 3301 1667
f 1667 3301 3302
f 1667 3302 1668
f 1668 3302 3303
f 1668 3303 1669
f 1669 3303 3304
f 1669 3304 1670
f 1670 3304 3305
f 1670 3305 1671
f 1671 3305 3306
f 1671 3306 1672
f 1672 3306 3307
f 1672 3307 1673
f 1673 3307 3308
f 1673 3308 1674
f 1674 3308 3309
f 1674 3309 1675
f 1675 3309 3310
f 1675 3310 1676
f 1676 3310 3311
f 1676 3311 1677
f 1677 3311 3312
f 1677 3312 1678
f 1678 3312 3313
f 1678 3313 1679
f 1679 3313 3314
f 1679 3314 1680
f 1680 3314 3315
f 1680 3315 1681
f 1681 3315 3316
f 1681 3316 1682
f 1682 3316 3317
f 1682 3317 1683
f 1683 3317 3318
f 1683 3318 1684
f 1684 3318 3319
f 1684 3319 1685
f 1685 3319 3320
f 1685 3320 1686
f 1686 3320 3321
f 1686 3321 1687
f 1687 3321 3322
f 1687 3322 1688
f 1688 3322 3323
f 1688 3323 1689
f 1689 3323 3324
f 1689 3324 1690
f 1690 3324 3210
f 1773 3325 1774
f 1774 3325 3326
f 1774 3326 1775
f 1775 3326 3327
f 1775 3327 1776
f 1776 3327 3328
f 1776 3328 1777
f 1777 3328 3329
f 1777 3329 1778
f 1778 3329 3330
f 1778 3330 1779
f 1779 3330 3331
f 1779 3331 1780
f 1780 3331 3332
f 1780 3332 1781
f 1781 3332 3333
f 1781 3333 1782
f 1782 3333 3334
f 1782 3334 1783
f 1783 3334 3335
f 1783 3335 1784
f 1784 3335 3336
f 1784 3336 1785
f 1785 3336 3337
f 1785 3337 1786
f 1786 3337 3338
f 1786 3338 1787
f 1787 3338 3339
f 1787 3339 1788
f 1788 3339 3340
f 1788 3340 1789
f 1789 3340 3341
f 1789 3341 1790
f 1790 3341 3342
f 1790 3342 1791
f 1791 3342 3343
f 1791 3343 1792
f 1792 3343 3344
f 1792 3344 1793
f 1793 3344 3345
f 1793 3345 1794
f 1794 3345 3346
f 1794 3346 1795
f 1795 3346 3347
f 1795 3347 1796
f 1796 3347 3348
f 1796 3348 1797
f 1797 3348 3349
f 1797 3349 1798
f 1798 3349 3350
f 1798 3350 1799
f 1799 3350 3351
f 1799 3351 1800
f 1800 3351 3352
f 1800 3352 1801
f 1801 3352 3353
f 1801 3353 1802
f 1802 3353 3354
f 1802 3354 1803
f 1803 3354 3355
f 1803 3355 1804
f 1804 3355 3356
f 1804 3356 1805
f 1805 3356 3357
f 1805 3357 1806
f 1806 3357 3358
f 1806 3358 1807
f 1807 3358 3359
f 1807 3359 1808
f 1808 3359 3360
f 1808 3360 1809
f 1809 3360 3361
f 1809 3361 1810
f 1810 3361 3362
f 1810 3362 1811
f 1811 3362 3363
f 1811 3363 1812
f 1812 3363 3364
f 1812 3364 1813
f 1813 3364 3365
f 1813 3365 1814
f 1814 3365 3366
f 1814 3366 1815
f 1815 3366 3367
f 1815 3367 1816
f 1816 3367 3368
f 1816 3368 1817
f 1817 3368 3369
f 1817 3369 1818
f 1818 3369 3370
f 1818 3370 1819
f 1819 3370 3371
f 1819 3371 1820
f 1820 3371 3372
f 1820 3372 1821
f 1821 3372 3373
f 1821 3373 1822
f 1822 3373 3374
f 1822 3374 1823
f 1823 3374 3375
f 1823 3375 1824
f 1824 3375 3376
f 1824 3376 1825
f 1825 3376 3377
f 1825 3377 1826
f 1826 3377 3378
f 1826 3378 1827
f 1827 3378 3379
f 1827 3379 1828
f 1828 3379 3380
f 1828 3380 1829
f 1829 3380 3381
f 1829 3381 1830
f 1830 3381 3382
f 1830 3382 1831
f 1831 3382 3383
f 1831 3383 1832
f 1832 3383 3384
f 1832 3384 1833
f 1833 3384 3385
f 1833 3385 1834
f 1834 3385 3386
f 1834 3386 1835
f 1835 3386 3387
f 1835 3387 1836
f 1836 3387 3388
f 1836 3388 1837
f 1837 3388 3389
f 1837 3389 1838
f 1838 3389 3390
f 1838 3390 1839
f 1839 3390 3391
f 1839 3391 1840
f 1840 3391 3392
f 1840 3392 1841
f 1841 3392 3393
f 1841 3393 1842
f 1842 3393 3394
f 1842 3394 1843
f 1843 3394 3395
f 1843 3395 1844
f 1844 3395 3396
f 1844 3396 1845
f 1845 3396 3397
f 1845 3397 1846
f 1846 3397 3398
f 1846 3398 1847
f 1847 3398 3399
f 1847 3399 1848
f 1848 3399 3400
f 1848 3400 1849
f 1849 3400 3401
f 1849 3401 1850
f 1850 3401 3402
f 1850 3402 1851
f 1851 3402 3403
f 1851 3403 1737
f 1737 3403 3404
f 1737 3404 1738
f 1738 3404 3405
f 1738 3405 1739
f 1739 3405 3406
f 1739 3406 1740
f 1740 3406 3407
f 1740 3407 1741
f 1741 3407 3408
f 1741 3408 1742
f 1742 3408 3409
f 1742 3409 1743
f 1743 3409 3410
f 1743 3410 1744
f 1744 3410 3411
f 1744 3411 1745
f 1745 3411 3412
f 1745 3412 1746
f 1746 3412 3413
f 1746 3413 1747
f 1747 3413 3414
f 1747 3414 1748
f 1748 3414 3415
f 1748 3415 1749
f 1749 3415 3416
f 1749 3416 1750
f 1750 3416 3417
f 1750 3417 1751
f 1751 3417 3418
f 1751 3418 1752
f 1752 3418 3419
f 1752 3419 1753
f 1753 3419 3420
f 1753 3420 1754
f 1754 3420 3421
f 1754 3421 1755
f 1755 3421 3422
f 1755 3422 1756
f 1756 3422 3423
f 1756 3423 1757
f 1757 3423 3424
f 1757 3424 1758
f 1758 3424 3425
f 1758 3425 1759
f 1759 3425 3426
f 1759 3426 1760
f 1760 3426 3427
f 1760 3427 1761
f 1761 3427 3428
f 1761 3428 1762
f 1762 3428 3429
f 1762 3429 1763
f 1763 3429 3430
f 1763 3430 1764
f 1764 3430 3431
f 1764 3431 1765
f 1765 3431 3432
f 1765 3432 1766
f 1766 3432 3433
f 1766 3433 1767
f 1767 3433 3434
f 1767 3434 1768
f 1768 3434 3435
f 1768 3435 1769
f 1769 3435 3436
f 1769 3436 1770
f 1770 3436 3437
f 1770 3437 1771
f 1771 3437 3438
f 1771 3438 1772
f 1772 3438 3439
f 1772 3439 1773
f 1773 3439 3325
f 3440 3441 3442
f 3440 3443 3444
f 3444 3443 3445
f 3444 3445 3446
f 3442 3447 3440
f 3440 3447 3448
f 3440 3448 3449
f 3449 3450 3440
f 3440 3450 3451
f 3440 3451 3443
f 3452 3453 3440
f 3454 3455 3440
f 3440 3455 3456
f 3440 3456 3441
f 3453 3457 3440
f 3440 3457 3458
f 3440 3458 3454
f 3459 3460 3461
f 3461 3460 3462
f 3461 3462 3440
f 3440 3462 3463
f 3440 3463 3452
f 3464 3461 3465
f 3465 3461 3466
f 3467 3468 3461
f 3461 3468 3469
f 3461 3469 3466
f 3470 3471 3461
f 3461 3471 3472
f 3461 3472 3473
f 3473 3474 3461
f 3461 3474 3475
f 3461 3475 3459
f 3464 3476 3461
f 3461 3476 3477
f 3461 3477 3470
f 3358 3357 3461
f 3325 3478 3326
f 3326 3478 3479
f 3325 3439 3478
f 3478 3439 3438
f 3478 3438 3480
f 3481 3482 3434
f 3358 3461 3359
f 3438 3437 3480
f 3480 3437 3436
f 3480 3436 3482
f 3482 3436 3435
f 3482 3435 3434
f 3434 3433 3481
f 3481 3433 3432
f 3481 3432 3483
f 3483 3432 3431
f 3483 3431 3484
f 3485 3486 3424
f 3401 3400 3487
f 3487 3400 3399
f 3399 3398 3487
f 3487 3398 3397
f 3487 3397 3396
f 3390 3389 3487
f 3487 3389 3388
f 3388 3387 3487
f 3487 3387 3386
f 3487 3386 3385
f 3375 3374 3461
f 3461 3374 3373
f 3461 3373 3372
f 3488 3335 3489
f 3489 3335 3334
f 3489 3334 3490
f 3491 3328 3479
f 3479 3328 3327
f 3479 3327 3326
f 3396 3395 3487
f 3487 3395 3394
f 3487 3394 3393
f 3393 3392 3487
f 3487 3392 3391
f 3487 3391 3390
f 3381 3380 3461
f 3461 3380 3379
f 3461 3379 3378
f 3378 3377 3461
f 3461 3377 3376
f 3461 3376 3375
f 3372 3371 3461
f 3461 3371 3370
f 3461 3370 3369
f 3461 3366 3365
f 3350 3349 3467
f 3467 3349 3348
f 3467 3348 3347
f 3347 3346 3467
f 3467 3346 3345
f 3467 3345 3344
f 3334 3333 3490
f 3490 3333 3332
f 3490 3332 3492
f 3332 3331 3492
f 3492 3331 3330
f 3492 3330 3491
f 3491 3330 3329
f 3491 3329 3328
f 3431 3430 3484
f 3484 3430 3429
f 3484 3429 3493
f 3424 3423 3485
f 3485 3423 3422
f 3485 3422 3421
f 3421 3420 3485
f 3485 3420 3419
f 3485 3419 3418
f 3405 3404 3487
f 3369 3368 3461
f 3461 3368 3367
f 3461 3367 3366
f 3365 3364 3461
f 3461 3364 3363
f 3461 3363 3362
f 3362 3361 3461
f 3461 3361 3360
f 3461 3360 3359
f 3353 3352 3467
f 3467 3352 3351
f 3467 3351 3350
f 3429 3428 3493
f 3493 3428 3427
f 3493 3427 3494
f 3494 3427 3426
f 3494 3426 3486
f 3486 3426 3425
f 3486 3425 3424
f 3404 3403 3487
f 3487 3403 3402
f 3487 3402 3401
f 3385 3384 3487
f 3487 3384 3383
f 3487 3383 3461
f 3461 3383 3382
f 3461 3382 3381
f 3357 3356 3461
f 3461 3356 3355
f 3461 3355 3467
f 3467 3355 3354
f 3467 3354 3353
f 3344 3343 3467
f 3467 3343 3342
f 3467 3342 3495
f 3496 3337 3488
f 3488 3337 3336
f 3488 3336 3335
f 3342 3341 3495
f 3495 3341 3340
f 3495 3340 3497
f 3497 3340 3339
f 3497 3339 3496
f 3496 3339 3338
f 3496 3338 3337
f 3418 3417 3485
f 3485 3417 3416
f 3485 3416 3415
f 3415 3414 3485
f 3485 3414 3413
f 3485 3413 3412
f 3411 3410 3487
f 3487 3410 3409
f 3487 3409 3408
f 3408 3407 3487
f 3487 3407 3406
f 3487 3406 3405
f 3487 3498 3499
f 3499 3500 3487
f 3487 3500 3501
f 3487 3501 3502
f 3502 3503 3487
f 3487 3503 3504
f 3487 3504 3505
f 3506 3507 3487
f 3487 3507 3508
f 3487 3508 3509
f 3505 3510 3487
f 3487 3510 3511
f 3487 3511 3506
f 3509 3512 3487
f 3487 3512 3513
f 3487 3513 3514
f 3412 3411 3485
f 3485 3411 3487
f 3485 3487 3515
f 3515 3487 3514
f 3516 3517 3498
f 3517 3518 3498
f 3498 3518 3519
f 3498 3519 3499
f 3520 3521 3498
f 3498 3521 3522
f 3498 3522 3516
f 3523 3524 3498
f 3498 3524 3525
f 3498 3525 3520
f 3526 3527 3524
f 3526 3524 3528
f 3527 3529 3524
f 3524 3529 3530
f 3524 3530 3531
f 3532 3533 3534
f 3533 3535 3534
f 3534 3535 3536
f 3534 3536 3537
f 3538 3539 3540
f 3540 3539 3541
f 3540 3541 3542
f 3543 3544 3540
f 3540 3544 3545
f 3540 3545 3546
f 3547 3540 3548
f 3548 3540 3549
f 3547 3550 3540
f 3540 3550 3551
f 3540 3551 3552
f 3553 3554 3534
f 3555 3556 3557
f 3557 3556 3534
f 3557 3534 3558
f 3558 3534 3537
f 3555 3559 3556
f 3556 3559 3560
f 3556 3560 3561
f 3562 3563 3564
f 3564 3563 3565
f 3542 3566 3540
f 3540 3566 3567
f 3540 3567 3568
f 3568 3569 3540
f 3540 3569 3570
f 3540 3570 3543
f 3546 3571 3540
f 3540 3571 3572
f 3540 3572 3549
f 3553 3534 3573
f 3554 3574 3534
f 3534 3574 3575
f 3534 3575 3532
f 3576 3563 3577
f 3577 3563 3578
f 3576 3579 3563
f 3563 3579 3580
f 3563 3580 3581
f 3552 3582 3540
f 3540 3582 3583
f 3540 3583 3584
f 3561 3585 3556
f 3556 3585 3586
f 3556 3586 3587
f 3588 3589 3563
f 3563 3589 3590
f 3563 3590 3578
f 3562 3591 3563
f 3563 3591 3592
f 3563 3592 3593
f 3593 3594 3563
f 3563 3594 3595
f 3563 3595 3540
f 3540 3595 3596
f 3540 3596 3538
f 3597 3598 3534
f 3534 3598 3599
f 3600 3601 3534
f 3534 3601 3602
f 3534 3602 3603
f 3603 3604 3534
f 3534 3604 3605
f 3534 3605 3573
f 3587 3606 3556
f 3556 3606 3607
f 3556 3607 3608
f 3556 3609 3610
f 3581 3611 3563
f 3563 3611 3612
f 3563 3612 3565
f 3584 3613 3540
f 3540 3613 3614
f 3540 3614 3615
f 3599 3616 3534
f 3534 3616 3617
f 3534 3617 3600
f 3608 3618 3556
f 3556 3618 3619
f 3556 3619 3620
f 3620 3621 3556
f 3556 3621 3622
f 3556 3622 3623
f 3624 3625 3534
f 3534 3625 3626
f 3623 3627 3556
f 3556 3627 3628
f 3556 3628 3609
f 3629 3630 3563
f 3563 3630 3631
f 3563 3631 3632
f 3632 3633 3563
f 3563 3633 3634
f 3563 3634 3588
f 3615 3635 3540
f 3540 3635 3636
f 3540 3636 3637
f 3626 3638 3534
f 3534 3638 3639
f 3534 3639 3640
f 3640 3641 3534
f 3534 3641 3642
f 3534 3642 3597
f 3610 3643 3556
f 3556 3643 3644
f 3556 3644 3645
f 3645 3646 3556
f 3556 3646 3647
f 3556 3647 3648
f 3648 3649 3556
f 3556 3649 3650
f 3556 3650 3563
f 3563 3650 3651
f 3563 3651 3629
f 3085 3084 3461
f 3461 3084 3083
f 3461 3083 3082
f 3079 3078 3461
f 3461 3078 3077
f 3082 3081 3461
f 3461 3081 3080
f 3461 3080 3079
f 3061 3060 3652
f 3652 3060 3059
f 3652 3059 3058
f 3091 3090 3461
f 3461 3090 3089
f 3461 3089 3088
f 3088 3087 3461
f 3461 3087 3086
f 3461 3086 3085
f 3077 3076 3461
f 3461 3076 3075
f 3461 3075 3074
f 3074 3073 3461
f 3461 3073 3072
f 3461 3072 3071
f 3071 3070 3461
f 3461 3070 3069
f 3461 3069 3068
f 3058 3057 3652
f 3652 3057 3056
f 3652 3056 3055
f 3440 3001 3000
f 2994 2993 3440
f 3440 2993 2992
f 2989 2988 3440
f 3440 2988 2987
f 3440 2987 2986
f 2980 3094 3440
f 3440 3094 3093
f 3440 3093 3461
f 3461 3093 3092
f 3461 3092 3091
f 3064 3063 3652
f 3652 3063 3062
f 3652 3062 3061
f 3440 3008 3007
f 3000 2999 3440
f 3440 2999 2998
f 3440 2998 2997
f 2992 2991 3440
f 3440 2991 2990
f 3440 2990 2989
f 3067 3066 3652
f 3652 3066 3065
f 3652 3065 3064
f 3444 3020 3019
f 3008 3440 3009
f 3009 3440 3444
f 3009 3444 3010
f 2997 2996 3440
f 3440 2996 2995
f 3440 2995 2994
f 2986 2985 3440
f 3440 2985 2984
f 3440 2984 2983
f 3019 3018 3444
f 3444 3018 3017
f 3444 3017 3016
f 3013 3012 3444
f 3444 3012 3011
f 3444 3011 3010
f 3007 3006 3440
f 3440 3006 3005
f 3440 3005 3004
f 2983 2982 3440
f 3440 2982 2981
f 3440 2981 2980
f 3055 3054 3652
f 3652 3054 3053
f 3652 3053 3052
f 3025 3024 3444
f 3444 3024 3023
f 3016 3015 3444
f 3444 3015 3014
f 3444 3014 3013
f 3004 3003 3440
f 3440 3003 3002
f 3440 3002 3001
f 3023 3022 3444
f 3444 3022 3021
f 3444 3021 3020
f 3052 3051 3652
f 3652 3051 3050
f 3652 3050 3049
f 3049 3048 3652
f 3652 3048 3047
f 3652 3047 3046
f 3032 3031 3444
f 3046 3045 3652
f 3652 3045 3044
f 3652 3044 3043
f 3032 3444 3033
f 3039 3038 3444
f 3444 3038 3037
f 3444 3037 3036
f 3043 3042 3652
f 3652 3042 3041
f 3652 3041 3444
f 3444 3041 3040
f 3444 3040 3039
f 3036 3035 3444
f 3444 3035 3034
f 3444 3034 3033
f 3031 3030 3444
f 3444 3030 3029
f 3444 3029 3028
f 3028 3027 3444
f 3444 3027 3026
f 3444 3026 3025
f 3068 3067 3461
f 3461 3067 3652
f 3461 3652 3487
f 3487 3652 3653
f 3098 3097 3652
f 3209 3653 3095
f 3095 3653 3652
f 3095 3652 3096
f 3096 3652 3097
f 3128 3127 3654
f 3209 3208 3653
f 3653 3208 3207
f 3653 3207 3206
f 3206 3205 3653
f 3653 3205 3204
f 3653 3204 3203
f 3128 3654 3129
f 3652 3105 3104
f 3203 3202 3653
f 3653 3202 3201
f 3653 3201 3200
f 3171 3170 3655
f 3655 3170 3169
f 3169 3168 3655
f 3655 3168 3167
f 3655 3167 3166
f 3160 3159 3655
f 3655 3159 3158
f 3158 3157 3655
f 3655 3157 3156
f 3655 3156 3155
f 3145 3144 3654
f 3654 3144 3143
f 3654 3143 3142
f 3124 3123 3654
f 3104 3103 3652
f 3652 3103 3102
f 3652 3102 3101
f 3101 3100 3652
f 3652 3100 3099
f 3652 3099 3098
f 3200 3199 3653
f 3653 3199 3198
f 3653 3198 3197
f 3166 3165 3655
f 3655 3165 3164
f 3655 3164 3163
f 3163 3162 3655
f 3655 3162 3161
f 3655 3161 3160
f 3151 3150 3654
f 3654 3150 3149
f 3654 3149 3148
f 3148 3147 3654
f 3654 3147 3146
f 3654 3146 3145
f 3142 3141 3654
f 3654 3141 3140
f 3654 3140 3139
f 3654 3136 3135
f 3122 3121 3652
f 3121 3120 3652
f 3652 3120 3119
f 3652 3119 3118
f 3118 3117 3652
f 3652 3117 3116
f 3652 3116 3115
f 3652 3109 3108
f 3197 3196 3653
f 3653 3196 3195
f 3653 3195 3194
f 3194 3193 3653
f 3653 3193 3192
f 3653 3192 3191
f 3191 3190 3653
f 3653 3190 3189
f 3653 3189 3188
f 3175 3174 3655
f 3139 3138 3654
f 3654 3138 3137
f 3654 3137 3136
f 3135 3134 3654
f 3654 3134 3133
f 3654 3133 3132
f 3132 3131 3654
f 3654 3131 3130
f 3654 3130 3129
f 3115 3114 3652
f 3652 3114 3113
f 3652 3113 3112
f 3108 3107 3652
f 3652 3107 3106
f 3652 3106 3105
f 3174 3173 3655
f 3655 3173 3172
f 3655 3172 3171
f 3155 3154 3655
f 3655 3154 3153
f 3655 3153 3654
f 3654 3153 3152
f 3654 3152 3151
f 3127 3126 3654
f 3654 3126 3125
f 3654 3125 3124
f 3123 3122 3654
f 3654 3122 3652
f 3654 3652 3540
f 3540 3652 3444
f 3540 3444 3563
f 3563 3444 3446
f 3112 3111 3652
f 3652 3111 3110
f 3652 3110 3109
f 3188 3187 3653
f 3653 3187 3186
f 3653 3186 3185
f 3181 3180 3655
f 3655 3180 3179
f 3655 3179 3178
f 3178 3177 3655
f 3655 3177 3176
f 3655 3176 3175
f 3184 3183 3655
f 3655 3183 3182
f 3655 3182 3181
f 3296 3295 3656
f 3301 3300 3498
f 3498 3300 3299
f 3498 3299 3298
f 3286 3285 3656
f 3656 3285 3284
f 3656 3284 3283
f 3243 3242 3653
f 3653 3242 3241
f 3237 3236 3487
f 3487 3236 3235
f 3487 3235 3234
f 3231 3230 3487
f 3296 3656 3297
f 3230 3229 3487
f 3487 3229 3228
f 3487 3228 3227
f 3211 3210 3498
f 3498 3210 3324
f 3319 3498 3320
f 3320 3498 3321
f 3319 3318 3498
f 3498 3318 3317
f 3498 3317 3316
f 3316 3315 3498
f 3498 3315 3314
f 3498 3314 3313
f 3295 3294 3656
f 3656 3294 3293
f 3656 3293 3292
f 3241 3240 3653
f 3653 3240 3239
f 3653 3239 3487
f 3487 3239 3238
f 3487 3238 3237
f 3227 3226 3487
f 3487 3226 3225
f 3487 3225 3224
f 3313 3312 3498
f 3498 3312 3311
f 3498 3311 3310
f 3292 3291 3656
f 3656 3291 3290
f 3656 3290 3289
f 3289 3288 3656
f 3656 3288 3287
f 3656 3287 3286
f 3283 3282 3656
f 3656 3282 3281
f 3656 3281 3280
f 3253 3252 3653
f 3252 3251 3653
f 3653 3251 3250
f 3653 3250 3249
f 3234 3233 3487
f 3487 3233 3232
f 3487 3232 3231
f 3324 3323 3498
f 3498 3323 3322
f 3498 3322 3321
f 3310 3309 3498
f 3498 3309 3308
f 3498 3308 3307
f 3280 3279 3656
f 3656 3279 3278
f 3656 3278 3277
f 3249 3248 3653
f 3653 3248 3247
f 3653 3247 3246
f 3246 3245 3653
f 3653 3245 3244
f 3653 3244 3243
f 3224 3223 3487
f 3487 3223 3222
f 3487 3222 3221
f 3307 3306 3498
f 3498 3306 3305
f 3498 3305 3304
f 3277 3276 3656
f 3656 3276 3275
f 3656 3275 3274
f 3304 3303 3498
f 3498 3303 3302
f 3498 3302 3301
f 3274 3273 3656
f 3656 3273 3272
f 3656 3272 3271
f 3256 3255 3653
f 3653 3255 3254
f 3653 3254 3253
f 3221 3220 3487
f 3487 3220 3219
f 3487 3219 3218
f 3218 3217 3487
f 3487 3217 3216
f 3487 3216 3215
f 3215 3214 3487
f 3487 3214 3213
f 3487 3213 3498
f 3498 3213 3212
f 3498 3212 3211
f 3656 3268 3267
f 3653 3263 3262
f 3262 3261 3653
f 3653 3261 3260
f 3653 3260 3259
f 3271 3270 3656
f 3656 3270 3269
f 3656 3269 3268
f 3267 3266 3656
f 3656 3266 3265
f 3656 3265 3653
f 3653 3265 3264
f 3653 3264 3263
f 3259 3258 3653
f 3653 3258 3257
f 3653 3257 3256
f 3185 3184 3653
f 3653 3184 3655
f 3653 3655 3656
f 3656 3655 3657
f 3658 3659 3660
f 3658 3660 3661
f 3662 3663 3664
f 3298 3297 3498
f 3498 3297 3656
f 3498 3656 3523
f 3523 3656 3657
f 3523 3657 3665
f 3665 3657 3666
f 3665 3666 3667
f 3668 3669 3665
f 3665 3669 3670
f 3665 3670 3671
f 3672 3673 3665
f 3665 3673 3674
f 3665 3674 3675
f 3676 3677 3660
f 3659 3678 3660
f 3660 3678 3679
f 3660 3679 3662
f 3662 3679 3680
f 3662 3680 3663
f 3664 3681 3662
f 3662 3681 3682
f 3662 3682 3683
f 3684 3657 3685
f 3685 3657 3686
f 3687 3688 3657
f 3657 3688 3689
f 3657 3689 3666
f 3667 3690 3665
f 3665 3690 3691
f 3665 3691 3692
f 3692 3693 3665
f 3665 3693 3694
f 3665 3694 3668
f 3671 3695 3665
f 3665 3695 3696
f 3665 3696 3672
f 3675 3697 3665
f 3665 3697 3698
f 3665 3698 3699
f 3676 3660 3700
f 3677 3701 3660
f 3660 3701 3702
f 3660 3702 3661
f 3703 3657 3704
f 3704 3657 3705
f 3703 3706 3657
f 3657 3706 3707
f 3657 3707 3708
f 3683 3709 3662
f 3662 3709 3710
f 3662 3710 3711
f 3712 3713 3657
f 3657 3713 3714
f 3657 3714 3705
f 3684 3715 3657
f 3657 3715 3716
f 3657 3716 3717
f 3717 3718 3657
f 3657 3718 3719
f 3657 3719 3687
f 3720 3721 3660
f 3660 3721 3722
f 3723 3724 3660
f 3660 3724 3725
f 3660 3725 3726
f 3726 3727 3660
f 3660 3727 3728
f 3660 3728 3700
f 3711 3729 3662
f 3662 3729 3730
f 3662 3730 3731
f 3662 3732 3733
f 3708 3734 3657
f 3657 3734 3735
f 3657 3735 3686
f 3699 3736 3665
f 3665 3736 3737
f 3665 3737 3738
f 3738 3739 3665
f 3665 3739 3740
f 3665 3740 3741
f 3722 3742 3660
f 3660 3742 3743
f 3660 3743 3723
f 3731 3744 3662
f 3662 3744 3745
f 3662 3745 3746
f 3746 3747 3662
f 3662 3747 3748
f 3662 3748 3749
f 3750 3751 3662
f 3660 3752 3753
f 3749 3754 3662
f 3662 3754 3755
f 3662 3755 3732
f 3756 3657 3757
f 3757 3657 3758
f 3756 3759 3657
f 3657 3759 3760
f 3657 3760 3712
f 3753 3761 3660
f 3660 3761 3762
f 3660 3762 3763
f 3763 3764 3660
f 3660 3764 3765
f 3660 3765 3720
f 3741 3766 3665
f 3665 3766 3767
f 3665 3767 3660
f 3660 3767 3768
f 3660 3768 3752
f 3733 3769 3662
f 3662 3769 3770
f 3662 3770 3771
f 3771 3772 3662
f 3662 3772 3773
f 3662 3773 3750
f 3774 3775 3657
f 3657 3775 3776
f 3657 3776 3758
f 3751 3774 3662
f 3662 3774 3657
f 3662 3657 3777
f 3777 3657 3655
f 3777 3655 3778
f 3778 3655 3654
f 3778 3654 3534
f 3534 3654 3540
f 3534 3540 3624
f 3624 3540 3637
f 3528 3524 3779
f 3779 3524 3523
f 3779 3523 3780
f 3780 3523 3665
f 3780 3665 3781
f 3781 3665 3660
f 3781 3660 3782
f 3556 3783 3534
f 3534 3783 3784
f 3534 3784 3778
f 3778 3784 3785
f 3778 3785 3777
f 3777 3785 3786
f 3777 3786 3662
f 3662 3786 3787
f 3662 3787 3660
f 3660 3787 3788
f 3660 3788 3782
f 3782 3788 3789
f 72 184 183
f 3790 3791 183
f 183 3791 3792
f 183 3792 72
f 72 3792 3793
f 72 3793 73
f 73 3793 3794
f 73 3794 74
f 74 3794 3795
f 74 3795 22
f 22 3795 3796
f 22 3796 23
f 23 3796 3797
f 23 3797 25
f 25 3797 3798
f 25 3798 26
f 26 3798 3799
f 26 3799 44
f 44 3799 3800
f 44 3800 45
f 45 3800 3801
f 45 3801 46
f 46 3801 3802
f 46 3802 77
f 77 3802 3803
f 77 3803 78
f 78 3803 3804
f 78 3804 79
f 79 3804 3805
f 79 3805 138
f 138 3805 3806
f 138 3806 139
f 139 3806 3807
f 139 3807 80
f 80 3807 3808
f 80 3808 81
f 81 3808 3809
f 81 3809 82
f 82 3809 3810
f 82 3810 140
f 140 3810 3811
f 140 3811 141
f 141 3811 3812
f 141 3812 142
f 142 3812 3813
f 142 3813 200
f 200 3813 3814
f 200 3814 201
f 201 3814 3815
f 201 3815 202
f 202 3815 3816
f 202 3816 233
f 233 3816 3817
f 233 3817 234
f 234 3817 3818
f 234 3818 218
f 218 3818 3819
f 218 3819 217
f 217 3819 3820
f 217 3820 216
f 216 3820 3821
f 216 3821 219
f 219 3821 3822
f 219 3822 220
f 220 3822 3823
f 220 3823 221
f 221 3823 3824
f 221 3824 222
f 222 3824 3825
f 222 3825 223
f 223 3825 3826
f 223 3826 224
f 224 3826 3827
f 224 3827 225
f 225 3827 3828
f 225 3828 226
f 226 3828 3829
f 226 3829 185
f 185 3829 3830
f 185 3830 186
f 186 3830 3831
f 186 3831 187
f 187 3831 3832
f 187 3832 146
f 146 3832 3833
f 146 3833 145
f 145 3833 3834
f 145 3834 83
f 83 3834 3835
f 83 3835 84
f 84 3835 3836
f 84 3836 85
f 85 3836 3837
f 85 3837 48
f 48 3837 3838
f 48 3838 49
f 49 3838 3839
f 49 3839 75
f 75 3839 3840
f 75 3840 76
f 76 3840 3841
f 76 3841 50
f 50 3841 3842
f 50 3842 5
f 5 3842 3843
f 5 3843 6
f 6 3843 3844
f 6 3844 7
f 7 3844 3845
f 7 3845 1
f 1 3845 3846
f 1 3846 2
f 2 3846 3847
f 2 3847 4
f 4 3847 3848
f 4 3848 64
f 64 3848 3849
f 64 3849 65
f 65 3849 3850
f 65 3850 67
f 67 3850 3851
f 67 3851 68
f 68 3851 3852
f 68 3852 17
f 17 3852 3853
f 17 3853 18
f 18 3853 3854
f 18 3854 115
f 115 3854 3855
f 115 3855 116
f 116 3855 3856
f 116 3856 69
f 69 3856 3857
f 69 3857 70
f 70 3857 3858
f 70 3858 71
f 71 3858 3859
f 71 3859 41
f 41 3859 3860
f 41 3860 42
f 42 3860 3861
f 42 3861 43
f 43 3861 3862
f 43 3862 103
f 103 3862 3863
f 103 3863 104
f 104 3863 3864
f 104 3864 106
f 106 3864 3865
f 106 3865 107
f 107 3865 3866
f 107 3866 108
f 108 3866 3867
f 108 3867 109
f 109 3867 3868
f 109 3868 110
f 110 3868 3869
f 110 3869 111
f 111 3869 3870
f 111 3870 158
f 158 3870 3871
f 158 3871 159
f 159 3871 3872
f 159 3872 160
f 160 3872 3873
f 160 3873 213
f 213 3873 3874
f 213 3874 214
f 214 3874 3875
f 214 3875 215
f 215 3875 3876
f 215 3876 197
f 197 3876 3877
f 197 3877 198
f 198 3877 3878
f 198 3878 199
f 199 3878 3879
f 199 3879 161
f 161 3879 3880
f 161 3880 162
f 162 3880 3881
f 162 3881 163
f 163 3881 3882
f 163 3882 130
f 130 3882 3883
f 130 3883 131
f 131 3883 3884
f 131 3884 132
f 132 3884 3885
f 132 3885 133
f 133 3885 3886
f 133 3886 134
f 134 3886 3887
f 134 3887 135
f 135 3887 3888
f 135 3888 39
f 39 3888 3889
f 39 3889 40
f 40 3889 3890
f 40 3890 61
f 61 3890 3891
f 61 3891 62
f 62 3891 3892
f 62 3892 63
f 63 3892 3893
f 63 3893 112
f 112 3893 3894
f 112 3894 113
f 113 3894 3895
f 113 3895 114
f 114 3895 3896
f 114 3896 136
f 136 3896 3897
f 136 3897 137
f 137 3897 3898
f 137 3898 19
f 19 3898 3899
f 19 3899 20
f 20 3899 3900
f 20 3900 21
f 21 3900 3901
f 21 3901 8
f 8 3901 3902
f 8 3902 9
f 9 3902 3903
f 9 3903 11
f 11 3903 3904
f 11 3904 12
f 12 3904 3905
f 12 3905 182
f 182 3905 3790
f 182 3790 183
f 3906 3907 3908
f 3909 3907 3906
f 3910 3909 3906
f 3906 3911 3912
f 3913 3911 3906
f 3908 3913 3906
f 3906 3914 3915
f 3916 3914 3906
f 3912 3916 3906
f 3906 3917 3918
f 3919 3917 3906
f 3915 3919 3906
f 3906 3920 3921
f 3922 3920 3906
f 3918 3922 3906
f 3906 3923 3924
f 3925 3923 3906
f 3921 3925 3906
f 3906 3926 3927
f 3928 3926 3906
f 3924 3928 3906
f 3906 3929 3930
f 3931 3929 3906
f 3927 3931 3906
f 3906 3932 3933
f 3934 3932 3906
f 3930 3934 3906
f 3906 3935 3936
f 3937 3935 3906
f 3933 3937 3906
f 3906 3938 3939
f 3940 3938 3906
f 3936 3940 3906
f 3906 3941 3942
f 3943 3941 3906
f 3939 3943 3906
f 3906 3944 3945
f 3946 3944 3906
f 3942 3946 3906
f 3906 3947 3948
f 3949 3947 3906
f 3945 3949 3906
f 3906 3950 3951
f 3952 3950 3906
f 3948 3952 3906
f 3906 3953 3954
f 3955 3953 3906
f 3951 3955 3906
f 3906 3956 3957
f 3958 3956 3906
f 3954 3958 3906
f 3906 3959 3960
f 3961 3959 3906
f 3957 3961 3906
f 3906 3962 3963
f 3964 3962 3906
f 3960 3964 3906
f 3906 3965 3966
f 3967 3965 3906
f 3963 3967 3906
f 3906 3968 3969
f 3970 3968 3906
f 3966 3970 3906
f 3906 3971 3972
f 3973 3971 3906
f 3969 3973 3906
f 3906 3974 3975
f 3976 3974 3906
f 3972 3976 3906
f 3906 3977 3978
f 3979 3977 3906
f 3975 3979 3906
f 3906 3980 3981
f 3982 3980 3906
f 3978 3982 3906
f 3906 3983 3984
f 3985 3983 3906
f 3981 3985 3906
f 3906 3986 3987
f 3988 3986 3906
f 3984 3988 3906
f 3906 3989 3990
f 3991 3989 3906
f 3987 3991 3906
f 3906 3992 3993
f 3994 3992 3906
f 3990 3994 3906
f 3906 3995 3996
f 3997 3995 3906
f 3993 3997 3906
f 3906 3998 3999
f 4000 3998 3906
f 3996 4000 3906
f 3906 4001 4002
f 4003 4001 3906
f 3999 4003 3906
f 3906 4004 4005
f 4006 4004 3906
f 4002 4006 3906
f 3906 4007 4008
f 4009 4007 3906
f 4005 4009 3906
f 3906 4010 4011
f 4012 4010 3906
f 4008 4012 3906
f 3906 4013 4014
f 4015 4013 3906
f 4011 4015 3906
f 3906 4016 4017
f 4018 4016 3906
f 4014 4018 3906
f 3906 4019 4020
f 4021 4019 3906
f 4017 4021 3906
f 4020 3910 3906
f 3794 3793 3963
f 3963 3793 3792
f 3963 3792 3967
f 3967 3792 3791
f 3967 3791 3965
f 3965 3791 3790
f 3965 3790 3966
f 3966 3790 3905
f 3966 3905 3970
f 3970 3905 3904
f 3970 3904 3968
f 3968 3904 3903
f 3968 3903 3969
f 3969 3903 3902
f 3969 3902 3973
f 3973 3902 3901
f 3973 3901 3971
f 3971 3901 3900
f 3971 3900 3972
f 3972 3900 3899
f 3972 3899 3976
f 3976 3899 3898
f 3976 3898 3974
f 3974 3898 3897
f 3974 3897 3975
f 3975 3897 3896
f 3975 3896 3979
f 3979 3896 3895
f 3979 3895 3977
f 3977 3895 3894
f 3977 3894 3978
f 3978 3894 3893
f 3978 3893 3982
f 3982 3893 3892
f 3982 3892 3980
f 3980 3892 3891
f 3980 3891 3981
f 3981 3891 3890
f 3981 3890 3985
f 3985 3890 3889
f 3985 3889 3983
f 3983 3889 3888
f 3983 3888 3984
f 3984 3888 3887
f 3984 3887 3988
f 3988 3887 3886
f 3988 3886 3986
f 3986 3886 3885
f 3986 3885 3987
f 3987 3885 3884
f 3987 3884 3991
f 3991 3884 3883
f 3991 3883 3989
f 3989 3883 3882
f 3989 3882 3990
f 3990 3882 3881
f 3990 3881 3994
f 3994 3881 3880
f 3994 3880 3992
f 3992 3880 3879
f 3992 3879 3993
f 3993 3879 3878
f 3993 3878 3997
f 3997 3878 3877
f 3997 3877 3995
f 3995 3877 3876
f 3995 3876 3996
f 3996 3876 3875
f 3996 3875 4000
f 4000 3875 3874
f 4000 3874 3998
f 3998 3874 3873
f 3998 3873 3999
f 3999 3873 3872
f 3999 3872 4003
f 4003 3872 3871
f 4003 3871 4001
f 4001 3871 3870
f 4001 3870 4002
f 4002 3870 3869
f 4002 3869 4006
f 4006 3869 3868
f 4006 3868 4004
f 4004 3868 3867
f 4004 3867 4005
f 4005 3867 3866
f 4005 3866 4009
f 4009 3866 3865
f 4009 3865 4007
f 4007 3865 3864
f 4007 3864 4008
f 4008 3864 3863
f 4008 3863 4012
f 4012 3863 3862
f 4012 3862 4010
f 4010 3862 3861
f 4010 3861 4011
f 4011 3861 3860
f 4011 3860 4015
f 4015 3860 3859
f 4015 3859 4013
f 4013 3859 3858
f 4013 3858 4014
f 4014 3858 3857
f 4014 3857 4018
f 4018 3857 3856
f 4018 3856 4016
f 4016 3856 3855
f 4016 3855 4017
f 4017 3855 3854
f 4017 3854 4021
f 4021 3854 3853
f 4021 3853 4019
f 4019 3853 3852
f 4019 3852 4020
f 4020 3852 3851
f 4020 3851 3910
f 3910 3851 3850
f 3910 3850 3909
f 3909 3850 3849
f 3909 3849 3907
f 3907 3849 3848
f 3907 3848 3908
f 3908 3848 3847
f 3908 3847 3913
f 3913 3847 3846
f 3913 3846 3911
f 3911 3846 3845
f 3911 3845 3912
f 3912 3845 3844
f 3912 3844 3916
f 3916 3844 3843
f 3916 3843 3914
f 3914 3843 3842
f 3914 3842 3915
f 3915 3842 3841
f 3915 3841 3919
f 3919 3841 3840
f 3919 3840 3917
f 3917 3840 3839
f 3917 3839 3918
f 3918 3839 3838
f 3918 3838 3922
f 3922 3838 3837
f 3922 3837 3920
f 3920 3837 3836
f 3920 3836 3921
f 3921 3836 3835
f 3921 3835 3925
f 3925 3835 3834
f 3925 3834 3923
f 3923 3834 3833
f 3923 3833 3924
f 3924 3833 3832
f 3924 3832 3928
f 3928 3832 3831
f 3928 3831 3926
f 3926 3831 3830
f 3926 3830 3927
f 3927 3830 3829
f 3927 3829 3931
f 3931 3829 3828
f 3931 3828 3929
f 3929 3828 3827
f 3929 3827 3930
f 3930 3827 3826
f 3930 3826 3934
f 3934 3826 3825
f 3934 3825 3932
f 3932 3825 3824
f 3932 3824 3933
f 3933 3824 3823
f 3933 3823 3937
f 3937 3823 3822
f 3937 3822 3935
f 3935 3822 3821
f 3935 3821 3936
f 3936 3821 3820
f 3936 3820 3940
f 3940 3820 3819
f 3940 3819 3938
f 3938 3819 3818
f 3938 3818 3939
f 3939 3818 3817
f 3939 3817 3943
f 3943 3817 3816
f 3943 3816 3941
f 3941 3816 3815
f 3941 3815 3942
f 3942 3815 3814
f 3942 3814 3946
f 3946 3814 3813
f 3946 3813 3944
f 3944 3813 3812
f 3944 3812 3945
f 3945 3812 3811
f 3945 3811 3949
f 3949 3811 3810
f 3949 3810 3947
f 3947 3810 3809
f 3947 3809 3948
f 3948 3809 3808
f 3948 3808 3952
f 3952 3808 3807
f 3952 3807 3950
f 3950 3807 3806
f 3950 3806 3951
f 3951 3806 3805
f 3951 3805 3955
f 3955 3805 3804
f 3955 3804 3953
f 3953 3804 3803
f 3953 3803 3954
f 3954 3803 3802
f 3954 3802 3958
f 3958 3802 3801
f 3958 3801 3956
f 3956 3801 3800
f 3956 3800 3957
f 3957 3800 3799
f 3957 3799 3961
f 3961 3799 3798
f 3961 3798 3959
f 3959 3798 3797
f 3959 3797 3960
f 3960 3797 3796
f 3960 3796 3964
f 3964 3796 3795
f 3964 3795 3962
f 3962 3795 3794
f 3962 3794 3963
f 51 3 66
f 4022 4023 66
f 66 4023 4024
f 66 4024 51
f 51 4024 4025
f 51 4025 47
f 47 4025 4026
f 47 4026 143
f 143 4026 4027
f 143 4027 144
f 144 4027 4028
f 144 4028 164
f 164 4028 4029
f 164 4029 165
f 165 4029 4030
f 165 4030 147
f 147 4030 4031
f 147 4031 148
f 148 4031 4032
f 148 4032 149
f 149 4032 4033
f 149 4033 150
f 150 4033 4034
f 150 4034 151
f 151 4034 4035
f 151 4035 152
f 152 4035 4036
f 152 4036 153
f 153 4036 4037
f 153 4037 154
f 154 4037 4038
f 154 4038 155
f 155 4038 4039
f 155 4039 203
f 203 4039 4040
f 203 4040 204
f 204 4040 4041
f 204 4041 205
f 205 4041 4042
f 205 4042 227
f 227 4042 4043
f 227 4043 228
f 228 4043 4044
f 228 4044 190
f 190 4044 4045
f 190 4045 189
f 189 4045 4046
f 189 4046 188
f 188 4046 4047
f 188 4047 229
f 229 4047 4048
f 229 4048 230
f 230 4048 4049
f 230 4049 231
f 231 4049 4050
f 231 4050 232
f 232 4050 4051
f 232 4051 235
f 235 4051 4052
f 235 4052 236
f 236 4052 4053
f 236 4053 206
f 206 4053 4054
f 206 4054 207
f 207 4054 4055
f 207 4055 208
f 208 4055 4056
f 208 4056 209
f 209 4056 4057
f 209 4057 166
f 166 4057 4058
f 166 4058 167
f 167 4058 4059
f 167 4059 168
f 168 4059 4060
f 168 4060 169
f 169 4060 4061
f 169 4061 170
f 170 4061 4062
f 170 4062 191
f 191 4062 4063
f 191 4063 192
f 192 4063 4064
f 192 4064 173
f 173 4064 4065
f 173 4065 172
f 172 4065 4066
f 172 4066 171
f 171 4066 4067
f 171 4067 193
f 193 4067 4068
f 193 4068 194
f 194 4068 4069
f 194 4069 174
f 174 4069 4070
f 174 4070 175
f 175 4070 4071
f 175 4071 195
f 195 4071 4072
f 195 4072 196
f 196 4072 4073
f 196 4073 86
f 86 4073 4074
f 86 4074 13
f 13 4074 4075
f 13 4075 14
f 14 4075 4076
f 14 4076 87
f 87 4076 4077
f 87 4077 88
f 88 4077 4078
f 88 4078 89
f 89 4078 4079
f 89 4079 90
f 90 4079 4080
f 90 4080 91
f 91 4080 4081
f 91 4081 27
f 27 4081 4082
f 27 4082 29
f 29 4082 4083
f 29 4083 30
f 30 4083 4084
f 30 4084 31
f 31 4084 4085
f 31 4085 32
f 32 4085 4086
f 32 4086 33
f 33 4086 4087
f 33 4087 34
f 34 4087 4088
f 34 4088 35
f 35 4088 4089
f 35 4089 36
f 36 4089 4090
f 36 4090 117
f 117 4090 4091
f 117 4091 118
f 118 4091 4092
f 118 4092 92
f 92 4092 4093
f 92 4093 93
f 93 4093 4094
f 93 4094 94
f 94 4094 4095
f 94 4095 119
f 119 4095 4096
f 119 4096 120
f 120 4096 4097
f 120 4097 95
f 95 4097 4098
f 95 4098 96
f 96 4098 4099
f 96 4099 97
f 97 4099 4100
f 97 4100 98
f 98 4100 4101
f 98 4101 99
f 99 4101 4102
f 99 4102 121
f 121 4102 4103
f 121 4103 122
f 122 4103 4104
f 122 4104 123
f 123 4104 4105
f 123 4105 176
f 176 4105 4106
f 176 4106 177
f 177 4106 4107
f 177 4107 178
f 178 4107 4108
f 178 4108 210
f 210 4108 4109
f 210 4109 211
f 211 4109 4110
f 211 4110 212
f 212 4110 4111
f 212 4111 179
f 179 4111 4112
f 179 4112 180
f 180 4112 4113
f 180 4113 181
f 181 4113 4114
f 181 4114 124
f 124 4114 4115
f 124 4115 125
f 125 4115 4116
f 125 4116 126
f 126 4116 4117
f 126 4117 127
f 127 4117 4118
f 127 4118 128
f 128 4118 4119
f 128 4119 129
f 129 4119 4120
f 129 4120 156
f 156 4120 4121
f 156 4121 157
f 157 4121 4122
f 157 4122 100
f 100 4122 4123
f 100 4123 101
f 101 4123 4124
f 101 4124 102
f 102 4124 4125
f 102 4125 37
f 37 4125 4126
f 37 4126 38
f 38 4126 4127
f 38 4127 52
f 52 4127 4128
f 52 4128 53
f 53 4128 4129
f 53 4129 54
f 54 4129 4130
f 54 4130 55
f 55 4130 4131
f 55 4131 56
f 56 4131 4132
f 56 4132 57
f 57 4132 4133
f 57 4133 58
f 58 4133 4134
f 58 4134 59
f 59 4134 4135
f 59 4135 60
f 60 4135 4136
f 60 4136 105
f 105 4136 4137
f 105 4137 16
f 16 4137 4022
f 16 4022 66
f 4138 4139 4140
f 4141 4139 4138
f 4142 4141 4138
f 4138 4143 4144
f 4145 4143 4138
f 4140 4145 4138
f 4138 4146 4147
f 4148 4146 4138
f 4144 4148 4138
f 4138 4149 4150
f 4151 4149 4138
f 4147 4151 4138
f 4138 4152 4153
f 4154 4152 4138
f 4150 4154 4138
f 4138 4155 4156
f 4157 4155 4138
f 4153 4157 4138
f 4138 4158 4159
f 4160 4158 4138
f 4156 4160 4138
f 4138 4161 4162
f 4163 4161 4138
f 4159 4163 4138
f 4138 4164 4165
f 4166 4164 4138
f 4162 4166 4138
f 4138 4167 4168
f 4169 4167 4138
f 4165 4169 4138
f 4138 4170 4171
f 4172 4170 4138
f 4168 4172 4138
f 4138 4173 4174
f 4175 4173 4138
f 4171 4175 4138
f 4138 4176 4177
f 4178 4176 4138
f 4174 4178 4138
f 4138 4179 4180
f 4181 4179 4138
f 4177 4181 4138
f 4138 4182 4183
f 4184 4182 4138
f 4180 4184 4138
f 4138 4185 4186
f 4187 4185 4138
f 4183 4187 4138
f 4138 4188 4189
f 4190 4188 4138
f 4186 4190 4138
f 4138 4191 4192
f 4193 4191 4138
f 4189 4193 4138
f 4138 4194 4195
f 4196 4194 4138
f 4192 4196 4138
f 4138 4197 4198
f 4199 4197 4138
f 4195 4199 4138
f 4138 4200 4201
f 4202 4200 4138
f 4198 4202 4138
f 4138 4203 4204
f 4205 4203 4138
f 4201 4205 4138
f 4138 4206 4207
f 4208 4206 4138
f 4204 4208 4138
f 4138 4209 4210
f 4211 4209 4138
f 4207 4211 4138
f 4138 4212 4213
f 4214 4212 4138
f 4210 4214 4138
f 4138 4215 4216
f 4217 4215 4138
f 4213 4217 4138
f 4138 4218 4219
f 4220 4218 4138
f 4216 4220 4138
f 4138 4221 4222
f 4223 4221 4138
f 4219 4223 4138
f 4138 4224 4225
f 4226 4224 4138
f 4222 4226 4138
f 4138 4227 4228
f 4229 4227 4138
f 4225 4229 4138
f 4138 4230 4231
f 4232 4230 4138
f 4228 4232 4138
f 4138 4233 4234
f 4235 4233 4138
f 4231 4235 4138
f 4138 4236 4237
f 4238 4236 4138
f 4234 4238 4138
f 4138 4239 4240
f 4241 4239 4138
f 4237 4241 4138
f 4138 4242 4243
f 4244 4242 4138
f 4240 4244 4138
f 4138 4245 4246
f 4247 4245 4138
f 4243 4247 4138
f 4138 4248 4249
f 4250 4248 4138
f 4246 4250 4138
f 4138 4251 4252
f 4253 4251 4138
f 4249 4253 4138
f 4252 4142 4138
f 4026 4025 4195
f 4195 4025 4024
f 4195 4024 4199
f 4199 4024 4023
f 4199 4023 4197
f 4197 4023 4022
f 4197 4022 4198
f 4198 4022 4137
f 4198 4137 4202
f 4202 4137 4136
f 4202 4136 4200
f 4200 4136 4135
f 4200 4135 4201
f 4201 4135 4134
f 4201 4134 4205
f 4205 4134 4133
f 4205 4133 4203
f 4203 4133 4132
f 4203 4132 4204
f 4204 4132 4131
f 4204 4131 4208
f 4208 4131 4130
f 4208 4130 4206
f 4206 4130 4129
f 4206 4129 4207
f 4207 4129 4128
f 4207 4128 4211
f 4211 4128 4127
f 4211 4127 4209
f 4209 4127 4126
f 4209 4126 4210
f 4210 4126 4125
f 4210 4125 4214
f 4214 4125 4124
f 4214 4124 4212
f 4212 4124 4123
f 4212 4123 4213
f 4213 4123 4122
f 4213 4122 4217
f 4217 4122 4121
f 4217 4121 4215
f 4215 4121 4120
f 4215 4120 4216
f 4216 4120 4119
f 4216 4119 4220
f 4220 4119 4118
f 4220 4118 4218
f 4218 4118 4117
f 4218 4117 4219
f 4219 4117 4116
f 4219 4116 4223
f 4223 4116 4115
f 4223 4115 4221
f 4221 4115 4114
f 4221 4114 4222
f 4222 4114 4113
f 4222 4113 4226
f 4226 4113 4112
f 4226 4112 4224
f 4224 4112 4111
f 4224 4111 4225
f 4225 4111 4110
f 4225 4110 4229
f 4229 4110 4109
f 4229 4109 4227
f 4227 4109 4108
f 4227 4108 4228
f 4228 4108 4107
f 4228 4107 4232
f 4232 4107 4106
f 4232 4106 4230
f 4230 4106 4105
f 4230 4105 4231
f 4231 4105 4104
f 4231 4104 4235
f 4235 4104 4103
f 4235 4103 4233
f 4233 4103 4102
f 4233 4102 4234
f 4234 4102 4101
f 4234 4101 4238
f 4238 4101 4100
f 4238 4100 4236
f 4236 4100 4099
f 4236 4099 4237
f 4237 4099 4098
f 4237 4098 4241
f 4241 4098 4097
f 4241 4097 4239
f 4239 4097 4096
f 4239 4096 4240
f 4240 4096 4095
f 4240 4095 4244
f 4244 4095 4094
f 4244 4094 4242
f 4242 4094 4093
f 4242 4093 4243
f 4243 4093 4092
f 4243 4092 4247
f 4247 4092 4091
f 4247 4091 4245
f 4245 4091 4090
f 4245 4090 4246
f 4246 4090 4089
f 4246 4089 4250
f 4250 4089 4088
f 4250 4088 4248
f 4248 4088 4087
f 4248 4087 4249
f 4249 4087 4086
f 4249 4086 4253
f 4253 4086 4085
f 4253 4085 4251
f 4251 4085 4084
f 4251 4084 4252
f 4252 4084 4083
f 4252 4083 4142
f 4142 4083 4082
f 4142 4082 4141
f 4141 4082 4081
f 4141 4081 4139
f 4139 4081 4080
f 4139 4080 4140
f 4140 4080 4079
f 4140 4079 4145
f 4145 4079 4078
f 4145 4078 4143
f 4143 4078 4077
f 4143 4077 4144
f 4144 4077 4076
f 4144 4076 4148
f 4148 4076 4075
f 4148 4075 4146
f 4146 4075 4074
f 4146 4074 4147
f 4147 4074 4073
f 4147 4073 4151
f 4151 4073 4072
f 4151 4072 4149
f 4149 4072 4071
f 4149 4071 4150
f 4150 4071 4070
f 4150 4070 4154
f 4154 4070 4069
f 4154 4069 4152
f 4152 4069 4068
f 4152 4068 4153
f 4153 4068 4067
f 4153 4067 4157
f 4157 4067 4066
f 4157 4066 4155
f 4155 4066 4065
f 4155 4065 4156
f 4156 4065 4064
f 4156 4064 4160
f 4160 4064 4063
f 4160 4063 4158
f 4158 4063 4062
f 4158 4062 4159
f 4159 4062 4061
f 4159 4061 4163
f 4163 4061 4060
f 4163 4060 4161
f 4161 4060 4059
f 4161 4059 4162
f 4162 4059 4058
f 4162 4058 4166
f 4166 4058 4057
f 4166 4057 4164
f 4164 4057 4056
f 4164 4056 4165
f 4165 4056 4055
f 4165 4055 4169
f 4169 4055 4054
f 4169 4054 4167
f 4167 4054 4053
f 4167 4053 4168
f 4168 4053 4052
f 4168 4052 4172
f 4172 4052 4051
f 4172 4051 4170
f 4170 4051 4050
f 4170 4050 4171
f 4171 4050 4049
f 4171 4049 4175
f 4175 4049 4048
f 4175 4048 4173
f 4173 4048 4047
f 4173 4047 4174
f 4174 4047 4046
f 4174 4046 4178
f 4178 4046 4045
f 4178 4045 4176
f 4176 4045 4044
f 4176 4044 4177
f 4177 4044 4043
f 4177 4043 4181
f 4181 4043 4042
f 4181 4042 4179
f 4179 4042 4041
f 4179 4041 4180
f 4180 4041 4040
f 4180 4040 4184
f 4184 4040 4039
f 4184 4039 4182
f 4182 4039 4038
f 4182 4038 4183
f 4183 4038 4037
f 4183 4037 4187
f 4187 4037 4036
f 4187 4036 4185
f 4185 4036 4035
f 4185 4035 4186
f 4186 4035 4034
f 4186 4034 4190
f 4190 4034 4033
f 4190 4033 4188
f 4188 4033 4032
f 4188 4032 4189
f 4189 4032 4031
f 4189 4031 4193
f 4193 4031 4030
f 4193 4030 4191
f 4191 4030 4029
f 4191 4029 4192
f 4192 4029 4028
f 4192 4028 4196
f 4196 4028 4027
f 4196 4027 4194
f 4194 4027 4026
f 4194 4026 4195
f 3666 3689 4254
f 4254 3689 3688
f 4254 3688 4255
f 4255 3688 3687
f 4255 3687 4256
f 4256 3687 3719
f 4256 3719 4257
f 4257 3719 3718
f 4257 3718 4258
f 4258 3718 3717
f 4258 3717 4259
f 4259 3717 3716
f 4259 3716 4260
f 4260 3716 3715
f 4260 3715 4261
f 4261 3715 3684
f 4261 3684 4262
f 4262 3684 3685
f 4262 3685 4263
f 4263 3685 3686
f 4263 3686 4264
f 4264 3686 3735
f 4264 3735 4265
f 4265 3735 3734
f 4265 3734 4266
f 4266 3734 3708
f 4266 3708 4267
f 4267 3708 3707
f 4267 3707 4268
f 4268 3707 3706
f 4268 3706 4269
f 4269 3706 3703
f 4269 3703 4270
f 4270 3703 3704
f 4270 3704 4271
f 4271 3704 3705
f 4271 3705 4272
f 4272 3705 3714
f 4272 3714 4273
f 4273 3714 3713
f 4273 3713 4274
f 4274 3713 3712
f 4274 3712 4275
f 4275 3712 3760
f 4275 3760 4276
f 4276 3760 3759
f 4276 3759 4277
f 4277 3759 3756
f 4277 3756 4278
f 4278 3756 3757
f 4278 3757 4279
f 4279 3757 3758
f 4279 3758 4280
f 4280 3758 3776
f 4280 3776 4281
f 4281 3776 3775
f 4281 3775 4282
f 4282 3775 3774
f 4282 3774 4283
f 4283 3774 3751
f 4283 3751 4284
f 4284 3751 3750
f 4284 3750 4285
f 4285 3750 3773
f 4285 3773 4286
f 4286 3773 3772
f 4286 3772 4287
f 4287 3772 3771
f 4287 3771 4288
f 4288 3771 3770
f 4288 3770 4289
f 4289 3770 3769
f 4289 3769 4290
f 4290 3769 3733
f 4290 3733 4291
f 4291 3733 3732
f 4291 3732 4292
f 4292 3732 3755
f 4292 3755 4293
f 4293 3755 3754
f 4293 3754 4294
f 4294 3754 3749
f 4294 3749 4295
f 4295 3749 3748
f 4295 3748 4296
f 4296 3748 3747
f 4296 3747 4297
f 4297 3747 3746
f 4297 3746 4298
f 4298 3746 3745
f 4298 3745 4299
f 4299 3745 3744
f 4299 3744 4300
f 4300 3744 3731
f 4300 3731 4301
f 4301 3731 3730
f 4301 3730 4302
f 4302 3730 3729
f 4302 3729 4303
f 4303 3729 3711
f 4303 3711 4304
f 4304 3711 3710
f 4304 3710 4305
f 4305 3710 3709
f 4305 3709 4306
f 4306 3709 3683
f 4306 3683 4307
f 4307 3683 3682
f 4307 3682 4308
f 4308 3682 3681
f 4308 3681 4309
f 4309 3681 3664
f 4309 3664 4310
f 4310 3664 3663
f 4310 3663 4311
f 4311 3663 3680
f 4311 3680 4312
f 4312 3680 3679
f 4312 3679 4313
f 4313 3679 3678
f 4313 3678 4314
f 4314 3678 3659
f 4314 3659 4315
f 4315 3659 3658
f 4315 3658 4316
f 4316 3658 3661
f 4316 3661 4317
f 4317 3661 3702
f 4317 3702 4318
f 4318 3702 3701
f 4318 3701 4319
f 4319 3701 3677
f 4319 3677 4320
f 4320 3677 3676
f 4320 3676 4321
f 4321 3676 3700
f 4321 3700 4322
f 4322 3700 3728
f 4322 3728 4323
f 4323 3728 3727
f 4323 3727 4324
f 4324 3727 3726
f 4324 3726 4325
f 4325 3726 3725
f 4325 3725 4326
f 4326 3725 3724
f 4326 3724 4327
f 4327 3724 3723
f 4327 3723 4328
f 4328 3723 3743
f 4328 3743 4329
f 4329 3743 3742
f 4329 3742 4330
f 4330 3742 3722
f 4330 3722 4331
f 4331 3722 3721
f 4331 3721 4332
f 4332 3721 3720
f 4332 3720 4333
f 4333 3720 3765
f 4333 3765 4334
f 4334 3765 3764
f 4334 3764 4335
f 4335 3764 3763
f 4335 3763 4336
f 4336 3763 3762
f 4336 3762 4337
f 4337 3762 3761
f 4337 3761 4338
f 4338 3761 3753
f 4338 3753 4339
f 4339 3753 3752
f 4339 3752 4340
f 4340 3752 3768
f 4340 3768 4341
f 4341 3768 3767
f 4341 3767 4342
f 4342 3767 3766
f 4342 3766 4343
f 4343 3766 3741
f 4343 3741 4344
f 4344 3741 3740
f 4344 3740 4345
f 4345 3740 3739
f 4345 3739 4346
f 4346 3739 3738
f 4346 3738 4347
f 4347 3738 3737
f 4347 3737 4348
f 4348 3737 3736
f 4348 3736 4349
f 4349 3736 3699
f 4349 3699 4350
f 4350 3699 3698
f 4350 3698 4351
f 4351 3698 3697
f 4351 3697 4352
f 4352 3697 3675
f 4352 3675 4353
f 4353 3675 3674
f 4353 3674 4354
f 4354 3674 3673
f 4354 3673 4355
f 4355 3673 3672
f 4355 3672 4356
f 4356 3672 3696
f 4356 3696 4357
f 4357 3696 3695
f 4357 3695 4358
f 4358 3695 3671
f 4358 3671 4359
f 4359 3671 3670
f 4359 3670 4360
f 4360 3670 3669
f 4360 3669 4361
f 4361 3669 3668
f 4361 3668 4362
f 4362 3668 3694
f 4362 3694 4363
f 4363 3694 3693
f 4363 3693 4364
f 4364 3693 3692
f 4364 3692 4365
f 4365 3692 3691
f 4365 3691 4366
f 4366 3691 3690
f 4366 3690 4367
f 4367 3690 3667
f 4367 3667 4368
f 4368 3667 3666
f 4368 3666 4254
f 4288 4369 4287
f 4287 4369 4370
f 4287 4370 4286
f 4286 4370 4371
f 4286 4371 4285
f 4285 4371 4372
f 4285 4372 4284
f 4284 4372 4373
f 4284 4373 4283
f 4283 4373 4374
f 4283 4374 4282
f 4282 4374 4375
f 4282 4375 4281
f 4281 4375 4376
f 4281 4376 4280
f 4280 4376 4377
f 4280 4377 4279
f 4279 4377 4378
f 4279 4378 4278
f 4278 4378 4379
f 4278 4379 4277
f 4277 4379 4380
f 4277 4380 4276
f 4276 4380 4381
f 4276 4381 4275
f 4275 4381 4382
f 4275 4382 4274
f 4274 4382 4383
f 4274 4383 4273
f 4273 4383 4384
f 4273 4384 4272
f 4272 4384 4385
f 4272 4385 4271
f 4271 4385 4386
f 4271 4386 4270
f 4270 4386 4387
f 4270 4387 4269
f 4269 4387 4388
f 4269 4388 4268
f 4268 4388 4389
f 4268 4389 4267
f 4267 4389 4390
f 4267 4390 4266
f 4266 4390 4391
f 4266 4391 4265
f 4265 4391 4392
f 4265 4392 4264
f 4264 4392 4393
f 4264 4393 4263
f 4263 4393 4394
f 4263 4394 4262
f 4262 4394 4395
f 4262 4395 4261
f 4261 4395 4396
f 4261 4396 4260
f 4260 4396 4397
f 4260 4397 4259
f 4259 4397 4398
f 4259 4398 4258
f 4258 4398 4399
f 4258 4399 4257
f 4257 4399 4400
f 4257 4400 4256
f 4256 4400 4401
f 4256 4401 4255
f 4255 4401 4402
f 4255 4402 4254
f 4254 4402 4403
f 4254 4403 4368
f 4368 4403 4404
f 4368 4404 4367
f 4367 4404 4405
f 4367 4405 4366
f 4366 4405 4406
f 4366 4406 4365
f 4365 4406 4407
f 4365 4407 4364
f 4364 4407 4408
f 4364 4408 4363
f 4363 4408 4409
f 4363 4409 4362
f 4362 4409 4410
f 4362 4410 4361
f 4361 4410 4411
f 4361 4411 4360
f 4360 4411 4412
f 4360 4412 4359
f 4359 4412 4413
f 4359 4413 4358
f 4358 4413 4414
f 4358 4414 4357
f 4357 4414 4415
f 4357 4415 4356
f 4356 4415 4416
f 4356 4416 4355
f 4355 4416 4417
f 4355 4417 4354
f 4354 4417 4418
f 4354 4418 4353
f 4353 4418 4419
f 4353 4419 4352
f 4352 4419 4420
f 4352 4420 4351
f 4351 4420 4421
f 4351 4421 4350
f 4350 4421 4422
f 4350 4422 4349
f 4349 4422 4423
f 4349 4423 4348
f 4348 4423 4424
f 4348 4424 4347
f 4347 4424 4425
f 4347 4425 4346
f 4346 4425 4426
f 4346 4426 4345
f 4345 4426 4427
f 4345 4427 4344
f 4344 4427 4428
f 4344 4428 4343
f 4343 4428 4429
f 4343 4429 4342
f 4342 4429 4430
f 4342 4430 4341
f 4341 4430 4431
f 4341 4431 4340
f 4340 4431 4432
f 4340 4432 4339
f 4339 4432 4433
f 4339 4433 4338
f 4338 4433 4434
f 4338 4434 4337
f 4337 4434 4435
f 4337 4435 4336
f 4336 4435 4436
f 4336 4436 4335
f 4335 4436 4437
f 4335 4437 4334
f 4334 4437 4438
f 4334 4438 4333
f 4333 4438 4439
f 4333 4439 4332
f 4332 4439 4440
f 4332 4440 4331
f 4331 4440 4441
f 4331 4441 4330
f 4330 4441 4442
f 4330 4442 4329
f 4329 4442 4443
f 4329 4443 4328
f 4328 4443 4444
f 4328 4444 4327
f 4327 4444 4445
f 4327 4445 4326
f 4326 4445 4446
f 4326 4446 4325
f 4325 4446 4447
f 4325 4447 4324
f 4324 4447 4448
f 4324 4448 4323
f 4323 4448 4449
f 4323 4449 4322
f 4322 4449 4450
f 4322 4450 4321
f 4321 4450 4451
f 4321 4451 4320
f 4320 4451 4452
f 4320 4452 4319
f 4319 4452 4453
f 4319 4453 4318
f 4318 4453 4454
f 4318 4454 4317
f 4317 4454 4455
f 4317 4455 4316
f 4316 4455 4456
f 4316 4456 4315
f 4315 4456 4457
f 4315 4457 4314
f 4314 4457 4458
f 4314 4458 4313
f 4313 4458 4459
f 4313 4459 4312
f 4312 4459 4460
f 4312 4460 4311
f 4311 4460 4461
f 4311 4461 4310
f 4310 4461 4462
f 4310 4462 4309
f 4309 4462 4463
f 4309 4463 4308
f 4308 4463 4464
f 4308 4464 4307
f 4307 4464 4465
f 4307 4465 4306
f 4306 4465 4466
f 4306 4466 4305
f 4305 4466 4467
f 4305 4467 4304
f 4304 4467 4468
f 4304 4468 4303
f 4303 4468 4469
f 4303 4469 4302
f 4302 4469 4470
f 4302 4470 4301
f 4301 4470 4471
f 4301 4471 4300
f 4300 4471 4472
f 4300 4472 4299
f 4299 4472 4473
f 4299 4473 4298
f 4298 4473 4474
f 4298 4474 4297
f 4297 4474 4475
f 4297 4475 4296
f 4296 4475 4476
f 4296 4476 4295
f 4295 4476 4477
f 4295 4477 4294
f 4294 4477 4478
f 4294 4478 4293
f 4293 4478 4479
f 4293 4479 4292
f 4292 4479 4480
f 4292 4480 4291
f 4291 4480 4481
f 4291 4481 4290
f 4290 4481 4482
f 4290 4482 4289
f 4289 4482 4483
f 4289 4483 4288
f 4288 4483 4369
f 4461 2669 4462
f 4462 2669 2668
f 4462 2668 4463
f 4463 2668 2667
f 4463 2667 4464
f 4464 2667 2587
f 4464 2587 4465
f 4465 2587 2586
f 4465 2586 4466
f 4466 2586 2585
f 4466 2585 4467
f 4467 2585 2709
f 4467 2709 4468
f 4468 2709 2708
f 4468 2708 4469
f 4469 2708 2666
f 4469 2666 4470
f 4470 2666 2665
f 4470 2665 4471
f 4471 2665 2664
f 4471 2664 4472
f 4472 2664 2707
f 4472 2707 4473
f 4473 2707 2706
f 4473 2706 4474
f 4474 2706 2705
f 4474 2705 4475
f 4475 2705 2736
f 4475 2736 4476
f 4476 2736 2735
f 4476 2735 4477
f 4477 2735 2702
f 4477 2702 4478
f 4478 2702 2703
f 4478 2703 4479
f 4479 2703 2704
f 4479 2704 4480
f 4480 2704 2734
f 4480 2734 4481
f 4481 2734 2733
f 4481 2733 4482
f 4482 2733 2623
f 4482 2623 4483
f 4483 2623 2622
f 4483 2622 4369
f 4369 2622 2796
f 4369 2796 4370
f 4370 2796 2795
f 4370 2795 4371
f 4371 2795 2774
f 4371 2774 4372
f 4372 2774 2773
f 4372 2773 4373
f 4373 2773 2794
f 4373 2794 4374
f 4374 2794 2793
f 4374 2793 4375
f 4375 2793 2792
f 4375 2792 4376
f 4376 2792 2772
f 4376 2772 4377
f 4377 2772 2771
f 4377 2771 4378
f 4378 2771 2770
f 4378 2770 4379
f 4379 2770 2768
f 4379 2768 4380
f 4380 2768 2767
f 4380 2767 4381
f 4381 2767 2766
f 4381 2766 4382
f 4382 2766 2765
f 4382 2765 4383
f 4383 2765 2764
f 4383 2764 4384
f 4384 2764 2762
f 4384 2762 4385
f 4385 2762 2761
f 4385 2761 4386
f 4386 2761 2732
f 4386 2732 4387
f 4387 2732 2731
f 4387 2731 4388
f 4388 2731 2730
f 4388 2730 4389
f 4389 2730 2729
f 4389 2729 4390
f 4390 2729 2751
f 4390 2751 4391
f 4391 2751 2750
f 4391 2750 4392
f 4392 2750 2701
f 4392 2701 4393
f 4393 2701 2700
f 4393 2700 4394
f 4394 2700 2699
f 4394 2699 4395
f 4395 2699 2621
f 4395 2621 4396
f 4396 2621 2620
f 4396 2620 4397
f 4397 2620 2619
f 4397 2619 4398
f 4398 2619 2618
f 4398 2618 4399
f 4399 2618 2617
f 4399 2617 4400
f 4400 2617 2615
f 4400 2615 4401
f 4401 2615 2614
f 4401 2614 4402
f 4402 2614 2752
f 4402 2752 4403
f 4403 2752 2780
f 4403 2780 4404
f 4404 2780 2802
f 4404 2802 4405
f 4405 2802 2712
f 4405 2712 4406
f 4406 2712 2711
f 4406 2711 4407
f 4407 2711 2710
f 4407 2710 4408
f 4408 2710 2635
f 4408 2635 4409
f 4409 2635 2634
f 4409 2634 4410
f 4410 2634 2671
f 4410 2671 4411
f 4411 2671 2670
f 4411 2670 4412
f 4412 2670 2633
f 4412 2633 4413
f 4413 2633 2632
f 4413 2632 4414
f 4414 2632 2631
f 4414 2631 4415
f 4415 2631 2630
f 4415 2630 4416
f 4416 2630 2629
f 4416 2629 4417
f 4417 2629 2628
f 4417 2628 4418
f 4418 2628 2593
f 4418 2593 4419
f 4419 2593 2592
f 4419 2592 4420
f 4420 2592 2591
f 4420 2591 4421
f 4421 2591 2590
f 4421 2590 4422
f 4422 2590 2589
f 4422 2589 4423
f 4423 2589 2627
f 4423 2627 4424
f 4424 2627 2626
f 4424 2626 4425
f 4425 2626 2625
f 4425 2625 4426
f 4426 2625 2624
f 4426 2624 4427
f 4427 2624 2609
f 4427 2609 4428
f 4428 2609 2608
f 4428 2608 4429
f 4429 2608 2505
f 4429 2505 4430
f 4430 2505 2504
f 4430 2504 4431
f 4431 2504 2551
f 4431 2551 4432
f 4432 2551 2552
f 4432 2552 4433
f 4433 2552 2575
f 4433 2575 4434
f 4434 2575 2574
f 4434 2574 4435
f 4435 2574 2573
f 4435 2573 4436
f 4436 2573 2595
f 4436 2595 4437
f 4437 2595 2594
f 4437 2594 4438
f 4438 2594 2572
f 4438 2572 4439
f 4439 2572 2571
f 4439 2571 4440
f 4440 2571 2570
f 4440 2570 4441
f 4441 2570 2550
f 4441 2550 4442
f 4442 2550 2549
f 4442 2549 4443
f 4443 2549 2548
f 4443 2548 4444
f 4444 2548 2523
f 4444 2523 4445
f 4445 2523 2522
f 4445 2522 4446
f 4446 2522 2521
f 4446 2521 4447
f 4447 2521 2520
f 4447 2520 4448
f 4448 2520 2547
f 4448 2547 4449
f 4449 2547 2546
f 4449 2546 4450
f 4450 2546 2514
f 4450 2514 4451
f 4451 2514 2515
f 4451 2515 4452
f 4452 2515 2516
f 4452 2516 4453
f 4453 2516 2538
f 4453 2538 4454
f 4454 2538 2537
f 4454 2537 4455
f 4455 2537 2536
f 4455 2536 4456
f 4456 2536 2535
f 4456 2535 4457
f 4457 2535 2534
f 4457 2534 4458
f 4458 2534 2508
f 4458 2508 4459
f 4459 2508 2507
f 4459 2507 4460
f 4460 2507 2510
f 4460 2510 4461
f 4461 2510 2669
f 3541 3539 4484
f 4484 3539 3538
f 4484 3538 4485
f 4485 3538 3596
f 4485 3596 4486
f 4486 3596 3595
f 4486 3595 4487
f 4487 3595 3594
f 4487 3594 4488
f 4488 3594 3593
f 4488 3593 4489
f 4489 3593 3592
f 4489 3592 4490
f 4490 3592 3591
f 4490 3591 4491
f 4491 3591 3562
f 4491 3562 4492
f 4492 3562 3564
f 4492 3564 4493
f 4493 3564 3565
f 4493 3565 4494
f 4494 3565 3612
f 4494 3612 4495
f 4495 3612 3611
f 4495 3611 4496
f 4496 3611 3581
f 4496 3581 4497
f 4497 3581 3580
f 4497 3580 4498
f 4498 3580 3579
f 4498 3579 4499
f 4499 3579 3576
f 4499 3576 4500
f 4500 3576 3577
f 4500 3577 4501
f 4501 3577 3578
f 4501 3578 4502
f 4502 3578 3590
f 4502 3590 4503
f 4503 3590 3589
f 4503 3589 4504
f 4504 3589 3588
f 4504 3588 4505
f 4505 3588 3634
f 4505 3634 4506
f 4506 3634 3633
f 4506 3633 4507
f 4507 3633 3632
f 4507 3632 4508
f 4508 3632 3631
f 4508 3631 4509
f 4509 3631 3630
f 4509 3630 4510
f 4510 3630 3629
f 4510 3629 4511
f 4511 3629 3651
f 4511 3651 4512
f 4512 3651 3650
f 4512 3650 4513
f 4513 3650 3649
f 4513 3649 4514
f 4514 3649 3648
f 4514 3648 4515
f 4515 3648 3647
f 4515 3647 4516
f 4516 3647 3646
f 4516 3646 4517
f 4517 3646 3645
f 4517 3645 4518
f 4518 3645 3644
f 4518 3644 4519
f 4519 3644 3643
f 4519 3643 4520
f 4520 3643 3610
f 4520 3610 4521
f 4521 3610 3609
f 4521 3609 4522
f 4522 3609 3628
f 4522 3628 4523
f 4523 3628 3627
f 4523 3627 4524
f 4524 3627 3623
f 4524 3623 4525
f 4525 3623 3622
f 4525 3622 4526
f 4526 3622 3621
f 4526 3621 4527
f 4527 3621 3620
f 4527 3620 4528
f 4528 3620 3619
f 4528 3619 4529
f 4529 3619 3618
f 4529 3618 4530
f 4530 3618 3608
f 4530 3608 4531
f 4531 3608 3607
f 4531 3607 4532
f 4532 3607 3606
f 4532 3606 4533
f 4533 3606 3587
f 4533 3587 4534
f 4534 3587 3586
f 4534 3586 4535
f 4535 3586 3585
f 4535 3585 4536
f 4536 3585 3561
f 4536 3561 4537
f 4537 3561 3560
f 4537 3560 4538
f 4538 3560 3559
f 4538 3559 4539
f 4539 3559 3555
f 4539 3555 4540
f 4540 3555 3557
f 4540 3557 4541
f 4541 3557 3558
f 4541 3558 4542
f 4542 3558 3537
f 4542 3537 4543
f 4543 3537 3536
f 4543 3536 4544
f 4544 3536 3535
f 4544 3535 4545
f 4545 3535 3533
f 4545 3533 4546
f 4546 3533 3532
f 4546 3532 4547
f 4547 3532 3575
f 4547 3575 4548
f 4548 3575 3574
f 4548 3574 4549
f 4549 3574 3554
f 4549 3554 4550
f 4550 3554 3553
f 4550 3553 4551
f 4551 3553 3573
f 4551 3573 4552
f 4552 3573 3605
f 4552 3605 4553
f 4553 3605 3604
f 4553 3604 4554
f 4554 3604 3603
f 4554 3603 4555
f 4555 3603 3602
f 4555 3602 4556
f 4556 3602 3601
f 4556 3601 4557
f 4557 3601 3600
f 4557 3600 4558
f 4558 3600 3617
f 4558 3617 4559
f 4559 3617 3616
f 4559 3616 4560
f 4560 3616 3599
f 4560 3599 4561
f 4561 3599 3598
f 4561 3598 4562
f 4562 3598 3597
f 4562 3597 4563
f 4563 3597 3642
f 4563 3642 4564
f 4564 3642 3641
f 4564 3641 4565
f 4565 3641 3640
f 4565 3640 4566
f 4566 3640 3639
f 4566 3639 4567
f 4567 3639 3638
f 4567 3638 4568
f 4568 3638 3626
f 4568 3626 4569
f 4569 3626 3625
f 4569 3625 4570
f 4570 3625 3624
f 4570 3624 4571
f 4571 3624 3637
f 4571 3637 4572
f 4572 3637 3636
f 4572 3636 4573
f 4573 3636 3635
f 4573 3635 4574
f 4574 3635 3615
f 4574 3615 4575
f 4575 3615 3614
f 4575 3614 4576
f 4576 3614 3613
f 4576 3613 4577
f 4577 3613 3584
f 4577 3584 4578
f 4578 3584 3583
f 4578 3583 4579
f 4579 3583 3582
f 4579 3582 4580
f 4580 3582 3552
f 4580 3552 4581
f 4581 3552 3551
f 4581 3551 4582
f 4582 3551 3550
f 4582 3550 4583
f 4583 3550 3547
f 4583 3547 4584
f 4584 3547 3548
f 4584 3548 4585
f 4585 3548 3549
f 4585 3549 4586
f 4586 3549 3572
f 4586 3572 4587
f 4587 3572 3571
f 4587 3571 4588
f 4588 3571 3546
f 4588 3546 4589
f 4589 3546 3545
f 4589 3545 4590
f 4590 3545 3544
f 4590 3544 4591
f 4591 3544 3543
f 4591 3543 4592
f 4592 3543 3570
f 4592 3570 4593
f 4593 3570 3569
f 4593 3569 4594
f 4594 3569 3568
f 4594 3568 4595
f 4595 3568 3567
f 4595 3567 4596
f 4596 3567 3566
f 4596 3566 4597
f 4597 3566 3542
f 4597 3542 4598
f 4598 3542 3541
f 4598 3541 4484
f 4518 4599 4517
f 4517 4599 4600
f 4517 4600 4516
f 4516 4600 4601
f 4516 4601 4515
f 4515 4601 4602
f 4515 4602 4514
f 4514 4602 4603
f 4514 4603 4513
f 4513 4603 4604
f 4513 4604 4512
f 4512 4604 4605
f 4512 4605 4511
f 4511 4605 4606
f 4511 4606 4510
f 4510 4606 4607
f 4510 4607 4509
f 4509 4607 4608
f 4509 4608 4508
f 4508 4608 4609
f 4508 4609 4507
f 4507 4609 4610
f 4507 4610 4506
f 4506 4610 4611
f 4506 4611 4505
f 4505 4611 4612
f 4505 4612 4504
f 4504 4612 4613
f 4504 4613 4503
f 4503 4613 4614
f 4503 4614 4502
f 4502 4614 4615
f 4502 4615 4501
f 4501 4615 4616
f 4501 4616 4500
f 4500 4616 4617
f 4500 4617 4499
f 4499 4617 4618
f 4499 4618 4498
f 4498 4618 4619
f 4498 4619 4497
f 4497 4619 4620
f 4497 4620 4496
f 4496 4620 4621
f 4496 4621 4495
f 4495 4621 4622
f 4495 4622 4494
f 4494 4622 4623
f 4494 4623 4493
f 4493 4623 4624
f 4493 4624 4492
f 4492 4624 4625
f 4492 4625 4491
f 4491 4625 4626
f 4491 4626 4490
f 4490 4626 4627
f 4490 4627 4489
f 4489 4627 4628
f 4489 4628 4488
f 4488 4628 4629
f 4488 4629 4487
f 4487 4629 4630
f 4487 4630 4486
f 4486 4630 4631
f 4486 4631 4485
f 4485 4631 4632
f 4485 4632 4484
f 4484 4632 4633
f 4484 4633 4598
f 4598 4633 4634
f 4598 4634 4597
f 4597 4634 4635
f 4597 4635 4596
f 4596 4635 4636
f 4596 4636 4595
f 4595 4636 4637
f 4595 4637 4594
f 4594 4637 4638
f 4594 4638 4593
f 4593 4638 4639
f 4593 4639 4592
f 4592 4639 4640
f 4592 4640 4591
f 4591 4640 4641
f 4591 4641 4590
f 4590 4641 4642
f 4590 4642 4589
f 4589 4642 4643
f 4589 4643 4588
f 4588 4643 4644
f 4588 4644 4587
f 4587 4644 4645
f 4587 4645 4586
f 4586 4645 4646
f 4586 4646 4585
f 4585 4646 4647
f 4585 4647 4584
f 4584 4647 4648
f 4584 4648 4583
f 4583 4648 4649
f 4583 4649 4582
f 4582 4649 4650
f 4582 4650 4581
f 4581 4650 4651
f 4581 4651 4580
f 4580 4651 4652
f 4580 4652 4579
f 4579 4652 4653
f 4579 4653 4578
f 4578 4653 4654
f 4578 4654 4577
f 4577 4654 4655
f 4577 4655 4576
f 4576 4655 4656
f 4576 4656 4575
f 4575 4656 4657
f 4575 4657 4574
f 4574 4657 4658
f 4574 4658 4573
f 4573 4658 4659
f 4573 4659 4572
f 4572 4659 4660
f 4572 4660 4571
f 4571 4660 4661
f 4571 4661 4570
f 4570 4661 4662
f 4570 4662 4569
f 4569 4662 4663
f 4569 4663 4568
f 4568 4663 4664
f 4568 4664 4567
f 4567 4664 4665
f 4567 4665 4566
f 4566 4665 4666
f 4566 4666 4565
f 4565 4666 4667
f 4565 4667 4564
f 4564 4667 4668
f 4564 4668 4563
f 4563 4668 4669
f 4563 4669 4562
f 4562 4669 4670
f 4562 4670 4561
f 4561 4670 4671
f 4561 4671 4560
f 4560 4671 4672
f 4560 4672 4559
f 4559 4672 4673
f 4559 4673 4558
f 4558 4673 4674
f 4558 4674 4557
f 4557 4674 4675
f 4557 4675 4556
f 4556 4675 4676
f 4556 4676 4555
f 4555 4676 4677
f 4555 4677 4554
f 4554 4677 4678
f 4554 4678 4553
f 4553 4678 4679
f 4553 4679 4552
f 4552 4679 4680
f 4552 4680 4551
f 4551 4680 4681
f 4551 4681 4550
f 4550 4681 4682
f 4550 4682 4549
f 4549 4682 4683
f 4549 4683 4548
f 4548 4683 4684
f 4548 4684 4547
f 4547 4684 4685
f 4547 4685 4546
f 4546 4685 4686
f 4546 4686 4545
f 4545 4686 4687
f 4545 4687 4544
f 4544 4687 4688
f 4544 4688 4543
f 4543 4688 4689
f 4543 4689 4542
f 4542 4689 4690
f 4542 4690 4541
f 4541 4690 4691
f 4541 4691 4540
f 4540 4691 4692
f 4540 4692 4539
f 4539 4692 4693
f 4539 4693 4538
f 4538 4693 4694
f 4538 4694 4537
f 4537 4694 4695
f 4537 4695 4536
f 4536 4695 4696
f 4536 4696 4535
f 4535 4696 4697
f 4535 4697 4534
f 4534 4697 4698
f 4534 4698 4533
f 4533 4698 4699
f 4533 4699 4532
f 4532 4699 4700
f 4532 4700 4531
f 4531 4700 4701
f 4531 4701 4530
f 4530 4701 4702
f 4530 4702 4529
f 4529 4702 4703
f 4529 4703 4528
f 4528 4703 4704
f 4528 4704 4527
f 4527 4704 4705
f 4527 4705 4526
f 4526 4705 4706
f 4526 4706 4525
f 4525 4706 4707
f 4525 4707 4524
f 4524 4707 4708
f 4524 4708 4523
f 4523 4708 4709
f 4523 4709 4522
f 4522 4709 4710
f 4522 4710 4521
f 4521 4710 4711
f 4521 4711 4520
f 4520 4711 4712
f 4520 4712 4519
f 4519 4712 4713
f 4519 4713 4518
f 4518 4713 4599
f 4691 2791 4692
f 4692 2791 2790
f 4692 2790 4693
f 4693 2790 2681
f 4693 2681 4694
f 4694 2681 2680
f 4694 2680 4695
f 4695 2680 2679
f 4695 2679 4696
f 4696 2679 2678
f 4696 2678 4697
f 4697 2678 2714
f 4697 2714 4698
f 4698 2714 2713
f 4698 2713 4699
f 4699 2713 2677
f 4699 2677 4700
f 4700 2677 2676
f 4700 2676 4701
f 4701 2676 2675
f 4701 2675 4702
f 4702 2675 2674
f 4702 2674 4703
f 4703 2674 2673
f 4703 2673 4704
f 4704 2673 2672
f 4704 2672 4705
f 4705 2672 2569
f 4705 2569 4706
f 4706 2569 2568
f 4706 2568 4707
f 4707 2568 2567
f 4707 2567 4708
f 4708 2567 2566
f 4708 2566 4709
f 4709 2566 2565
f 4709 2565 4710
f 4710 2565 2564
f 4710 2564 4711
f 4711 2564 2545
f 4711 2545 4712
f 4712 2545 2544
f 4712 2544 4713
f 4713 2544 2543
f 4713 2543 4599
f 4599 2543 2542
f 4599 2542 4600
f 4600 2542 2563
f 4600 2563 4601
f 4601 2563 2562
f 4601 2562 4602
f 4602 2562 2540
f 4602 2540 4603
f 4603 2540 2539
f 4603 2539 4604
f 4604 2539 2641
f 4604 2641 4605
f 4605 2641 2640
f 4605 2640 4606
f 4606 2640 2639
f 4606 2639 4607
f 4607 2639 2760
f 4607 2760 4608
f 4608 2760 2759
f 4608 2759 4609
f 4609 2759 2758
f 4609 2758 4610
f 4610 2758 2749
f 4610 2749 4611
f 4611 2749 2748
f 4611 2748 4612
f 4612 2748 2747
f 4612 2747 4613
f 4613 2747 2696
f 4613 2696 4614
f 4614 2696 2697
f 4614 2697 4615
f 4615 2697 2698
f 4615 2698 4616
f 4616 2698 2728
f 4616 2728 4617
f 4617 2728 2727
f 4617 2727 4618
f 4618 2727 2695
f 4618 2695 4619
f 4619 2695 2694
f 4619 2694 4620
f 4620 2694 2693
f 4620 2693 4621
f 4621 2693 2613
f 4621 2613 4622
f 4622 2613 2612
f 4622 2612 4623
f 4623 2612 2611
f 4623 2611 4624
f 4624 2611 2610
f 4624 2610 4625
f 4625 2610 2692
f 4625 2692 4626
f 4626 2692 2691
f 4626 2691 4627
f 4627 2691 2690
f 4627 2690 4628
f 4628 2690 2689
f 4628 2689 4629
f 4629 2689 2688
f 4629 2688 4630
f 4630 2688 2687
f 4630 2687 4631
f 4631 2687 2686
f 4631 2686 4632
f 4632 2686 2685
f 4632 2685 4633
f 4633 2685 2663
f 4633 2663 4634
f 4634 2663 2662
f 4634 2662 4635
f 4635 2662 2661
f 4635 2661 4636
f 4636 2661 2532
f 4636 2532 4637
f 4637 2532 2531
f 4637 2531 4638
f 4638 2531 2584
f 4638 2584 4639
f 4639 2584 2583
f 4639 2583 4640
f 4640 2583 2582
f 4640 2582 4641
f 4641 2582 2518
f 4641 2518 4642
f 4642 2518 2517
f 4642 2517 4643
f 4643 2517 2717
f 4643 2717 4644
f 4644 2717 2725
f 4644 2725 4645
f 4645 2725 2723
f 4645 2723 4646
f 4646 2723 2721
f 4646 2721 4647
f 4647 2721 2720
f 4647 2720 4648
f 4648 2720 2605
f 4648 2605 4649
f 4649 2605 2560
f 4649 2560 4650
f 4650 2560 2559
f 4650 2559 4651
f 4651 2559 2646
f 4651 2646 4652
f 4652 2646 2648
f 4652 2648 4653
f 4653 2648 2650
f 4653 2650 4654
f 4654 2650 2652
f 4654 2652 4655
f 4655 2652 2654
f 4655 2654 4656
f 4656 2654 2656
f 4656 2656 4657
f 4657 2656 2658
f 4657 2658 4658
f 4658 2658 2602
f 4658 2602 4659
f 4659 2602 2601
f 4659 2601 4660
f 4660 2601 2643
f 4660 2643 4661
f 4661 2643 2599
f 4661 2599 4662
f 4662 2599 2598
f 4662 2598 4663
f 4663 2598 2581
f 4663 2581 4664
f 4664 2581 2580
f 4664 2580 4665
f 4665 2580 2579
f 4665 2579 4666
f 4666 2579 2578
f 4666 2578 4667
f 4667 2578 2597
f 4667 2597 4668
f 4668 2597 2596
f 4668 2596 4669
f 4669 2596 2512
f 4669 2512 4670
f 4670 2512 2511
f 4670 2511 4671
f 4671 2511 2558
f 4671 2558 4672
f 4672 2558 2557
f 4672 2557 4673
f 4673 2557 2556
f 4673 2556 4674
f 4674 2556 2577
f 4674 2577 4675
f 4675 2577 2576
f 4675 2576 4676
f 4676 2576 2530
f 4676 2530 4677
f 4677 2530 2529
f 4677 2529 4678
f 4678 2529 2528
f 4678 2528 4679
f 4679 2528 2527
f 4679 2527 4680
f 4680 2527 2526
f 4680 2526 4681
f 4681 2526 2525
f 4681 2525 4682
f 4682 2525 2524
f 4682 2524 4683
f 4683 2524 2555
f 4683 2555 4684
f 4684 2555 2554
f 4684 2554 4685
f 4685 2554 2553
f 4685 2553 4686
f 4686 2553 2638
f 4686 2638 4687
f 4687 2638 2637
f 4687 2637 4688
f 4688 2637 2753
f 4688 2753 4689
f 4689 2753 2616
f 4689 2616 4690
f 4690 2616 2763
f 4690 2763 4691
f 4691 2763 2791
f 2533 2184 2182
f 2533 2182 2805
f 2805 2182 2180
f 2805 2180 2807
f 2807 2180 2178
f 2807 2178 2809
f 2809 2178 2176
f 2809 2176 2811
f 2811 2176 2174
f 2811 2174 2813
f 2813 2174 2172
f 2813 2172 2815
f 2815 2172 2170
f 2815 2170 2817
f 2817 2170 2168
f 2817 2168 2819
f 2819 2168 2166
f 2819 2166 2821
f 2821 2166 2164
f 2821 2164 2823
f 2823 2164 2162
f 2823 2162 2825
f 2825 2162 2160
f 2825 2160 2827
f 2827 2160 2158
f 2827 2158 2897
f 2897 2158 2156
f 2897 2156 2898
f 2898 2156 2154
f 2898 2154 2900
f 2900 2154 2152
f 2900 2152 2902
f 2902 2152 2150
f 2902 2150 2904
f 2904 2150 2148
f 2904 2148 2906
f 2906 2148 2146
f 2906 2146 2908
f 2908 2146 2144
f 2908 2144 2910
f 2910 2144 2142
f 2910 2142 2912
f 2912 2142 2140
f 2912 2140 2914
f 2914 2140 2138
f 2914 2138 2916
f 2916 2138 2136
f 2916 2136 2918
f 2918 2136 2134
f 2918 2134 2920
f 2920 2134 2132
f 2920 2132 2922
f 2922 2132 2130
f 2922 2130 2924
f 2924 2130 2128
f 2924 2128 2925
f 2925 2128 2126
f 2925 2126 2927
f 2927 2126 2124
f 2927 2124 2929
f 2929 2124 2122
f 2929 2122 2931
f 2931 2122 2120
f 2931 2120 2933
f 2933 2120 2118
f 2933 2118 2935
f 2935 2118 2116
f 2935 2116 2937
f 2937 2116 2114
f 2937 2114 2939
f 2939 2114 2112
f 2939 2112 2941
f 2941 2112 2110
f 2941 2110 2943
f 2943 2110 2108
f 2943 2108 2945
f 2945 2108 2106
f 2945 2106 2947
f 2947 2106 2104
f 2947 2104 2949
f 2949 2104 2102
f 2949 2102 2951
f 2951 2102 2100
f 2951 2100 2953
f 2953 2100 2098
f 2953 2098 2954
f 2954 2098 2096
f 2954 2096 2956
f 2956 2096 2094
f 2956 2094 2958
f 2958 2094 2092
f 2958 2092 2960
f 2960 2092 2090
f 2960 2090 2962
f 2962 2090 2088
f 2962 2088 2964
f 2964 2088 2086
f 2964 2086 2966
f 2966 2086 2084
f 2966 2084 2968
f 2968 2084 2082
f 2968 2082 2970
f 2970 2082 2080
f 2970 2080 2972
f 2972 2080 2078
f 2972 2078 2974
f 2974 2078 2076
f 2974 2076 2976
f 2976 2076 2074
f 2976 2074 2978
f 2978 2074 2072
f 2978 2072 2979
f 2979 2072 2070
f 2979 2070 2871
f 2871 2070 2068
f 2871 2068 2873
f 2873 2068 2066
f 2873 2066 2875
f 2875 2066 2064
f 2875 2064 2877
f 2877 2064 2062
f 2877 2062 2879
f 2879 2062 2060
f 2879 2060 2881
f 2881 2060 2058
f 2881 2058 2883
f 2883 2058 2056
f 2883 2056 2885
f 2885 2056 2054
f 2885 2054 2887
f 2887 2054 2052
f 2887 2052 2889
f 2889 2052 2050
f 2889 2050 2891
f 2891 2050 2048
f 2891 2048 2893
f 2893 2048 2046
f 2893 2046 2895
f 2895 2046 2044
f 2895 2044 2896
f 2896 2044 2042
f 2896 2042 2868
f 2868 2042 2040
f 2868 2040 2866
f 2866 2040 2038
f 2866 2038 2864
f 2864 2038 2036
f 2864 2036 2862
f 2862 2036 2034
f 2862 2034 2860
f 2860 2034 2032
f 2860 2032 2858
f 2858 2032 2030
f 2858 2030 2856
f 2856 2030 2028
f 2856 2028 2854
f 2854 2028 2026
f 2854 2026 2852
f 2852 2026 2024
f 2852 2024 2850
f 2850 2024 2022
f 2850 2022 2848
f 2848 2022 2020
f 2848 2020 2846
f 2846 2020 2018
f 2846 2018 2844
f 2844 2018 2016
f 2844 2016 2842
f 2842 2016 2015
f 2842 2015 2506
f 2188 2509 2015
f 2015 2509 2506
f 2509 28 2541
f 2541 28 10
f 2541 2187 2533
f 2533 2187 2184
f 2509 2188 28
f 2541 10 2187
f 2189 15 2188
f 2188 15 28
f 3784 3783 24
f 15 3789 3788
f 3788 3787 15
f 15 3787 3786
f 15 3786 24
f 24 3786 3785
f 24 3785 3784
f 24 2186 10
f 10 2186 2187
f 15 2189 3789
f 24 3783 2186
f 3782 3789 2189
f 2014 3779 3780
f 2014 3780 2189
f 2189 3780 3781
f 2189 3781 3782
f 2186 3783 3556
f 3556 3563 2186
f 2186 3563 3446
f 2186 3446 2185
f 2185 3446 3445
f 3779 2014 2017
f 3779 2017 3528
f 3528 2017 2019
f 3528 2019 3526
f 3526 2019 2021
f 3526 2021 3527
f 3527 2021 2023
f 3527 2023 3529
f 3529 2023 2025
f 3529 2025 3530
f 3530 2025 2027
f 3530 2027 3531
f 3531 2027 2029
f 3531 2029 3524
f 3524 2029 2031
f 3524 2031 3525
f 3525 2031 2033
f 3525 2033 3520
f 3520 2033 2035
f 3520 2035 3521
f 3521 2035 2037
f 3521 2037 3522
f 3522 2037 2039
f 3522 2039 3516
f 3516 2039 2041
f 3516 2041 3517
f 3517 2041 2043
f 3517 2043 3518
f 3518 2043 2045
f 3518 2045 3519
f 3519 2045 2047
f 3519 2047 3499
f 3499 2047 2049
f 3499 2049 3500
f 3500 2049 2051
f 3500 2051 3501
f 3501 2051 2053
f 3501 2053 3502
f 3502 2053 2055
f 3502 2055 3503
f 3503 2055 2057
f 3503 2057 3504
f 3504 2057 2059
f 3504 2059 3505
f 3505 2059 2061
f 3505 2061 3510
f 3510 2061 2063
f 3510 2063 3511
f 3511 2063 2065
f 3511 2065 3506
f 3506 2065 2067
f 3506 2067 3507
f 3507 2067 2069
f 3507 2069 3508
f 3508 2069 2071
f 3508 2071 3509
f 3509 2071 2073
f 3509 2073 3512
f 3512 2073 2075
f 3512 2075 3513
f 3513 2075 2077
f 3513 2077 3514
f 3514 2077 2079
f 3514 2079 3515
f 3515 2079 2081
f 3515 2081 3485
f 3485 2081 2083
f 3485 2083 3486
f 3486 2083 2085
f 3486 2085 3494
f 3494 2085 2087
f 3494 2087 3493
f 3493 2087 2089
f 3493 2089 3484
f 3484 2089 2091
f 3484 2091 3483
f 3483 2091 2093
f 3483 2093 3481
f 3481 2093 2095
f 3481 2095 3482
f 3482 2095 2097
f 3482 2097 3480
f 3480 2097 2099
f 3480 2099 3478
f 3478 2099 2101
f 3478 2101 3479
f 3479 2101 2103
f 3479 2103 3491
f 3491 2103 2105
f 3491 2105 3492
f 3492 2105 2107
f 3492 2107 3490
f 3490 2107 2109
f 3490 2109 3489
f 3489 2109 2111
f 3489 2111 3488
f 3488 2111 2113
f 3488 2113 3496
f 3496 2113 2115
f 3496 2115 3497
f 3497 2115 2117
f 3497 2117 3495
f 3495 2117 2119
f 3495 2119 3467
f 3467 2119 2121
f 3467 2121 3468
f 3468 2121 2123
f 3468 2123 3469
f 3469 2123 2125
f 3469 2125 3466
f 3466 2125 2127
f 3466 2127 3465
f 3465 2127 2129
f 3465 2129 3464
f 3464 2129 2131
f 3464 2131 3476
f 3476 2131 2133
f 3476 2133 3477
f 3477 2133 2135
f 3477 2135 3470
f 3470 2135 2137
f 3470 2137 3471
f 3471 2137 2139
f 3471 2139 3472
f 3472 2139 2141
f 3472 2141 3473
f 3473 2141 2143
f 3473 2143 3474
f 3474 2143 2145
f 3474 2145 3475
f 3475 2145 2147
f 3475 2147 3459
f 3459 2147 2149
f 3459 2149 3460
f 3460 2149 2151
f 3460 2151 3462
f 3462 2151 2153
f 3462 2153 3463
f 3463 2153 2155
f 3463 2155 3452
f 3452 2155 2157
f 3452 2157 3453
f 3453 2157 2159
f 3453 2159 3457
f 3457 2159 2161
f 3457 2161 3458
f 3458 2161 2163
f 3458 2163 3454
f 3454 2163 2165
f 3454 2165 3455
f 3455 2165 2167
f 3455 2167 3456
f 3456 2167 2169
f 3456 2169 3441
f 3441 2169 2171
f 3441 2171 3442
f 3442 2171 2173
f 3442 2173 3447
f 3447 2173 2175
f 3447 2175 3448
f 3448 2175 2177
f 3448 2177 3449
f 3449 2177 2179
f 3449 2179 3450
f 3450 2179 2181
f 3450 2181 3451
f 3451 2181 2183
f 3451 2183 3443
f 3443 2183 2185
f 3443 2185 3445
f 2829 2636 2502
f 2502 2501 2829
f 2829 2501 2500
f 2829 2500 2830
f 2500 2499 2830
f 2830 2499 2498
f 2830 2498 2831
f 2498 2497 2831
f 2831 2497 2496
f 2831 2496 2797
f 2496 2495 2797
f 2797 2495 2494
f 2797 2494 2798
f 2494 2493 2798
f 2798 2493 2492
f 2798 2492 2799
f 2492 2491 2799
f 2799 2491 2490
f 2799 2490 2775
f 2490 2489 2775
f 2775 2489 2488
f 2775 2488 2776
f 2488 2487 2776
f 2776 2487 2486
f 2776 2486 2777
f 2486 2485 2777
f 2777 2485 2484
f 2777 2484 2832
f 2484 2483 2832
f 2832 2483 2482
f 2832 2482 2833
f 2482 2481 2833
f 2833 2481 2480
f 2833 2480 2800
f 2480 2479 2800
f 2800 2479 2478
f 2800 2478 2801
f 2478 2477 2801
f 2801 2477 2476
f 2801 2476 2834
f 2476 2475 2834
f 2834 2475 2474
f 2834 2474 2835
f 2474 2473 2835
f 2835 2473 2472
f 2835 2472 2836
f 2472 2471 2836
f 2836 2471 2470
f 2836 2470 2837
f 2470 2469 2837
f 2837 2469 2468
f 2837 2468 2838
f 2468 2467 2838
f 2838 2467 2466
f 2838 2466 2839
f 2466 2465 2839
f 2839 2465 2464
f 2839 2464 2778
f 2464 2463 2778
f 2778 2463 2462
f 2778 2462 2779
f 2462 2461 2779
f 2779 2461 2460
f 2779 2460 2781
f 2460 2459 2781
f 2781 2459 2458
f 2781 2458 2782
f 2458 2457 2782
f 2782 2457 2456
f 2782 2456 2783
f 2456 2455 2783
f 2783 2455 2454
f 2783 2454 2784
f 2454 2453 2784
f 2784 2453 2452
f 2784 2452 2785
f 2452 2451 2785
f 2785 2451 2450
f 2785 2450 2803
f 2450 2449 2803
f 2803 2449 2448
f 2803 2448 2588
f 2448 2447 2588
f 2588 2447 2446
f 2588 2446 2607
f 2446 2445 2607
f 2607 2445 2444
f 2607 2444 2786
f 2444 2443 2786
f 2786 2443 2442
f 2786 2442 2787
f 2442 2441 2787
f 2787 2441 2440
f 2787 2440 2788
f 2440 2439 2788
f 2788 2439 2438
f 2788 2438 2789
f 2438 2437 2789
f 2789 2437 2436
f 2789 2436 2769
f 2436 2435 2769
f 2769 2435 2434
f 2769 2434 2756
f 2434 2433 2756
f 2756 2433 2432
f 2756 2432 2757
f 2432 2431 2757
f 2757 2431 2430
f 2757 2430 2840
f 2430 2429 2840
f 2840 2429 2428
f 2840 2428 2841
f 2428 2427 2841
f 2841 2427 2426
f 2841 2426 2843
f 2426 2425 2843
f 2843 2425 2424
f 2843 2424 2845
f 2424 2423 2845
f 2845 2423 2422
f 2845 2422 2847
f 2422 2421 2847
f 2847 2421 2420
f 2847 2420 2849
f 2420 2419 2849
f 2849 2419 2418
f 2849 2418 2851
f 2418 2417 2851
f 2851 2417 2416
f 2851 2416 2853
f 2416 2415 2853
f 2853 2415 2414
f 2853 2414 2855
f 2414 2413 2855
f 2855 2413 2412
f 2855 2412 2857
f 2412 2411 2857
f 2857 2411 2410
f 2857 2410 2859
f 2410 2409 2859
f 2859 2409 2408
f 2859 2408 2861
f 2408 2407 2861
f 2861 2407 2406
f 2861 2406 2863
f 2406 2405 2863
f 2863 2405 2404
f 2863 2404 2865
f 2404 2403 2865
f 2865 2403 2402
f 2865 2402 2867
f 2402 2401 2867
f 2867 2401 2400
f 2867 2400 2869
f 2400 2399 2869
f 2869 2399 2398
f 2869 2398 2894
f 2398 2397 2894
f 2894 2397 2396
f 2894 2396 2892
f 2396 2395 2892
f 2892 2395 2394
f 2892 2394 2890
f 2394 2393 2890
f 2890 2393 2392
f 2890 2392 2888
f 2392 2391 2888
f 2888 2391 2390
f 2888 2390 2886
f 2390 2389 2886
f 2886 2389 2388
f 2886 2388 2884
f 2388 2387 2884
f 2884 2387 2386
f 2884 2386 2882
f 2386 2385 2882
f 2882 2385 2384
f 2882 2384 2880
f 2384 2383 2880
f 2880 2383 2382
f 2880 2382 2878
f 2382 2381 2878
f 2878 2381 2380
f 2878 2380 2876
f 2380 2379 2876
f 2876 2379 2378
f 2876 2378 2874
f 2378 2377 2874
f 2874 2377 2376
f 2874 2376 2872
f 2376 2375 2872
f 2872 2375 2374
f 2872 2374 2870
f 2374 2373 2870
f 2870 2373 2372
f 2870 2372 2977
f 2372 2371 2977
f 2977 2371 2370
f 2977 2370 2975
f 2370 2369 2975
f 2975 2369 2368
f 2975 2368 2973
f 2368 2367 2973
f 2973 2367 2366
f 2973 2366 2971
f 2366 2365 2971
f 2971 2365 2364
f 2971 2364 2969
f 2364 2363 2969
f 2969 2363 2362
f 2969 2362 2967
f 2362 2361 2967
f 2967 2361 2360
f 2967 2360 2965
f 2360 2359 2965
f 2965 2359 2358
f 2965 2358 2963
f 2358 2357 2963
f 2963 2357 2356
f 2963 2356 2961
f 2356 2355 2961
f 2961 2355 2354
f 2961 2354 2959
f 2354 2353 2959
f 2959 2353 2352
f 2959 2352 2957
f 2352 2351 2957
f 2957 2351 2350
f 2957 2350 2955
f 2350 2349 2955
f 2955 2349 2348
f 2955 2348 2952
f 2952 2348 2347
f 2952 2347 2950
f 2347 2346 2950
f 2950 2346 2345
f 2950 2345 2948
f 2345 2344 2948
f 2948 2344 2343
f 2948 2343 2946
f 2343 2342 2946
f 2946 2342 2341
f 2946 2341 2944
f 2341 2340 2944
f 2944 2340 2339
f 2944 2339 2942
f 2339 2338 2942
f 2942 2338 2337
f 2942 2337 2940
f 2337 2336 2940
f 2940 2336 2335
f 2940 2335 2938
f 2335 2334 2938
f 2938 2334 2333
f 2938 2333 2936
f 2333 2332 2936
f 2936 2332 2331
f 2936 2331 2934
f 2331 2330 2934
f 2934 2330 2329
f 2934 2329 2932
f 2329 2328 2932
f 2932 2328 2327
f 2932 2327 2930
f 2327 2326 2930
f 2930 2326 2325
f 2930 2325 2928
f 2325 2324 2928
f 2928 2324 2323
f 2928 2323 2926
f 2323 2322 2926
f 2926 2322 2321
f 2926 2321 2923
f 2321 2320 2923
f 2923 2320 2319
f 2923 2319 2921
f 2319 2318 2921
f 2921 2318 2317
f 2921 2317 2919
f 2317 2316 2919
f 2919 2316 2315
f 2919 2315 2917
f 2315 2314 2917
f 2917 2314 2313
f 2917 2313 2915
f 2313 2312 2915
f 2915 2312 2311
f 2915 2311 2913
f 2311 2310 2913
f 2913 2310 2309
f 2913 2309 2911
f 2309 2308 2911
f 2911 2308 2307
f 2911 2307 2909
f 2307 2306 2909
f 2909 2306 2305
f 2909 2305 2907
f 2305 2304 2907
f 2907 2304 2303
f 2907 2303 2905
f 2303 2302 2905
f 2905 2302 2301
f 2905 2301 2903
f 2301 2300 2903
f 2903 2300 2299
f 2903 2299 2901
f 2299 2298 2901
f 2901 2298 2297
f 2901 2297 2899
f 2297 2296 2899
f 2899 2296 2295
f 2899 2295 2828
f 2295 2294 2828
f 2828 2294 2293
f 2828 2293 2826
f 2293 2292 2826
f 2826 2292 2291
f 2826 2291 2824
f 2291 2290 2824
f 2824 2290 2289
f 2824 2289 2822
f 2289 2288 2822
f 2822 2288 2287
f 2822 2287 2820
f 2287 2286 2820
f 2820 2286 2285
f 2820 2285 2818
f 2285 2284 2818
f 2818 2284 2283
f 2818 2283 2816
f 2283 2282 2816
f 2816 2282 2281
f 2816 2281 2814
f 2281 2280 2814
f 2814 2280 2279
f 2814 2279 2812
f 2279 2278 2812
f 2812 2278 2277
f 2812 2277 2810
f 2277 2276 2810
f 2810 2276 2275
f 2810 2275 2808
f 2275 2274 2808
f 2808 2274 2273
f 2808 2273 2806
f 2273 2272 2806
f 2806 2272 2271
f 2806 2271 2804
f 2271 2270 2804
f 2804 2270 2269
f 2804 2269 2519
f 2269 2268 2519
f 2519 2268 2267
f 2519 2267 2737
f 2267 2266 2737
f 2737 2266 2265
f 2737 2265 2715
f 2265 2264 2715
f 2715 2264 2263
f 2715 2263 2716
f 2263 2262 2716
f 2716 2262 2261
f 2716 2261 2718
f 2261 2260 2718
f 2718 2260 2259
f 2718 2259 2719
f 2259 2258 2719
f 2719 2258 2257
f 2719 2257 2754
f 2257 2256 2754
f 2754 2256 2255
f 2754 2255 2755
f 2255 2254 2755
f 2755 2254 2253
f 2755 2253 2738
f 2253 2252 2738
f 2738 2252 2251
f 2738 2251 2739
f 2251 2250 2739
f 2739 2250 2249
f 2739 2249 2740
f 2249 2248 2740
f 2740 2248 2247
f 2740 2247 2741
f 2247 2246 2741
f 2741 2246 2245
f 2741 2245 2742
f 2245 2244 2742
f 2742 2244 2243
f 2742 2243 2743
f 2243 2242 2743
f 2743 2242 2241
f 2743 2241 2744
f 2241 2240 2744
f 2744 2240 2239
f 2744 2239 2745
f 2239 2238 2745
f 2745 2238 2237
f 2745 2237 2746
f 2237 2236 2746
f 2746 2236 2235
f 2746 2235 2726
f 2235 2234 2726
f 2726 2234 2233
f 2726 2233 2724
f 2233 2232 2724
f 2724 2232 2231
f 2724 2231 2722
f 2231 2230 2722
f 2722 2230 2229
f 2722 2229 2606
f 2229 2228 2606
f 2606 2228 2227
f 2606 2227 2604
f 2227 2226 2604
f 2604 2226 2225
f 2604 2225 2561
f 2225 2224 2561
f 2561 2224 2223
f 2561 2223 2647
f 2223 2222 2647
f 2647 2222 2221
f 2647 2221 2649
f 2221 2220 2649
f 2649 2220 2219
f 2649 2219 2651
f 2219 2218 2651
f 2651 2218 2217
f 2651 2217 2653
f 2217 2216 2653
f 2653 2216 2215
f 2653 2215 2655
f 2215 2214 2655
f 2655 2214 2213
f 2655 2213 2657
f 2213 2212 2657
f 2657 2212 2211
f 2657 2211 2659
f 2211 2210 2659
f 2659 2210 2209
f 2659 2209 2660
f 2209 2208 2660
f 2660 2208 2207
f 2660 2207 2603
f 2207 2206 2603
f 2603 2206 2205
f 2603 2205 2645
f 2205 2204 2645
f 2645 2204 2203
f 2645 2203 2644
f 2203 2202 2644
f 2644 2202 2201
f 2644 2201 2642
f 2201 2200 2642
f 2642 2200 2199
f 2642 2199 2682
f 2199 2198 2682
f 2682 2198 2197
f 2682 2197 2683
f 2197 2196 2683
f 2683 2196 2195
f 2683 2195 2684
f 2195 2194 2684
f 2684 2194 2193
f 2684 2193 2600
f 2193 2192 2600
f 2600 2192 2191
f 2600 2191 2513
f 2513 2191 2190
f 2513 2190 2636
f 2636 2190 2503
f 2636 2503 2502

