# https://github.com/mikedh/trimesh

o Vertical Coupling T.STL
v -0.03827474 -0.01829380 0.02137506
v -0.03922217 -0.01734637 0.02068848
v -0.03893762 -0.01763092 0.02204957
v -0.03981815 -0.01675039 0.02085692
v -0.03957777 -0.01699077 0.02276665
v -0.01897835 -0.03759019 0.02074457
v -0.01935438 -0.03721416 0.02019176
v -0.01968242 -0.03688613 0.02015944
v -0.01974957 -0.03681897 0.02010681
v -0.04504572 -0.01152282 0.04994479
v -0.04528728 -0.01128126 0.04884158
v -0.04594730 -0.01062124 0.05084857
v -0.04041341 -0.01615513 0.02103475
v -0.04100798 -0.01556057 0.02122197
v -0.04019382 -0.01637472 0.02352478
v -0.03681933 -0.01974921 0.02010681
v -0.03683061 -0.01973794 0.02010918
v -0.03688648 -0.01968206 0.02015944
v -0.03742954 -0.01913900 0.02023976
v -0.03759054 -0.01897800 0.02074457
v -0.03802786 -0.01854068 0.02037987
v -0.03862543 -0.01794311 0.02052946
v -0.01829415 -0.03827439 0.02137506
v -0.01832106 -0.03824748 0.02043381
v -0.01893840 -0.03763014 0.02028574
v -0.01699113 -0.03957742 0.02276665
v -0.01647635 -0.04009219 0.02093770
v -0.01763127 -0.03893727 0.02204957
v -0.01709004 -0.03947850 0.02075985
v -0.01770495 -0.03886359 0.02059186
v -0.01578445 -0.04078409 0.02432233
v -0.01464337 -0.04192517 0.02152974
v -0.01637508 -0.04019346 0.02352478
v -0.01525293 -0.04131561 0.02132272
v -0.01586395 -0.04070459 0.02112535
v -0.01522049 -0.04134805 0.02515761
v -0.01342901 -0.04313954 0.02197241
v -0.01403536 -0.04253318 0.02174633
v -0.01468442 -0.04188413 0.02602883
v -0.01222174 -0.04434680 0.02245270
v -0.01282443 -0.04374411 0.02220789
v -0.04588671 -0.01068183 0.04430671
v -0.04594326 -0.01062529 0.04315459
v -0.05204489 -0.00452365 0.02650542
v -0.00516039 -0.05140816 0.02610199
v -0.00573596 -0.05083258 0.02574823
v -0.01246005 -0.04410849 0.03085654
v -0.00631404 -0.05025450 0.02540342
v -0.01284084 -0.04372770 0.02983488
v -0.01107633 -0.04549221 0.04772376
v -0.01062160 -0.04594695 0.05084857
v -0.01090777 -0.04566077 0.04659374
v -0.00452399 -0.05204455 0.02650542
v -0.04588671 -0.01068183 0.03969329
v -0.04579260 -0.01077594 0.03854609
v -0.01417736 -0.04239118 0.02693413
v -0.01102245 -0.04554609 0.02297003
v -0.01162105 -0.04494749 0.02270677
v -0.01370042 -0.04286813 0.02787159
v -0.00983180 -0.04673674 0.02352392
v -0.01042601 -0.04614253 0.02324243
v -0.01325459 -0.04331395 0.02883920
v -0.00865019 -0.04791835 0.02411413
v -0.00923986 -0.04732868 0.02381449
v -0.00689458 -0.04967396 0.02506755
v -0.00747753 -0.04909101 0.02474067
v -0.00806275 -0.04850579 0.02442286
v -0.00458736 -0.05198118 0.02646466
v -0.01211303 -0.04445552 0.03190197
v -0.01180051 -0.04476803 0.03296896
v -0.01152318 -0.04504536 0.03405521
v -0.01062564 -0.04594290 0.04084541
v -0.01060678 -0.04596176 0.04200000
v -0.01062564 -0.04594290 0.04315459
v -0.04596212 -0.01060642 0.04200000
v -0.04594326 -0.01062529 0.04084541
v -0.04160186 -0.01496668 0.02141856
v -0.04219507 -0.01437348 0.02162451
v -0.04078445 -0.01578409 0.02432233
v -0.04278756 -0.01378098 0.02183982
v -0.04134841 -0.01522014 0.02515761
v -0.04337929 -0.01318925 0.02206445
v -0.01128161 -0.04528693 0.03515843
v -0.01107633 -0.04549221 0.03627624
v -0.01090777 -0.04566077 0.03740626
v -0.01068219 -0.04588635 0.04430671
v -0.01077630 -0.04579224 0.04545391
v -0.04549256 -0.01107598 0.04772376
v -0.04566112 -0.01090742 0.04659374
v -0.04579260 -0.01077594 0.04545391
v -0.01077630 -0.04579224 0.03854609
v -0.01068219 -0.04588635 0.03969329
v -0.03616406 -0.02040448 0.06437908
v -0.03625585 -0.02031269 0.06598257
v -0.03542483 -0.02114371 0.06486984
v -0.03550323 -0.02106531 0.06645462
v -0.03467036 -0.02189818 0.06531181
v -0.03473668 -0.02183187 0.06687946
v -0.03390226 -0.02266628 0.06570402
v -0.03395767 -0.02261087 0.06725627
v -0.03312217 -0.02344637 0.06604565
v -0.03316771 -0.02340084 0.06758432
v -0.03233176 -0.02423678 0.06633595
v -0.03236832 -0.02420022 0.06786299
v -0.03153271 -0.02503583 0.06657433
v -0.03156104 -0.02500750 0.06809172
v -0.03072673 -0.02584181 0.06676026
v -0.03074745 -0.02582110 0.06827008
v -0.02991554 -0.02665300 0.06689336
v -0.02992909 -0.02663945 0.06839774
v -0.02910087 -0.02746768 0.06697332
v -0.02910757 -0.02746098 0.06847442
v -0.02828445 -0.02828409 0.06700000
v -0.02828445 -0.02828409 0.06850000
v -0.02746803 -0.02910051 0.06697332
v -0.02746133 -0.02910721 0.06847442
v -0.02665336 -0.02991518 0.06689336
v -0.02663981 -0.02992874 0.06839774
v -0.02584217 -0.03072638 0.06676026
v -0.02582145 -0.03074709 0.06827008
v -0.02503619 -0.03153236 0.06657433
v -0.02500785 -0.03156069 0.06809172
v -0.02423714 -0.03233141 0.06633595
v -0.02420058 -0.03236796 0.06786299
v -0.02344672 -0.03312182 0.06604565
v -0.02340119 -0.03316735 0.06758432
v -0.02266664 -0.03390191 0.06570402
v -0.02261123 -0.03395731 0.06725627
v -0.02189854 -0.03467000 0.06531181
v -0.02183222 -0.03473632 0.06687946
v -0.02114407 -0.03542448 0.06486984
v -0.04476839 -0.01180016 0.05103104
v -0.04565541 -0.01091313 0.05193728
v -0.04445587 -0.01211267 0.05209803
v -0.04532998 -0.01123856 0.05300681
v -0.04410885 -0.01245969 0.05314346
v -0.04497164 -0.01159690 0.05405509
v -0.04372806 -0.01284049 0.05416511
v -0.04458109 -0.01198745 0.05508009
v -0.04331431 -0.01325424 0.05516081
v -0.04415908 -0.01240946 0.05607985
v -0.04286848 -0.01370006 0.05612841
v -0.04370642 -0.01286212 0.05705242
v -0.04239153 -0.01417701 0.05706586
v -0.04322399 -0.01334455 0.05799594
v -0.04188448 -0.01468406 0.05797118
v -0.04271272 -0.01385582 0.05890858
v -0.04134841 -0.01522014 0.05884239
v -0.04217360 -0.01439494 0.05978857
v -0.04078445 -0.01578409 0.05967767
v -0.04160766 -0.01496088 0.06063422
v -0.04019382 -0.01637472 0.06047523
v -0.04101600 -0.01555254 0.06144389
v -0.03957777 -0.01699077 0.06123335
v -0.04039977 -0.01616878 0.06221603
v -0.03893762 -0.01763092 0.06195043
v -0.03976014 -0.01680840 0.06294915
v -0.03827474 -0.01829380 0.06262494
v -0.03909836 -0.01747018 0.06364182
v -0.03759054 -0.01897800 0.06325543
v -0.03841571 -0.01815284 0.06429272
v -0.03688648 -0.01968206 0.06384056
v -0.03771349 -0.01885505 0.06490057
v -0.03699308 -0.01957547 0.06546423
v -0.04566112 -0.01090742 0.03740626
v -0.04549256 -0.01107598 0.03627624
v -0.04528728 -0.01128126 0.03515843
v -0.04504572 -0.01152282 0.03405521
v -0.04476839 -0.01180016 0.03296896
v -0.04445587 -0.01211267 0.03190197
v -0.04410885 -0.01245969 0.03085654
v -0.04372806 -0.01284049 0.02983488
v -0.05001850 -0.00655004 0.02526542
v -0.04943930 -0.00712925 0.02493453
v -0.04331431 -0.01325424 0.02883920
v -0.04286848 -0.01370006 0.02787159
v -0.04709982 -0.00946873 0.02370076
v -0.04239153 -0.01417701 0.02693413
v -0.04591684 -0.01065170 0.02313800
v -0.04650941 -0.01005913 0.02341486
v -0.04352605 -0.01304249 0.02212165
v -0.04412670 -0.01244184 0.02236198
v -0.04188448 -0.01468406 0.02602883
v -0.04472542 -0.01184312 0.02261152
v -0.04532216 -0.01124639 0.02287020
v -0.02106567 -0.03550288 0.06645462
v -0.02031305 -0.03625549 0.06598257
v -0.02040483 -0.03616371 0.06437908
v -0.01957582 -0.03699272 0.06546423
v -0.01968242 -0.03688613 0.06384056
v -0.01885540 -0.03771314 0.06490057
v -0.01897835 -0.03759019 0.06325543
v -0.01815319 -0.03841535 0.06429272
v -0.01829415 -0.03827439 0.06262494
v -0.01747053 -0.03909801 0.06364182
v -0.01763127 -0.03893727 0.06195043
v -0.01680876 -0.03975979 0.06294915
v -0.01699113 -0.03957742 0.06123335
v -0.01616913 -0.04039941 0.06221603
v -0.01637508 -0.04019346 0.06047523
v -0.01555290 -0.04101565 0.06144389
v -0.01578445 -0.04078409 0.05967767
v -0.01496124 -0.04160731 0.06063422
v -0.01522049 -0.04134805 0.05884239
v -0.01439530 -0.04217324 0.05978857
v -0.01468442 -0.04188413 0.05797118
v -0.01385617 -0.04271237 0.05890858
v -0.01417736 -0.04239118 0.05706586
v -0.01334490 -0.04322364 0.05799594
v -0.01370042 -0.04286813 0.05612841
v -0.01286247 -0.04370607 0.05705242
v -0.01325459 -0.04331395 0.05516081
v -0.01240982 -0.04415873 0.05607985
v -0.01284084 -0.04372770 0.05416511
v -0.01198781 -0.04458074 0.05508009
v -0.01246005 -0.04410849 0.05314346
v -0.01159725 -0.04497129 0.05405509
v -0.01211303 -0.04445552 0.05209803
v -0.01123892 -0.04532962 0.05300681
v -0.01180051 -0.04476803 0.05103104
v -0.01091349 -0.04565505 0.05193728
v -0.01152318 -0.04504536 0.04994479
v -0.01128161 -0.04528693 0.04884158
v -0.05059539 -0.00597316 0.02560527
v -0.05116990 -0.00539864 0.02595406
v -0.05174203 -0.00482651 0.02631179
v -0.04768802 -0.00888052 0.02399569
v -0.04827403 -0.00829452 0.02429964
v -0.04885780 -0.00771075 0.02461259
v -0.05515451 -0.00212114 0.01050000
v -0.04932011 0.00371325 0.01245486
v -0.04906290 0.00397046 0.01220359
v -0.06717066 -0.01413729 -0.00324363
v -0.06717532 -0.01414196 -0.00300000
v -0.06399334 -0.01095998 -0.00750000
v -0.06717532 -0.01414196 0.01356226
v -0.05515451 -0.00212114 -0.00750000
v -0.05006439 0.00296897 0.01327001
v -0.04982087 0.00321249 0.01298804
v -0.04957277 0.00346059 0.01271634
v -0.05030332 0.00273004 0.01356226
v -0.04880115 0.00423222 0.01196251
v -0.04853487 0.00449850 0.01173157
v -0.04826407 0.00476930 0.01151077
v -0.06694933 -0.01391596 -0.00466562
v -0.06688123 -0.01384787 -0.00488950
v -0.06680466 -0.01377130 -0.00510784
v -0.06710093 -0.01406757 -0.00396737
v -0.06713341 -0.01410004 -0.00372802
v -0.06715667 -0.01412331 -0.00348654
v -0.06416561 -0.01113225 -0.00749340
v -0.06433738 -0.01130401 -0.00747362
v -0.06591900 -0.01288563 -0.00658242
v -0.06450813 -0.01147476 -0.00744072
v -0.06467738 -0.01164401 -0.00739479
v -0.06700876 -0.01397539 -0.00443686
v -0.06705934 -0.01402598 -0.00420388
v -0.04798876 0.00504460 0.01130007
v -0.04770896 0.00532441 0.01109945
v -0.04742467 0.00560870 0.01090890
v -0.06517112 -0.01213775 -0.00718040
v -0.06532942 -0.01229606 -0.00708409
v -0.06605331 -0.01301995 -0.00642973
v -0.06618159 -0.01314822 -0.00626698
v -0.06630345 -0.01327008 -0.00609465
v -0.06641853 -0.01338516 -0.00591324
v -0.06652649 -0.01349313 -0.00572328
v -0.06484461 -0.01181125 -0.00733597
v -0.06500936 -0.01197599 -0.00726444
v -0.06662703 -0.01359367 -0.00552534
v -0.06671985 -0.01368648 -0.00531999
v -0.04713590 0.00589747 0.01072839
v -0.04684371 0.00618965 0.01055849
v -0.04673790 0.00629547 0.01050000
v -0.06548381 -0.01245045 -0.00697580
v -0.06563382 -0.01260046 -0.00685586
v -0.06577903 -0.01274566 -0.00672460
v -0.00212150 -0.05515415 -0.00750000
v -0.00212150 -0.05515415 0.01050000
v -0.01096033 -0.06399299 -0.00750000
v -0.01414231 -0.06717497 0.01356226
v -0.01414231 -0.06717497 -0.00300000
v 0.00397011 -0.04906255 0.01220359
v 0.00371290 -0.04931976 0.01245486
v 0.00346024 -0.04957242 0.01271634
v 0.00476894 -0.04826371 0.01151077
v 0.00449814 -0.04853451 0.01173157
v 0.00423186 -0.04880079 0.01196251
v 0.00272969 -0.05030297 0.01356226
v 0.00296862 -0.05006404 0.01327001
v 0.00321214 -0.04982052 0.01298804
v -0.01413765 -0.06717030 -0.00324363
v -0.01412366 -0.06715632 -0.00348654
v -0.01410040 -0.06713305 -0.00372802
v -0.01406792 -0.06710058 -0.00396737
v -0.01402633 -0.06705899 -0.00420388
v -0.01397575 -0.06700840 -0.00443686
v -0.01391632 -0.06694897 -0.00466562
v -0.01384822 -0.06688088 -0.00488950
v -0.01377165 -0.06680431 -0.00510784
v 0.00560834 -0.04742431 0.01090890
v 0.00532405 -0.04770860 0.01109945
v 0.00504425 -0.04798841 0.01130007
v -0.01368684 -0.06671949 -0.00531999
v -0.01359402 -0.06662668 -0.00552534
v -0.01349348 -0.06652614 -0.00572328
v -0.01147512 -0.06450777 -0.00744072
v -0.01130437 -0.06433702 -0.00747362
v -0.01288599 -0.06591864 -0.00658242
v -0.01213810 -0.06517076 -0.00718040
v -0.01197635 -0.06500900 -0.00726444
v -0.01314858 -0.06618123 -0.00626698
v -0.01302030 -0.06605296 -0.00642973
v -0.01113260 -0.06416526 -0.00749340
v -0.01338552 -0.06641817 -0.00591324
v -0.01327044 -0.06630309 -0.00609465
v -0.01274602 -0.06577867 -0.00672460
v -0.01260081 -0.06563347 -0.00685586
v -0.01181160 -0.06484426 -0.00733597
v -0.01164437 -0.06467702 -0.00739479
v 0.00629511 -0.04673754 0.01050000
v 0.00618930 -0.04684336 0.01055849
v 0.00589711 -0.04713554 0.01072839
v -0.01245080 -0.06548346 -0.00697580
v -0.01229641 -0.06532907 -0.00708409
v -0.01564081 -0.06638358 0.02007347
v -0.02626694 -0.05575745 0.04108646
v -0.02630311 -0.05572127 0.04104123
v -0.05488137 -0.02714302 0.04081118
v -0.05492769 -0.02709670 0.04079186
v -0.04787410 -0.03415028 0.00248388
v -0.05573993 -0.02628445 0.04106349
v -0.05577522 -0.02624916 0.04111010
v -0.06638393 -0.01564045 0.02007347
v -0.05592198 -0.02610241 0.04137993
v -0.05589689 -0.02612750 0.04132159
v -0.05586958 -0.02615480 0.04126527
v -0.02598635 -0.05603803 0.04200000
v -0.02598767 -0.05603672 0.04193174
v -0.02646359 -0.05556080 0.04089014
v -0.01484942 -0.06717497 -0.00300000
v -0.02642134 -0.05560305 0.04092321
v -0.01484942 -0.06717497 0.01356226
v -0.01486573 -0.06715866 0.01451028
v -0.05594477 -0.02607961 0.04255987
v -0.05592198 -0.02610241 0.04262006
v -0.05867522 -0.02334916 0.05084857
v -0.05589689 -0.02612750 0.04267841
v -0.05586958 -0.02615480 0.04273473
v -0.01525511 -0.06676928 0.01825760
v -0.01543234 -0.06659204 0.01917217
v -0.02638043 -0.05564396 0.04095948
v -0.02634098 -0.05568340 0.04099886
v -0.02825063 -0.05377375 0.00557829
v -0.02807706 -0.05394733 0.00540502
v -0.02678585 -0.05523853 0.04075571
v -0.02982363 -0.05220076 0.00643804
v -0.02961451 -0.05240988 0.00638496
v -0.05451683 -0.02750755 0.04113441
v -0.04801087 -0.03401352 -0.00105259
v -0.04809551 -0.03392888 -0.00132818
v -0.03342258 -0.04860181 -0.00247098
v -0.05562403 -0.02640036 0.04094094
v -0.06715902 -0.01486537 0.01451028
v -0.05558244 -0.02644195 0.04090627
v -0.06717532 -0.01484906 0.01356226
v -0.05553956 -0.02648482 0.04087485
v -0.06676963 -0.01525475 0.01825760
v -0.06691522 -0.01510916 0.01733193
v -0.05580866 -0.02621573 0.04115937
v -0.05584015 -0.02618424 0.04121114
v -0.02334952 -0.05867487 0.05084857
v -0.02642134 -0.05560305 0.04307680
v -0.02638043 -0.05564396 0.04304052
v -0.02599162 -0.05603276 0.04186368
v -0.02599820 -0.05602619 0.04179603
v -0.02600738 -0.05601701 0.04172898
v -0.02601913 -0.05600526 0.04166275
v -0.02603342 -0.05599096 0.04159753
v -0.02605021 -0.05597418 0.04153350
v -0.02651668 -0.05550771 0.00100000
v -0.02664341 -0.05538097 0.04079186
v -0.02669040 -0.05533398 0.04077615
v -0.05427589 -0.02774849 0.04186368
v -0.05428247 -0.02774192 0.04179603
v -0.04686665 -0.03515774 0.03263491
v -0.05429165 -0.02773274 0.04172898
v -0.05430340 -0.02772099 0.04166275
v -0.03328405 -0.04874034 -0.00269879
v -0.04819067 -0.03383372 -0.00159682
v -0.04829606 -0.03372833 -0.00185771
v -0.03307504 -0.04894935 -0.00300000
v -0.04894970 -0.03307468 -0.00300000
v -0.04881321 -0.03321118 -0.00280859
v -0.04867033 -0.03335406 -0.00258622
v -0.06717532 -0.01484906 -0.00300000
v -0.05428824 -0.02773614 -0.00300000
v -0.05435013 -0.02767426 -0.00291556
v -0.05603016 -0.02599423 0.04182979
v -0.05603542 -0.02598896 0.04189767
v -0.05603542 -0.02598896 0.04210233
v -0.05603016 -0.02599423 0.04217021
v -0.05584015 -0.02618424 0.04278886
v -0.05580866 -0.02621573 0.04284063
v -0.05577522 -0.02624916 0.04288990
v -0.05488137 -0.02714302 0.04318882
v -0.05044142 -0.03158297 0.06490057
v -0.05492769 -0.02709670 0.04320814
v -0.05114363 -0.03088076 0.06429272
v -0.05497467 -0.02704971 0.04322385
v -0.05455121 -0.02747318 0.04291355
v -0.03773577 -0.04428861 0.06809172
v -0.03854937 -0.04347501 0.06827008
v -0.02616962 -0.05585477 0.04123792
v -0.02614123 -0.05588315 0.04129316
v -0.02611503 -0.05590936 0.04135052
v -0.02620009 -0.05582430 0.04118495
v -0.02623256 -0.05579183 0.04113441
v -0.01491460 -0.06710979 0.01545605
v -0.01499593 -0.06702846 0.01639734
v -0.01510952 -0.06691487 0.01733193
v -0.02688231 -0.05514208 0.04075012
v -0.02693055 -0.05509383 0.04075291
v -0.02843064 -0.05359375 0.00573790
v -0.03045889 -0.05156550 0.00649949
v -0.03024645 -0.05177794 0.00649538
v -0.03003448 -0.05198990 0.00647488
v -0.04841137 -0.03361302 -0.00211007
v -0.04853625 -0.03348814 -0.00235315
v -0.06702881 -0.01499558 0.01639734
v -0.06711014 -0.01491424 0.01545605
v -0.06659240 -0.01543199 0.01917217
v -0.05566422 -0.02636016 0.04097879
v -0.05570290 -0.02632149 0.04101968
v -0.05573993 -0.02628445 0.04293651
v -0.05570290 -0.02632149 0.04298032
v -0.05566422 -0.02636016 0.04302121
v -0.05562403 -0.02640036 0.04305905
v -0.05558244 -0.02644195 0.04309373
v -0.05838333 -0.02364106 0.05193728
v -0.05483587 -0.02718851 0.04316595
v -0.04898377 -0.03304062 0.06598257
v -0.04972100 -0.03230339 0.06546423
v -0.05458738 -0.02743700 0.04295877
v -0.04868707 -0.03333732 0.04820065
v -0.04843618 -0.03358821 0.04878410
v -0.05442551 -0.02759888 0.04270683
v -0.02606945 -0.05595494 0.04147087
v -0.02609108 -0.05593331 0.04140981
v -0.02732305 -0.05470134 -0.00235315
v -0.02745713 -0.05456726 -0.00258622
v -0.02760001 -0.05442438 -0.00280859
v -0.02773650 -0.05428789 -0.00300000
v -0.02683403 -0.05519036 0.04075105
v -0.05431769 -0.02770669 0.04159753
v -0.05433448 -0.02768990 0.04153350
v -0.05435372 -0.02767067 0.04147087
v -0.02940775 -0.05261663 0.00631582
v -0.02920397 -0.05282041 0.00623081
v -0.02900378 -0.05302060 0.00613019
v -0.02880778 -0.05321661 0.00601426
v -0.02861654 -0.05340785 0.00588337
v -0.03313692 -0.04888746 -0.00291556
v -0.05449725 -0.02752714 -0.00269879
v -0.05463578 -0.02738861 -0.00247098
v -0.05476531 -0.02725908 -0.00223282
v -0.05594477 -0.02607961 0.04144013
v -0.05596521 -0.02605917 0.04150200
v -0.05598323 -0.02604115 0.04156535
v -0.05599878 -0.02602560 0.04163000
v -0.05599878 -0.02602560 0.04237000
v -0.05598323 -0.02604115 0.04243465
v -0.05596521 -0.02605917 0.04249800
v -0.05474786 -0.02727652 0.04310986
v -0.04668559 -0.03533880 0.06725627
v -0.05479133 -0.02723306 0.04313960
v -0.04746460 -0.03455979 0.06687946
v -0.04823115 -0.03379324 0.06645462
v -0.05470561 -0.02731877 0.04307680
v -0.04509624 -0.03692815 0.06786299
v -0.04589563 -0.03612876 0.06758432
v -0.03936773 -0.04265666 0.06839774
v -0.04018925 -0.04183513 0.06847442
v -0.05462525 -0.02739913 0.04300114
v -0.02768916 -0.05433523 0.06063422
v -0.02693055 -0.05509383 0.04324709
v -0.02712322 -0.05490116 0.05978857
v -0.02688231 -0.05514208 0.04324989
v -0.02658410 -0.05544029 0.05890858
v -0.02683403 -0.05519036 0.04324895
v -0.02607283 -0.05595156 0.05799594
v -0.02634098 -0.05568340 0.04300114
v -0.02630311 -0.05572127 0.04295877
v -0.02626694 -0.05575745 0.04291355
v -0.02623256 -0.05579183 0.04286559
v -0.02620009 -0.05582430 0.04281505
v -0.02616962 -0.05585477 0.04276208
v -0.02600738 -0.05601701 0.04227101
v -0.02601913 -0.05600526 0.04233725
v -0.02603342 -0.05599096 0.04240247
v -0.02599820 -0.05602619 0.04220397
v -0.02599162 -0.05603276 0.04213632
v -0.02598767 -0.05603672 0.04206826
v -0.02732305 -0.05470134 0.00435315
v -0.02745713 -0.05456726 0.00458622
v -0.02760001 -0.05442438 0.00480859
v -0.02719817 -0.05482622 0.00411007
v -0.02708286 -0.05494153 0.00385771
v -0.02697747 -0.05504692 0.00359682
v -0.02688231 -0.05514208 0.00332818
v -0.02679766 -0.05522672 0.00305259
v -0.02672379 -0.05530060 0.00277088
v -0.02656881 -0.05545558 0.00189747
v -0.02653988 -0.05548451 0.00159980
v -0.02673793 -0.05528646 0.04076408
v -0.02652248 -0.05550190 0.00130035
v -0.05437535 -0.02764904 0.04140981
v -0.05439930 -0.02762509 0.04135052
v -0.04649628 -0.03552810 0.03219677
v -0.03412058 -0.04790381 -0.00062799
v -0.03417790 -0.04784648 -0.00033867
v -0.05462525 -0.02739913 0.04099886
v -0.03210001 -0.04992437 0.00595066
v -0.03190632 -0.05011807 0.00607412
v -0.03170815 -0.05031624 0.00618244
v -0.03150608 -0.05051830 0.00627528
v -0.03130074 -0.05072365 0.00635239
v -0.03109272 -0.05093166 0.00641352
v -0.03088266 -0.05114173 0.00645849
v -0.03067117 -0.05135322 0.00648718
v -0.05474786 -0.02727652 0.04089014
v -0.05479133 -0.02723306 0.04086039
v -0.05483587 -0.02718851 0.04083405
v -0.04841137 -0.03361302 0.00411007
v -0.04829606 -0.03372833 0.00385771
v -0.04819067 -0.03383372 0.00359682
v -0.04809551 -0.03392888 0.00332818
v -0.05386173 -0.02816265 0.00549333
v -0.05521483 -0.02680956 0.04075291
v -0.05403190 -0.02799249 0.00531342
v -0.05419485 -0.02782953 0.00512064
v -0.05368488 -0.02833951 0.00565984
v -0.05350186 -0.02852253 0.00581243
v -0.05331322 -0.02871117 0.00595066
v -0.05488545 -0.02713894 -0.00198501
v -0.05499584 -0.02702855 -0.00172828
v -0.05509615 -0.02692824 -0.00146342
v -0.05518609 -0.02683830 -0.00119121
v -0.05526538 -0.02675901 -0.00091245
v -0.05533378 -0.02669060 -0.00062799
v -0.05601181 -0.02601258 0.04169576
v -0.05602228 -0.02600211 0.04176242
v -0.05603806 -0.02598633 0.04196585
v -0.05603806 -0.02598633 0.04203414
v -0.05602228 -0.02600211 0.04223758
v -0.05601181 -0.02601258 0.04230424
v -0.05553956 -0.02648482 0.04312515
v -0.05549554 -0.02652885 0.04315321
v -0.05805790 -0.02396649 0.05300681
v -0.05545050 -0.02657389 0.04317783
v -0.05769956 -0.02432482 0.05405509
v -0.05540458 -0.02661981 0.04319893
v -0.05730901 -0.02471537 0.05508009
v -0.05535791 -0.02666648 0.04321645
v -0.05688700 -0.02513738 0.05607985
v -0.05531063 -0.02671375 0.04323035
v -0.05643434 -0.02559004 0.05705242
v -0.05526289 -0.02676150 0.04324057
v -0.05595191 -0.02607247 0.05799594
v -0.05521483 -0.02680956 0.04324709
v -0.05544064 -0.02658374 0.05890858
v -0.05516658 -0.02685781 0.04324989
v -0.05490152 -0.02712287 0.05978857
v -0.05511830 -0.02690609 0.04324895
v -0.05433558 -0.02768880 0.06063422
v -0.05507012 -0.02695426 0.04324429
v -0.05466470 -0.02735968 0.04304052
v -0.04347537 -0.03854902 0.06827008
v -0.04428897 -0.03773542 0.06809172
v -0.04101237 -0.04101202 0.06850000
v -0.04183549 -0.04018890 0.06847442
v -0.04265702 -0.03936737 0.06839774
v -0.04969009 -0.03233430 0.04437580
v -0.04958540 -0.03243899 0.04504243
v -0.05433448 -0.02768990 0.04246650
v -0.02559040 -0.05643399 0.05705242
v -0.02678585 -0.05523853 0.04324429
v -0.02513774 -0.05688665 0.05607985
v -0.02673793 -0.05528646 0.04323592
v -0.02471573 -0.05730866 0.05508009
v -0.02669040 -0.05533398 0.04322385
v -0.02664341 -0.05538097 0.04320814
v -0.02432518 -0.05769921 0.05405509
v -0.02659710 -0.05542729 0.04318882
v -0.02396684 -0.05805754 0.05300681
v -0.02655160 -0.05547279 0.04316595
v -0.02364141 -0.05838298 0.05193728
v -0.02650706 -0.05551733 0.04313960
v -0.02646359 -0.05556080 0.04310986
v -0.02652248 -0.05550190 0.00069965
v -0.02653988 -0.05548451 0.00040020
v -0.02656881 -0.05545558 0.00010253
v -0.02791044 -0.05411395 0.00521861
v -0.02775126 -0.05427313 0.00501960
v -0.04486293 -0.03716146 0.03074850
v -0.04529166 -0.03673273 0.03106266
v -0.04570761 -0.03631678 0.03140946
v -0.04610955 -0.03591483 0.03178788
v -0.05442551 -0.02759888 0.04129316
v -0.05445389 -0.02757050 0.04123792
v -0.05448436 -0.02754003 0.04118495
v -0.03417790 -0.04784648 0.00233867
v -0.03412058 -0.04790381 0.00262799
v -0.03405217 -0.04797221 0.00291245
v -0.03397288 -0.04805150 0.00319121
v -0.03388295 -0.04814144 0.00346342
v -0.03378264 -0.04824175 0.00372828
v -0.03367225 -0.04835214 0.00398501
v -0.03355211 -0.04847228 0.00423282
v -0.03342258 -0.04860181 0.00447098
v -0.03328405 -0.04874034 0.00469879
v -0.03378264 -0.04824175 -0.00172828
v -0.03388295 -0.04814144 -0.00146342
v -0.03367225 -0.04835214 -0.00198501
v -0.05466470 -0.02735968 0.04095948
v -0.03355211 -0.04847228 -0.00223282
v -0.05470561 -0.02731877 0.04092321
v -0.04782239 -0.03420199 -0.00019246
v -0.04787410 -0.03415028 -0.00048388
v -0.04793699 -0.03408739 -0.00077088
v -0.04801087 -0.03401352 0.00305259
v -0.04793699 -0.03408739 0.00277088
v -0.05547184 -0.02655255 0.00174892
v -0.05543717 -0.02658722 0.00204535
v -0.05539111 -0.02663328 0.00233867
v -0.05511830 -0.02690609 0.04075105
v -0.05292135 -0.02910304 0.00618244
v -0.05507012 -0.02695426 0.04075571
v -0.05271929 -0.02930510 0.00627528
v -0.05251394 -0.02951044 0.00635239
v -0.05311952 -0.02890486 0.00607412
v -0.05516658 -0.02685781 0.04075012
v -0.05539111 -0.02663328 -0.00033867
v -0.05543717 -0.02658722 -0.00004535
v -0.05547184 -0.02655255 0.00025108
v -0.05182628 -0.03019810 0.06364182
v -0.05248806 -0.02953632 0.06294915
v -0.05502220 -0.02700218 0.04323592
v -0.05312769 -0.02889670 0.06221603
v -0.05374392 -0.02828046 0.06144389
v -0.02712031 -0.05490408 0.04080107
v -0.02716623 -0.05485816 0.04082217
v -0.03217354 -0.04985085 0.04200000
v -0.02721127 -0.05481312 0.04084679
v -0.02725529 -0.05476910 0.04087485
v -0.02729816 -0.05472622 0.04090627
v -0.02733976 -0.05468463 0.04094094
v -0.02737995 -0.05464443 0.04097879
v -0.02741863 -0.05460576 0.04101968
v -0.02745566 -0.05456872 0.04106349
v -0.02749095 -0.05453344 0.04111010
v -0.02752439 -0.05450000 0.04115937
v -0.03497940 -0.04704499 0.05113545
v -0.03463564 -0.04738875 0.05065590
v -0.02752439 -0.05450000 0.04284063
v -0.03304097 -0.04898342 0.06598257
v -0.03379359 -0.04823080 0.06645462
v -0.02737995 -0.05464443 0.04302121
v -0.03456014 -0.04746424 0.06687946
v -0.02614123 -0.05588315 0.04270683
v -0.02611503 -0.05590936 0.04264948
v -0.02609108 -0.05593331 0.04259019
v -0.02606945 -0.05595494 0.04252913
v -0.02605021 -0.05597418 0.04246650
v -0.02660919 -0.05541520 -0.00019246
v -0.02666090 -0.05536349 -0.00048388
v -0.02672379 -0.05530060 -0.00077088
v -0.02679766 -0.05522672 -0.00105259
v -0.02688231 -0.05514208 -0.00132818
v -0.02697747 -0.05504692 -0.00159682
v -0.02666090 -0.05536349 0.00248388
v -0.02660919 -0.05541520 0.00219245
v -0.03400618 -0.04801821 0.03437920
v -0.03372236 -0.04830203 0.03493165
v -0.03346030 -0.04856409 0.03550520
v -0.04016854 -0.04185584 0.02955709
v -0.04065028 -0.04137411 0.02951049
v -0.04209621 -0.03992818 0.02959433
v -0.04257363 -0.03945075 0.02969655
v -0.04304640 -0.03897799 0.02983548
v -0.04351309 -0.03851130 0.03001072
v -0.03264853 -0.04937586 0.00549333
v -0.03247167 -0.04955271 0.00565984
v -0.03228865 -0.04973573 0.00581243
v -0.03397288 -0.04805150 -0.00119121
v -0.03405217 -0.04797221 -0.00091245
v -0.05230593 -0.02971846 0.00641352
v -0.05209586 -0.02992852 0.00645849
v -0.05502220 -0.02700218 0.04076408
v -0.05497467 -0.02704971 0.04077615
v -0.05167209 -0.03035229 0.00649949
v -0.05145965 -0.03056473 0.00649538
v -0.05124769 -0.03077670 0.00647488
v -0.05103683 -0.03098755 0.00643804
v -0.05082772 -0.03119667 0.00638496
v -0.05062096 -0.03140343 0.00631582
v -0.05041718 -0.03160721 0.00623081
v -0.05533378 -0.02669060 0.00262799
v -0.05526538 -0.02675901 0.00291245
v -0.05518609 -0.02683830 0.00319121
v -0.05463578 -0.02738861 0.00447098
v -0.05476531 -0.02725908 0.00423282
v -0.05488545 -0.02713894 0.00398501
v -0.05531063 -0.02671375 0.04076966
v -0.05535791 -0.02666648 0.04078355
v -0.05540458 -0.02661981 0.04080107
v -0.05545050 -0.02657389 0.04082217
v -0.05549554 -0.02652885 0.04084679
v -0.02755587 -0.05446851 0.04121114
v -0.02758531 -0.05443907 0.04126527
v -0.02761262 -0.05441177 0.04132159
v -0.02768094 -0.05434344 0.04150200
v -0.02769896 -0.05432542 0.04156535
v -0.02771451 -0.05430988 0.04163000
v -0.02772754 -0.05429685 0.04169576
v -0.03534116 -0.04668323 0.05158774
v -0.02749095 -0.05453344 0.04288990
v -0.03571985 -0.04630454 0.05201141
v -0.05445389 -0.02757050 0.04276208
v -0.02733976 -0.05468463 0.04305905
v -0.02729816 -0.05472622 0.04309373
v -0.02725529 -0.05476910 0.04312515
v -0.02721127 -0.05481312 0.04315321
v -0.02716623 -0.05485816 0.04317783
v -0.02712031 -0.05490408 0.04319893
v -0.02707364 -0.05495075 0.04321645
v -0.02650706 -0.05551733 0.04086039
v -0.02655160 -0.05547279 0.04083405
v -0.02659710 -0.05542729 0.04081118
v -0.02708286 -0.05494153 -0.00185771
v -0.02719817 -0.05482622 -0.00211007
v -0.03229200 -0.04973238 0.03996030
v -0.03238378 -0.04964061 0.03928988
v -0.03250130 -0.04952308 0.03862754
v -0.03264423 -0.04938016 0.03797527
v -0.04397232 -0.03805207 0.03022174
v -0.04442271 -0.03760168 0.03046791
v -0.05455121 -0.02747318 0.04108646
v -0.03298165 -0.04904274 0.00512064
v -0.03281869 -0.04920570 0.00531342
v -0.03313692 -0.04888746 0.00491556
v -0.05458738 -0.02743700 0.04104123
v -0.03422397 -0.04780042 -0.00004535
v -0.03425863 -0.04776575 0.00025108
v -0.03428180 -0.04774258 0.00054975
v -0.03428180 -0.04774258 0.00145025
v -0.03425863 -0.04776575 0.00174892
v -0.03422397 -0.04780042 0.00204535
v -0.04782239 -0.03420199 0.00219245
v -0.04778201 -0.03424238 0.00189747
v -0.05021699 -0.03180740 0.00613019
v -0.05002098 -0.03200341 0.00601426
v -0.04982974 -0.03219465 0.00588337
v -0.04881321 -0.03321118 0.00480859
v -0.04867033 -0.03335406 0.00458622
v -0.04853625 -0.03348814 0.00435315
v -0.05509615 -0.02692824 0.00346342
v -0.05499584 -0.02702855 0.00372828
v -0.05449725 -0.02752714 0.00469879
v -0.05435013 -0.02767426 0.00491556
v -0.02773801 -0.05428638 0.04176242
v -0.02774589 -0.05427850 0.04182979
v -0.02775115 -0.05427323 0.04189767
v -0.03229200 -0.04973238 0.04403970
v -0.03222625 -0.04979813 0.04336319
v -0.02773801 -0.05428638 0.04223758
v -0.02758531 -0.05443907 0.04273473
v -0.03322077 -0.04880361 0.04790187
v -0.03300450 -0.04901988 0.04729132
v -0.03431091 -0.04771348 0.05015051
v -0.03400618 -0.04801821 0.04962080
v -0.02755587 -0.05446851 0.04278886
v -0.03372236 -0.04830203 0.04906835
v -0.03346030 -0.04856409 0.04849480
v -0.02702636 -0.05499802 0.04323035
v -0.02697862 -0.05504577 0.04324057
v -0.05435372 -0.02767067 0.04252913
v -0.04945513 -0.03256926 0.04569997
v -0.05437535 -0.02764904 0.04259019
v -0.04929965 -0.03272473 0.04634648
v -0.05439930 -0.02762509 0.04264948
v -0.04911945 -0.03290494 0.04698001
v -0.04891505 -0.03310933 0.04759868
v -0.05431769 -0.02770669 0.04240247
v -0.05430340 -0.02772099 0.04233725
v -0.04976888 -0.03225551 0.04370208
v -0.05429165 -0.02773274 0.04227101
v -0.04982154 -0.03220285 0.04302328
v -0.04721954 -0.03480485 0.03310101
v -0.05427062 -0.02775376 0.04200000
v -0.05427194 -0.02775244 0.04193174
v -0.03281213 -0.04921226 0.03733501
v -0.03300450 -0.04901988 0.03670868
v -0.03322077 -0.04880361 0.03609813
v -0.03431091 -0.04771348 0.03384949
v -0.03463564 -0.04738875 0.03334410
v -0.03497940 -0.04704499 0.03286455
v -0.04113310 -0.04089129 0.02950117
v -0.04161556 -0.04040883 0.02952914
v -0.03429341 -0.04773098 0.00084977
v -0.03429341 -0.04773098 0.00115023
v -0.04775308 -0.03427131 0.00159980
v -0.04773569 -0.03428870 0.00130035
v -0.04772989 -0.03429450 0.00100000
v -0.04773569 -0.03428870 0.00069965
v -0.04775308 -0.03427131 0.00040020
v -0.04778201 -0.03424238 0.00010253
v -0.05188437 -0.03014001 0.00648718
v -0.04964384 -0.03238055 0.00573790
v -0.04946384 -0.03256055 0.00557829
v -0.04929026 -0.03273412 0.00540502
v -0.04912364 -0.03290075 0.00521861
v -0.04896446 -0.03305992 0.00501960
v -0.05549501 -0.02652938 0.00054975
v -0.05550661 -0.02651778 0.00084977
v -0.05550661 -0.02651778 0.00115023
v -0.02763770 -0.05438668 0.04137993
v -0.02766050 -0.05436388 0.04144013
v -0.02828082 -0.05374357 0.06144389
v -0.02889705 -0.05312733 0.06221603
v -0.02953668 -0.05248771 0.06294915
v -0.03019846 -0.05182593 0.06364182
v -0.03088111 -0.05114327 0.06429272
v -0.03222625 -0.04979813 0.04063681
v -0.02697862 -0.05504577 0.04075943
v -0.03218673 -0.04983766 0.04131739
v -0.02702636 -0.05499802 0.04076966
v -0.02707364 -0.05495075 0.04078355
v -0.03738057 -0.04464382 0.03060395
v -0.03782604 -0.04419835 0.03034047
v -0.03828102 -0.04374337 0.03011179
v -0.03874415 -0.04328023 0.02991859
v -0.05526289 -0.02676150 0.04075943
v -0.05549501 -0.02652938 0.00145025
v -0.03281213 -0.04921226 0.04666499
v -0.03264423 -0.04938016 0.04602473
v -0.02761262 -0.05441177 0.04267841
v -0.02763770 -0.05438668 0.04262006
v -0.03692850 -0.04509588 0.06786299
v -0.05451683 -0.02750755 0.04286559
v -0.03612911 -0.04589527 0.06758432
v -0.04686665 -0.03515774 0.05136509
v -0.04649628 -0.03552810 0.05180324
v -0.03158333 -0.05044106 0.06490057
v -0.03230374 -0.04972064 0.06546423
v -0.04755391 -0.03447048 0.03359366
v -0.04786876 -0.03415563 0.03411140
v -0.04816314 -0.03386125 0.03465269
v -0.03534116 -0.04668323 0.03241226
v -0.03571985 -0.04630454 0.03198859
v -0.03611433 -0.04591005 0.03159479
v -0.03921406 -0.04281033 0.02976145
v -0.03968933 -0.04233506 0.02964083
v -0.02775379 -0.05427060 0.04196585
v -0.02775379 -0.05427060 0.04203414
v -0.03218673 -0.04983766 0.04268262
v -0.02775115 -0.05427323 0.04210233
v -0.02774589 -0.05427850 0.04217021
v -0.02772754 -0.05429685 0.04230424
v -0.02771451 -0.05430988 0.04237000
v -0.03238378 -0.04964061 0.04471013
v -0.02769896 -0.05432542 0.04243465
v -0.03250130 -0.04952308 0.04537246
v -0.02768094 -0.05434344 0.04249800
v -0.02766050 -0.05436388 0.04255987
v -0.04816314 -0.03386125 0.04934732
v -0.04786876 -0.03415563 0.04988860
v -0.05448436 -0.02754003 0.04281505
v -0.04755391 -0.03447048 0.05040634
v -0.04721954 -0.03480485 0.05089899
v -0.03694593 -0.04507846 0.05309856
v -0.03652343 -0.04550095 0.05276796
v -0.03611433 -0.04591005 0.05240521
v -0.03652343 -0.04550095 0.03123204
v -0.03694593 -0.04507846 0.03090143
v -0.04610955 -0.03591483 0.05221212
v -0.04570761 -0.03631678 0.05259053
v -0.04529166 -0.03673273 0.05293734
v -0.03533915 -0.04668523 0.06725627
v -0.02741863 -0.05460576 0.04298032
v -0.02745566 -0.05456872 0.04293651
v -0.04843618 -0.03358821 0.03521590
v -0.04868707 -0.03333732 0.03579935
v -0.04891505 -0.03310933 0.03640131
v -0.04911945 -0.03290494 0.03701999
v -0.04929965 -0.03272473 0.03765352
v -0.04945513 -0.03256926 0.03830002
v -0.04958540 -0.03243899 0.03895757
v -0.04969009 -0.03233430 0.03962420
v -0.04976888 -0.03225551 0.04029792
v -0.04486293 -0.03716146 0.05325151
v -0.04442271 -0.03760168 0.05353209
v -0.04397232 -0.03805207 0.05377826
v -0.04982154 -0.03220285 0.04097672
v -0.04984791 -0.03217648 0.04165857
v -0.05427194 -0.02775244 0.04206826
v -0.04984791 -0.03217648 0.04234143
v -0.05427589 -0.02774849 0.04213632
v -0.05428247 -0.02774192 0.04220397
v -0.04351309 -0.03851130 0.05398928
v -0.04304640 -0.03897799 0.05416452
v -0.04257363 -0.03945075 0.05430345
v -0.03828102 -0.04374337 0.05388821
v -0.03782604 -0.04419835 0.05365953
v -0.03738057 -0.04464382 0.05339605
v -0.04209621 -0.03992818 0.05440567
v -0.04161556 -0.04040883 0.05447086
v -0.04113310 -0.04089129 0.05449883
v -0.03968933 -0.04233506 0.05435917
v -0.03921406 -0.04281033 0.05423855
v -0.03874415 -0.04328023 0.05408141
v -0.04065028 -0.04137411 0.05448951
v -0.04016854 -0.04185584 0.05444291
v -0.00790009 -0.04340404 0.01394847
v -0.00884057 -0.04271193 0.01390570
v -0.00901955 -0.04288367 0.01420032
v -0.00223874 -0.04733791 0.01424253
v -0.00318325 -0.04670907 0.01418924
v -0.00341457 -0.04693511 0.01454151
v -0.00980780 -0.03880639 0.01139786
v -0.00879490 -0.03945081 0.01139252
v -0.00857468 -0.03923835 0.01118449
v -0.03605393 -0.01720582 0.01360832
v -0.03682984 -0.01628801 0.01363327
v -0.03695208 -0.01641638 0.01387389
v -0.04885724 -0.00701679 0.02148607
v -0.04807396 -0.00783595 0.02115408
v -0.04796801 -0.00772314 0.02065414
v -0.04383020 -0.01170351 0.01851431
v -0.04303326 -0.01255568 0.01831154
v -0.04284640 -0.01235335 0.01759357
v -0.04195804 -0.01311341 0.01709473
v -0.04116525 -0.01398322 0.01695352
v -0.04106907 -0.01387965 0.01663601
v -0.04045419 -0.01494819 0.01713137
v -0.03964685 -0.01581519 0.01699554
v -0.03956385 -0.01572518 0.01669614
v -0.04241159 -0.01188839 0.01623480
v -0.04393419 -0.01012031 0.01647714
v -0.04406247 -0.01025598 0.01683306
v -0.04175379 -0.01119377 0.01468098
v -0.04026252 -0.01302259 0.01456248
v -0.04012829 -0.01288123 0.01428754
v -0.03615096 -0.01904989 0.01576716
v -0.03622883 -0.01913328 0.01602347
v -0.03540502 -0.02000777 0.01594849
v -0.03598317 -0.01887118 0.01526288
v -0.03606907 -0.01896253 0.01551363
v -0.03525079 -0.01984343 0.01545198
v -0.03442743 -0.02072287 0.01539677
v -0.03426269 -0.02054908 0.01492097
v -0.03343894 -0.02143235 0.01488178
v -0.01668325 -0.03883448 0.01686890
v -0.01581555 -0.03964649 0.01699554
v -0.01572553 -0.03956350 0.01669614
v -0.01825847 -0.03704768 0.01610625
v -0.01738285 -0.03786213 0.01619680
v -0.01729229 -0.03777787 0.01592471
v -0.01709859 -0.03759666 0.01539103
v -0.01699545 -0.03749972 0.01512943
v -0.01877619 -0.03589290 0.01501491
v -0.01867686 -0.03579898 0.01476973
v -0.01137752 -0.04352658 0.01740197
v -0.01051149 -0.04430235 0.01756790
v -0.01038661 -0.04418495 0.01719665
v -0.00964715 -0.04507211 0.01774197
v -0.00878469 -0.04583570 0.01792413
v -0.00864767 -0.04570581 0.01752160
v -0.01119412 -0.04175344 0.01468098
v -0.01104004 -0.04160666 0.01438950
v -0.01288159 -0.04012794 0.01428754
v -0.00329594 -0.04992131 0.01817032
v -0.00310250 -0.04973192 0.01768435
v -0.00484542 -0.04832879 0.01734769
v -0.00327145 -0.04928022 0.01719429
v -0.00328270 -0.04925290 0.01716642
v -0.00466118 -0.04814992 0.01691035
v -0.00334704 -0.04854415 0.01628333
v -0.00333350 -0.04848431 0.01619781
v -0.00337482 -0.04845063 0.01618907
v -0.00283558 -0.04776423 0.01501891
v -0.00279916 -0.04773982 0.01496997
v -0.00363916 -0.04715443 0.01490594
v -0.00090315 -0.04906972 0.01516133
v -0.00091026 -0.04909905 0.01519621
v -0.00086679 -0.04907219 0.01514165
v -0.00300538 -0.04967408 0.01750583
v -0.00303047 -0.04964826 0.01749238
v -0.04987159 -0.00149358 0.01647739
v -0.04985946 -0.00147313 0.01644668
v -0.05043186 -0.00069234 0.01656306
v -0.04760868 -0.00252820 0.01466832
v -0.04757478 -0.00247957 0.01460581
v -0.04759013 -0.00246969 0.01461496
v 0.00374256 -0.04844828 0.01261121
v 0.00399790 -0.04819567 0.01237773
v 0.00340673 -0.04787726 0.01235646
v 0.00479103 -0.04741199 0.01173626
v 0.00506443 -0.04714212 0.01154199
v 0.00445203 -0.04683593 0.01152570
v -0.00464640 -0.04070052 0.01075236
v -0.00402352 -0.04112339 0.01079438
v -0.00376358 -0.04117569 0.01075472
v -0.00639416 -0.03972373 0.01074731
v -0.00702759 -0.03935755 0.01074536
v -0.00707198 -0.03940050 0.01078025
v -0.00725903 -0.03922209 0.01074463
v -0.00811784 -0.03871161 0.01074187
v -0.00811886 -0.03879832 0.01078766
v -0.00839155 -0.03854628 0.01074097
v -0.00921987 -0.03803804 0.01073818
v -0.00915835 -0.03818029 0.01079462
v -0.03414853 -0.01498407 0.01071725
v -0.03472279 -0.01419063 0.01072017
v -0.03485856 -0.01423430 0.01082296
v -0.03640002 -0.01176408 0.01072915
v -0.03681852 -0.01113145 0.01073145
v -0.03689767 -0.01121360 0.01080723
v -0.03694382 -0.01093980 0.01073214
v -0.03747992 -0.01010776 0.01073510
v -0.03754693 -0.01018979 0.01080115
v -0.05241247 -0.00283982 0.02236847
v -0.05227973 -0.00273652 0.02188475
v -0.05238140 -0.00245086 0.02165312
v -0.04686008 -0.00905297 0.02056271
v -0.04624561 -0.00966314 0.02026648
v -0.04639779 -0.00938275 0.02007232
v -0.04237821 -0.01347348 0.01857585
v -0.04223155 -0.01340981 0.01811941
v -0.04113859 -0.01467861 0.01808658
v -0.04051577 -0.01527972 0.01784793
v -0.04061444 -0.01512315 0.01776729
v -0.03989055 -0.01587964 0.01761237
v -0.03926257 -0.01647817 0.01737916
v -0.03863140 -0.01707517 0.01714763
v -0.03883483 -0.01668289 0.01686890
v -0.03630267 -0.01921268 0.01628256
v -0.03671470 -0.01885567 0.01645890
v -0.03606679 -0.01944598 0.01623191
v -0.03513454 -0.02028674 0.01591472
v -0.03541342 -0.02003611 0.01600810
v -0.03307430 -0.02213312 0.01529140
v -0.03359919 -0.02160063 0.01534803
v -0.03376197 -0.02151559 0.01548339
v -0.03102201 -0.02401337 0.01484656
v -0.03093620 -0.02406615 0.01479547
v -0.03177550 -0.02319109 0.01481902
v 0.00253369 -0.04964719 0.01392810
v 0.00276641 -0.04941595 0.01364464
v 0.00212627 -0.04915252 0.01369915
v 0.00239326 -0.04978564 0.01410586
v 0.00070772 -0.05056468 0.01575527
v 0.00147687 -0.05062263 0.01535494
v 0.00097525 -0.05029842 0.01531046
v 0.00173820 -0.05039690 0.01498398
v 0.00125088 -0.05002408 0.01488245
v 0.00200106 -0.05015895 0.01462231
v 0.00153459 -0.04974164 0.01447123
v 0.00226601 -0.04990900 0.01427025
v 0.00182639 -0.04945113 0.01407680
v 0.00044826 -0.05082285 0.01621686
v 0.00095647 -0.05103661 0.01612358
v 0.00121645 -0.05083596 0.01573494
v -0.00028159 -0.05154884 0.01770237
v 0.00018282 -0.05155457 0.01732403
v -0.00004639 -0.05131493 0.01719041
v 0.00043999 -0.05139606 0.01691879
v 0.00019689 -0.05107294 0.01669524
v 0.00069770 -0.05122341 0.01651852
v 0.00085931 -0.05110829 0.01627097
v -0.00050872 -0.05177466 0.01823112
v -0.00033193 -0.05182907 0.01814818
v -0.00007433 -0.05169892 0.01773392
v -0.00085035 -0.05204648 0.01898866
v -0.00059046 -0.05194496 0.01856651
v -0.00039851 -0.05186033 0.01825570
v -0.00268667 -0.05240198 0.02208177
v -0.00267143 -0.05240082 0.02205362
v -0.00267879 -0.05239410 0.02205046
v -0.00236059 -0.05237132 0.02149163
v -0.00251521 -0.05223295 0.02143061
v -0.00231425 -0.05236599 0.02140976
v -0.00234384 -0.05206400 0.02082658
v -0.00271922 -0.05240436 0.02214208
v -0.00348971 -0.05165284 0.02170904
v -0.00311484 -0.05242299 0.02289647
v -0.00363898 -0.05179868 0.02231811
v -0.00378077 -0.05193699 0.02294203
v -0.00578179 -0.05014033 0.02229519
v -0.00517967 -0.05074210 0.02264257
v -0.00539054 -0.05040786 0.02218864
v -0.00457952 -0.05134138 0.02299818
v -0.01021769 -0.04560487 0.01979964
v -0.00943083 -0.04647967 0.02037851
v -0.00938310 -0.04639744 0.02007232
v -0.00881866 -0.04709579 0.02067876
v -0.01189269 -0.04399031 0.01924710
v -0.01127555 -0.04461640 0.01952004
v -0.01105521 -0.04480756 0.01953920
v -0.01065941 -0.04523999 0.01979939
v -0.01004446 -0.04586108 0.02008546
v -0.01374799 -0.04209678 0.01846306
v -0.01312916 -0.04273054 0.01871905
v -0.01255604 -0.04303291 0.01831154
v -0.01251064 -0.04336170 0.01898024
v -0.01560370 -0.04017863 0.01772058
v -0.01498556 -0.04082099 0.01796448
v -0.01512351 -0.04061408 0.01776729
v -0.01436689 -0.04146031 0.01821175
v -0.01426605 -0.04142486 0.01793798
v -0.01341016 -0.04223119 0.01811941
v -0.01746923 -0.03794216 0.01647239
v -0.01847710 -0.03712695 0.01660529
v -0.01755143 -0.03801796 0.01675147
v -0.01806537 -0.03757232 0.01676455
v -0.01745202 -0.03823026 0.01700188
v -0.02072323 -0.03442708 0.01539677
v -0.02083626 -0.03452123 0.01571547
v -0.02024652 -0.03517938 0.01592975
v -0.02142833 -0.03385945 0.01551220
v -0.02160099 -0.03359884 0.01534803
v -0.02202438 -0.03319511 0.01532382
v -0.02143270 -0.03343859 0.01488178
v -0.02262591 -0.03252940 0.01515372
v -0.02231344 -0.03260946 0.01484779
v -0.02319144 -0.03177514 0.01481902
v -0.02323399 -0.03186343 0.01500428
v -0.02384919 -0.03119809 0.01487671
v -0.02406651 -0.03093585 0.01479547
v -0.02447164 -0.03053395 0.01477123
v -0.02564233 -0.02908084 0.01433131
v -0.02573728 -0.02921051 0.01462470
v -0.02477142 -0.02992833 0.01434155
v -0.02510113 -0.02987136 0.01468746
v -0.02389646 -0.03077052 0.01435588
v -0.02737114 -0.02737078 0.01432311
v -0.02702777 -0.02789456 0.01455957
v -0.02637964 -0.02855153 0.01458225
v -0.02908120 -0.02564198 0.01433131
v -0.02834002 -0.02658747 0.01457280
v -0.02768133 -0.02723976 0.01455639
v -0.03077087 -0.02389611 0.01435588
v -0.03034479 -0.02465048 0.01474511
v -0.02992868 -0.02477107 0.01434155
v -0.02967190 -0.02529226 0.01466632
v -0.02900360 -0.02593812 0.01460921
v -0.03799657 -0.01767053 0.01691718
v -0.03801832 -0.01755108 0.01675147
v -0.03794252 -0.01746888 0.01647239
v -0.04429839 -0.01158920 0.01938033
v -0.04480792 -0.01105485 0.01953920
v -0.04438780 -0.01150106 0.01941937
v -0.04500949 -0.01088731 0.01969507
v -0.04562875 -0.01027463 0.01997735
v -0.04560523 -0.01021733 0.01979964
v -0.04471778 -0.01095686 0.01912959
v -0.04376364 -0.01211572 0.01914992
v -0.05242494 -0.00322065 0.02310591
v -0.05242198 -0.00349615 0.02366418
v -0.05228438 -0.00363419 0.02357752
v -0.05170304 -0.00197741 0.01966590
v -0.05226371 -0.00164214 0.02027567
v -0.05188760 -0.00216434 0.02023834
v -0.05233210 -0.00205358 0.02095886
v -0.05206435 -0.00234349 0.02082658
v -0.05223331 -0.00251485 0.02143061
v -0.05204596 -0.00084761 0.01898478
v -0.05211375 -0.00104699 0.01930912
v -0.05199275 -0.00072740 0.01877666
v -0.05194354 -0.00058589 0.01855968
v -0.05177502 -0.00050836 0.01823112
v -0.05182629 -0.00032502 0.01813759
v -0.05154920 -0.00028124 0.01770237
v -0.05169428 -0.00006465 0.01771898
v -0.05131529 -0.00004604 0.01719041
v -0.05154830 0.00019439 0.01730625
v -0.05138879 0.00045218 0.01690027
v -0.05107329 0.00019725 0.01669524
v -0.05132508 0.00054930 0.01674879
v -0.05121597 0.00070924 0.01650130
v -0.05082321 0.00044862 0.01621686
v -0.05103004 0.00096608 0.01610959
v -0.05056503 0.00070807 0.01575527
v -0.05083118 0.00122326 0.01572541
v -0.05029878 0.00097561 0.01531046
v -0.05061953 0.00148132 0.01534905
v -0.05002443 0.00125123 0.01488245
v -0.05039524 0.00174083 0.01498080
v -0.04974200 0.00153495 0.01447123
v -0.05015842 0.00200237 0.01462099
v -0.04990916 0.00226657 0.01426998
v -0.04945148 0.00182674 0.01407680
v -0.04978599 0.00239361 0.01410587
v -0.04964754 0.00253405 0.01392810
v -0.04915288 0.00212663 0.01369915
v -0.04941630 0.00276676 0.01364464
v -0.04884619 0.00243461 0.01333830
v -0.04918080 0.00300401 0.01337127
v -0.04894102 0.00324579 0.01310794
v -0.04853142 0.00275068 0.01299423
v -0.04884425 0.00334343 0.01300575
v -0.04869697 0.00349210 0.01285460
v -0.04820856 0.00307483 0.01266695
v -0.04844864 0.00374292 0.01261121
v -0.04787761 0.00340708 0.01235646
v -0.04819602 0.00399826 0.01237772
v -0.04793911 0.00425812 0.01215409
v -0.04753859 0.00374742 0.01206275
v -0.04782874 0.00436980 0.01206213
v -0.04767789 0.00452249 0.01194029
v -0.04719148 0.00409586 0.01178584
v -0.04741235 0.00479138 0.01173626
v -0.04683628 0.00445239 0.01152570
v -0.04714247 0.00506478 0.01154199
v -0.04686824 0.00534270 0.01135743
v -0.04647300 0.00481701 0.01128236
v -0.04673927 0.00547344 0.01127493
v -0.04658965 0.00562513 0.01118256
v -0.04610164 0.00518973 0.01105580
v -0.04630770 0.00591104 0.01101793
v -0.04572220 0.00557056 0.01084603
v -0.04602386 0.00619892 0.01086417
v -0.04487257 0.00337897 0.01087320
v -0.04467477 0.00353891 0.01076978
v -0.04509050 0.00451985 0.01077125
v -0.04337890 0.00065071 0.01076474
v -0.04381916 0.00160488 0.01076652
v -0.04395561 0.00120194 0.01089796
v -0.04425108 0.00256750 0.01076820
v -0.04347214 0.00011965 0.01090949
v -0.04324029 0.00035571 0.01076416
v -0.04297217 -0.00095808 0.01092046
v -0.04247318 -0.00123278 0.01076082
v -0.04293024 -0.00029515 0.01076284
v -0.04192314 -0.00309858 0.01094080
v -0.04153352 -0.00308408 0.01075646
v -0.04200764 -0.00216232 0.01075870
v -0.04137436 -0.00416077 0.01095020
v -0.04112262 -0.00401267 0.01079123
v -0.04055699 -0.00495686 0.01076405
v -0.04055916 -0.00490508 0.01075164
v -0.04105071 -0.00399828 0.01075410
v -0.03940085 -0.00707163 0.01078025
v -0.03935790 -0.00702723 0.01074536
v -0.03954975 -0.00669680 0.01074638
v -0.03879868 -0.00811851 0.01078766
v -0.03850509 -0.00845965 0.01074074
v -0.03903183 -0.00758182 0.01074361
v -0.03131989 -0.01924041 0.01103623
v -0.03177623 -0.01808081 0.01070646
v -0.03209040 -0.01829479 0.01103340
v -0.03238056 -0.01731817 0.01070897
v -0.03053609 -0.02017603 0.01103867
v -0.03054475 -0.01958349 0.01070193
v -0.03116432 -0.01883586 0.01070410
v -0.02928234 -0.02105682 0.01069820
v -0.02991744 -0.02032378 0.01069995
v -0.03027289 -0.01990632 0.01070104
v -0.02973920 -0.02110143 0.01104074
v -0.02892948 -0.02201634 0.01104242
v -0.02863940 -0.02178266 0.01069668
v -0.02798859 -0.02250136 0.01069542
v -0.02810713 -0.02292053 0.01104373
v -0.02784637 -0.02265632 0.01069518
v -0.02732984 -0.02321295 0.01069442
v -0.02727239 -0.02381375 0.01104466
v -0.02666313 -0.02391745 0.01069370
v -0.02642549 -0.02469576 0.01104522
v -0.02598840 -0.02461488 0.01069327
v -0.02556665 -0.02556630 0.01104541
v -0.02530560 -0.02530525 0.01069312
v -0.02381411 -0.02727204 0.01104466
v -0.02364934 -0.02691858 0.01069394
v -0.02469611 -0.02642514 0.01104522
v -0.02433992 -0.02625618 0.01069341
v -0.02502355 -0.02558602 0.01069315
v -0.02110178 -0.02973885 0.01104074
v -0.02153608 -0.02885938 0.01069717
v -0.02201670 -0.02892912 0.01104242
v -0.02224740 -0.02822017 0.01069584
v -0.02292089 -0.02810677 0.01104373
v -0.02295183 -0.02757324 0.01069476
v -0.02355125 -0.02701151 0.01069404
v -0.02017639 -0.03053573 0.01103867
v -0.02009276 -0.03011463 0.01070055
v -0.02081786 -0.02949087 0.01069875
v -0.01733980 -0.03284703 0.01103019
v -0.01787626 -0.03193959 0.01070712
v -0.01829515 -0.03209005 0.01103340
v -0.01862196 -0.03133900 0.01070475
v -0.01924076 -0.03131954 0.01103623
v -0.01936080 -0.03073068 0.01070256
v -0.01990667 -0.03027254 0.01070104
v -0.01620335 -0.03342451 0.01083139
v -0.01609625 -0.03332100 0.01071322
v -0.01636426 -0.03311757 0.01071227
v -0.01559797 -0.03369501 0.01071501
v -0.01522370 -0.03414866 0.01082738
v -0.01482481 -0.03426476 0.01071783
v -0.01423465 -0.03485820 0.01082296
v -0.01404478 -0.03482683 0.01072071
v -0.01325787 -0.03538123 0.01072363
v -0.01323649 -0.03555295 0.01081813
v -0.01314194 -0.03546185 0.01072406
v -0.01246407 -0.03592797 0.01072657
v -0.01222950 -0.03623272 0.01081289
v -0.01166337 -0.03646703 0.01072952
v -0.01121395 -0.03689732 0.01080723
v -0.01085578 -0.03699840 0.01073244
v -0.01019014 -0.03754657 0.01080115
v -0.01004129 -0.03752208 0.01073533
v -0.00495721 -0.04055663 0.01076405
v -0.00552327 -0.04021654 0.01074988
v -0.00601800 -0.03998665 0.01077238
v -0.00203127 -0.04245544 0.01093089
v -0.00198030 -0.04209961 0.01075913
v -0.00309894 -0.04192279 0.01094080
v -0.00287487 -0.04164206 0.01075698
v -0.00416113 -0.04137401 0.01095020
v 0.00633238 -0.04582733 0.01077368
v 0.00538504 -0.04544708 0.01077245
v 0.00557020 -0.04572184 0.01084603
v 0.00444418 -0.04505865 0.01077114
v 0.00447274 -0.04530550 0.01085992
v 0.00350906 -0.04466173 0.01076973
v 0.00337862 -0.04487222 0.01087320
v 0.00257971 -0.04425628 0.01076822
v 0.00228812 -0.04442210 0.01088587
v 0.00165613 -0.04384227 0.01076662
v 0.00120158 -0.04395525 0.01089796
v 0.00073833 -0.04341964 0.01076491
v 0.00011929 -0.04347179 0.01090949
v -0.00017368 -0.04298836 0.01076309
v -0.00095843 -0.04297182 0.01092046
v -0.00107990 -0.04254837 0.01076116
v -0.00177358 -0.04220368 0.01075961
v 0.00637889 -0.04584572 0.01077373
v 0.00619856 -0.04602350 0.01086417
v 0.00591069 -0.04630734 0.01101793
v 0.00585807 -0.04635922 0.01104732
v 0.00534234 -0.04686789 0.01135743
v 0.00562477 -0.04658930 0.01118256
v 0.00518938 -0.04610129 0.01105580
v 0.00472875 -0.04747348 0.01178234
v 0.00374707 -0.04753823 0.01206275
v 0.00425776 -0.04793875 0.01215409
v 0.00409551 -0.04719112 0.01178584
v 0.00452214 -0.04767753 0.01194029
v 0.00367660 -0.04851357 0.01267384
v 0.00324543 -0.04894067 0.01310794
v 0.00349174 -0.04869662 0.01285460
v 0.00307448 -0.04820821 0.01266695
v -0.04967443 -0.00300503 0.01750583
v -0.04968192 -0.00299748 0.01750947
v -0.04973228 -0.00310215 0.01768435
v -0.04970560 -0.00297271 0.01752015
v -0.04972135 -0.00295547 0.01752653
v -0.04972843 -0.00294751 0.01752919
v -0.04975044 -0.00292183 0.01753662
v -0.04976553 -0.00290338 0.01754092
v -0.04977172 -0.00289561 0.01754248
v -0.04979230 -0.00286881 0.01754677
v -0.04980680 -0.00284896 0.01754891
v -0.04981222 -0.00284135 0.01754951
v -0.04981634 -0.00283546 0.01754989
v -0.04983378 -0.00280973 0.01755070
v -0.04984504 -0.00279237 0.01755051
v -0.04985056 -0.00278361 0.01755020
v -0.05042159 -0.00223459 0.01786111
v -0.04986670 -0.00275705 0.01754838
v -0.04988012 -0.00273378 0.01754574
v -0.04988224 -0.00273001 0.01754523
v -0.04989718 -0.00270242 0.01754073
v -0.04991153 -0.00267422 0.01753485
v -0.04992532 -0.00264535 0.01752756
v -0.04993853 -0.00261574 0.01751878
v -0.04994044 -0.00261129 0.01751735
v -0.04994591 -0.00259827 0.01751300
v -0.04995885 -0.00256562 0.01750107
v -0.04996551 -0.00254772 0.01749391
v -0.04997099 -0.00253232 0.01748742
v -0.04998229 -0.00249829 0.01747199
v -0.04998705 -0.00248290 0.01746454
v -0.05001937 -0.00235025 0.01738869
v -0.05002112 -0.00234065 0.01738243
v -0.04999276 -0.00246348 0.01745472
v -0.05000235 -0.00242780 0.01743550
v -0.05000503 -0.00241703 0.01742941
v -0.05001102 -0.00239122 0.01741426
v -0.05001230 -0.00238538 0.01741073
v -0.04930459 -0.00326055 0.01721828
v -0.04832915 -0.00484506 0.01734769
v -0.04928049 -0.00327113 0.01719420
v -0.04884715 -0.00378005 0.01705880
v -0.04924752 -0.00328462 0.01716048
v -0.04934261 -0.00324263 0.01725521
v -0.04935671 -0.00323557 0.01726858
v -0.04940317 -0.00321073 0.01731121
v -0.04944815 -0.00318419 0.01735033
v -0.04946165 -0.00317571 0.01736163
v -0.04948714 -0.00315905 0.01738237
v -0.04951829 -0.00313746 0.01740658
v -0.04952503 -0.00313260 0.01741166
v -0.04956137 -0.00310518 0.01743791
v -0.04957269 -0.00309621 0.01744569
v -0.04959253 -0.00307996 0.01745884
v -0.04962160 -0.00305487 0.01747693
v -0.04962482 -0.00305200 0.01747884
v -0.04964883 -0.00302990 0.01749250
v -0.04865256 -0.00358074 0.01661743
v -0.04885806 -0.00336932 0.01670629
v -0.04888413 -0.00336764 0.01673940
v -0.04894744 -0.00336126 0.01681841
v -0.04895223 -0.00336064 0.01682429
v -0.04901960 -0.00334998 0.01690580
v -0.04903070 -0.00334786 0.01691898
v -0.04908626 -0.00333566 0.01698384
v -0.04910760 -0.00333027 0.01700824
v -0.04915208 -0.00331772 0.01705815
v -0.04918131 -0.00330850 0.01709019
v -0.04921690 -0.00329619 0.01712840
v -0.04845099 -0.00337446 0.01618907
v -0.04847797 -0.00333143 0.01618814
v -0.04853870 -0.00334551 0.01627510
v -0.04854459 -0.00334671 0.01628345
v -0.04855245 -0.00334826 0.01629458
v -0.04861173 -0.00335829 0.01637763
v -0.04865462 -0.00336373 0.01643679
v -0.04867955 -0.00336620 0.01647081
v -0.04874779 -0.00337041 0.01656256
v -0.04875667 -0.00337069 0.01657433
v -0.04881586 -0.00337089 0.01665195
v -0.04834791 -0.00329014 0.01599671
v -0.04841240 -0.00331257 0.01609253
v -0.04843725 -0.00332018 0.01612898
v -0.04816311 -0.00320227 0.01571173
v -0.04822314 -0.00323494 0.01580610
v -0.04757320 -0.00406779 0.01567124
v -0.04777229 -0.00427219 0.01607212
v -0.04824669 -0.00324663 0.01584262
v -0.04828478 -0.00326426 0.01590117
v -0.04833983 -0.00328706 0.01598458
v -0.04807424 -0.00314555 0.01556843
v -0.04810512 -0.00316646 0.01561874
v -0.04815808 -0.00319933 0.01570374
v -0.04736736 -0.00385666 0.01528251
v -0.04799517 -0.00308544 0.01543675
v -0.04800749 -0.00309547 0.01545755
v -0.04804904 -0.00312746 0.01552693
v -0.04780509 -0.00289015 0.01509744
v -0.04715478 -0.00363881 0.01490594
v -0.04778307 -0.00286106 0.01505512
v -0.04776456 -0.00283519 0.01501887
v -0.04783211 -0.00292358 0.01514829
v -0.04784852 -0.00294279 0.01517867
v -0.04788580 -0.00298365 0.01524636
v -0.04789475 -0.00299295 0.01526238
v -0.04794362 -0.00304050 0.01534838
v -0.04760990 -0.00253173 0.01467165
v -0.04763036 -0.00258642 0.01472519
v -0.04693547 -0.00341421 0.01454151
v -0.04763411 -0.00259564 0.01473456
v -0.04765528 -0.00264428 0.01478573
v -0.04766176 -0.00265812 0.01480084
v -0.04768354 -0.00270170 0.01485012
v -0.04769272 -0.00271888 0.01487028
v -0.04769859 -0.00272953 0.01488299
v -0.04772708 -0.00277807 0.01494313
v -0.04773858 -0.00279632 0.01496672
v -0.04755593 -0.00192563 0.01427146
v -0.04755499 -0.00193166 0.01427390
v -0.04733827 -0.00223838 0.01424253
v -0.04754898 -0.00197618 0.01429282
v -0.04754709 -0.00199338 0.01430057
v -0.04754496 -0.00201620 0.01431122
v -0.04754197 -0.00206144 0.01433358
v -0.04754179 -0.00206528 0.01433555
v -0.04754056 -0.00211469 0.01436205
v -0.04754058 -0.00212978 0.01437054
v -0.04754130 -0.00216448 0.01439080
v -0.04754291 -0.00219803 0.01441136
v -0.04754405 -0.00221467 0.01442191
v -0.04754896 -0.00226596 0.01445593
v -0.04755588 -0.00231636 0.01449164
v -0.04755873 -0.00233359 0.01450438
v -0.04756203 -0.00235189 0.01451820
v -0.04757218 -0.00240058 0.01455655
v -0.04757460 -0.00241090 0.01456497
v -0.04758924 -0.00246663 0.01461228
v -0.04791864 -0.00122544 0.01422662
v -0.04788641 -0.00125799 0.01421457
v -0.04770143 -0.00103549 0.01393664
v -0.04788286 -0.00126172 0.01421333
v -0.04785548 -0.00129160 0.01420428
v -0.04783729 -0.00131256 0.01419889
v -0.04782578 -0.00132633 0.01419574
v -0.04779732 -0.00136220 0.01418892
v -0.04779454 -0.00136584 0.01418833
v -0.04777005 -0.00139929 0.01418384
v -0.04775801 -0.00141662 0.01418211
v -0.04775478 -0.00142136 0.01418171
v -0.04773466 -0.00145211 0.01417977
v -0.04771811 -0.00147898 0.01417902
v -0.04771258 -0.00148829 0.01417896
v -0.04769175 -0.00152520 0.01417967
v -0.04768464 -0.00153851 0.01418029
v -0.04709476 -0.00199021 0.01389226
v -0.04767213 -0.00156289 0.01418192
v -0.04765372 -0.00160140 0.01418572
v -0.04763652 -0.00164080 0.01419113
v -0.04762769 -0.00166261 0.01419475
v -0.04762055 -0.00168114 0.01419818
v -0.04760699 -0.00171903 0.01420617
v -0.04760439 -0.00172679 0.01420796
v -0.04759374 -0.00176039 0.01421634
v -0.04758462 -0.00179216 0.01422515
v -0.04758190 -0.00180228 0.01422814
v -0.04757149 -0.00184476 0.01424163
v -0.04756844 -0.00185853 0.01424633
v -0.04756250 -0.00188787 0.01425686
v -0.04803528 -0.00112512 0.01427973
v -0.04799913 -0.00115359 0.01426183
v -0.04798205 -0.00116782 0.01425380
v -0.04795936 -0.00118753 0.01424359
v -0.04795220 -0.00119396 0.01424047
v -0.04793118 -0.00121341 0.01423165
v -0.04814847 -0.00104865 0.01434287
v -0.04812643 -0.00106215 0.01432979
v -0.04856271 -0.00035027 0.01435386
v -0.04882139 -0.00061211 0.01474034
v -0.04862692 -0.00088190 0.01470396
v -0.04859520 -0.00088650 0.01467581
v -0.04855856 -0.00089286 0.01464401
v -0.04853076 -0.00089844 0.01462040
v -0.04852791 -0.00089905 0.01461800
v -0.04846671 -0.00091382 0.01456771
v -0.04846158 -0.00091521 0.01456359
v -0.04840406 -0.00093240 0.01451849
v -0.04839624 -0.00093497 0.01451251
v -0.04834279 -0.00095409 0.01447262
v -0.04833206 -0.00095826 0.01446483
v -0.04828880 -0.00097626 0.01443411
v -0.04826928 -0.00098502 0.01442063
v -0.04823757 -0.00100011 0.01439927
v -0.04820800 -0.00101519 0.01437995
v -0.04818896 -0.00102543 0.01436782
v -0.04817168 -0.00103509 0.01435703
v -0.04804020 -0.00112140 0.01428226
v -0.04829652 -0.00008091 0.01398222
v -0.04808262 -0.00109093 0.01430489
v -0.04809082 -0.00108534 0.01430944
v -0.04907254 -0.00086643 0.01514165
v -0.04905188 -0.00089877 0.01514001
v -0.04902383 -0.00089310 0.01510762
v -0.04900311 -0.00088935 0.01508404
v -0.04894014 -0.00088013 0.01501419
v -0.04893540 -0.00087956 0.01500905
v -0.04886744 -0.00087351 0.01493681
v -0.04885646 -0.00087289 0.01492541
v -0.04879931 -0.00087117 0.01486731
v -0.04877294 -0.00087127 0.01484118
v -0.04873102 -0.00087256 0.01480050
v -0.04869839 -0.00087455 0.01476956
v -0.04866293 -0.00087767 0.01473663
v -0.04913780 -0.00092034 0.01524283
v -0.04913602 -0.00091983 0.01524065
v -0.04907004 -0.00090279 0.01516129
v -0.04994574 -0.00020165 0.01565517
v -0.04938836 -0.00102336 0.01557793
v -0.04932746 -0.00099233 0.01549109
v -0.04969098 0.00005537 0.01522492
v -0.04931834 -0.00098804 0.01547839
v -0.04926516 -0.00096475 0.01540604
v -0.04922474 -0.00094898 0.01535275
v -0.04920125 -0.00094055 0.01532245
v -0.04949421 -0.00108801 0.01573879
v -0.04944743 -0.00105766 0.01566603
v -0.04940826 -0.00103444 0.01560718
v -0.04968473 -0.00124768 0.01606904
v -0.04966229 -0.00122528 0.01602674
v -0.05019270 -0.00045089 0.01610122
v -0.04961298 -0.00117981 0.01593734
v -0.04961205 -0.00117900 0.01593571
v -0.04957582 -0.00114860 0.01587287
v -0.04955942 -0.00113559 0.01584514
v -0.04950444 -0.00109506 0.01575508
v -0.04983571 -0.00143548 0.01638875
v -0.04980790 -0.00139487 0.01632418
v -0.04979675 -0.00137948 0.01629914
v -0.04975476 -0.00132566 0.01620872
v -0.04974968 -0.00131955 0.01619815
v -0.04970988 -0.00127419 0.01611779
v -0.04998192 -0.00174282 0.01681500
v -0.04996907 -0.00170452 0.01676724
v -0.05066322 -0.00092599 0.01704070
v -0.04995949 -0.00167836 0.01673379
v -0.04994288 -0.00163677 0.01667922
v -0.04993357 -0.00161518 0.01665020
v -0.04990430 -0.00155366 0.01656481
v -0.05003703 -0.00221484 0.01729149
v -0.05003803 -0.00220048 0.01728008
v -0.05021555 -0.00202533 0.01737077
v -0.05002841 -0.00229497 0.01735131
v -0.05003005 -0.00228278 0.01734263
v -0.05003407 -0.00224826 0.01731723
v -0.05004018 -0.00215156 0.01723973
v -0.05004028 -0.00214670 0.01723559
v -0.05004039 -0.00210147 0.01719601
v -0.05003981 -0.00207832 0.01717501
v -0.05003853 -0.00205017 0.01714879
v -0.05003560 -0.00201009 0.01711019
v -0.05003304 -0.00198434 0.01708461
v -0.05002768 -0.00194226 0.01704149
v -0.05002350 -0.00191540 0.01701313
v -0.05001607 -0.00187497 0.01696918
v -0.05000982 -0.00184570 0.01693643
v -0.05000199 -0.00180858 0.01689527
v -0.05000080 -0.00180842 0.01689358
v -0.04999177 -0.00177535 0.01685448
v -0.00227223 -0.05003107 0.01733474
v -0.00228314 -0.05002970 0.01734263
v -0.00202569 -0.05021520 0.01737077
v -0.00137027 -0.05110220 0.01804338
v -0.00232200 -0.05002400 0.01736975
v -0.00235056 -0.05001902 0.01738866
v -0.00236872 -0.05001550 0.01740023
v -0.00238575 -0.05001194 0.01741074
v -0.00241736 -0.05000468 0.01742939
v -0.00242864 -0.05000187 0.01743577
v -0.00247051 -0.04999048 0.01745815
v -0.00248325 -0.04998670 0.01746453
v -0.00251145 -0.04997781 0.01747797
v -0.00254716 -0.04996548 0.01749354
v -0.00258121 -0.04995259 0.01750682
v -0.00261165 -0.04994009 0.01751735
v -0.00261381 -0.04993916 0.01751804
v -0.00261764 -0.04993751 0.01751926
v -0.00264868 -0.04992359 0.01752837
v -0.00267370 -0.04991161 0.01753465
v -0.00267905 -0.04990896 0.01753587
v -0.00270883 -0.04989362 0.01754182
v -0.00273413 -0.04987977 0.01754574
v -0.00273807 -0.04987754 0.01754626
v -0.00298226 -0.04969661 0.01751641
v -0.00276686 -0.04986071 0.01754917
v -0.00279272 -0.04984469 0.01755051
v -0.00279525 -0.04984307 0.01755058
v -0.00282330 -0.04982459 0.01755045
v -0.00283653 -0.04981549 0.01754985
v -0.00284932 -0.04980645 0.01754891
v -0.00286182 -0.04979738 0.01754767
v -0.00288665 -0.04977864 0.01754416
v -0.00290374 -0.04976518 0.01754092
v -0.00291108 -0.04975925 0.01753931
v -0.00293513 -0.04973914 0.01753309
v -0.00295581 -0.04972101 0.01752654
v -0.00295884 -0.04971828 0.01752547
v -0.00195224 -0.05002868 0.01705150
v -0.00201051 -0.05003526 0.01711025
v -0.00202318 -0.05003632 0.01712261
v -0.00203296 -0.05003705 0.01713205
v -0.00207862 -0.05003945 0.01717496
v -0.00209832 -0.05003998 0.01719287
v -0.00214693 -0.05003993 0.01723548
v -0.00216241 -0.05003952 0.01724858
v -0.00221527 -0.05003667 0.01729154
v -0.00221913 -0.05003637 0.01729458
v -0.00180905 -0.05000020 0.01689356
v -0.00187555 -0.05001570 0.01696938
v -0.00180893 -0.05000164 0.01689527
v -0.00187727 -0.05001610 0.01697133
v -0.00194272 -0.05002734 0.01704160
v -0.00155384 -0.04990386 0.01656457
v -0.00092634 -0.05066287 0.01704070
v -0.00152906 -0.04989088 0.01652902
v -0.00069269 -0.05043150 0.01656306
v -0.00149388 -0.04987121 0.01647731
v -0.00161561 -0.04993325 0.01665030
v -0.00162295 -0.04993647 0.01666022
v -0.00167863 -0.04995911 0.01673368
v -0.00171011 -0.04997055 0.01677385
v -0.00174308 -0.04998153 0.01681489
v -0.00179857 -0.04999776 0.01688161
v -0.00135489 -0.04977752 0.01625778
v -0.00137980 -0.04979636 0.01629908
v -0.00122563 -0.04966192 0.01602672
v -0.00127457 -0.04970954 0.01611782
v -0.00045125 -0.05019234 0.01610122
v -0.00127699 -0.04971177 0.01612221
v -0.00132599 -0.04975439 0.01620867
v -0.00143592 -0.04983541 0.01638889
v -0.00143895 -0.04983739 0.01639361
v -0.00114018 -0.04956447 0.01585423
v -0.00117939 -0.04961173 0.01593577
v -0.00120538 -0.04964062 0.01598752
v -0.00102371 -0.04938799 0.01557792
v -0.00103788 -0.04941331 0.01561519
v -0.00020201 -0.04994538 0.01565517
v -0.00105799 -0.04944703 0.01566598
v -0.00108154 -0.04948372 0.01572280
v -0.00109543 -0.04950411 0.01575512
v -0.00113591 -0.04955904 0.01584509
v -0.00092023 -0.04913583 0.01524085
v -0.00093347 -0.04917890 0.01529448
v 0.00005502 -0.04969062 0.01522492
v -0.00094089 -0.04920087 0.01532241
v -0.00096236 -0.04925806 0.01539704
v -0.00096504 -0.04926464 0.01540582
v -0.00099268 -0.04932710 0.01549108
v -0.00099710 -0.04933629 0.01550393
v -0.00087292 -0.04873049 0.01480033
v -0.00087274 -0.04873449 0.01480416
v -0.00061247 -0.04882103 0.01474034
v -0.00087153 -0.04879876 0.01486711
v -0.00087155 -0.04880169 0.01487005
v -0.00087386 -0.04886700 0.01493672
v -0.00087404 -0.04886993 0.01493977
v -0.00087992 -0.04893502 0.01500902
v -0.00088028 -0.04893807 0.01501233
v -0.00088970 -0.04900272 0.01508400
v -0.00089257 -0.04901872 0.01510218
v -0.00112185 -0.04803973 0.01428220
v -0.00109478 -0.04807720 0.01430211
v -0.00035063 -0.04856236 0.01435386
v -0.00108569 -0.04809048 0.01430944
v -0.00106882 -0.04811613 0.01432401
v -0.00104905 -0.04814805 0.01434283
v -0.00104607 -0.04815305 0.01434585
v -0.00102043 -0.04819846 0.01437406
v -0.00101556 -0.04820761 0.01437992
v -0.00099657 -0.04824518 0.01440458
v -0.00098538 -0.04826892 0.01442063
v -0.00097451 -0.04829327 0.01443748
v -0.00095862 -0.04833170 0.01446482
v -0.00095432 -0.04834278 0.01447287
v -0.00093604 -0.04839373 0.01451087
v -0.00093534 -0.04839583 0.01451247
v -0.00091977 -0.04844617 0.01455160
v -0.00091557 -0.04846121 0.01456359
v -0.00091145 -0.04847667 0.01457603
v -0.00089939 -0.04852763 0.01461806
v -0.00089691 -0.04853944 0.01462802
v -0.00088687 -0.04859473 0.01467570
v -0.00088554 -0.04860334 0.01468329
v -0.00087805 -0.04866242 0.01473649
v -0.00087745 -0.04866837 0.01474196
v -0.00120939 -0.04793547 0.01423355
v -0.00117916 -0.04796892 0.01424799
v -0.00103584 -0.04770107 0.01393664
v -0.00121378 -0.04793080 0.01423164
v -0.00116819 -0.04798168 0.01425380
v -0.00114997 -0.04800365 0.01426418
v -0.00008127 -0.04829616 0.01398222
v -0.00112547 -0.04803492 0.01427973
v -0.00191253 -0.04755778 0.01426612
v -0.00186326 -0.04756716 0.01424786
v -0.00199056 -0.04709441 0.01389226
v -0.00185885 -0.04756810 0.01424632
v -0.00181426 -0.04757854 0.01423168
v -0.00179200 -0.04758440 0.01422500
v -0.00174923 -0.04759691 0.01421335
v -0.00172716 -0.04760402 0.01420796
v -0.00170705 -0.04761090 0.01420343
v -0.00166542 -0.04762637 0.01419519
v -0.00166294 -0.04762734 0.01419475
v -0.00162430 -0.04764333 0.01418863
v -0.00160013 -0.04765411 0.01418553
v -0.00158363 -0.04766183 0.01418374
v -0.00154336 -0.04768193 0.01418054
v -0.00153885 -0.04768429 0.01418029
v -0.00151102 -0.04769941 0.01417921
v -0.00147933 -0.04771776 0.01417902
v -0.00147456 -0.04772063 0.01417909
v -0.00143883 -0.04774307 0.01418048
v -0.00142171 -0.04775443 0.01418171
v -0.00140380 -0.04776676 0.01418339
v -0.00136943 -0.04779174 0.01418783
v -0.00136619 -0.04779419 0.01418833
v -0.00133571 -0.04781806 0.01419383
v -0.00131292 -0.04783694 0.01419888
v -0.00130262 -0.04784577 0.01420145
v -0.00127013 -0.04787495 0.01421073
v -0.00126207 -0.04788252 0.01421333
v -0.00124068 -0.04790326 0.01422084
v -0.00240102 -0.04757185 0.01455661
v -0.00237305 -0.04756576 0.01453431
v -0.00243461 -0.04758004 0.01458441
v -0.00233406 -0.04755840 0.01450446
v -0.00231134 -0.04755469 0.01448773
v -0.00226645 -0.04754862 0.01445602
v -0.00224950 -0.04754676 0.01444452
v -0.00219833 -0.04754255 0.01441132
v -0.00219386 -0.04754229 0.01440853
v -0.00213983 -0.04754033 0.01437611
v -0.00213011 -0.04754022 0.01437053
v -0.00208737 -0.04754066 0.01434696
v -0.00206177 -0.04754162 0.01433356
v -0.00201210 -0.04754499 0.01430910
v -0.00199376 -0.04754674 0.01430058
v -0.00196213 -0.04755039 0.01428652
v -0.00192603 -0.04755557 0.01427147
v -0.00246023 -0.04758696 0.01460637
v -0.00247993 -0.04757443 0.01460581
v -0.00246703 -0.04758890 0.01461232
v -0.00252390 -0.04760674 0.01466394
v -0.00277845 -0.04772675 0.01494317
v -0.00272828 -0.04769734 0.01488107
v -0.00271931 -0.04769241 0.01487037
v -0.00265839 -0.04766137 0.01480076
v -0.00265528 -0.04765989 0.01479733
v -0.00259599 -0.04763375 0.01473455
v -0.00258898 -0.04763090 0.01472742
v -0.00253214 -0.04760956 0.01467171
v -0.00385702 -0.04736700 0.01528251
v -0.00299341 -0.04789449 0.01526255
v -0.00295311 -0.04785696 0.01519479
v -0.00294311 -0.04784814 0.01517862
v -0.00289039 -0.04780464 0.01509727
v -0.00288532 -0.04780071 0.01508978
v -0.00286774 -0.04778738 0.01506417
v -0.00308576 -0.04799476 0.01543666
v -0.00304102 -0.04794344 0.01534868
v -0.00301927 -0.04792042 0.01530847
v -0.00316681 -0.04810475 0.01561872
v -0.00406815 -0.04757284 0.01567124
v -0.00320263 -0.04816277 0.01571175
v -0.00320626 -0.04816907 0.01572174
v -0.00315081 -0.04808095 0.01557998
v -0.00312786 -0.04804875 0.01552703
v -0.00308839 -0.04799796 0.01544208
v -0.00330570 -0.04838999 0.01605997
v -0.00427255 -0.04777194 0.01607212
v -0.00329051 -0.04834758 0.01599675
v -0.00326972 -0.04829613 0.01591902
v -0.00326459 -0.04828438 0.01590109
v -0.00325443 -0.04826201 0.01586681
v -0.00323531 -0.04822281 0.01580613
v -0.00333180 -0.04847766 0.01618822
v -0.00331292 -0.04841203 0.01609251
v -0.00358110 -0.04865221 0.01661743
v -0.00336973 -0.04885661 0.01670489
v -0.00337124 -0.04881555 0.01665202
v -0.00337125 -0.04876512 0.01658599
v -0.00337077 -0.04874739 0.01656249
v -0.00336657 -0.04867930 0.01647096
v -0.00336593 -0.04867232 0.01646146
v -0.00335865 -0.04861140 0.01637766
v -0.00335346 -0.04857858 0.01633186
v -0.00329650 -0.04921665 0.01712851
v -0.00330306 -0.04919814 0.01710876
v -0.00331804 -0.04915183 0.01705827
v -0.00332322 -0.04913423 0.01703868
v -0.00333600 -0.04908596 0.01698391
v -0.00334027 -0.04906784 0.01696296
v -0.00335034 -0.04901920 0.01690574
v -0.00335395 -0.04899895 0.01688151
v -0.00336102 -0.04895175 0.01682414
v -0.00336393 -0.04892754 0.01679424
v -0.00336799 -0.04888384 0.01673949
v -0.00305235 -0.04962447 0.01747884
v -0.00305463 -0.04962192 0.01747733
v -0.00307828 -0.04959459 0.01746040
v -0.00309654 -0.04957236 0.01744571
v -0.00310144 -0.04956621 0.01744151
v -0.00312410 -0.04953671 0.01742056
v -0.00313786 -0.04951787 0.01740654
v -0.00315214 -0.04949749 0.01739083
v -0.00317600 -0.04946141 0.01736172
v -0.00319986 -0.04942237 0.01732849
v -0.00321114 -0.04940270 0.01731111
v -0.00322223 -0.04938254 0.01729287
v -0.00324291 -0.04934240 0.01725535
v -0.00326375 -0.04929790 0.01721200
v -0.00115220 -0.05088643 0.01753415
v -0.00158056 -0.05131016 0.01856842
v -0.00178305 -0.05151032 0.01910926
v -0.00770380 -0.04480389 0.01529613
v -0.00679395 -0.04550965 0.01538457
v -0.00660839 -0.04533071 0.01503366
v -0.00625340 -0.04656275 0.01623422
v -0.00607211 -0.04638775 0.01585015
v -0.00787562 -0.04496880 0.01564446
v -0.00919311 -0.04304999 0.01450259
v -0.00936124 -0.04321088 0.01481253
v -0.00952394 -0.04336634 0.01513012
v -0.01365874 -0.04086205 0.01601698
v -0.01377173 -0.04096776 0.01632383
v -0.01201253 -0.04252756 0.01656485
v -0.00281769 -0.05099422 0.01942117
v -0.00197776 -0.05170268 0.01966590
v -0.00299693 -0.05117016 0.01997087
v -0.00216469 -0.05188724 0.02023834
v -0.00316868 -0.05133858 0.02053542
v -0.00333294 -0.05149947 0.02111481
v -0.00348216 -0.05010346 0.01867021
v -0.00450794 -0.04955521 0.01895448
v -0.00366114 -0.05027834 0.01918400
v -0.00467242 -0.04971482 0.01946095
v -0.00383291 -0.05044597 0.01971172
v -0.00482994 -0.04986743 0.01998044
v -0.00399745 -0.05060634 0.02025335
v -0.00498051 -0.05001304 0.02051296
v -0.00415478 -0.05075946 0.02080889
v -0.00512413 -0.05015165 0.02105849
v -0.00430488 -0.05090531 0.02137835
v -0.00526081 -0.05028326 0.02161706
v -0.00444778 -0.05104390 0.02196173
v -0.00458346 -0.05117524 0.02255903
v -0.00398140 -0.05193816 0.02336208
v -0.00519375 -0.04866631 0.01825886
v -0.00621070 -0.04808773 0.01851867
v -0.00535786 -0.04882495 0.01873268
v -0.00636124 -0.04823220 0.01898490
v -0.00551526 -0.04897684 0.01921865
v -0.00650532 -0.04837016 0.01946247
v -0.00566596 -0.04912198 0.01971679
v -0.00664294 -0.04850162 0.01995137
v -0.00580997 -0.04926038 0.02022709
v -0.00677412 -0.04862655 0.02045161
v -0.00594728 -0.04939202 0.02074955
v -0.00689885 -0.04874498 0.02096317
v -0.00607789 -0.04951690 0.02128417
v -0.00701714 -0.04885689 0.02148607
v -0.00620183 -0.04963503 0.02183096
v -0.00638581 -0.04953612 0.02195597
v -0.01354103 -0.04075158 0.01571544
v -0.01188874 -0.04241124 0.01623480
v -0.01025633 -0.04406212 0.01683306
v -0.00904138 -0.04607794 0.01875629
v -0.00891593 -0.04595974 0.01833569
v -0.00989208 -0.04530215 0.01854002
v -0.00977240 -0.04518995 0.01813683
v -0.01074511 -0.04452079 0.01833341
v -0.01063099 -0.04441430 0.01794682
v -0.01149149 -0.04363293 0.01776571
v -0.01321742 -0.04205378 0.01743043
v -0.01235371 -0.04284604 0.01759357
v -0.01224501 -0.04274497 0.01724423
v -0.01300524 -0.04185667 0.01676490
v -0.01388001 -0.04106871 0.01663601
v -0.01398357 -0.04116490 0.01695352
v -0.01494854 -0.04045383 0.01713137
v -0.01408243 -0.04125632 0.01727635
v -0.01213128 -0.04263881 0.01690133
v -0.00691615 -0.04720003 0.01787580
v -0.00792433 -0.04659294 0.01811433
v -0.00706626 -0.04734367 0.01831253
v -0.00806177 -0.04672349 0.01854336
v -0.00721014 -0.04748103 0.01875978
v -0.00819323 -0.04684798 0.01898216
v -0.00734780 -0.04761211 0.01921757
v -0.00831868 -0.04696641 0.01943073
v -0.00747925 -0.04773691 0.01968589
v -0.00843816 -0.04707878 0.01988906
v -0.00760448 -0.04785543 0.02016475
v -0.00855164 -0.04718509 0.02035717
v -0.00772349 -0.04796766 0.02065414
v -0.00927496 -0.04629678 0.01962461
v -0.00916106 -0.04619028 0.01918593
v -0.01011472 -0.04550961 0.01937143
v -0.01000618 -0.04540871 0.01895156
v -0.01095721 -0.04471743 0.01912959
v -0.01085385 -0.04462184 0.01872766
v -0.01170386 -0.04382985 0.01851431
v -0.01520900 -0.03908134 0.01526428
v -0.01532118 -0.03918672 0.01554196
v -0.01984379 -0.03525043 0.01545198
v -0.01896288 -0.03606872 0.01551363
v -0.01887153 -0.03598282 0.01526288
v -0.01966386 -0.03508050 0.01496535
v -0.01905025 -0.03615060 0.01576716
v -0.02000813 -0.03540467 0.01594849
v -0.01913363 -0.03622847 0.01602347
v -0.01906800 -0.03648239 0.01637718
v -0.01719754 -0.03768937 0.01565612
v -0.01688812 -0.03739855 0.01487133
v -0.01857354 -0.03570104 0.01452732
v -0.02036036 -0.03408223 0.01445394
v -0.02026008 -0.03398642 0.01422371
v -0.02105107 -0.03307288 0.01397266
v -0.01965752 -0.03583321 0.01615133
v -0.02054944 -0.03426233 0.01492097
v -0.02045681 -0.03417420 0.01468636
v -0.02124940 -0.03326326 0.01442332
v -0.02213524 -0.03243819 0.01439676
v -0.02194226 -0.03225211 0.01395269
v -0.02301767 -0.03160721 0.01437428
v -0.02282931 -0.03142467 0.01393578
v -0.02371201 -0.03059076 0.01392193
v -0.02459015 -0.02975060 0.01391116
v -0.01542891 -0.03928763 0.01582399
v -0.01553222 -0.03938406 0.01611036
v -0.01563109 -0.03947602 0.01640108
v -0.01622101 -0.03953295 0.01747932
v -0.01683720 -0.03888363 0.01723998
v -0.02546350 -0.02890439 0.01390345
v -0.02633185 -0.02805233 0.01389882
v -0.02719498 -0.02719463 0.01389728
v -0.03225246 -0.02194191 0.01395269
v -0.03307323 -0.02105072 0.01397266
v -0.03326362 -0.02124905 0.01442332
v -0.02805268 -0.02633150 0.01389882
v -0.02890474 -0.02546314 0.01390345
v -0.02975096 -0.02458979 0.01391116
v -0.03059112 -0.02371166 0.01392193
v -0.03160756 -0.02301731 0.01437428
v -0.03142502 -0.02282896 0.01393578
v -0.03243854 -0.02213489 0.01439676
v -0.03260981 -0.02231309 0.01484779
v -0.03378365 -0.02004768 0.01376984
v -0.03388713 -0.02015561 0.01399568
v -0.03398677 -0.02025972 0.01422371
v -0.03408258 -0.02036000 0.01445394
v -0.03417456 -0.02045646 0.01468636
v -0.03444914 -0.02090072 0.01569256
v -0.03238759 -0.02275477 0.01512004
v -0.03170316 -0.02338142 0.01497147
v -0.03508086 -0.01966351 0.01496535
v -0.04463352 -0.00752580 0.01495682
v -0.04392685 -0.00844350 0.01488310
v -0.04375832 -0.00826786 0.01456323
v -0.04039200 -0.01315921 0.01484274
v -0.04189550 -0.01134280 0.01497890
v -0.04336669 -0.00952359 0.01513012
v -0.04638811 -0.00607175 0.01585015
v -0.04656311 -0.00625305 0.01623422
v -0.04496916 -0.00787526 0.01564446
v -0.04512823 -0.00804128 0.01600182
v -0.04351672 -0.00968088 0.01545538
v -0.04366131 -0.00983276 0.01578831
v -0.04203214 -0.01148677 0.01528323
v -0.04216370 -0.01162568 0.01559400
v -0.04051673 -0.01329109 0.01512832
v -0.04063671 -0.01341824 0.01541922
v -0.04380047 -0.00997924 0.01612889
v -0.04229018 -0.01175956 0.01591119
v -0.04075193 -0.01354068 0.01571544
v -0.04570617 -0.00864731 0.01752160
v -0.04557044 -0.00850450 0.01712811
v -0.04542887 -0.00835589 0.01674364
v -0.04528147 -0.00820148 0.01636822
v -0.04815027 -0.00466082 0.01691035
v -0.04796466 -0.00446986 0.01648516
v -0.05131051 -0.00158020 0.01856842
v -0.05110255 -0.00136992 0.01804338
v -0.05088679 -0.00115185 0.01753415
v -0.04175933 -0.01407646 0.01832900
v -0.04142521 -0.01426570 0.01793798
v -0.04125667 -0.01408208 0.01727635
v -0.04205413 -0.01321706 0.01743043
v -0.04672384 -0.00806142 0.01854336
v -0.04583605 -0.00878434 0.01792413
v -0.04659329 -0.00792397 0.01811433
v -0.04720039 -0.00691579 0.01787580
v -0.04705048 -0.00675946 0.01744961
v -0.04689430 -0.00659689 0.01703395
v -0.04673183 -0.00642809 0.01662882
v -0.04441465 -0.01063064 0.01794682
v -0.04363329 -0.01149114 0.01776571
v -0.04352693 -0.01137716 0.01740197
v -0.04274532 -0.01224465 0.01724423
v -0.04263916 -0.01213093 0.01690133
v -0.04761246 -0.00734745 0.01921757
v -0.04748138 -0.00720979 0.01875978
v -0.04734403 -0.00706590 0.01831253
v -0.04850197 -0.00664259 0.01995137
v -0.04837052 -0.00650496 0.01946247
v -0.04823255 -0.00636088 0.01898490
v -0.04808808 -0.00621035 0.01851867
v -0.04866667 -0.00519340 0.01825886
v -0.04850128 -0.00502259 0.01779720
v -0.04939237 -0.00594692 0.02074955
v -0.04926073 -0.00580961 0.02022709
v -0.04912234 -0.00566561 0.01971679
v -0.04897720 -0.00551491 0.01921865
v -0.04882530 -0.00535751 0.01873268
v -0.04452115 -0.01074476 0.01833341
v -0.04462219 -0.01085349 0.01872766
v -0.04540906 -0.01000583 0.01895156
v -0.04550997 -0.01011436 0.01937143
v -0.04629714 -0.00927461 0.01962461
v -0.04718544 -0.00855129 0.02035717
v -0.04747217 -0.00844423 0.02086626
v -0.04361105 -0.01226573 0.01908511
v -0.04299541 -0.01286984 0.01882772
v -0.04929439 -0.00662729 0.02182270
v -0.04868934 -0.00723129 0.02149608
v -0.04808192 -0.00783698 0.02117732
v -0.04707913 -0.00843780 0.01988906
v -0.04619064 -0.00916071 0.01918593
v -0.04530251 -0.00989172 0.01854002
v -0.04096812 -0.01377138 0.01632383
v -0.05028362 -0.00526046 0.02161706
v -0.05015200 -0.00512378 0.02105849
v -0.05001340 -0.00498016 0.02051296
v -0.04986778 -0.00482959 0.01998044
v -0.04971517 -0.00467206 0.01946095
v -0.04955556 -0.00450758 0.01895448
v -0.05010381 -0.00348181 0.01867021
v -0.04992167 -0.00329559 0.01817032
v -0.05049746 -0.00542452 0.02249998
v -0.04989710 -0.00602501 0.02215729
v -0.05040822 -0.00539018 0.02218864
v -0.04963538 -0.00620147 0.02183096
v -0.04951725 -0.00607754 0.02128417
v -0.04874534 -0.00689850 0.02096317
v -0.04862691 -0.00677376 0.02045161
v -0.04785578 -0.00760412 0.02016475
v -0.04773727 -0.00747889 0.01968589
v -0.04696676 -0.00831833 0.01943073
v -0.04684834 -0.00819287 0.01898216
v -0.04607829 -0.00904103 0.01875629
v -0.04596009 -0.00891557 0.01833569
v -0.04519031 -0.00977205 0.01813683
v -0.04507247 -0.00964679 0.01774197
v -0.04430270 -0.01051114 0.01756790
v -0.04418531 -0.01038625 0.01719665
v -0.05151067 -0.00178270 0.01910926
v -0.05099457 -0.00281733 0.01942117
v -0.05117052 -0.00299658 0.01997087
v -0.05133894 -0.00316833 0.02053542
v -0.05149983 -0.00333258 0.02111481
v -0.05165320 -0.00348935 0.02170904
v -0.05179904 -0.00363863 0.02231811
v -0.05193734 -0.00378041 0.02294203
v -0.05169111 -0.00422907 0.02321001
v -0.05117559 -0.00458311 0.02255903
v -0.05104426 -0.00444742 0.02196173
v -0.05090566 -0.00430453 0.02137835
v -0.05075981 -0.00415442 0.02080889
v -0.05060670 -0.00399710 0.02025335
v -0.05044633 -0.00383255 0.01971172
v -0.05027870 -0.00366079 0.01918400
v -0.04252792 -0.01201217 0.01656485
v -0.04086240 -0.01365838 0.01601698
v -0.05109546 -0.00482586 0.02285086
v -0.03342486 -0.01620300 0.01083139
v -0.03414902 -0.01522335 0.01082738
v -0.03359066 -0.01637463 0.01102659
v -0.03432004 -0.01540064 0.01102260
v -0.03375249 -0.01654223 0.01122457
v -0.03284739 -0.01733944 0.01103019
v -0.03268627 -0.01717297 0.01083501
v -0.03315796 -0.01766055 0.01142795
v -0.03448699 -0.01557378 0.01122093
v -0.03464986 -0.01574279 0.01142238
v -0.03391034 -0.01670578 0.01142532
v -0.03480866 -0.01590766 0.01162695
v -0.03421409 -0.01702079 0.01183514
v -0.03496337 -0.01606839 0.01183463
v -0.03511400 -0.01622500 0.01204543
v -0.03450191 -0.01731968 0.01225607
v -0.03345296 -0.01796589 0.01183557
v -0.03373238 -0.01825549 0.01225306
v -0.03477378 -0.01760249 0.01268810
v -0.03399620 -0.01852936 0.01268042
v -0.03526055 -0.01637748 0.01225934
v -0.03540301 -0.01652583 0.01247638
v -0.03554138 -0.01667006 0.01269653
v -0.03580585 -0.01694616 0.01314619
v -0.03404902 -0.01511973 0.01071675
v -0.03503534 -0.01441774 0.01101820
v -0.03520793 -0.01459691 0.01121692
v -0.03537635 -0.01477185 0.01141913
v -0.03554057 -0.01494253 0.01162483
v -0.03570061 -0.01510897 0.01183403
v -0.03585645 -0.01527116 0.01204671
v -0.03600811 -0.01542912 0.01226289
v -0.03615556 -0.01558283 0.01248255
v -0.03538355 -0.01823922 0.01381677
v -0.03447700 -0.01903000 0.01356477
v -0.03526959 -0.01811989 0.01358548
v -0.03424441 -0.01878752 0.01311766
v -0.03589326 -0.01877584 0.01501491
v -0.03579934 -0.01867651 0.01476973
v -0.03570140 -0.01857318 0.01452732
v -0.03559945 -0.01846586 0.01428769
v -0.03549350 -0.01835454 0.01405084
v -0.03629882 -0.01573232 0.01270571
v -0.03643788 -0.01587758 0.01293236
v -0.03657274 -0.01601861 0.01316250
v -0.03670340 -0.01615542 0.01339614
v -0.03502968 -0.01786922 0.01313124
v -0.03528948 -0.01338949 0.01072314
v -0.03584857 -0.01258064 0.01072614
v -0.03555331 -0.01323613 0.01081813
v -0.03623307 -0.01222914 0.01081289
v -0.03573637 -0.01342621 0.01101338
v -0.03642296 -0.01242634 0.01100815
v -0.03591514 -0.01361191 0.01121252
v -0.03660842 -0.01261903 0.01120774
v -0.03608961 -0.01379323 0.01141556
v -0.03678945 -0.01280721 0.01141166
v -0.03625977 -0.01397019 0.01162250
v -0.03696606 -0.01299090 0.01161992
v -0.03642562 -0.01414277 0.01183332
v -0.03713823 -0.01317008 0.01183251
v -0.03658716 -0.01431100 0.01204805
v -0.03730596 -0.01334478 0.01204943
v -0.03674440 -0.01447487 0.01226667
v -0.03746925 -0.01351499 0.01227070
v -0.03689732 -0.01463438 0.01248920
v -0.03762810 -0.01368071 0.01249630
v -0.03704593 -0.01478954 0.01271562
v -0.03778251 -0.01384195 0.01272624
v -0.03719021 -0.01494035 0.01294594
v -0.03793247 -0.01399871 0.01296051
v -0.03733018 -0.01508681 0.01318015
v -0.03807799 -0.01415100 0.01319913
v -0.03746582 -0.01522893 0.01341827
v -0.03821905 -0.01429882 0.01344208
v -0.03759715 -0.01536671 0.01366029
v -0.03835566 -0.01444217 0.01368937
v -0.03848782 -0.01458105 0.01394100
v -0.03947637 -0.01563073 0.01640108
v -0.03786249 -0.01738250 0.01619680
v -0.03938441 -0.01553186 0.01611036
v -0.03777822 -0.01729193 0.01592471
v -0.03928798 -0.01542856 0.01582399
v -0.03768973 -0.01719718 0.01565612
v -0.03918707 -0.01532082 0.01554196
v -0.03759701 -0.01709824 0.01539103
v -0.03908170 -0.01520864 0.01526428
v -0.03750007 -0.01699510 0.01512943
v -0.03897185 -0.01509202 0.01499094
v -0.03739891 -0.01688776 0.01487133
v -0.03885753 -0.01497096 0.01472194
v -0.03729353 -0.01677622 0.01461673
v -0.03873876 -0.01484544 0.01445729
v -0.03718392 -0.01666048 0.01436562
v -0.03861552 -0.01471547 0.01419697
v -0.03707011 -0.01654054 0.01411801
v -0.03735774 -0.01826407 0.01668754
v -0.03800837 -0.00926784 0.01073802
v -0.03818065 -0.00915799 0.01079462
v -0.03775206 -0.01040267 0.01099639
v -0.03839422 -0.00937943 0.01098986
v -0.03795249 -0.01061075 0.01119695
v -0.03860292 -0.00959592 0.01119093
v -0.03814821 -0.01081405 0.01140282
v -0.03880675 -0.00980745 0.01139786
v -0.03833921 -0.01101255 0.01161399
v -0.03900570 -0.01001404 0.01161062
v -0.03852549 -0.01120627 0.01183048
v -0.03919979 -0.01021569 0.01182924
v -0.03870705 -0.01139522 0.01205227
v -0.03938899 -0.01041240 0.01205370
v -0.03888389 -0.01157938 0.01227938
v -0.03957332 -0.01060418 0.01228401
v -0.03905600 -0.01175877 0.01251180
v -0.03975277 -0.01079102 0.01252017
v -0.03922339 -0.01193340 0.01274953
v -0.03992733 -0.01097294 0.01276218
v -0.03938605 -0.01210326 0.01299258
v -0.04009700 -0.01114994 0.01301004
v -0.03954397 -0.01226836 0.01324094
v -0.04026179 -0.01132202 0.01326375
v -0.03969716 -0.01242870 0.01349462
v -0.04042168 -0.01148919 0.01352331
v -0.03984561 -0.01258429 0.01375361
v -0.04057668 -0.01165145 0.01378872
v -0.04072679 -0.01180880 0.01405999
v -0.04145517 -0.01088054 0.01410444
v -0.04160701 -0.01103969 0.01438950
v -0.04233319 -0.01011677 0.01444467
v -0.04321123 -0.00936088 0.01481253
v -0.04217431 -0.00995059 0.01415122
v -0.04129826 -0.01071632 0.01382580
v -0.04201019 -0.00977916 0.01386480
v -0.04113629 -0.01054704 0.01355358
v -0.04184083 -0.00960249 0.01358540
v -0.04096926 -0.01037268 0.01328779
v -0.04166624 -0.00942057 0.01331303
v -0.04079718 -0.01019323 0.01302841
v -0.04148641 -0.00923339 0.01304768
v -0.04062004 -0.01000870 0.01277546
v -0.04130136 -0.00904095 0.01278935
v -0.04043784 -0.00981909 0.01252892
v -0.04111107 -0.00884325 0.01253804
v -0.04025060 -0.00962438 0.01228881
v -0.04091556 -0.00864027 0.01229375
v -0.04005831 -0.00942458 0.01205511
v -0.04071483 -0.00843203 0.01205649
v -0.03986097 -0.00921968 0.01182783
v -0.04050887 -0.00821851 0.01182624
v -0.03965859 -0.00900967 0.01160697
v -0.04029770 -0.00799971 0.01160301
v -0.03945117 -0.00879455 0.01139252
v -0.04008130 -0.00777563 0.01138680
v -0.03923871 -0.00857432 0.01118449
v -0.03985970 -0.00754625 0.01117760
v -0.03902121 -0.00834897 0.01098287
v -0.03963288 -0.00731159 0.01097542
v -0.04480425 -0.00770344 0.01529613
v -0.03998932 -0.01273514 0.01401792
v -0.03910521 -0.01351461 0.01372048
v -0.03896289 -0.01336533 0.01346753
v -0.03881598 -0.01321143 0.01321939
v -0.03866448 -0.01305293 0.01297607
v -0.03850839 -0.01288982 0.01273755
v -0.03834772 -0.01272209 0.01250384
v -0.03818247 -0.01254974 0.01227494
v -0.03801264 -0.01237277 0.01205085
v -0.03783824 -0.01219116 0.01183156
v -0.03765927 -0.01200493 0.01161708
v -0.03747572 -0.01181406 0.01140741
v -0.03728760 -0.01161855 0.01120255
v -0.03709492 -0.01141840 0.01100249
v -0.04305034 -0.00919275 0.01450259
v -0.04288403 -0.00901920 0.01420032
v -0.04271229 -0.00884022 0.01390570
v -0.04253512 -0.00865581 0.01361875
v -0.04235254 -0.00846596 0.01333945
v -0.04216454 -0.00827067 0.01306781
v -0.04197112 -0.00806994 0.01280382
v -0.04177229 -0.00786376 0.01254750
v -0.04156805 -0.00765212 0.01229882
v -0.04135839 -0.00743503 0.01205781
v -0.04114333 -0.00721247 0.01182444
v -0.04092287 -0.00698446 0.01159873
v -0.04069700 -0.00675097 0.01138067
v -0.04046574 -0.00651201 0.01117026
v -0.04022907 -0.00626757 0.01096750
v -0.03998701 -0.00601764 0.01077238
v -0.04005885 -0.00580456 0.01074906
v -0.04358417 -0.00808661 0.01425168
v -0.04340440 -0.00789974 0.01394847
v -0.04321901 -0.00770724 0.01365358
v -0.04302801 -0.00750911 0.01336702
v -0.04283139 -0.00730534 0.01308878
v -0.04262916 -0.00709593 0.01281886
v -0.04242133 -0.00688089 0.01255727
v -0.04220789 -0.00666019 0.01230400
v -0.04198884 -0.00643385 0.01205905
v -0.04176419 -0.00620184 0.01182242
v -0.04153395 -0.00596418 0.01159411
v -0.04129810 -0.00572086 0.01137412
v -0.04105665 -0.00547186 0.01116245
v -0.04080962 -0.00521720 0.01095909
v -0.04219249 -0.00337503 0.01114539
v -0.04163229 -0.00442611 0.01115416
v -0.04245583 -0.00364540 0.01135973
v -0.04188442 -0.00468557 0.01136715
v -0.04271315 -0.00390968 0.01158382
v -0.04213076 -0.00493916 0.01158915
v -0.04296445 -0.00416789 0.01181766
v -0.04237129 -0.00518688 0.01182017
v -0.04320973 -0.00442001 0.01206125
v -0.04260601 -0.00542875 0.01206021
v -0.04344899 -0.00466607 0.01231459
v -0.04283493 -0.00566475 0.01230926
v -0.04368223 -0.00490606 0.01257769
v -0.04305803 -0.00589490 0.01256734
v -0.04390944 -0.00513999 0.01285054
v -0.04327533 -0.00611920 0.01283444
v -0.04413063 -0.00536785 0.01313314
v -0.04348681 -0.00633765 0.01311057
v -0.04434579 -0.00558966 0.01342550
v -0.04369248 -0.00655026 0.01339571
v -0.04455491 -0.00580543 0.01372762
v -0.04389233 -0.00675703 0.01368988
v -0.04475800 -0.00601514 0.01403949
v -0.04408636 -0.00695796 0.01399308
v -0.04495506 -0.00621881 0.01436112
v -0.04427457 -0.00715307 0.01430530
v -0.04514608 -0.00641644 0.01469251
v -0.04445696 -0.00734235 0.01462654
v -0.04533106 -0.00660803 0.01503366
v -0.04551000 -0.00679360 0.01538457
v -0.04684428 -0.00173504 0.01355500
v -0.04743954 -0.00076962 0.01358978
v -0.04658681 -0.00147287 0.01323076
v -0.04717041 -0.00049650 0.01325681
v -0.04632236 -0.00120371 0.01291953
v -0.04689403 -0.00021613 0.01293776
v -0.04605093 -0.00092754 0.01262131
v -0.04661043 0.00007151 0.01263261
v -0.04577252 -0.00064437 0.01233609
v -0.04631957 0.00036641 0.01234137
v -0.04548714 -0.00035419 0.01206389
v -0.04602148 0.00066858 0.01206403
v -0.04519478 -0.00005699 0.01180469
v -0.04571614 0.00097801 0.01180059
v -0.04489544 0.00024721 0.01155850
v -0.04540357 0.00129471 0.01155106
v -0.04458913 0.00055843 0.01132532
v -0.04508377 0.00161869 0.01131543
v -0.04427586 0.00087667 0.01110514
v -0.04475673 0.00194995 0.01109370
v -0.04442245 0.00228848 0.01088587
v -0.04245579 -0.00203092 0.01093089
v -0.04326593 -0.00125807 0.01112633
v -0.04273709 -0.00231892 0.01113611
v -0.04355321 -0.00155153 0.01134351
v -0.04301214 -0.00260063 0.01135185
v -0.04383402 -0.00183845 0.01157200
v -0.04328095 -0.00287602 0.01157811
v -0.04410835 -0.00211885 0.01181180
v -0.04354353 -0.00314511 0.01181487
v -0.04437621 -0.00239272 0.01206292
v -0.04379985 -0.00340791 0.01206216
v -0.04463759 -0.00266006 0.01232536
v -0.04404993 -0.00366442 0.01231996
v -0.04489248 -0.00292089 0.01259910
v -0.04429377 -0.00391463 0.01258828
v -0.04514089 -0.00317520 0.01288417
v -0.04453135 -0.00415857 0.01286712
v -0.04538282 -0.00342300 0.01318055
v -0.04476269 -0.00439622 0.01315648
v -0.04561826 -0.00366429 0.01348825
v -0.04498777 -0.00462759 0.01345636
v -0.04584722 -0.00389907 0.01380727
v -0.04520659 -0.00485270 0.01376676
v -0.04606969 -0.00412736 0.01413761
v -0.04541916 -0.00507152 0.01408768
v -0.04628566 -0.00434914 0.01447927
v -0.04562548 -0.00528409 0.01441912
v -0.04649514 -0.00456443 0.01483225
v -0.04582553 -0.00549039 0.01476109
v -0.04669813 -0.00477322 0.01519655
v -0.04601932 -0.00569043 0.01511358
v -0.04689463 -0.00497554 0.01557218
v -0.04620685 -0.00588422 0.01547660
v -0.04708463 -0.00517136 0.01595913
v -0.04726812 -0.00536071 0.01635740
v -0.04377889 -0.00019277 0.01111601
v -0.04407891 -0.00049841 0.01133467
v -0.04437223 -0.00079728 0.01156547
v -0.04465881 -0.00108938 0.01180842
v -0.04493868 -0.00137471 0.01206351
v -0.04521182 -0.00165329 0.01233074
v -0.04547824 -0.00192510 0.01261012
v -0.04573794 -0.00219016 0.01290165
v -0.04599090 -0.00244846 0.01320533
v -0.04623714 -0.00270002 0.01352115
v -0.04647665 -0.00294483 0.01384912
v -0.04670943 -0.00318289 0.01418924
v -0.04522139 0.00302675 0.01108168
v -0.04556270 0.00268208 0.01130499
v -0.04589650 0.00234494 0.01154313
v -0.04622280 0.00201535 0.01179610
v -0.04654158 0.00169329 0.01206391
v -0.04685284 0.00137876 0.01234654
v -0.04715661 0.00107177 0.01264401
v -0.04745285 0.00077231 0.01295631
v -0.04774159 0.00048038 0.01328345
v -0.04802281 0.00019597 0.01362542
v -0.04584608 0.00637925 0.01077373
v -0.04549908 0.00551249 0.01077262
v -0.04530586 0.00447310 0.01085992
v -0.04566973 0.00410678 0.01106905
v -0.04602581 0.00374828 0.01129397
v -0.04637411 0.00339760 0.01153469
v -0.04671461 0.00305473 0.01179119
v -0.04704732 0.00271967 0.01206349
v -0.04737223 0.00239241 0.01235158
v -0.04768936 0.00207298 0.01265547
v -0.04799869 0.00176134 0.01297515
v -0.04830023 0.00145750 0.01331062
v -0.04859397 0.00116148 0.01366189
v -0.04887991 0.00087325 0.01402896
v -0.04915806 0.00059283 0.01441182
v -0.04942842 0.00032021 0.01481047
v -0.05213353 -0.00111062 0.01941266
v -0.05220615 -0.00137533 0.01984303
v -0.00521755 -0.04080926 0.01095909
v -0.00626792 -0.04022872 0.01096750
v -0.00731194 -0.03963252 0.01097542
v 0.00410643 -0.04566938 0.01106905
v 0.00302640 -0.04522104 0.01108168
v 0.00194959 -0.04475637 0.01109370
v 0.00087632 -0.04427550 0.01110514
v -0.00019312 -0.04377853 0.01111601
v -0.00125842 -0.04326557 0.01112633
v -0.00231928 -0.04273673 0.01113611
v -0.00337539 -0.04219214 0.01114539
v -0.00442646 -0.04163194 0.01115416
v -0.00547222 -0.04105630 0.01116245
v -0.00651236 -0.04046538 0.01117026
v -0.00754661 -0.03985934 0.01117760
v -0.00777598 -0.04008095 0.01138680
v -0.00675132 -0.04069665 0.01138067
v -0.00572121 -0.04129774 0.01137412
v -0.00468592 -0.04188407 0.01136715
v -0.00364575 -0.04245547 0.01135973
v -0.00260098 -0.04301179 0.01135185
v -0.00155188 -0.04355286 0.01134351
v -0.00049876 -0.04407856 0.01133467
v 0.00055808 -0.04458878 0.01132532
v 0.00161834 -0.04508341 0.01131543
v 0.00268172 -0.04556234 0.01130499
v 0.00374793 -0.04602546 0.01129397
v 0.00481666 -0.04647265 0.01128236
v 0.00339725 -0.04637375 0.01153469
v 0.00234459 -0.04589615 0.01154313
v 0.00129436 -0.04540322 0.01155106
v 0.00024685 -0.04489509 0.01155850
v -0.00079763 -0.04437187 0.01156547
v -0.00183881 -0.04383367 0.01157200
v -0.00287637 -0.04328060 0.01157811
v -0.00391004 -0.04271279 0.01158382
v -0.00493952 -0.04213040 0.01158915
v -0.00596454 -0.04153359 0.01159411
v -0.00698481 -0.04092251 0.01159873
v -0.00800007 -0.04029734 0.01160301
v -0.00901002 -0.03965823 0.01160697
v -0.01001439 -0.03900535 0.01161062
v -0.01101291 -0.03833885 0.01161399
v -0.01040302 -0.03775171 0.01099639
v -0.01141875 -0.03709456 0.01100249
v -0.01242669 -0.03642260 0.01100815
v -0.01342656 -0.03573602 0.01101338
v -0.01441809 -0.03503499 0.01101820
v -0.01540099 -0.03431969 0.01102260
v -0.01637499 -0.03359031 0.01102659
v -0.01712369 -0.03253244 0.01070963
v -0.01557414 -0.03448663 0.01122093
v -0.01459727 -0.03520758 0.01121692
v -0.01361226 -0.03591479 0.01121252
v -0.01261938 -0.03660807 0.01120774
v -0.01161890 -0.03728725 0.01120255
v -0.01061111 -0.03795214 0.01119695
v -0.00937978 -0.03839386 0.01098986
v -0.00834933 -0.03902085 0.01098287
v -0.00959627 -0.03860256 0.01119093
v -0.01081440 -0.03814785 0.01140282
v -0.01181441 -0.03747536 0.01140741
v -0.01280756 -0.03678910 0.01141166
v -0.01379359 -0.03608925 0.01141556
v -0.01477220 -0.03537599 0.01141913
v -0.01574314 -0.03464951 0.01142238
v 0.00305437 -0.04671426 0.01179119
v 0.00201499 -0.04622244 0.01179610
v 0.00097765 -0.04571579 0.01180059
v -0.00005735 -0.04519443 0.01180469
v -0.00108974 -0.04465846 0.01180842
v -0.00211920 -0.04410800 0.01181180
v -0.00314547 -0.04354317 0.01181487
v -0.00416824 -0.04296409 0.01181766
v -0.00518724 -0.04237093 0.01182017
v -0.00620220 -0.04176384 0.01182242
v -0.00721283 -0.04114298 0.01182444
v -0.00821887 -0.04050852 0.01182624
v -0.00922003 -0.03986062 0.01182783
v -0.01021604 -0.03919943 0.01182924
v -0.01120663 -0.03852514 0.01183048
v -0.01200528 -0.03765891 0.01161708
v 0.00271931 -0.04704696 0.01206349
v 0.00169294 -0.04654122 0.01206391
v 0.00066822 -0.04602112 0.01206403
v -0.00035454 -0.04548678 0.01206389
v -0.00137507 -0.04493832 0.01206351
v -0.00239307 -0.04437585 0.01206292
v -0.00340827 -0.04379950 0.01206216
v -0.00442037 -0.04320938 0.01206125
v -0.00542910 -0.04260565 0.01206021
v -0.00643420 -0.04198849 0.01205905
v -0.00743538 -0.04135804 0.01205781
v -0.00843239 -0.04071447 0.01205649
v -0.00942493 -0.04005795 0.01205511
v -0.01041275 -0.03938864 0.01205370
v -0.01139557 -0.03870670 0.01205227
v -0.01219152 -0.03783789 0.01183156
v -0.01299125 -0.03696570 0.01161992
v -0.01510932 -0.03570025 0.01183403
v -0.01494289 -0.03554022 0.01162483
v -0.01590801 -0.03480830 0.01162695
v -0.03239290 -0.01860683 0.01143029
v -0.03268014 -0.01890343 0.01183594
v -0.03161535 -0.01954435 0.01143235
v -0.03189584 -0.01983316 0.01183626
v -0.03082554 -0.02047286 0.01143412
v -0.03110026 -0.02075481 0.01183652
v -0.03002369 -0.02139212 0.01143562
v -0.03029364 -0.02166816 0.01183674
v -0.02921002 -0.02230190 0.01143684
v -0.02947618 -0.02257298 0.01183691
v -0.02838475 -0.02320194 0.01143779
v -0.02864812 -0.02346902 0.01183704
v -0.02754811 -0.02409201 0.01143847
v -0.02780966 -0.02435605 0.01183713
v -0.02670033 -0.02497187 0.01143887
v -0.02696104 -0.02523383 0.01183718
v -0.02584162 -0.02584126 0.01143900
v -0.02610247 -0.02610212 0.01183720
v -0.02497222 -0.02669997 0.01143887
v -0.02523418 -0.02696068 0.01183718
v -0.02409236 -0.02754775 0.01143847
v -0.02435640 -0.02780931 0.01183713
v -0.02320229 -0.02838439 0.01143779
v -0.02346938 -0.02864776 0.01183704
v -0.02230225 -0.02920966 0.01143684
v -0.02257333 -0.02947582 0.01183691
v -0.02139248 -0.03002333 0.01143562
v -0.02166852 -0.03029328 0.01183674
v -0.02047321 -0.03082519 0.01143412
v -0.02075516 -0.03109991 0.01183652
v -0.01954470 -0.03161500 0.01143235
v -0.01983351 -0.03189548 0.01183626
v -0.01860718 -0.03239254 0.01143029
v -0.01890379 -0.03267979 0.01183594
v -0.01766091 -0.03315760 0.01142795
v -0.01796625 -0.03345260 0.01183557
v -0.01670613 -0.03390998 0.01142532
v -0.01702115 -0.03421374 0.01183514
v 0.00239206 -0.04737188 0.01235158
v 0.00137841 -0.04685249 0.01234654
v 0.00036606 -0.04631921 0.01234137
v -0.00064472 -0.04577217 0.01233609
v -0.00165364 -0.04521147 0.01233074
v -0.00266042 -0.04463723 0.01232536
v -0.00366477 -0.04404958 0.01231996
v -0.00466643 -0.04344864 0.01231459
v -0.00566511 -0.04283457 0.01230926
v -0.00666055 -0.04220753 0.01230400
v -0.00765248 -0.04156769 0.01229882
v -0.00864063 -0.04091521 0.01229375
v -0.00962474 -0.04025024 0.01228881
v -0.01060453 -0.03957297 0.01228401
v -0.01157974 -0.03888354 0.01227938
v -0.01237312 -0.03801229 0.01205085
v -0.01317044 -0.03713787 0.01183251
v -0.01397054 -0.03625941 0.01162250
v 0.00207262 -0.04768900 0.01265547
v 0.00107142 -0.04715625 0.01264401
v 0.00007115 -0.04661007 0.01263261
v -0.00092790 -0.04605057 0.01262131
v -0.00192545 -0.04547789 0.01261012
v -0.00292125 -0.04489213 0.01259910
v -0.00391499 -0.04429341 0.01258828
v -0.00490641 -0.04368188 0.01257769
v -0.00589525 -0.04305768 0.01256734
v -0.00688124 -0.04242097 0.01255727
v -0.00786411 -0.04177193 0.01254750
v -0.00884360 -0.04111072 0.01253804
v -0.00981944 -0.04043749 0.01252892
v -0.01079138 -0.03975241 0.01252017
v -0.01175913 -0.03905565 0.01251180
v -0.01255009 -0.03818212 0.01227494
v -0.01334514 -0.03730560 0.01204943
v -0.01414313 -0.03642526 0.01183332
v 0.00087290 -0.04887956 0.01402896
v 0.00059247 -0.04915771 0.01441182
v 0.00031985 -0.04942806 0.01481047
v -0.00190019 -0.05230818 0.02069945
v -0.00164249 -0.05226336 0.02027567
v -0.00137595 -0.05220586 0.01984346
v -0.00111204 -0.05213351 0.01941438
v -0.00447022 -0.04796430 0.01648516
v -0.00517172 -0.04708427 0.01595913
v -0.00497589 -0.04689427 0.01557218
v -0.00477358 -0.04669778 0.01519655
v -0.00456478 -0.04649479 0.01483225
v -0.00434950 -0.04628530 0.01447927
v -0.00412771 -0.04606933 0.01413761
v -0.00507188 -0.04541881 0.01408768
v -0.00601550 -0.04475765 0.01403949
v -0.00621916 -0.04495470 0.01436112
v -0.00528444 -0.04562512 0.01441912
v -0.00641679 -0.04514572 0.01469251
v -0.00549074 -0.04582517 0.01476109
v -0.00569078 -0.04601896 0.01511358
v -0.00588457 -0.04620649 0.01547660
v -0.00695832 -0.04408600 0.01399308
v -0.00808697 -0.04358381 0.01425168
v -0.00715342 -0.04427421 0.01430530
v -0.00826822 -0.04375797 0.01456323
v -0.00734270 -0.04445660 0.01462654
v -0.00844385 -0.04392650 0.01488310
v -0.00752616 -0.04463316 0.01495682
v -0.00995095 -0.04217395 0.01415122
v -0.00977952 -0.04200983 0.01386480
v -0.01088089 -0.04145482 0.01410444
v -0.01431135 -0.03658681 0.01204805
v -0.01351535 -0.03746889 0.01227070
v -0.01272245 -0.03834737 0.01250384
v -0.01193375 -0.03922303 0.01274953
v -0.01097330 -0.03992697 0.01276218
v -0.01000906 -0.04061968 0.01277546
v -0.00904130 -0.04130100 0.01278935
v -0.00807029 -0.04197076 0.01280382
v -0.00709629 -0.04262881 0.01281886
v -0.00611955 -0.04327497 0.01283444
v -0.00514034 -0.04390909 0.01285054
v -0.00415892 -0.04453100 0.01286712
v -0.00317556 -0.04514054 0.01288417
v -0.00219051 -0.04573758 0.01290165
v -0.00120406 -0.04632200 0.01291953
v -0.00021648 -0.04689368 0.01293776
v 0.00077196 -0.04745250 0.01295631
v 0.00176098 -0.04799834 0.01297515
v 0.00275032 -0.04853106 0.01299423
v -0.01606875 -0.03496302 0.01183463
v -0.01527151 -0.03585610 0.01204671
v -0.01447522 -0.03674404 0.01226667
v -0.01368107 -0.03762775 0.01249630
v -0.01289018 -0.03850803 0.01273755
v -0.01210362 -0.03938569 0.01299258
v -0.01115029 -0.04009665 0.01301004
v -0.01019359 -0.04079682 0.01302841
v -0.00923374 -0.04148606 0.01304768
v -0.00827103 -0.04216418 0.01306781
v -0.00730569 -0.04283104 0.01308878
v -0.00633800 -0.04348645 0.01311057
v -0.00536821 -0.04413027 0.01313314
v -0.00439657 -0.04476233 0.01315648
v -0.00342336 -0.04538247 0.01318055
v -0.00244882 -0.04599055 0.01320533
v -0.00147323 -0.04658645 0.01323076
v -0.00049686 -0.04717005 0.01325681
v 0.00048002 -0.04774124 0.01328345
v 0.00145715 -0.04829987 0.01331062
v 0.00243425 -0.04884584 0.01333830
v 0.00300365 -0.04918044 0.01337127
v -0.01667041 -0.03554102 0.01269653
v -0.01652618 -0.03540265 0.01247638
v -0.01732004 -0.03450156 0.01225607
v -0.01622535 -0.03511365 0.01204543
v -0.01542947 -0.03600775 0.01226289
v -0.01463473 -0.03689696 0.01248920
v -0.01384231 -0.03778215 0.01272624
v -0.01305329 -0.03866412 0.01297607
v -0.01226872 -0.03954362 0.01324094
v -0.01132238 -0.04026143 0.01326375
v -0.01037303 -0.04096891 0.01328779
v -0.00942092 -0.04166588 0.01331303
v -0.00846631 -0.04235218 0.01333945
v -0.00750946 -0.04302765 0.01336702
v -0.00655061 -0.04369212 0.01339571
v -0.00559002 -0.04434543 0.01342550
v -0.00462795 -0.04498741 0.01345636
v -0.00366464 -0.04561791 0.01348825
v -0.00270037 -0.04623678 0.01352115
v -0.00173539 -0.04684392 0.01355500
v -0.00076998 -0.04743919 0.01358978
v 0.00019562 -0.04802246 0.01362542
v 0.00116112 -0.04859361 0.01366189
v -0.01637783 -0.03526020 0.01225934
v -0.01558319 -0.03615521 0.01248255
v -0.01478989 -0.03704557 0.01271562
v -0.01399907 -0.03793212 0.01296051
v -0.01321179 -0.03881562 0.01321939
v -0.01242906 -0.03969680 0.01349462
v -0.01148955 -0.04042133 0.01352331
v -0.01054739 -0.04113594 0.01355358
v -0.00960285 -0.04184048 0.01358540
v -0.00865616 -0.04253477 0.01361875
v -0.00770759 -0.04321865 0.01365358
v -0.00675738 -0.04389197 0.01368988
v -0.00580578 -0.04455456 0.01372762
v -0.00485305 -0.04520624 0.01376676
v -0.00389943 -0.04584686 0.01380727
v -0.00294518 -0.04647630 0.01384912
v -0.03295212 -0.01918463 0.01225036
v -0.03320883 -0.01945042 0.01267354
v -0.03216134 -0.02010684 0.01224795
v -0.03241184 -0.02036543 0.01266744
v -0.03136024 -0.02102190 0.01224586
v -0.03160546 -0.02127414 0.01266215
v -0.03054904 -0.02192956 0.01224409
v -0.03078990 -0.02217633 0.01265766
v -0.02972796 -0.02282960 0.01224262
v -0.02996536 -0.02307177 0.01265398
v -0.02889722 -0.02372178 0.01224148
v -0.02913207 -0.02396024 0.01265112
v -0.02805704 -0.02460587 0.01224067
v -0.02829024 -0.02484149 0.01264906
v -0.02720762 -0.02548164 0.01224017
v -0.02744008 -0.02571531 0.01264783
v -0.02634920 -0.02634885 0.01224001
v -0.02658182 -0.02658147 0.01264742
v -0.02548200 -0.02720727 0.01224017
v -0.02571567 -0.02743973 0.01264783
v -0.02460623 -0.02805668 0.01224067
v -0.02484185 -0.02828988 0.01264906
v -0.02372214 -0.02889687 0.01224148
v -0.02396059 -0.02913171 0.01265112
v -0.02282996 -0.02972761 0.01224262
v -0.02307213 -0.02996500 0.01265398
v -0.02192992 -0.03054869 0.01224409
v -0.02217669 -0.03078954 0.01265766
v -0.02102225 -0.03135989 0.01224586
v -0.02127450 -0.03160510 0.01266215
v -0.02010720 -0.03216098 0.01224795
v -0.02036578 -0.03241149 0.01266744
v -0.01918498 -0.03295177 0.01225036
v -0.01945078 -0.03320847 0.01267354
v -0.01825584 -0.03373202 0.01225306
v -0.01852972 -0.03399584 0.01268042
v -0.01760284 -0.03477342 0.01268810
v -0.01694652 -0.03580549 0.01314619
v -0.01720617 -0.03605358 0.01360832
v -0.01628836 -0.03682949 0.01363327
v -0.01573268 -0.03629847 0.01270571
v -0.01587794 -0.03643753 0.01293236
v -0.01494070 -0.03718986 0.01294594
v -0.01508716 -0.03732983 0.01318015
v -0.01415136 -0.03807763 0.01319913
v -0.01429917 -0.03821869 0.01344208
v -0.01336568 -0.03896253 0.01346753
v -0.01351497 -0.03910485 0.01372048
v -0.01258465 -0.03984525 0.01375361
v -0.01273549 -0.03998896 0.01401792
v -0.01165180 -0.04057633 0.01378872
v -0.01071668 -0.04129791 0.01382580
v -0.01641673 -0.03695173 0.01387389
v -0.01823958 -0.03538319 0.01381677
v -0.01812025 -0.03526923 0.01358548
v -0.01903036 -0.03447664 0.01356477
v -0.01786957 -0.03502932 0.01313124
v -0.01878788 -0.03424406 0.01311766
v -0.00349649 -0.05242164 0.02366419
v -0.00502294 -0.04850093 0.01779720
v -0.00659725 -0.04689394 0.01703395
v -0.00642844 -0.04673148 0.01662882
v -0.00820184 -0.04528111 0.01636822
v -0.00804163 -0.04512787 0.01600182
v -0.00983311 -0.04366096 0.01578831
v -0.00968124 -0.04351637 0.01545538
v -0.01148712 -0.04203178 0.01528323
v -0.01134315 -0.04189514 0.01497890
v -0.01315956 -0.04039164 0.01484274
v -0.01302294 -0.04026216 0.01456248
v -0.01484580 -0.03873840 0.01445729
v -0.01471583 -0.03861516 0.01419697
v -0.01654089 -0.03706975 0.01411801
v -0.01458141 -0.03848746 0.01394100
v -0.01536707 -0.03759679 0.01366029
v -0.01615578 -0.03670304 0.01339614
v -0.01993626 -0.03367599 0.01354620
v -0.02083770 -0.03286744 0.01352979
v -0.02004803 -0.03378330 0.01376984
v -0.02015597 -0.03388677 0.01399568
v -0.01835490 -0.03549315 0.01405084
v -0.01846622 -0.03559910 0.01428769
v -0.01666084 -0.03718357 0.01436562
v -0.01677658 -0.03729317 0.01461673
v -0.01497131 -0.03885718 0.01472194
v -0.01509238 -0.03897149 0.01499094
v -0.01329145 -0.04051637 0.01512832
v -0.01341860 -0.04063635 0.01541922
v -0.01162604 -0.04216334 0.01559400
v -0.01175991 -0.04228983 0.01591119
v -0.00997959 -0.04380012 0.01612889
v -0.01012066 -0.04393384 0.01647714
v -0.00835625 -0.04542852 0.01674364
v -0.00850485 -0.04557008 0.01712811
v -0.00675982 -0.04705012 0.01744961
v -0.00783631 -0.04807361 0.02115408
v -0.03345024 -0.01970084 0.01310548
v -0.03367634 -0.01993590 0.01354620
v -0.03264733 -0.02060893 0.01309472
v -0.03286780 -0.02083735 0.01352979
v -0.03183591 -0.02151154 0.01308538
v -0.03205158 -0.02173413 0.01351556
v -0.03101618 -0.02240848 0.01307747
v -0.03122789 -0.02262602 0.01350351
v -0.03018835 -0.02329950 0.01307099
v -0.03039694 -0.02351279 0.01349364
v -0.02935264 -0.02418438 0.01306594
v -0.02955894 -0.02439424 0.01348595
v -0.02850926 -0.02506291 0.01306233
v -0.02871409 -0.02527013 0.01348046
v -0.02765842 -0.02593484 0.01306016
v -0.02786262 -0.02614024 0.01347716
v -0.02680032 -0.02679997 0.01305943
v -0.02700471 -0.02700435 0.01347606
v -0.02593520 -0.02765806 0.01306016
v -0.02614059 -0.02786226 0.01347716
v -0.02506326 -0.02850890 0.01306233
v -0.02527048 -0.02871374 0.01348046
v -0.02418474 -0.02935229 0.01306594
v -0.02439459 -0.02955859 0.01348595
v -0.02329986 -0.03018800 0.01307099
v -0.02351315 -0.03039659 0.01349364
v -0.02240883 -0.03101582 0.01307747
v -0.02262637 -0.03122754 0.01350351
v -0.02151190 -0.03183556 0.01308538
v -0.02173449 -0.03205123 0.01351556
v -0.02060928 -0.03264698 0.01309472
v -0.01970120 -0.03344988 0.01310548
v -0.01601897 -0.03657238 0.01316250
v -0.01522928 -0.03746547 0.01341827
v -0.01444252 -0.03835531 0.01368937
v -0.03356673 -0.01576981 0.01071439
v -0.03297740 -0.01654784 0.01071162
v -0.00820803 -0.04770944 0.02098643
v -0.00759898 -0.04832068 0.02130173
v -0.00699156 -0.04892956 0.02162485
v -0.04122363 -0.01534491 0.00090986
v -0.04121667 -0.01535187 0.00072985
v -0.05444740 -0.00212114 -0.00750000
v -0.04120277 -0.01536577 0.00055065
v -0.04118197 -0.01538657 0.00037279
v -0.04115433 -0.01541421 0.00019680
v -0.04111994 -0.01544860 0.00002321
v -0.04107889 -0.01548965 -0.00014747
v -0.04111994 -0.01544860 0.00197679
v -0.04115433 -0.01541421 0.00180320
v -0.05444740 -0.00212114 0.01000000
v -0.04118197 -0.01538657 0.00162721
v -0.04120277 -0.01536577 0.00144935
v -0.03657152 -0.01999703 0.00135988
v -0.03658887 -0.01997967 0.00153848
v -0.02000347 -0.03656507 0.00127015
v -0.03661310 -0.01995544 0.00171547
v -0.03664413 -0.01992441 0.00189033
v -0.04077885 -0.01578969 0.00293969
v -0.04085093 -0.01571761 0.00279100
v -0.04091717 -0.01565137 0.00263697
v -0.04097736 -0.01559118 0.00247805
v -0.04103132 -0.01553722 0.00231472
v -0.04107889 -0.01548965 0.00214747
v -0.03668186 -0.01988668 0.00206253
v -0.03672619 -0.01984236 0.00223156
v -0.01998957 -0.03657898 0.00144935
v -0.03683407 -0.01973447 0.00255809
v -0.00212150 -0.05444704 0.01000000
v -0.03677697 -0.01979157 0.00239691
v -0.03704142 -0.01952713 0.00301189
v -0.03712187 -0.01944668 0.00315173
v -0.03990760 -0.01666094 0.00397040
v -0.04002078 -0.01654776 0.00388746
v -0.04013059 -0.01643795 0.00379590
v -0.04023671 -0.01633184 0.00369600
v -0.04033880 -0.01622974 0.00358805
v -0.04043658 -0.01613196 0.00347238
v -0.04052974 -0.01603880 0.00334933
v -0.04121667 -0.01535187 0.00127015
v -0.04122363 -0.01534491 0.00109014
v -0.04122450 -0.01534404 0.00100000
v -0.03804986 -0.01851868 -0.00207811
v -0.03793226 -0.01863629 -0.00200856
v -0.01996876 -0.03659978 0.00037279
v -0.01986569 -0.03670285 -0.00014747
v -0.01981812 -0.03675043 -0.00031472
v -0.01940481 -0.03716373 -0.00121927
v -0.01931654 -0.03725200 -0.00134933
v -0.04061802 -0.01595053 0.00321927
v -0.04070113 -0.01586741 0.00308259
v -0.03720759 -0.01936095 -0.00128516
v -0.03712187 -0.01944668 -0.00115173
v -0.02000347 -0.03656507 0.00072985
v -0.03704142 -0.01952713 -0.00101189
v -0.03696649 -0.01960206 -0.00086604
v -0.03689730 -0.01967124 -0.00071463
v -0.03683407 -0.01973447 -0.00055809
v -0.03656108 -0.02000746 0.00081979
v -0.03657152 -0.01999703 0.00064012
v -0.03658887 -0.01997967 0.00046152
v -0.01963773 -0.03693081 -0.00079100
v -0.01956565 -0.03700289 -0.00093969
v -0.01948793 -0.03708061 -0.00108259
v -0.03720759 -0.01936095 0.00328516
v -0.03729835 -0.01927020 0.00341176
v -0.03739385 -0.01917469 0.00353116
v -0.03677697 -0.01979157 -0.00039691
v -0.03672619 -0.01984236 -0.00023156
v -0.03668186 -0.01988668 -0.00006253
v -0.03656108 -0.02000746 0.00118021
v -0.02001043 -0.03655811 0.00109014
v -0.03655760 -0.02001094 0.00100000
v -0.02001130 -0.03655724 0.00100000
v -0.02001043 -0.03655811 0.00090986
v -0.04043658 -0.01613196 -0.00147238
v -0.04033880 -0.01622974 -0.00158805
v -0.01976415 -0.03680439 -0.00047805
v -0.01970397 -0.03686458 -0.00063697
v -0.01562087 -0.04094768 0.00255809
v -0.01556377 -0.04100477 0.00239691
v -0.01551298 -0.04105556 0.00223156
v -0.03689730 -0.01967124 0.00271463
v -0.03696649 -0.01960206 0.00286604
v -0.03749383 -0.01907472 0.00364301
v -0.03759797 -0.01897057 0.00374698
v -0.03770597 -0.01886257 0.00384274
v -0.03664413 -0.01992441 0.00010967
v -0.03661310 -0.01995544 0.00028453
v -0.04103132 -0.01553722 -0.00031472
v -0.04097736 -0.01559118 -0.00047805
v -0.04091717 -0.01565137 -0.00063697
v -0.04070113 -0.01586741 -0.00108259
v -0.04061802 -0.01595053 -0.00121927
v -0.04052974 -0.01603880 -0.00134933
v -0.04023671 -0.01633184 -0.00169600
v -0.04013059 -0.01643795 -0.00179590
v -0.04002078 -0.01654776 -0.00188746
v -0.03967248 -0.01689607 -0.00210946
v -0.03955124 -0.01701730 -0.00216517
v -0.03942803 -0.01714051 -0.00221143
v -0.03930322 -0.01726532 -0.00224811
v -0.03781751 -0.01875103 -0.00193002
v -0.03770597 -0.01886257 -0.00184274
v -0.03759797 -0.01897057 -0.00174698
v -0.01994113 -0.03662742 0.00019680
v -0.01990673 -0.03666181 0.00002321
v -0.01551298 -0.04105556 -0.00023156
v -0.01546866 -0.04109988 -0.00006253
v -0.00212150 -0.05444704 -0.00750000
v -0.01543093 -0.04113762 0.00010967
v -0.01535831 -0.04121023 0.00135988
v -0.01537567 -0.04119287 0.00153848
v -0.01539990 -0.04116864 0.00171547
v -0.01931654 -0.03725200 0.00334933
v -0.01922338 -0.03734517 0.00347238
v -0.01912560 -0.03744294 0.00358805
v -0.01940481 -0.03716373 0.00321927
v -0.01948793 -0.03708061 0.00308259
v -0.01956565 -0.03700289 0.00293969
v -0.01963773 -0.03693081 0.00279100
v -0.01970397 -0.03686458 0.00263697
v -0.01976415 -0.03680439 0.00247805
v -0.01981812 -0.03675043 0.00231472
v -0.01986569 -0.03670285 0.00214747
v -0.01990673 -0.03666181 0.00197679
v -0.03781751 -0.01875103 0.00393002
v -0.03793226 -0.01863629 0.00400856
v -0.03804986 -0.01851868 0.00407811
v -0.03955124 -0.01701730 0.00416517
v -0.03967248 -0.01689607 0.00410946
v -0.03979138 -0.01677716 0.00404447
v -0.04085093 -0.01571761 -0.00079100
v -0.04077885 -0.01578969 -0.00093969
v -0.03990760 -0.01666094 -0.00197040
v -0.03979138 -0.01677716 -0.00204447
v -0.03749383 -0.01907472 -0.00164301
v -0.03739385 -0.01917469 -0.00153116
v -0.03729835 -0.01927020 -0.00141176
v -0.01998957 -0.03657898 0.00055065
v -0.01857818 -0.03799037 -0.00204447
v -0.01845927 -0.03810927 -0.00210946
v -0.01539990 -0.04116864 0.00028453
v -0.01537567 -0.04119287 0.00046152
v -0.01535831 -0.04121023 0.00064012
v -0.01543093 -0.04113762 0.00189033
v -0.01546866 -0.04109988 0.00206253
v -0.01582821 -0.04074033 0.00301189
v -0.01590866 -0.04065988 0.00315173
v -0.01618065 -0.04038790 0.00353116
v -0.01628062 -0.04028792 0.00364301
v -0.01638477 -0.04018378 0.00374698
v -0.01994113 -0.03662742 0.00180320
v -0.01996876 -0.03659978 0.00162721
v -0.03917719 -0.01739136 0.00427510
v -0.03905029 -0.01751825 0.00429231
v -0.03892292 -0.01764562 0.00429969
v -0.03917719 -0.01739136 -0.00227510
v -0.03905029 -0.01751825 -0.00229231
v -0.03892292 -0.01764562 -0.00229969
v -0.01922338 -0.03734517 -0.00147238
v -0.01912560 -0.03744294 -0.00158805
v -0.01902350 -0.03754504 -0.00169600
v -0.01869439 -0.03787415 -0.00197040
v -0.01683665 -0.03973189 -0.00207811
v -0.01671905 -0.03984949 -0.00200856
v -0.01660431 -0.03996424 -0.00193002
v -0.01649277 -0.04007577 -0.00184274
v -0.01638477 -0.04018378 -0.00174698
v -0.01628062 -0.04028792 -0.00164301
v -0.01618065 -0.04038790 -0.00153116
v -0.01568410 -0.04088444 0.00271463
v -0.01575328 -0.04081526 0.00286604
v -0.01599439 -0.04057415 0.00328516
v -0.01608514 -0.04048340 0.00341176
v -0.01649277 -0.04007577 0.00384274
v -0.01660431 -0.03996424 0.00393002
v -0.01671905 -0.03984949 0.00400856
v -0.01683665 -0.03973189 0.00407811
v -0.01695677 -0.03961177 0.00413849
v -0.01707904 -0.03948951 0.00418949
v -0.01833804 -0.03823051 0.00416517
v -0.01845927 -0.03810927 0.00410946
v -0.03816997 -0.01839857 0.00413849
v -0.03829224 -0.01827630 0.00418949
v -0.03841630 -0.01815225 0.00423098
v -0.03854177 -0.01802677 0.00426282
v -0.03866828 -0.01790026 0.00428493
v -0.03879546 -0.01777308 0.00429723
v -0.03930322 -0.01726532 0.00424811
v -0.03942803 -0.01714051 0.00421143
v -0.03879546 -0.01777308 -0.00229723
v -0.03866828 -0.01790026 -0.00228493
v -0.03854177 -0.01802677 -0.00226282
v -0.03841630 -0.01815225 -0.00223098
v -0.03829224 -0.01827630 -0.00218949
v -0.03816997 -0.01839857 -0.00213849
v -0.01608514 -0.04048340 -0.00141176
v -0.01599439 -0.04057415 -0.00128516
v -0.01590866 -0.04065988 -0.00115173
v -0.01582821 -0.04074033 -0.00101189
v -0.01575328 -0.04081526 -0.00086604
v -0.01568410 -0.04088444 -0.00071463
v -0.01534788 -0.04122067 0.00081979
v -0.01534439 -0.04122415 0.00100000
v -0.01534788 -0.04122067 0.00118021
v -0.01720309 -0.03936545 0.00423098
v -0.01732856 -0.03923998 0.00426282
v -0.01745508 -0.03911346 0.00428493
v -0.01857818 -0.03799037 0.00404447
v -0.01869439 -0.03787415 0.00397040
v -0.01880758 -0.03776096 0.00388746
v -0.01891739 -0.03765115 0.00379590
v -0.01902350 -0.03754504 0.00369600
v -0.01891739 -0.03765115 -0.00179590
v -0.01880758 -0.03776096 -0.00188746
v -0.01833804 -0.03823051 -0.00216517
v -0.01821483 -0.03835371 -0.00221143
v -0.01809002 -0.03847852 -0.00224811
v -0.01796398 -0.03860456 -0.00227510
v -0.01758225 -0.03898629 -0.00229723
v -0.01745508 -0.03911346 -0.00228493
v -0.01732856 -0.03923998 -0.00226282
v -0.01720309 -0.03936545 -0.00223098
v -0.01707904 -0.03948951 -0.00218949
v -0.01695677 -0.03961177 -0.00213849
v -0.01562087 -0.04094768 -0.00055809
v -0.01556377 -0.04100477 -0.00039691
v -0.01783709 -0.03873146 0.00429231
v -0.01796398 -0.03860456 0.00427510
v -0.01809002 -0.03847852 0.00424811
v -0.01821483 -0.03835371 0.00421143
v -0.01783709 -0.03873146 -0.00229231
v -0.01770972 -0.03885882 -0.00229969
v -0.01758225 -0.03898629 0.00429723
v -0.01770972 -0.03885882 0.00429969
v -0.01131389 -0.06363943 -0.00800000
v -0.06363979 -0.01131353 -0.00800000
v -0.00247505 -0.05480060 -0.00800000
v -0.05480095 -0.00247470 -0.00800000
v -0.01195404 -0.03082741 0.02858184
v -0.01199155 -0.03079649 0.02853389
v -0.00867445 -0.02747378 0.02852998
v -0.02154623 -0.02125742 0.06092390
v -0.02149182 -0.02129868 0.06092451
v -0.01825093 -0.01789730 0.06092336
v -0.02143974 -0.02134285 0.06092487
v -0.02139016 -0.02138980 0.06092500
v -0.01754451 -0.01860373 0.06091016
v -0.02134321 -0.02143939 0.06092487
v -0.02129904 -0.02149147 0.06092451
v -0.02125778 -0.02154588 0.06092390
v -0.02121955 -0.02160246 0.06092306
v -0.02118447 -0.02166105 0.06092200
v -0.02115264 -0.02172146 0.06092072
v -0.02112415 -0.02178353 0.06091925
v -0.02109910 -0.02184705 0.06091760
v -0.02107756 -0.02191185 0.06091579
v -0.02105959 -0.02197773 0.06091386
v -0.01895686 -0.01719137 0.06088380
v -0.02301566 -0.02126746 0.06088461
v -0.02306951 -0.02130946 0.06088406
v -0.02295961 -0.02122846 0.06088538
v -0.02290151 -0.02119258 0.06088640
v -0.02284153 -0.02115993 0.06088762
v -0.02277986 -0.02113060 0.06088905
v -0.02271668 -0.02110469 0.06089066
v -0.02265218 -0.02108226 0.06089243
v -0.02258656 -0.02106338 0.06089434
v -0.02252000 -0.02104812 0.06089638
v -0.02245270 -0.02103652 0.06089850
v -0.02238488 -0.02102861 0.06090070
v -0.02231672 -0.02102442 0.06090294
v -0.02224843 -0.02102395 0.06090520
v -0.02184741 -0.02109875 0.06091760
v -0.02178388 -0.02112380 0.06091925
v -0.02172182 -0.02115228 0.06092072
v -0.02166141 -0.02118411 0.06092200
v -0.02218022 -0.02102721 0.06090744
v -0.02211230 -0.02103420 0.06090965
v -0.02204485 -0.02104488 0.06091180
v -0.02197809 -0.02105923 0.06091386
v -0.02191221 -0.02107720 0.06091579
v -0.02160282 -0.02121919 0.06092306
v -0.02158469 -0.02123095 0.06092335
v -0.02316992 -0.02140196 0.06088368
v -0.02774917 -0.02457673 0.06079160
v -0.02321618 -0.02145218 0.06088387
v -0.02704570 -0.02528021 0.06088380
v -0.02312097 -0.02135434 0.06088374
v -0.01966034 -0.01648790 0.06079160
v -0.02333761 -0.02161693 0.06088586
v -0.02330015 -0.02155983 0.06088496
v -0.02325964 -0.02150486 0.06088430
v -0.02343052 -0.02179928 0.06088983
v -0.02340289 -0.02173683 0.06088831
v -0.02337188 -0.02167599 0.06088699
v -0.02349243 -0.02199435 0.06089535
v -0.02347536 -0.02192823 0.06089336
v -0.02345470 -0.02186314 0.06089153
v -0.02352168 -0.02219690 0.06090182
v -0.02351563 -0.02212889 0.06089960
v -0.02350587 -0.02206130 0.06089742
v -0.02337994 -0.02285634 0.06092138
v -0.02341011 -0.02279507 0.06092001
v -0.02351749 -0.02240152 0.06090855
v -0.02352261 -0.02233342 0.06090632
v -0.02352402 -0.02226515 0.06090407
v -0.02343689 -0.02273226 0.06091844
v -0.02346020 -0.02266807 0.06091672
v -0.02347996 -0.02260271 0.06091484
v -0.02349613 -0.02253636 0.06091283
v -0.02350865 -0.02246923 0.06091074
v -0.02322732 -0.02308225 0.06092473
v -0.02327005 -0.02302898 0.06092423
v -0.02633977 -0.02598614 0.06092336
v -0.02318174 -0.02313310 0.06092497
v -0.02291621 -0.02334612 0.06092255
v -0.02297382 -0.02330945 0.06092351
v -0.02563334 -0.02669256 0.06091016
v -0.02285669 -0.02337959 0.06092138
v -0.02266842 -0.02345984 0.06091672
v -0.02273261 -0.02343654 0.06091844
v -0.02279543 -0.02340976 0.06092001
v -0.02246958 -0.02350830 0.06091074
v -0.02253672 -0.02349578 0.06091283
v -0.02260306 -0.02347961 0.06091484
v -0.02302934 -0.02326969 0.06092423
v -0.02308260 -0.02322696 0.06092473
v -0.02313345 -0.02318138 0.06092497
v -0.02330981 -0.02297346 0.06092351
v -0.02331677 -0.02296305 0.06092336
v -0.02334648 -0.02291586 0.06092255
v -0.02122882 -0.02295925 0.06088538
v -0.02126781 -0.02301531 0.06088461
v -0.01683956 -0.01930867 0.06084427
v -0.02113095 -0.02277951 0.06088905
v -0.02116029 -0.02284118 0.06088762
v -0.02119294 -0.02290115 0.06088640
v -0.02106374 -0.02258620 0.06089434
v -0.02108261 -0.02265183 0.06089243
v -0.02110504 -0.02271633 0.06089066
v -0.02102897 -0.02238452 0.06090070
v -0.02103688 -0.02245235 0.06089850
v -0.02104848 -0.02251964 0.06089638
v -0.02102757 -0.02217987 0.06090744
v -0.02102430 -0.02224808 0.06090520
v -0.02102477 -0.02231637 0.06090294
v -0.02104523 -0.02204450 0.06091180
v -0.02103671 -0.02209620 0.06091016
v -0.02103455 -0.02211194 0.06090965
v -0.02130981 -0.02306915 0.06088406
v -0.02135469 -0.02312062 0.06088374
v -0.02140231 -0.02316956 0.06088368
v -0.02156018 -0.02329980 0.06088496
v -0.02150521 -0.02325928 0.06088430
v -0.02492840 -0.02739751 0.06084427
v -0.02145254 -0.02321583 0.06088387
v -0.02161728 -0.02333725 0.06088586
v -0.02167634 -0.02337153 0.06088699
v -0.02173719 -0.02340253 0.06088831
v -0.02179963 -0.02343016 0.06088983
v -0.02186350 -0.02345435 0.06089153
v -0.02192858 -0.02347500 0.06089336
v -0.02199470 -0.02349208 0.06089535
v -0.02206166 -0.02350551 0.06089742
v -0.02212924 -0.02351527 0.06089960
v -0.02219726 -0.02352133 0.06090182
v -0.02226551 -0.02352366 0.06090407
v -0.02233378 -0.02352226 0.06090632
v -0.02240187 -0.02351713 0.06090855
v -0.02245149 -0.02351103 0.06091015
v -0.01202946 -0.03213499 0.05449129
v -0.01207080 -0.03218847 0.05448151
v -0.00772287 -0.02842536 0.05399382
v -0.01191962 -0.03196838 0.05453682
v -0.01195375 -0.03202479 0.05451899
v -0.01199041 -0.03208038 0.05450380
v -0.01183336 -0.03179587 0.05460546
v -0.01185932 -0.03185376 0.05458013
v -0.01188810 -0.03191132 0.05455723
v -0.01177322 -0.03162185 0.05469506
v -0.01179023 -0.03167975 0.05466302
v -0.01181030 -0.03173781 0.05463313
v -0.01211429 -0.03224065 0.05447451
v -0.01215981 -0.03229138 0.05447029
v -0.01220721 -0.03234052 0.05446889
v -0.01581171 -0.03651420 0.05399382
v -0.01225635 -0.03238792 0.05447029
v -0.01627372 -0.03605219 0.05474969
v -0.01230708 -0.03243343 0.05447451
v -0.01235926 -0.03247693 0.05448151
v -0.01241273 -0.03251826 0.05449129
v -0.01246735 -0.03255732 0.05450380
v -0.01252294 -0.03259398 0.05451899
v -0.01257935 -0.03262811 0.05453682
v -0.01263641 -0.03265963 0.05455723
v -0.01269397 -0.03268841 0.05458013
v -0.01275186 -0.03271437 0.05460546
v -0.01280992 -0.03273742 0.05463313
v -0.01286798 -0.03275749 0.05466302
v -0.01292588 -0.03277451 0.05469506
v -0.01298345 -0.03278841 0.05472912
v -0.01301615 -0.03279493 0.05474945
v -0.01197247 -0.03081162 0.05544218
v -0.01193628 -0.03084385 0.05539406
v -0.00867445 -0.02747378 0.05547003
v -0.01190283 -0.03087861 0.05534574
v -0.00818488 -0.02796335 0.05474969
v -0.01187222 -0.03091582 0.05529735
v -0.01184453 -0.03095535 0.05524903
v -0.01181984 -0.03099710 0.05520096
v -0.01179823 -0.03104093 0.05515325
v -0.01177976 -0.03108673 0.05510608
v -0.01176446 -0.03113436 0.05505957
v -0.01175240 -0.03118369 0.05501389
v -0.01174358 -0.03123457 0.05496917
v -0.01173804 -0.03128687 0.05492557
v -0.01173578 -0.03134043 0.05488323
v -0.01173679 -0.03139511 0.05484227
v -0.01174107 -0.03145075 0.05480285
v -0.01174859 -0.03150719 0.05476509
v -0.01175280 -0.03153158 0.05474945
v -0.01175933 -0.03156428 0.05472912
v -0.01299097 -0.03076498 0.05614891
v -0.01293135 -0.03073948 0.05612744
v -0.00919022 -0.02695801 0.05615282
v -0.01287135 -0.03071696 0.05610377
v -0.01281116 -0.03069750 0.05607795
v -0.01214225 -0.03070994 0.05562973
v -0.01209630 -0.03073111 0.05558385
v -0.01275098 -0.03068113 0.05605006
v -0.01269099 -0.03066790 0.05602015
v -0.01263139 -0.03065784 0.05598830
v -0.01229213 -0.03066439 0.05576151
v -0.01224032 -0.03067652 0.05571869
v -0.01219031 -0.03069172 0.05567472
v -0.01257235 -0.03065096 0.05595461
v -0.01251407 -0.03064727 0.05591915
v -0.01245673 -0.03064679 0.05588200
v -0.01240051 -0.03064949 0.05584328
v -0.01234559 -0.03065537 0.05580308
v -0.01205260 -0.03075516 0.05553721
v -0.01201128 -0.03078203 0.05548994
v -0.01199477 -0.03079405 0.05547006
v -0.01361306 -0.03127066 0.05622160
v -0.01357136 -0.03121708 0.05622897
v -0.01781959 -0.03450631 0.05679616
v -0.01372305 -0.03143937 0.05618504
v -0.01368901 -0.03138197 0.05619961
v -0.01365232 -0.03132568 0.05621181
v -0.01352733 -0.03116512 0.05623389
v -0.01348110 -0.03111492 0.05623635
v -0.01343282 -0.03106663 0.05623635
v -0.00973076 -0.02641748 0.05679616
v -0.01338261 -0.03102040 0.05623389
v -0.01333065 -0.03097637 0.05622897
v -0.01327707 -0.03093467 0.05622160
v -0.01322205 -0.03089541 0.05621181
v -0.01316576 -0.03085872 0.05619961
v -0.01310836 -0.03082468 0.05618504
v -0.01305004 -0.03079341 0.05616813
v -0.01300303 -0.03077053 0.05615300
v -0.01383077 -0.03167638 0.05610377
v -0.01380825 -0.03161638 0.05612744
v -0.01727906 -0.03504685 0.05615282
v -0.01387983 -0.03185674 0.05602015
v -0.01386660 -0.03179675 0.05605006
v -0.01385023 -0.03173657 0.05607795
v -0.01379257 -0.03249513 0.05553721
v -0.01381663 -0.03245143 0.05558385
v -0.01383779 -0.03240548 0.05562973
v -0.01385601 -0.03235742 0.05567472
v -0.01390045 -0.03203366 0.05591915
v -0.01389677 -0.03197538 0.05595461
v -0.01388989 -0.03191634 0.05598830
v -0.01387120 -0.03230741 0.05571869
v -0.01388334 -0.03225559 0.05576151
v -0.01389236 -0.03220214 0.05580308
v -0.01389823 -0.03214722 0.05584328
v -0.01390094 -0.03209100 0.05588200
v -0.01378275 -0.03155675 0.05614891
v -0.01377720 -0.03154470 0.05615300
v -0.01375432 -0.03149769 0.05616813
v -0.01350680 -0.03274950 0.05515325
v -0.01355063 -0.03272789 0.05520096
v -0.01346100 -0.03276797 0.05510608
v -0.01331316 -0.03280415 0.05496917
v -0.01336404 -0.03279533 0.05501389
v -0.01341337 -0.03278327 0.05505957
v -0.01304054 -0.03279914 0.05476509
v -0.01309698 -0.03280666 0.05480285
v -0.01315262 -0.03281094 0.05484227
v -0.01320730 -0.03281195 0.05488323
v -0.01326086 -0.03280969 0.05492557
v -0.01359238 -0.03270320 0.05524903
v -0.01363191 -0.03267551 0.05529735
v -0.01676329 -0.03556262 0.05547003
v -0.01366912 -0.03264490 0.05534574
v -0.01370388 -0.03261145 0.05539406
v -0.01373611 -0.03257526 0.05544218
v -0.01375368 -0.03255296 0.05547006
v -0.01376570 -0.03253645 0.05548994
v -0.00804306 -0.03480245 0.04233725
v -0.00803056 -0.03479145 0.04227101
v -0.00471095 -0.03143729 0.04299877
v -0.00834211 -0.03507138 0.04295877
v -0.00830435 -0.03503679 0.04291355
v -0.00826838 -0.03500400 0.04286559
v -0.00809649 -0.03484966 0.04252913
v -0.00807609 -0.03483159 0.04246650
v -0.00805826 -0.03481584 0.04240247
v -0.00823432 -0.03497312 0.04281505
v -0.00820228 -0.03494421 0.04276208
v -0.00817238 -0.03491735 0.04270683
v -0.00814472 -0.03489259 0.04264948
v -0.00811940 -0.03487002 0.04259019
v -0.00800957 -0.03477303 0.04206826
v -0.00469230 -0.03145594 0.04200000
v -0.00801378 -0.03477672 0.04213632
v -0.00802079 -0.03478287 0.04220397
v -0.00898145 -0.03568691 0.04324709
v -0.00893334 -0.03563854 0.04324989
v -0.01285568 -0.03947023 0.04399476
v -0.00912312 -0.03583141 0.04321645
v -0.00907648 -0.03578350 0.04323035
v -0.00902921 -0.03573528 0.04324057
v -0.00925795 -0.03597185 0.04315321
v -0.00921398 -0.03592574 0.04317783
v -0.00916900 -0.03587887 0.04319893
v -0.00938254 -0.03610424 0.04305905
v -0.00934234 -0.03606124 0.04309373
v -0.00930078 -0.03601707 0.04312515
v -0.00888501 -0.03559030 0.04324895
v -0.00476684 -0.03138139 0.04399476
v -0.00883662 -0.03554234 0.04324429
v -0.00878831 -0.03549481 0.04323592
v -0.00874023 -0.03544784 0.04322385
v -0.00869252 -0.03540156 0.04320814
v -0.00864534 -0.03535612 0.04318882
v -0.00859883 -0.03531163 0.04316595
v -0.00855315 -0.03526822 0.04313960
v -0.00850843 -0.03522601 0.04310986
v -0.00846483 -0.03518511 0.04307680
v -0.00842248 -0.03514564 0.04304052
v -0.00838153 -0.03510769 0.04300114
v -0.01278113 -0.03954477 0.04200000
v -0.00977593 -0.03653957 0.04200000
v -0.00977562 -0.03653921 0.04203414
v -0.01278846 -0.03953744 0.04262006
v -0.00977316 -0.03653640 0.04210233
v -0.00976824 -0.03653079 0.04217021
v -0.01279978 -0.03952612 0.04299877
v -0.00976087 -0.03652240 0.04223758
v -0.00975108 -0.03651126 0.04230424
v -0.00973888 -0.03649740 0.04237000
v -0.00972430 -0.03648088 0.04243465
v -0.00958931 -0.03632969 0.04278886
v -0.00955941 -0.03629663 0.04284063
v -0.00952757 -0.03626160 0.04288990
v -0.00949387 -0.03622472 0.04293651
v -0.00970739 -0.03646176 0.04249800
v -0.00968817 -0.03644009 0.04255987
v -0.00966670 -0.03641597 0.04262006
v -0.00964303 -0.03638946 0.04267841
v -0.00961721 -0.03636067 0.04273473
v -0.00945841 -0.03618611 0.04298032
v -0.00944185 -0.03616816 0.04299914
v -0.00942126 -0.03614591 0.04302121
v -0.00945841 -0.03618611 0.04101968
v -0.00949387 -0.03622472 0.04106349
v -0.01279978 -0.03952612 0.04100123
v -0.00952757 -0.03626160 0.04111010
v -0.00968817 -0.03644009 0.04144013
v -0.00970739 -0.03646176 0.04150200
v -0.00972430 -0.03648088 0.04156535
v -0.00973888 -0.03649740 0.04163000
v -0.00955941 -0.03629663 0.04115937
v -0.00958931 -0.03632969 0.04121114
v -0.00961721 -0.03636067 0.04126527
v -0.00964303 -0.03638946 0.04132159
v -0.00966670 -0.03641597 0.04137993
v -0.00975108 -0.03651126 0.04169576
v -0.00976087 -0.03652240 0.04176242
v -0.01278833 -0.03953758 0.04137959
v -0.00976824 -0.03653079 0.04182979
v -0.00977316 -0.03653640 0.04189767
v -0.00977562 -0.03653921 0.04196585
v -0.00874023 -0.03544784 0.04077615
v -0.00878831 -0.03549481 0.04076408
v -0.00476684 -0.03138139 0.04000524
v -0.00859883 -0.03531163 0.04083405
v -0.00864534 -0.03535612 0.04081118
v -0.00869252 -0.03540156 0.04079186
v -0.00846483 -0.03518511 0.04092321
v -0.00850843 -0.03522601 0.04089014
v -0.00855315 -0.03526822 0.04086039
v -0.00883662 -0.03554234 0.04075571
v -0.00888501 -0.03559030 0.04075105
v -0.00893334 -0.03563854 0.04075012
v -0.00898145 -0.03568691 0.04075291
v -0.01285568 -0.03947023 0.04000524
v -0.00902921 -0.03573528 0.04075943
v -0.00907648 -0.03578350 0.04076966
v -0.00912312 -0.03583141 0.04078355
v -0.00916900 -0.03587887 0.04080107
v -0.00921398 -0.03592574 0.04082217
v -0.00925795 -0.03597185 0.04084679
v -0.00930078 -0.03601707 0.04087485
v -0.00934234 -0.03606124 0.04090627
v -0.00938254 -0.03610424 0.04094094
v -0.00942126 -0.03614591 0.04097879
v -0.00944185 -0.03616816 0.04100085
v -0.00800816 -0.03477180 0.04200000
v -0.00800957 -0.03477303 0.04193174
v -0.00471095 -0.03143729 0.04100123
v -0.00801378 -0.03477672 0.04186368
v -0.00802079 -0.03478287 0.04179603
v -0.00830435 -0.03503679 0.04108646
v -0.00834211 -0.03507138 0.04104123
v -0.00838153 -0.03510769 0.04099886
v -0.00842248 -0.03514564 0.04095948
v -0.00803056 -0.03479145 0.04172898
v -0.00804306 -0.03480245 0.04166275
v -0.00805826 -0.03481584 0.04159753
v -0.00820228 -0.03494421 0.04123792
v -0.00823432 -0.03497312 0.04118495
v -0.00826838 -0.03500400 0.04113441
v -0.00807609 -0.03483159 0.04153350
v -0.00809649 -0.03484966 0.04147087
v -0.00811940 -0.03487002 0.04140981
v -0.00814472 -0.03489259 0.04135052
v -0.00817238 -0.03491735 0.04129316
v -0.01324973 -0.03091473 0.02778299
v -0.01330405 -0.03095522 0.02777441
v -0.00973076 -0.02641748 0.02720384
v -0.01307930 -0.03080870 0.02782313
v -0.01313719 -0.03084136 0.02780738
v -0.01319405 -0.03087674 0.02779399
v -0.01335684 -0.03099810 0.02776827
v -0.01340794 -0.03104325 0.02776458
v -0.01345721 -0.03109052 0.02776334
v -0.01781959 -0.03450631 0.02720384
v -0.01350448 -0.03113979 0.02776458
v -0.01727906 -0.03504685 0.02784718
v -0.01354963 -0.03119089 0.02776827
v -0.01359251 -0.03124368 0.02777441
v -0.01363300 -0.03129800 0.02778299
v -0.01367099 -0.03135368 0.02779399
v -0.01370637 -0.03141054 0.02780738
v -0.01373903 -0.03146843 0.02782313
v -0.01376890 -0.03152714 0.02784120
v -0.01377714 -0.03154456 0.02784695
v -0.00919022 -0.02695801 0.02784718
v -0.01203163 -0.03076825 0.02848635
v -0.01207416 -0.03074278 0.02843938
v -0.01272095 -0.03067412 0.02796465
v -0.01278106 -0.03068892 0.02793574
v -0.01284127 -0.03070685 0.02790887
v -0.01290138 -0.03072784 0.02788412
v -0.01211900 -0.03072016 0.02839310
v -0.01216603 -0.03070046 0.02834766
v -0.01221508 -0.03068374 0.02830317
v -0.01254310 -0.03064871 0.02806291
v -0.01260178 -0.03065400 0.02802831
v -0.01266113 -0.03066247 0.02799553
v -0.01226601 -0.03067007 0.02825975
v -0.01231866 -0.03065949 0.02821754
v -0.01237287 -0.03065204 0.02817664
v -0.01242847 -0.03064774 0.02813717
v -0.01248527 -0.03064663 0.02809922
v -0.01296122 -0.03075186 0.02786155
v -0.01300317 -0.03077059 0.02784695
v -0.01302059 -0.03077883 0.02784120
v -0.01180865 -0.03101876 0.02882295
v -0.01183180 -0.03097596 0.02877504
v -0.00818488 -0.02796335 0.02925031
v -0.01178860 -0.03106359 0.02887041
v -0.01174758 -0.03120894 0.02900860
v -0.01175803 -0.03115882 0.02896338
v -0.01177171 -0.03111032 0.02891727
v -0.01174443 -0.03147888 0.02921624
v -0.01173853 -0.03142282 0.02917764
v -0.01173588 -0.03136764 0.02913743
v -0.01173650 -0.03131350 0.02909577
v -0.01174040 -0.03126055 0.02905278
v -0.01185800 -0.03093530 0.02872683
v -0.01188716 -0.03089692 0.02867846
v -0.01191921 -0.03086092 0.02863008
v -0.01238585 -0.03249787 0.02951394
v -0.01233300 -0.03245544 0.02952234
v -0.01581171 -0.03651420 0.03000618
v -0.01255105 -0.03261137 0.02947242
v -0.01249503 -0.03257596 0.02948894
v -0.01243991 -0.03253808 0.02950280
v -0.01272288 -0.03270175 0.02940750
v -0.01266514 -0.03267436 0.02943163
v -0.01260781 -0.03264420 0.02945329
v -0.01289696 -0.03276639 0.02932122
v -0.01283896 -0.03274784 0.02935220
v -0.01278088 -0.03272627 0.02938099
v -0.01228152 -0.03241092 0.02952795
v -0.01223157 -0.03236445 0.02953076
v -0.01218328 -0.03231616 0.02953076
v -0.00772287 -0.02842536 0.03000618
v -0.01213681 -0.03226621 0.02952795
v -0.01209229 -0.03221473 0.02952234
v -0.01204986 -0.03216189 0.02951394
v -0.01200964 -0.03210782 0.02950280
v -0.01197177 -0.03205270 0.02948894
v -0.01193636 -0.03199668 0.02947242
v -0.01190352 -0.03193992 0.02945329
v -0.01187337 -0.03188259 0.02943163
v -0.01184598 -0.03182484 0.02940750
v -0.01182146 -0.03176685 0.02938099
v -0.01179989 -0.03170877 0.02935220
v -0.01178134 -0.03165077 0.02932122
v -0.01176588 -0.03159301 0.02928815
v -0.01175356 -0.03153566 0.02925313
v -0.01676329 -0.03556262 0.02852998
v -0.01372032 -0.03259369 0.02858184
v -0.01368681 -0.03262852 0.02863008
v -0.01627372 -0.03605219 0.02925031
v -0.01365081 -0.03266057 0.02867846
v -0.01361243 -0.03268973 0.02872683
v -0.01357177 -0.03271593 0.02877504
v -0.01352897 -0.03273908 0.02882295
v -0.01348414 -0.03275913 0.02887041
v -0.01343741 -0.03277602 0.02891727
v -0.01312491 -0.03280920 0.02917764
v -0.01306885 -0.03280330 0.02921624
v -0.01301207 -0.03279417 0.02925313
v -0.01295472 -0.03278185 0.02928815
v -0.01338891 -0.03278970 0.02896338
v -0.01333879 -0.03280014 0.02900860
v -0.01328718 -0.03280733 0.02905278
v -0.01323423 -0.03281123 0.02909577
v -0.01318009 -0.03281185 0.02913743
v -0.01379587 -0.03158651 0.02786155
v -0.01381989 -0.03164634 0.02788412
v -0.01384088 -0.03170646 0.02790887
v -0.01384727 -0.03238170 0.02834766
v -0.01382757 -0.03242873 0.02839310
v -0.01385880 -0.03176667 0.02793574
v -0.01387361 -0.03182678 0.02796465
v -0.01388526 -0.03188660 0.02799553
v -0.01388824 -0.03222907 0.02821754
v -0.01387766 -0.03228172 0.02825975
v -0.01386399 -0.03233265 0.02830317
v -0.01389373 -0.03194594 0.02802831
v -0.01389902 -0.03200463 0.02806291
v -0.01390110 -0.03206246 0.02809922
v -0.01389999 -0.03211926 0.02813717
v -0.01389569 -0.03217486 0.02817664
v -0.01380495 -0.03247357 0.02843938
v -0.01377948 -0.03251610 0.02848635
v -0.01375124 -0.03255618 0.02853389
v -0.02329031 -0.02300150 0.02307610
v -0.02324905 -0.02305591 0.02307549
v -0.02633977 -0.02598614 0.02307665
v -0.02320487 -0.02310798 0.02307512
v -0.02315793 -0.02315757 0.02307500
v -0.02563334 -0.02669256 0.02308984
v -0.02310834 -0.02320452 0.02307512
v -0.02305626 -0.02324869 0.02307549
v -0.02300185 -0.02328995 0.02307610
v -0.02294527 -0.02332818 0.02307694
v -0.02288668 -0.02336326 0.02307800
v -0.02282626 -0.02339509 0.02307928
v -0.02276420 -0.02342358 0.02308075
v -0.02270068 -0.02344863 0.02308240
v -0.02263588 -0.02347017 0.02308420
v -0.02257000 -0.02348814 0.02308615
v -0.02774917 -0.02457673 0.02320839
v -0.02319339 -0.02142676 0.02311626
v -0.02704570 -0.02528021 0.02311621
v -0.02323827 -0.02147823 0.02311595
v -0.02328027 -0.02153207 0.02311540
v -0.02331927 -0.02158812 0.02311461
v -0.02335515 -0.02164622 0.02311360
v -0.02338780 -0.02170620 0.02311238
v -0.02341713 -0.02176787 0.02311095
v -0.02344304 -0.02183105 0.02310934
v -0.02346547 -0.02189554 0.02310757
v -0.02348434 -0.02196117 0.02310566
v -0.02349961 -0.02202773 0.02310363
v -0.02351121 -0.02209502 0.02310150
v -0.02351912 -0.02216285 0.02309930
v -0.02352331 -0.02223101 0.02309706
v -0.02352378 -0.02229930 0.02309481
v -0.02344898 -0.02270032 0.02308240
v -0.02342393 -0.02276385 0.02308075
v -0.02339545 -0.02282591 0.02307928
v -0.02336362 -0.02288632 0.02307800
v -0.02352052 -0.02236750 0.02309256
v -0.02351353 -0.02243543 0.02309035
v -0.02350285 -0.02250288 0.02308821
v -0.02348850 -0.02256964 0.02308615
v -0.02347053 -0.02263552 0.02308420
v -0.02332854 -0.02294491 0.02307694
v -0.02331677 -0.02296304 0.02307665
v -0.02314577 -0.02137781 0.02311632
v -0.01966034 -0.01648790 0.02320839
v -0.02309555 -0.02133155 0.02311613
v -0.01895686 -0.01719137 0.02311621
v -0.02293080 -0.02121012 0.02311414
v -0.02298790 -0.02124758 0.02311504
v -0.02304287 -0.02128809 0.02311571
v -0.02274845 -0.02111721 0.02311017
v -0.02281090 -0.02114484 0.02311169
v -0.02287174 -0.02117584 0.02311302
v -0.02255338 -0.02105530 0.02310466
v -0.02261950 -0.02107237 0.02310663
v -0.02268459 -0.02109303 0.02310848
v -0.02235083 -0.02102605 0.02309818
v -0.02241885 -0.02103210 0.02310041
v -0.02248643 -0.02104186 0.02310257
v -0.02169139 -0.02116779 0.02307862
v -0.02175266 -0.02113762 0.02307999
v -0.02214621 -0.02103024 0.02309145
v -0.02221431 -0.02102512 0.02309368
v -0.02228258 -0.02102372 0.02309594
v -0.02181548 -0.02111084 0.02308155
v -0.02187966 -0.02108753 0.02308328
v -0.02194502 -0.02106777 0.02308516
v -0.02201137 -0.02105160 0.02308716
v -0.02207850 -0.02103908 0.02308927
v -0.02146548 -0.02132041 0.02307528
v -0.02151875 -0.02127768 0.02307577
v -0.01825093 -0.01789730 0.02307665
v -0.02141463 -0.02136599 0.02307503
v -0.02120161 -0.02163152 0.02307745
v -0.02123828 -0.02157391 0.02307649
v -0.01754451 -0.01860373 0.02308984
v -0.02116814 -0.02169104 0.02307862
v -0.02108789 -0.02187931 0.02308328
v -0.02111120 -0.02181512 0.02308155
v -0.02113797 -0.02175230 0.02307999
v -0.02103943 -0.02207815 0.02308927
v -0.02105195 -0.02201101 0.02308716
v -0.02106812 -0.02194467 0.02308516
v -0.02127804 -0.02151839 0.02307577
v -0.02132077 -0.02146513 0.02307528
v -0.02136634 -0.02141428 0.02307503
v -0.02157427 -0.02123792 0.02307649
v -0.02158468 -0.02123096 0.02307665
v -0.02163187 -0.02120125 0.02307745
v -0.02158848 -0.02331891 0.02311461
v -0.02153242 -0.02327992 0.02311540
v -0.02492840 -0.02739751 0.02315573
v -0.02176822 -0.02341677 0.02311095
v -0.02170656 -0.02338745 0.02311238
v -0.02164658 -0.02335479 0.02311360
v -0.02196153 -0.02348399 0.02310566
v -0.02189590 -0.02346512 0.02310757
v -0.02183140 -0.02344269 0.02310934
v -0.02216321 -0.02351876 0.02309930
v -0.02209538 -0.02351085 0.02310150
v -0.02202809 -0.02349925 0.02310363
v -0.02236786 -0.02352016 0.02309256
v -0.02229965 -0.02352343 0.02309481
v -0.02223137 -0.02352296 0.02309706
v -0.02250324 -0.02350250 0.02308821
v -0.02245153 -0.02351102 0.02308984
v -0.02243579 -0.02351318 0.02309035
v -0.02147858 -0.02323792 0.02311595
v -0.02142711 -0.02319304 0.02311626
v -0.02137817 -0.02314542 0.02311632
v -0.01683956 -0.01930867 0.02315573
v -0.02133190 -0.02309519 0.02311613
v -0.02128845 -0.02304252 0.02311571
v -0.02124793 -0.02298755 0.02311504
v -0.02121048 -0.02293045 0.02311414
v -0.02117620 -0.02287139 0.02311302
v -0.02114520 -0.02281054 0.02311169
v -0.02111757 -0.02274810 0.02311017
v -0.02109338 -0.02268423 0.02310848
v -0.02107273 -0.02261915 0.02310663
v -0.02105565 -0.02255303 0.02310466
v -0.02104222 -0.02248608 0.02310257
v -0.02103246 -0.02241849 0.02310041
v -0.02102640 -0.02235047 0.02309818
v -0.02102407 -0.02228222 0.02309594
v -0.02102547 -0.02221395 0.02309368
v -0.02103060 -0.02214586 0.02309145
v -0.02103670 -0.02209624 0.02308985
v -0.03213535 -0.01202911 0.02950871
v -0.03218883 -0.01207045 0.02951848
v -0.02819824 -0.00794999 0.02962393
v -0.03196874 -0.01191926 0.02946318
v -0.03202515 -0.01195340 0.02948101
v -0.03208074 -0.01199005 0.02949620
v -0.03179622 -0.01183300 0.02939454
v -0.03185411 -0.01185897 0.02941987
v -0.03191167 -0.01188775 0.02944277
v -0.03162221 -0.01177287 0.02930494
v -0.03168011 -0.01178988 0.02933698
v -0.03173817 -0.01180995 0.02936688
v -0.03145110 -0.01174072 0.02919715
v -0.03150754 -0.01174824 0.02923491
v -0.03156463 -0.01175897 0.02927088
v -0.03113471 -0.01176411 0.02894043
v -0.03118404 -0.01175204 0.02898611
v -0.03123493 -0.01174323 0.02903083
v -0.03128722 -0.01173769 0.02907443
v -0.03134078 -0.01173543 0.02911677
v -0.03139546 -0.01173644 0.02915773
v -0.03224100 -0.01211394 0.02952549
v -0.03229174 -0.01215945 0.02952971
v -0.03234088 -0.01220685 0.02953111
v -0.03238828 -0.01225599 0.02952971
v -0.03243379 -0.01230673 0.02952549
v -0.03628708 -0.01603883 0.02962393
v -0.03247728 -0.01235891 0.02951848
v -0.03581112 -0.01651478 0.02888557
v -0.03251862 -0.01241238 0.02950871
v -0.03255768 -0.01246699 0.02949620
v -0.03259433 -0.01252258 0.02948101
v -0.03262847 -0.01257899 0.02946318
v -0.03265998 -0.01263606 0.02944277
v -0.03268876 -0.01269362 0.02941987
v -0.03271473 -0.01275151 0.02939454
v -0.03273778 -0.01280956 0.02936688
v -0.03275785 -0.01286762 0.02933698
v -0.03277486 -0.01292552 0.02930494
v -0.03278876 -0.01298310 0.02927088
v -0.03279949 -0.01304019 0.02923491
v -0.03279569 -0.01336369 0.02898611
v -0.03278362 -0.01341302 0.02894043
v -0.03280701 -0.01309663 0.02919715
v -0.03281129 -0.01315227 0.02915773
v -0.03281230 -0.01320694 0.02911677
v -0.03281004 -0.01326051 0.02907443
v -0.03280450 -0.01331280 0.02903083
v -0.03087897 -0.01190248 0.02865426
v -0.03091617 -0.01187186 0.02870265
v -0.02772228 -0.00842595 0.02888557
v -0.03095571 -0.01184417 0.02875096
v -0.03099745 -0.01181949 0.02879904
v -0.03069208 -0.01218995 0.02832528
v -0.03071029 -0.01214190 0.02837027
v -0.02721944 -0.00892880 0.02818377
v -0.03073146 -0.01209595 0.02841615
v -0.03075551 -0.01205224 0.02846279
v -0.03065573 -0.01234523 0.02819692
v -0.03066475 -0.01229178 0.02823849
v -0.03067688 -0.01223997 0.02828132
v -0.03078238 -0.01201093 0.02851006
v -0.03081197 -0.01197211 0.02855782
v -0.03084420 -0.01193593 0.02860593
v -0.03104129 -0.01179787 0.02884675
v -0.03107885 -0.01178244 0.02888563
v -0.03108709 -0.01177940 0.02889392
v -0.03138233 -0.01368866 0.02780039
v -0.03132603 -0.01365196 0.02778819
v -0.03477994 -0.01754597 0.02752047
v -0.03127101 -0.01361271 0.02777840
v -0.03121744 -0.01357100 0.02777103
v -0.03155711 -0.01378239 0.02785109
v -0.03149804 -0.01375397 0.02783187
v -0.03143972 -0.01372269 0.02781496
v -0.03173692 -0.01384988 0.02792205
v -0.03167674 -0.01383041 0.02789623
v -0.03161674 -0.01380790 0.02787256
v -0.03191670 -0.01388954 0.02801169
v -0.03185709 -0.01387948 0.02797985
v -0.03179710 -0.01386624 0.02794994
v -0.03209136 -0.01390058 0.02811800
v -0.03203401 -0.01390010 0.02808086
v -0.03197574 -0.01389642 0.02804539
v -0.03116547 -0.01352697 0.02776611
v -0.03111527 -0.01348074 0.02776365
v -0.03106699 -0.01343246 0.02776365
v -0.03102076 -0.01338226 0.02776611
v -0.02669110 -0.00945713 0.02752047
v -0.03097673 -0.01333029 0.02777103
v -0.03093502 -0.01327672 0.02777840
v -0.03089577 -0.01322170 0.02778819
v -0.03085907 -0.01316540 0.02780039
v -0.03082504 -0.01310801 0.02781496
v -0.03079376 -0.01304968 0.02783187
v -0.03076534 -0.01299062 0.02785109
v -0.03073983 -0.01293099 0.02787256
v -0.03071732 -0.01287099 0.02789623
v -0.03069785 -0.01281081 0.02792205
v -0.03068149 -0.01275063 0.02794994
v -0.03066825 -0.01269064 0.02797985
v -0.03065819 -0.01263103 0.02801169
v -0.03065131 -0.01257199 0.02804539
v -0.03064763 -0.01251371 0.02808086
v -0.03064715 -0.01245637 0.02811800
v -0.03064985 -0.01240015 0.02815672
v -0.03065346 -0.01236303 0.02818362
v -0.03276833 -0.01346064 0.02889392
v -0.03276529 -0.01346888 0.02888563
v -0.03274986 -0.01350644 0.02884675
v -0.03272824 -0.01355028 0.02879904
v -0.03270356 -0.01359202 0.02875096
v -0.03267587 -0.01363156 0.02870265
v -0.03264525 -0.01366876 0.02865426
v -0.03261180 -0.01370353 0.02860593
v -0.03530827 -0.01701763 0.02818377
v -0.03257562 -0.01373576 0.02855782
v -0.03253680 -0.01376535 0.02851006
v -0.03249548 -0.01379222 0.02846279
v -0.03245179 -0.01381627 0.02841615
v -0.03240583 -0.01383744 0.02837027
v -0.03235778 -0.01385565 0.02832528
v -0.03230776 -0.01387085 0.02828132
v -0.03225595 -0.01388298 0.02823849
v -0.03220250 -0.01389200 0.02819692
v -0.03218470 -0.01389427 0.02818362
v -0.03214758 -0.01389788 0.02815672
v -0.03647200 -0.00971578 0.04246650
v -0.03648982 -0.00973153 0.04240247
v -0.03954046 -0.01278544 0.04249956
v -0.03650502 -0.00974492 0.04233725
v -0.03651753 -0.00975592 0.04227101
v -0.03652730 -0.00976450 0.04220397
v -0.03653430 -0.00977065 0.04213632
v -0.03653852 -0.00977434 0.04206826
v -0.03653992 -0.00977558 0.04200000
v -0.03954046 -0.01278544 0.04150044
v -0.03653852 -0.00977434 0.04193174
v -0.03653430 -0.00977065 0.04186368
v -0.03652730 -0.00976450 0.04179603
v -0.03651753 -0.00975592 0.04172898
v -0.03650502 -0.00974492 0.04166275
v -0.03648982 -0.00973153 0.04159753
v -0.03556663 -0.00886046 0.04324709
v -0.03561475 -0.00890884 0.04324989
v -0.03141434 -0.00473389 0.04349729
v -0.03542496 -0.00871596 0.04321645
v -0.03547160 -0.00876387 0.04323035
v -0.03551887 -0.00881209 0.04324057
v -0.03529014 -0.00857553 0.04315321
v -0.03533410 -0.00862164 0.04317783
v -0.03537909 -0.00866850 0.04319893
v -0.03516554 -0.00844314 0.04305905
v -0.03520574 -0.00848613 0.04309373
v -0.03524731 -0.00853031 0.04312515
v -0.03505422 -0.00832266 0.04293651
v -0.03508968 -0.00836127 0.04298032
v -0.03512682 -0.00840147 0.04302121
v -0.03495877 -0.00821768 0.04278886
v -0.03498868 -0.00825074 0.04284063
v -0.03502052 -0.00828578 0.04288990
v -0.03488138 -0.00813141 0.04262006
v -0.03490506 -0.00815791 0.04267841
v -0.03493087 -0.00818670 0.04273473
v -0.03950318 -0.01282273 0.04349729
v -0.03566308 -0.00895707 0.04324895
v -0.03571147 -0.00900503 0.04324429
v -0.03953793 -0.01278797 0.04262040
v -0.03575978 -0.00905256 0.04323592
v -0.03580786 -0.00909953 0.04322385
v -0.03585556 -0.00914581 0.04320814
v -0.03590275 -0.00919126 0.04318882
v -0.03594925 -0.00923574 0.04316595
v -0.03599493 -0.00927916 0.04313960
v -0.03603965 -0.00932137 0.04310986
v -0.03608325 -0.00936226 0.04307680
v -0.03612560 -0.00940174 0.04304052
v -0.03616655 -0.00943968 0.04300114
v -0.03620597 -0.00947600 0.04295877
v -0.03624374 -0.00951059 0.04291355
v -0.03627971 -0.00954337 0.04286559
v -0.03631377 -0.00957425 0.04281505
v -0.03634580 -0.00960316 0.04276208
v -0.03637570 -0.00963003 0.04270683
v -0.03640336 -0.00965478 0.04264948
v -0.03642869 -0.00967736 0.04259019
v -0.03645160 -0.00969771 0.04252913
v -0.03646154 -0.00970653 0.04249974
v -0.03479701 -0.00803612 0.04230424
v -0.03480921 -0.00804997 0.04237000
v -0.03145163 -0.00469661 0.04249956
v -0.03477493 -0.00801097 0.04210233
v -0.03477985 -0.00801658 0.04217021
v -0.03478721 -0.00802497 0.04223758
v -0.03480921 -0.00804997 0.04163000
v -0.03479701 -0.00803612 0.04169576
v -0.03145163 -0.00469661 0.04150044
v -0.03478721 -0.00802497 0.04176242
v -0.03477985 -0.00801658 0.04182979
v -0.03477493 -0.00801097 0.04189767
v -0.03477246 -0.00800816 0.04196585
v -0.03477246 -0.00800816 0.04203414
v -0.03482378 -0.00806649 0.04243465
v -0.03484070 -0.00808562 0.04249800
v -0.03485991 -0.00810728 0.04255987
v -0.03580786 -0.00909953 0.04077615
v -0.03575978 -0.00905256 0.04076408
v -0.03950318 -0.01282273 0.04050271
v -0.03594925 -0.00923574 0.04083405
v -0.03590275 -0.00919126 0.04081118
v -0.03585556 -0.00914581 0.04079186
v -0.03608325 -0.00936226 0.04092321
v -0.03603965 -0.00932137 0.04089014
v -0.03599493 -0.00927916 0.04086039
v -0.03620597 -0.00947600 0.04104123
v -0.03616655 -0.00943968 0.04099886
v -0.03612560 -0.00940174 0.04095948
v -0.03631377 -0.00957425 0.04118495
v -0.03627971 -0.00954337 0.04113441
v -0.03624374 -0.00951059 0.04108646
v -0.03647200 -0.00971578 0.04153350
v -0.03646154 -0.00970653 0.04150025
v -0.03953793 -0.01278797 0.04137959
v -0.03645160 -0.00969771 0.04147087
v -0.03642869 -0.00967736 0.04140981
v -0.03640336 -0.00965478 0.04135052
v -0.03637570 -0.00963003 0.04129316
v -0.03634580 -0.00960316 0.04123792
v -0.03571147 -0.00900503 0.04075571
v -0.03566308 -0.00895707 0.04075105
v -0.03561475 -0.00890884 0.04075012
v -0.03556663 -0.00886046 0.04075291
v -0.03141434 -0.00473389 0.04050271
v -0.03551887 -0.00881209 0.04075943
v -0.03547160 -0.00876387 0.04076966
v -0.03542496 -0.00871596 0.04078355
v -0.03537909 -0.00866850 0.04080107
v -0.03533410 -0.00862164 0.04082217
v -0.03529014 -0.00857553 0.04084679
v -0.03524731 -0.00853031 0.04087485
v -0.03485991 -0.00810728 0.04144013
v -0.03484070 -0.00808562 0.04150200
v -0.03482378 -0.00806649 0.04156535
v -0.03520574 -0.00848613 0.04090627
v -0.03516554 -0.00844314 0.04094094
v -0.03512682 -0.00840147 0.04097879
v -0.03508968 -0.00836127 0.04101968
v -0.03505422 -0.00832266 0.04106349
v -0.03502052 -0.00828578 0.04111010
v -0.03498868 -0.00825074 0.04115937
v -0.03495877 -0.00821768 0.04121114
v -0.03493087 -0.00818670 0.04126527
v -0.03490506 -0.00815791 0.04132159
v -0.03488138 -0.00813141 0.04137993
v -0.03084171 -0.01313683 0.05619262
v -0.03087709 -0.01319370 0.05620601
v -0.02669110 -0.00945713 0.05647954
v -0.03091508 -0.01324938 0.05621701
v -0.03095558 -0.01330370 0.05622559
v -0.03075221 -0.01296087 0.05613845
v -0.03077919 -0.01302023 0.05615881
v -0.03080905 -0.01307895 0.05617687
v -0.03068928 -0.01278071 0.05606426
v -0.03070720 -0.01284091 0.05609113
v -0.03072820 -0.01290103 0.05611588
v -0.03065435 -0.01260143 0.05597169
v -0.03066282 -0.01266078 0.05600446
v -0.03067448 -0.01272060 0.05603535
v -0.03064810 -0.01242811 0.05586283
v -0.03064699 -0.01248491 0.05590078
v -0.03064907 -0.01254275 0.05593710
v -0.03099846 -0.01335648 0.05623173
v -0.03104360 -0.01340759 0.05623543
v -0.03109088 -0.01345685 0.05623666
v -0.03530827 -0.01701763 0.05581623
v -0.03477994 -0.01754597 0.05647954
v -0.03119125 -0.01354927 0.05623173
v -0.03114014 -0.01350413 0.05623543
v -0.03124404 -0.01359215 0.05622559
v -0.03129835 -0.01363265 0.05621701
v -0.03135403 -0.01367064 0.05620601
v -0.03141090 -0.01370602 0.05619262
v -0.03146878 -0.01373868 0.05617687
v -0.03152750 -0.01376854 0.05615881
v -0.03158686 -0.01379552 0.05613845
v -0.03164670 -0.01381953 0.05611588
v -0.03170682 -0.01384053 0.05609113
v -0.03176702 -0.01385845 0.05606426
v -0.03182713 -0.01387325 0.05603535
v -0.03188695 -0.01388491 0.05600446
v -0.03194630 -0.01389338 0.05597169
v -0.03200498 -0.01389866 0.05593710
v -0.03206282 -0.01390074 0.05590078
v -0.03211962 -0.01389963 0.05586283
v -0.03217521 -0.01389534 0.05582336
v -0.03218477 -0.01389426 0.05581632
v -0.03106395 -0.01178824 0.05512959
v -0.03101911 -0.01180829 0.05517705
v -0.02772228 -0.00842595 0.05511443
v -0.03097631 -0.01183145 0.05522496
v -0.03093566 -0.01185765 0.05527318
v -0.03089727 -0.01188681 0.05532154
v -0.03086127 -0.01191885 0.05536992
v -0.02721944 -0.00892880 0.05581623
v -0.03082776 -0.01195368 0.05541816
v -0.03079684 -0.01199120 0.05546611
v -0.03076860 -0.01203128 0.05551365
v -0.03074313 -0.01207381 0.05556062
v -0.03072051 -0.01211865 0.05560690
v -0.03070081 -0.01216567 0.05565234
v -0.03068410 -0.01221473 0.05569683
v -0.03067043 -0.01226566 0.05574025
v -0.03065985 -0.01231831 0.05578246
v -0.03065346 -0.01236296 0.05581632
v -0.03065239 -0.01237252 0.05582336
v -0.03249823 -0.01238549 0.05448606
v -0.03245580 -0.01233264 0.05447767
v -0.03628708 -0.01603883 0.05437607
v -0.03253844 -0.01243955 0.05449720
v -0.03264456 -0.01260745 0.05454671
v -0.03261172 -0.01255069 0.05452758
v -0.03257631 -0.01249467 0.05451106
v -0.03272662 -0.01278053 0.05461901
v -0.03270210 -0.01272253 0.05459250
v -0.03267472 -0.01266478 0.05456837
v -0.03278220 -0.01295436 0.05471184
v -0.03276674 -0.01289661 0.05467878
v -0.03274819 -0.01283860 0.05464780
v -0.03280956 -0.01312456 0.05482236
v -0.03280365 -0.01306850 0.05478376
v -0.03279452 -0.01301171 0.05474688
v -0.03279006 -0.01338856 0.05503661
v -0.03280050 -0.01333843 0.05499139
v -0.03280768 -0.01328682 0.05494722
v -0.03281158 -0.01323387 0.05490423
v -0.03281221 -0.01317973 0.05486257
v -0.03241128 -0.01228117 0.05447205
v -0.03236480 -0.01223121 0.05446924
v -0.03231652 -0.01218293 0.05446924
v -0.03226656 -0.01213645 0.05447205
v -0.02819824 -0.00794999 0.05437607
v -0.03221509 -0.01209193 0.05447767
v -0.03216224 -0.01204950 0.05448606
v -0.03210818 -0.01200929 0.05449720
v -0.03205306 -0.01197142 0.05451106
v -0.03199704 -0.01193601 0.05452758
v -0.03194028 -0.01190317 0.05454671
v -0.03188294 -0.01187301 0.05456837
v -0.03182520 -0.01184563 0.05459250
v -0.03176720 -0.01182111 0.05461901
v -0.03170913 -0.01179954 0.05464780
v -0.03165112 -0.01178099 0.05467878
v -0.03159337 -0.01176553 0.05471184
v -0.03153602 -0.01175321 0.05474688
v -0.03120930 -0.01174723 0.05499139
v -0.03115917 -0.01175767 0.05503661
v -0.03147923 -0.01174408 0.05478376
v -0.03142317 -0.01173817 0.05482236
v -0.03136800 -0.01173552 0.05486257
v -0.03131386 -0.01173615 0.05490423
v -0.03126091 -0.01174005 0.05494722
v -0.03111068 -0.01177135 0.05508273
v -0.03107888 -0.01178242 0.05511434
v -0.03266092 -0.01365046 0.05532154
v -0.03269008 -0.01361207 0.05527318
v -0.03581112 -0.01651478 0.05511443
v -0.03271628 -0.01357142 0.05522496
v -0.03273944 -0.01352862 0.05517705
v -0.03247392 -0.01380460 0.05556062
v -0.03251645 -0.01377913 0.05551365
v -0.03233300 -0.01386363 0.05569683
v -0.03238206 -0.01384692 0.05565234
v -0.03242908 -0.01382722 0.05560690
v -0.03222942 -0.01388788 0.05578246
v -0.03228207 -0.01387730 0.05574025
v -0.03255653 -0.01375089 0.05546611
v -0.03259405 -0.01371997 0.05541816
v -0.03262888 -0.01368646 0.05536992
v -0.03275949 -0.01348378 0.05512959
v -0.03276531 -0.01346885 0.05511434
v -0.03277638 -0.01343705 0.05508273
v -0.00728971 -0.02885852 0.03079548
v -0.01537855 -0.03694736 0.03079548
v -0.00688662 -0.02926162 0.03161601
v -0.01497545 -0.03735045 0.03161601
v -0.00651470 -0.02963354 0.03246548
v -0.01460353 -0.03772237 0.03246548
v -0.00617500 -0.02997323 0.03334153
v -0.01426384 -0.03806207 0.03334153
v -0.00586847 -0.03027977 0.03424170
v -0.01395730 -0.03836860 0.03424170
v -0.00559596 -0.03055228 0.03516350
v -0.01368479 -0.03864111 0.03516350
v -0.00535822 -0.03079001 0.03610435
v -0.01344706 -0.03887885 0.03610435
v -0.00515593 -0.03099230 0.03706165
v -0.01324477 -0.03908114 0.03706165
v -0.00498964 -0.03115859 0.03803270
v -0.01307848 -0.03924742 0.03803270
v -0.00485983 -0.03128841 0.03901480
v -0.01294866 -0.03937724 0.03901480
v -0.01613805 -0.02001018 0.02327415
v -0.02422689 -0.02809902 0.02327415
v -0.01544194 -0.02070629 0.02344475
v -0.02353078 -0.02879512 0.02344475
v -0.01475317 -0.02139506 0.02366708
v -0.02284201 -0.02948390 0.02366708
v -0.01407366 -0.02207458 0.02394050
v -0.02216249 -0.03016341 0.02394050
v -0.01340529 -0.02274294 0.02426426
v -0.02149413 -0.03083178 0.02426426
v -0.01274994 -0.02339830 0.02463745
v -0.02083877 -0.03148713 0.02463745
v -0.01210943 -0.02403881 0.02505904
v -0.02019826 -0.03212764 0.02505904
v -0.01148554 -0.02466269 0.02552784
v -0.01957437 -0.03275153 0.02552784
v -0.01088002 -0.02526822 0.02604255
v -0.01896885 -0.03335705 0.02604255
v -0.01029454 -0.02585369 0.02660173
v -0.01838338 -0.03394253 0.02660173
v -0.02613875 -0.01000948 0.02689753
v -0.03422759 -0.01809832 0.02689753
v -0.02556392 -0.01058432 0.02631667
v -0.03365275 -0.01867315 0.02631667
v -0.02496821 -0.01118002 0.02577954
v -0.03305705 -0.01926886 0.02577954
v -0.02435330 -0.01179494 0.02528761
v -0.03244213 -0.01988377 0.02528761
v -0.02372087 -0.01242736 0.02484226
v -0.03180971 -0.02051619 0.02484226
v -0.02307272 -0.01307552 0.02444474
v -0.03116155 -0.02116435 0.02444474
v -0.02241063 -0.01373761 0.02409615
v -0.03049946 -0.02182644 0.02409615
v -0.02173645 -0.01441178 0.02379745
v -0.02982529 -0.02250062 0.02379745
v -0.02105207 -0.01509616 0.02354949
v -0.02914090 -0.02318500 0.02354949
v -0.02035939 -0.01578885 0.02335295
v -0.02844822 -0.02387768 0.02335295
v -0.03133988 -0.00480836 0.03950915
v -0.03942871 -0.01289719 0.03950915
v -0.03122844 -0.00491980 0.03852254
v -0.03931727 -0.01300863 0.03852254
v -0.03108033 -0.00506790 0.03754562
v -0.03916917 -0.01315673 0.03754562
v -0.03089598 -0.00525225 0.03658111
v -0.03898482 -0.01334109 0.03658111
v -0.03067589 -0.00547234 0.03563171
v -0.03876473 -0.01356118 0.03563171
v -0.03042068 -0.00572755 0.03470005
v -0.03850952 -0.01381639 0.03470005
v -0.03013106 -0.00601718 0.03378875
v -0.03821989 -0.01410601 0.03378875
v -0.02980783 -0.00634040 0.03290033
v -0.03789666 -0.01442924 0.03290033
v -0.02945190 -0.00669634 0.03203727
v -0.03754073 -0.01478517 0.03203727
v -0.02906425 -0.00708398 0.03120198
v -0.03715309 -0.01517282 0.03120198
v -0.02864598 -0.00750226 0.03039679
v -0.03673481 -0.01559109 0.03039679
v -0.02864598 -0.00750226 0.05360321
v -0.03673481 -0.01559109 0.05360321
v -0.02906425 -0.00708398 0.05279802
v -0.03715309 -0.01517282 0.05279802
v -0.02945190 -0.00669634 0.05196273
v -0.03754073 -0.01478517 0.05196273
v -0.02980783 -0.00634040 0.05109967
v -0.03789666 -0.01442924 0.05109967
v -0.03013106 -0.00601718 0.05021125
v -0.03821989 -0.01410601 0.05021125
v -0.03042068 -0.00572755 0.04929994
v -0.03850952 -0.01381639 0.04929994
v -0.03067589 -0.00547234 0.04836829
v -0.03876473 -0.01356118 0.04836829
v -0.03089598 -0.00525225 0.04741889
v -0.03898482 -0.01334109 0.04741889
v -0.03108033 -0.00506790 0.04645438
v -0.03916917 -0.01315673 0.04645438
v -0.03122844 -0.00491980 0.04547746
v -0.03931727 -0.01300863 0.04547746
v -0.03133988 -0.00480836 0.04449084
v -0.03942871 -0.01289719 0.04449084
v -0.02035939 -0.01578885 0.06064705
v -0.02844822 -0.02387768 0.06064705
v -0.02105207 -0.01509616 0.06045051
v -0.02914090 -0.02318500 0.06045051
v -0.02173645 -0.01441178 0.06020255
v -0.02982529 -0.02250062 0.06020255
v -0.02241063 -0.01373761 0.05990385
v -0.03049946 -0.02182644 0.05990385
v -0.02307272 -0.01307552 0.05955527
v -0.03116155 -0.02116435 0.05955527
v -0.02372087 -0.01242736 0.05915774
v -0.03180971 -0.02051619 0.05915774
v -0.02435330 -0.01179494 0.05871239
v -0.03244213 -0.01988377 0.05871239
v -0.02496821 -0.01118002 0.05822046
v -0.03305705 -0.01926886 0.05822046
v -0.02556392 -0.01058432 0.05768333
v -0.03365275 -0.01867315 0.05768333
v -0.02613875 -0.01000948 0.05710247
v -0.03422759 -0.01809832 0.05710247
v -0.01029454 -0.02585369 0.05739827
v -0.01838338 -0.03394253 0.05739827
v -0.01088002 -0.02526822 0.05795746
v -0.01896885 -0.03335705 0.05795746
v -0.01148554 -0.02466269 0.05847217
v -0.01957437 -0.03275153 0.05847217
v -0.01210943 -0.02403881 0.05894096
v -0.02019826 -0.03212764 0.05894096
v -0.01274994 -0.02339830 0.05936255
v -0.02083877 -0.03148713 0.05936255
v -0.01340529 -0.02274294 0.05973574
v -0.02149413 -0.03083178 0.05973574
v -0.01407366 -0.02207458 0.06005949
v -0.02216249 -0.03016341 0.06005949
v -0.01475317 -0.02139506 0.06033292
v -0.02284201 -0.02948390 0.06033292
v -0.01544194 -0.02070629 0.06055524
v -0.02353078 -0.02879512 0.06055524
v -0.01613805 -0.02001018 0.06072585
v -0.02422689 -0.02809902 0.06072585
v -0.00485983 -0.03128841 0.04498519
v -0.01294866 -0.03937724 0.04498519
v -0.00498964 -0.03115859 0.04596730
v -0.01307848 -0.03924742 0.04596730
v -0.00515593 -0.03099230 0.04693835
v -0.01324477 -0.03908114 0.04693835
v -0.00535822 -0.03079001 0.04789564
v -0.01344706 -0.03887885 0.04789564
v -0.00559596 -0.03055228 0.04883650
v -0.01368479 -0.03864111 0.04883650
v -0.00586847 -0.03027977 0.04975830
v -0.01395730 -0.03836860 0.04975830
v -0.00617500 -0.02997323 0.05065848
v -0.01426384 -0.03806207 0.05065848
v -0.00651470 -0.02963354 0.05153452
v -0.01460353 -0.03772237 0.05153452
v -0.00688662 -0.02926162 0.05238399
v -0.01497545 -0.03735045 0.05238399
v -0.00728971 -0.02885852 0.05320452
v -0.01537855 -0.03694736 0.05320452
v -0.02520735 -0.00873378 0.03746496
v -0.02853314 -0.00540798 0.03615688
v -0.02537037 -0.00857076 0.03810866
v -0.02873508 -0.00520605 0.03702798
v -0.02550826 -0.00843287 0.03876401
v -0.02890423 -0.00503690 0.03791295
v -0.02562060 -0.00832052 0.03942904
v -0.02904012 -0.00490101 0.03880931
v -0.02570706 -0.00823406 0.04010176
v -0.02914237 -0.00479876 0.03971456
v -0.02576739 -0.00817374 0.04078016
v -0.02921069 -0.00473043 0.04062618
v -0.02580139 -0.00813973 0.04146220
v -0.02924490 -0.00469622 0.04154164
v -0.02580897 -0.00813215 0.04214586
v -0.02271317 -0.01122795 0.03249743
v -0.02487696 -0.00906417 0.02871453
v -0.02307199 -0.01086914 0.03295569
v -0.02536172 -0.00857940 0.02932313
v -0.02341255 -0.01052858 0.03344102
v -0.02582310 -0.00811802 0.02996706
v -0.02373383 -0.01020729 0.03395195
v -0.02625981 -0.00768132 0.03064453
v -0.02403488 -0.00990624 0.03448697
v -0.02667063 -0.00727050 0.03135365
v -0.02431480 -0.00962632 0.03504446
v -0.02705441 -0.00688672 0.03209245
v -0.02457274 -0.00936839 0.03562276
v -0.02741008 -0.00653104 0.03285885
v -0.02480794 -0.00913319 0.03622015
v -0.02773666 -0.00620446 0.03365074
v -0.02501968 -0.00892144 0.03683483
v -0.02803324 -0.00590789 0.03446590
v -0.02829897 -0.00564215 0.03530205
v -0.02049639 -0.01344474 0.05346253
v -0.02155697 -0.01238416 0.05810756
v -0.02004793 -0.01389320 0.05371801
v -0.02094948 -0.01299165 0.05842740
v -0.01959026 -0.01435087 0.05393843
v -0.02033090 -0.01361023 0.05870146
v -0.01912475 -0.01481637 0.05412314
v -0.01970295 -0.01423817 0.05892899
v -0.01865281 -0.01528832 0.05427156
v -0.01906739 -0.01487373 0.05910931
v -0.01817582 -0.01576530 0.05438327
v -0.01842599 -0.01551514 0.05924195
v -0.01769523 -0.01624589 0.05445794
v -0.01778053 -0.01616060 0.05932653
v -0.01721248 -0.01672865 0.05449532
v -0.01713281 -0.01680831 0.05936283
v -0.01672900 -0.01721213 0.05449532
v -0.01648464 -0.01745648 0.05935073
v -0.01624625 -0.01769488 0.05445794
v -0.01583783 -0.01810330 0.05929027
v -0.01576566 -0.01817547 0.05438327
v -0.01519417 -0.01874695 0.05918162
v -0.01528868 -0.01865245 0.05427156
v -0.01455547 -0.01938566 0.05902507
v -0.01481673 -0.01912440 0.05412314
v -0.01392350 -0.02001763 0.05882108
v -0.01435122 -0.01958990 0.05393843
v -0.01330002 -0.02064111 0.05857021
v -0.01389355 -0.02004757 0.05371801
v -0.01268677 -0.02125436 0.05827316
v -0.01344509 -0.02049603 0.05346253
v -0.01208546 -0.02185567 0.05793074
v -0.01300718 -0.02093394 0.05317275
v -0.01149777 -0.02244336 0.05754392
v -0.01258113 -0.02135999 0.05284955
v -0.01092533 -0.02301580 0.05711378
v -0.01216821 -0.02177291 0.05249387
v -0.01036974 -0.02357138 0.05664151
v -0.01176966 -0.02217146 0.05210681
v -0.00983255 -0.02410857 0.05612844
v -0.01138668 -0.02255445 0.05168950
v -0.00931526 -0.02462587 0.05557599
v -0.01102040 -0.02292073 0.05124321
v -0.00881930 -0.02512183 0.05498569
v -0.01067192 -0.02326920 0.05076925
v -0.00834606 -0.02559506 0.05435921
v -0.01034229 -0.02359884 0.05026906
v -0.00789686 -0.02604426 0.05369828
v -0.01003249 -0.02390863 0.04974412
v -0.00747295 -0.02646817 0.05300474
v -0.00974346 -0.02419767 0.04919602
v -0.00707552 -0.02686561 0.05228054
v -0.00947604 -0.02446508 0.04862639
v -0.00670566 -0.02723547 0.05152767
v -0.00923105 -0.02471007 0.04803693
v -0.00636441 -0.02757671 0.05074825
v -0.00900922 -0.02493191 0.04742940
v -0.02924918 -0.00469194 0.04200000
v -0.02924490 -0.00469622 0.04245836
v -0.02579011 -0.00815101 0.04282908
v -0.02921069 -0.00473043 0.04337382
v -0.02574486 -0.00819626 0.04350982
v -0.02914237 -0.00479876 0.04428543
v -0.02567336 -0.00826777 0.04418605
v -0.02904012 -0.00490101 0.04519069
v -0.02557582 -0.00836531 0.04485573
v -0.02890423 -0.00503690 0.04608705
v -0.02545253 -0.00848859 0.04551687
v -0.02873508 -0.00520605 0.04697202
v -0.02530387 -0.00863726 0.04616749
v -0.02853314 -0.00540798 0.04784312
v -0.02513027 -0.00881085 0.04680563
v -0.02829897 -0.00564215 0.04869795
v -0.02493226 -0.00900887 0.04742940
v -0.02803324 -0.00590789 0.04953411
v -0.02471043 -0.00923070 0.04803693
v -0.02773666 -0.00620446 0.05034926
v -0.02446544 -0.00947569 0.04862639
v -0.02741008 -0.00653104 0.05114115
v -0.02419803 -0.00974310 0.04919602
v -0.02705441 -0.00688672 0.05190755
v -0.02390899 -0.01003214 0.04974412
v -0.02667063 -0.00727050 0.05264635
v -0.02359919 -0.01034194 0.05026906
v -0.02625981 -0.00768132 0.05335547
v -0.02326956 -0.01067157 0.05076925
v -0.02582310 -0.00811802 0.05403294
v -0.02292108 -0.01102004 0.05124321
v -0.02536172 -0.00857940 0.05467687
v -0.02255480 -0.01138632 0.05168950
v -0.02487696 -0.00906417 0.05528547
v -0.02217182 -0.01176931 0.05210681
v -0.02437015 -0.00957097 0.05585704
v -0.02177327 -0.01216786 0.05249387
v -0.02384273 -0.01009840 0.05638999
v -0.02136035 -0.01258078 0.05284955
v -0.02329615 -0.01064498 0.05688283
v -0.02093430 -0.01300683 0.05317275
v -0.02273194 -0.01120919 0.05733419
v -0.02215167 -0.01178945 0.05774281
v -0.00881930 -0.02512183 0.02901430
v -0.01203089 -0.02191024 0.02953955
v -0.01202347 -0.02191766 0.02967143
v -0.02329615 -0.01064498 0.02711717
v -0.02167861 -0.01226251 0.02854142
v -0.02162926 -0.01231187 0.02842903
v -0.02132361 -0.01261751 0.02793071
v -0.02215167 -0.01178945 0.02625718
v -0.02139204 -0.01254909 0.02802094
v -0.02273194 -0.01120919 0.02666581
v -0.02145699 -0.01248414 0.02811616
v -0.02151829 -0.01242284 0.02821610
v -0.01242319 -0.02151794 0.02821610
v -0.01092533 -0.02301580 0.02688622
v -0.01248449 -0.02145663 0.02811616
v -0.01149777 -0.02244336 0.02645608
v -0.01254944 -0.02139168 0.02802094
v -0.01261787 -0.02132326 0.02793071
v -0.00931526 -0.02462587 0.02842401
v -0.01206046 -0.02188066 0.02927836
v -0.01204323 -0.02189789 0.02940840
v -0.01317684 -0.02076429 0.02745824
v -0.01268677 -0.02125436 0.02572685
v -0.01374134 -0.02019979 0.02718812
v -0.01330002 -0.02064111 0.02542979
v -0.01431538 -0.01962574 0.02696178
v -0.01392350 -0.02001763 0.02517891
v -0.01489727 -0.01904385 0.02677990
v -0.01455547 -0.01938566 0.02497493
v -0.01548530 -0.01845583 0.02664302
v -0.01519417 -0.01874695 0.02481839
v -0.01607772 -0.01786341 0.02655154
v -0.01583783 -0.01810330 0.02470973
v -0.01667277 -0.01726835 0.02650573
v -0.01648464 -0.01745648 0.02464928
v -0.01726871 -0.01667242 0.02650573
v -0.01713281 -0.01680831 0.02463717
v -0.01786377 -0.01607736 0.02655154
v -0.01778053 -0.01616060 0.02467347
v -0.01845618 -0.01548494 0.02664302
v -0.01842599 -0.01551514 0.02475805
v -0.01904421 -0.01489692 0.02677990
v -0.01906739 -0.01487373 0.02489069
v -0.01962610 -0.01431503 0.02696178
v -0.01970295 -0.01423817 0.02507102
v -0.02020014 -0.01374098 0.02718812
v -0.02033090 -0.01361023 0.02529853
v -0.02076464 -0.01317649 0.02745824
v -0.02094948 -0.01299165 0.02557259
v -0.02085152 -0.01308961 0.02750731
v -0.02155697 -0.01238416 0.02589244
v -0.02093644 -0.01300468 0.02756281
v -0.02101917 -0.01292195 0.02762458
v -0.01308996 -0.02085117 0.02750731
v -0.01300504 -0.02093609 0.02756281
v -0.01208546 -0.02185567 0.02606926
v -0.01292231 -0.02101882 0.02762458
v -0.01284200 -0.02109912 0.02769246
v -0.01276435 -0.02117677 0.02776624
v -0.01268957 -0.02125155 0.02784574
v -0.01236571 -0.02157541 0.02832049
v -0.01231222 -0.02162890 0.02842903
v -0.01036974 -0.02357138 0.02735849
v -0.01226287 -0.02167826 0.02854142
v -0.01221779 -0.02172334 0.02865735
v -0.01217711 -0.02176402 0.02877649
v -0.00983255 -0.02410857 0.02787156
v -0.00605273 -0.02788840 0.04994445
v -0.00577147 -0.02816965 0.04911851
v -0.00881121 -0.02512992 0.04680563
v -0.00552143 -0.02841969 0.04827272
v -0.00863761 -0.02530351 0.04616749
v -0.00530330 -0.02863782 0.04740945
v -0.00848895 -0.02545218 0.04551687
v -0.00511770 -0.02882343 0.04653111
v -0.00836566 -0.02557547 0.04485573
v -0.00496512 -0.02897600 0.04564014
v -0.00826812 -0.02567300 0.04418605
v -0.00484601 -0.02909511 0.04473902
v -0.00819662 -0.02574451 0.04350982
v -0.00476069 -0.02918043 0.04383027
v -0.00815137 -0.02578976 0.04282908
v -0.00470941 -0.02923172 0.04291641
v -0.00813251 -0.02580862 0.04214586
v -0.00469230 -0.02924883 0.04200000
v -0.00814009 -0.02580104 0.04146220
v -0.00470941 -0.02923172 0.04108359
v -0.00817409 -0.02576703 0.04078016
v -0.00476069 -0.02918043 0.04016973
v -0.00823442 -0.02570671 0.04010176
v -0.00484601 -0.02909511 0.03926098
v -0.00832088 -0.02562025 0.03942904
v -0.00496512 -0.02897600 0.03835986
v -0.00843322 -0.02550790 0.03876401
v -0.00511770 -0.02882343 0.03746889
v -0.00857111 -0.02537001 0.03810866
v -0.00530330 -0.02863782 0.03659055
v -0.00873413 -0.02520699 0.03746496
v -0.00552143 -0.02841969 0.03572728
v -0.00892180 -0.02501933 0.03683483
v -0.00577147 -0.02816965 0.03488149
v -0.00913354 -0.02480758 0.03622015
v -0.00605273 -0.02788840 0.03405555
v -0.00936874 -0.02457239 0.03562276
v -0.00636441 -0.02757671 0.03325175
v -0.00962668 -0.02431445 0.03504446
v -0.00670566 -0.02723547 0.03247233
v -0.00990660 -0.02403453 0.03448697
v -0.00707552 -0.02686561 0.03171947
v -0.01020765 -0.02373348 0.03395195
v -0.00747295 -0.02646817 0.03099526
v -0.01052893 -0.02341219 0.03344102
v -0.00789686 -0.02604426 0.03030172
v -0.01086949 -0.02307163 0.03295569
v -0.00834606 -0.02559506 0.02964079
v -0.01122831 -0.02271282 0.03249743
v -0.01160430 -0.02233682 0.03206759
v -0.01164887 -0.02229225 0.03201668
v -0.02192049 -0.01202064 0.03087570
v -0.02192049 -0.01202064 0.02980369
v -0.02191801 -0.01202311 0.02967143
v -0.02191059 -0.01203053 0.02953955
v -0.02157577 -0.01236536 0.02832049
v -0.01214094 -0.02180019 0.02889851
v -0.01210938 -0.02183174 0.02902306
v -0.01208253 -0.02185859 0.02914980
v -0.02384273 -0.01009840 0.02761001
v -0.02176438 -0.01217675 0.02877649
v -0.02172369 -0.01221743 0.02865735
v -0.02125191 -0.01268922 0.02784574
v -0.02117713 -0.01276400 0.02776624
v -0.02109948 -0.01284165 0.02769246
v -0.02437015 -0.00957097 0.02814296
v -0.02183210 -0.01210903 0.02902306
v -0.02180054 -0.01214058 0.02889851
v -0.02189825 -0.01204287 0.02940840
v -0.02188102 -0.01206011 0.02927836
v -0.02185895 -0.01208218 0.02914980
v -0.01186996 -0.02207116 0.03164716
v -0.01183918 -0.02210194 0.03171550
v -0.01180584 -0.02213529 0.03178138
v -0.01177003 -0.02217110 0.03184462
v -0.02233718 -0.01160395 0.03206759
v -0.02229261 -0.01164851 0.03201668
v -0.02225005 -0.01169107 0.03196244
v -0.02220963 -0.01173150 0.03190503
v -0.02217145 -0.01176967 0.03184462
v -0.02213564 -0.01180548 0.03178138
v -0.01202099 -0.02192013 0.02980369
v -0.01202099 -0.02192013 0.03087570
v -0.01201945 -0.02192168 0.03095670
v -0.01173185 -0.02220927 0.03190503
v -0.01169143 -0.02224970 0.03196244
v -0.01201481 -0.02192632 0.03103745
v -0.01200709 -0.02193403 0.03111773
v -0.01199633 -0.02194480 0.03119730
v -0.01198254 -0.02195859 0.03127594
v -0.01196577 -0.02197536 0.03135341
v -0.01194606 -0.02199506 0.03142949
v -0.01192348 -0.02201765 0.03150395
v -0.01189809 -0.02204304 0.03157658
v -0.02210230 -0.01183883 0.03171550
v -0.02207152 -0.01186961 0.03164716
v -0.02204339 -0.01189773 0.03157658
v -0.02201800 -0.01192312 0.03150395
v -0.02199542 -0.01194571 0.03142949
v -0.02197571 -0.01196541 0.03135341
v -0.02195894 -0.01198218 0.03127594
v -0.02194515 -0.01199597 0.03119730
v -0.02193439 -0.01200674 0.03111773
v -0.02192667 -0.01201445 0.03103745
v -0.02192203 -0.01201909 0.03095670
v -0.01440007 -0.03131852 0.04106349
v -0.01436552 -0.03127900 0.04101968
v -0.03220202 -0.04911527 0.04101765
v -0.01720840 -0.01743984 0.05399888
v -0.02132076 -0.02146514 0.05399956
v -0.02134321 -0.02143939 0.05399981
v -0.02136632 -0.02141431 0.05399995
v -0.02139016 -0.02138980 0.05400000
v -0.01755636 -0.01709187 0.05399551
v -0.02146551 -0.02132039 0.05399956
v -0.01767190 -0.01697633 0.05398993
v -0.02143974 -0.02134285 0.05399981
v -0.02141468 -0.02136594 0.05399995
v -0.02149182 -0.02129868 0.05399923
v -0.02151876 -0.02127767 0.05399879
v -0.02154623 -0.02125742 0.05399827
v -0.02157426 -0.02123793 0.05399765
v -0.02160282 -0.02121919 0.05399694
v -0.02163184 -0.02120127 0.05399614
v -0.02166141 -0.02118411 0.05399526
v -0.02169134 -0.02116781 0.05399430
v -0.02172182 -0.02115228 0.05399325
v -0.02109910 -0.02184705 0.05398833
v -0.02112415 -0.02178353 0.05399093
v -0.01674524 -0.01790299 0.05397203
v -0.02102757 -0.02217987 0.05397229
v -0.02103455 -0.02211194 0.05397578
v -0.02104523 -0.02204450 0.05397916
v -0.02105959 -0.02197773 0.05398241
v -0.02107756 -0.02191185 0.05398548
v -0.02115264 -0.02172146 0.05399325
v -0.02116812 -0.02169108 0.05399429
v -0.02118447 -0.02166105 0.05399526
v -0.02120157 -0.02163158 0.05399614
v -0.02121955 -0.02160246 0.05399694
v -0.02123830 -0.02157388 0.05399765
v -0.02125778 -0.02154588 0.05399827
v -0.02127804 -0.02151838 0.05399879
v -0.01709222 -0.01755601 0.05399551
v -0.02128189 -0.02151334 0.05399888
v -0.02129904 -0.02149147 0.05399923
v -0.02199470 -0.02349208 0.05395317
v -0.02192858 -0.02347500 0.05395005
v -0.03961833 -0.04169895 0.05390944
v -0.02186350 -0.02345435 0.05394713
v -0.02179963 -0.02343016 0.05394446
v -0.02219726 -0.02352133 0.05396340
v -0.02212924 -0.02351527 0.05395989
v -0.02206166 -0.02350551 0.05395647
v -0.02173719 -0.02340253 0.05394205
v -0.02170650 -0.02338742 0.05394096
v -0.02167634 -0.02337153 0.05393996
v -0.02164654 -0.02335477 0.05393903
v -0.02161728 -0.02333725 0.05393819
v -0.02158846 -0.02331890 0.05393743
v -0.02156018 -0.02329980 0.05393676
v -0.02153243 -0.02327992 0.05393618
v -0.02150521 -0.02325928 0.05393570
v -0.02147860 -0.02323794 0.05393532
v -0.02145254 -0.02321583 0.05393502
v -0.02142716 -0.02319308 0.05393483
v -0.02140231 -0.02316956 0.05393473
v -0.02137814 -0.02314538 0.05393473
v -0.01628381 -0.01836442 0.05390944
v -0.02135469 -0.02312062 0.05393483
v -0.02133187 -0.02309516 0.05393502
v -0.02130981 -0.02306915 0.05393531
v -0.02128843 -0.02304250 0.05393570
v -0.02126781 -0.02301531 0.05393618
v -0.02124793 -0.02298755 0.05393676
v -0.02122882 -0.02295925 0.05393743
v -0.02121049 -0.02293047 0.05393819
v -0.02119294 -0.02290115 0.05393903
v -0.02117623 -0.02287143 0.05393996
v -0.02116029 -0.02284118 0.05394097
v -0.02113095 -0.02277951 0.05394322
v -0.01662878 -0.01801945 0.05395962
v -0.02110504 -0.02271633 0.05394577
v -0.02108261 -0.02265183 0.05394856
v -0.02106374 -0.02258620 0.05395159
v -0.02104848 -0.02251964 0.05395480
v -0.02103688 -0.02245235 0.05395816
v -0.02102897 -0.02238452 0.05396164
v -0.02102477 -0.02231637 0.05396518
v -0.02102430 -0.02224808 0.05396874
v -0.02102719 -0.02218507 0.05397202
v -0.04007976 -0.04123752 0.05397203
v -0.02297382 -0.02330945 0.05399765
v -0.02294530 -0.02332816 0.05399694
v -0.02291621 -0.02334612 0.05399614
v -0.02288663 -0.02336329 0.05399526
v -0.02285669 -0.02337959 0.05399430
v -0.02279543 -0.02340976 0.05399213
v -0.02273261 -0.02343654 0.05398966
v -0.02266842 -0.02345984 0.05398693
v -0.02260306 -0.02347961 0.05398397
v -0.02253672 -0.02349578 0.05398080
v -0.02246958 -0.02350830 0.05397749
v -0.02240187 -0.02351713 0.05397404
v -0.02236239 -0.02352056 0.05397200
v -0.03984875 -0.04146854 0.05394519
v -0.02233378 -0.02352226 0.05397052
v -0.02226551 -0.02352366 0.05396696
v -0.02336362 -0.02288632 0.05399526
v -0.02334648 -0.02291586 0.05399614
v -0.04054292 -0.04077436 0.05399888
v -0.02332855 -0.02294489 0.05399694
v -0.02330981 -0.02297346 0.05399765
v -0.02329034 -0.02300145 0.05399827
v -0.02327005 -0.02302898 0.05399879
v -0.02324904 -0.02305591 0.05399923
v -0.02322732 -0.02308225 0.05399956
v -0.02320484 -0.02310802 0.05399981
v -0.02318174 -0.02313310 0.05399995
v -0.02315791 -0.02315759 0.05400000
v -0.02313345 -0.02318138 0.05399995
v -0.02310834 -0.02320452 0.05399981
v -0.02308260 -0.02322696 0.05399956
v -0.02305628 -0.02324868 0.05399923
v -0.02303439 -0.02326584 0.05399888
v -0.04031121 -0.04100607 0.05398993
v -0.02302934 -0.02326969 0.05399879
v -0.02300189 -0.02328992 0.05399827
v -0.02347536 -0.02192823 0.05395005
v -0.02349243 -0.02199435 0.05395317
v -0.04100643 -0.04031086 0.05398993
v -0.02350587 -0.02206130 0.05395647
v -0.02351563 -0.02212889 0.05395989
v -0.02352168 -0.02219690 0.05396340
v -0.02352402 -0.02226515 0.05396696
v -0.02352261 -0.02233342 0.05397052
v -0.02351749 -0.02240152 0.05397404
v -0.02350865 -0.02246923 0.05397749
v -0.02349613 -0.02253636 0.05398080
v -0.02347996 -0.02260271 0.05398397
v -0.02346020 -0.02266807 0.05398693
v -0.02343689 -0.02273226 0.05398966
v -0.02343434 -0.02273868 0.05398993
v -0.04077472 -0.04054257 0.05399888
v -0.02341011 -0.02279507 0.05399213
v -0.02337994 -0.02285634 0.05399430
v -0.01859442 -0.01605382 0.05386480
v -0.02287170 -0.02117582 0.05393996
v -0.02290151 -0.02119258 0.05393903
v -0.02293077 -0.02121010 0.05393819
v -0.02295961 -0.02122846 0.05393743
v -0.02298795 -0.02124761 0.05393676
v -0.02301566 -0.02126746 0.05393618
v -0.02304290 -0.02128811 0.05393570
v -0.02306951 -0.02130946 0.05393531
v -0.02309555 -0.02133155 0.05393502
v -0.02312097 -0.02135434 0.05393483
v -0.02314576 -0.02137780 0.05393473
v -0.02316992 -0.02140196 0.05393473
v -0.02319336 -0.02142672 0.05393483
v -0.04192894 -0.03938834 0.05386480
v -0.02321618 -0.02145218 0.05393502
v -0.02323823 -0.02147817 0.05393531
v -0.02325964 -0.02150486 0.05393570
v -0.02328031 -0.02153212 0.05393618
v -0.02330015 -0.02155983 0.05393676
v -0.02331929 -0.02158815 0.05393743
v -0.02333761 -0.02161693 0.05393819
v -0.02335515 -0.02164623 0.05393903
v -0.02337188 -0.02167599 0.05393996
v -0.02338779 -0.02170619 0.05394097
v -0.02340289 -0.02173683 0.05394205
v -0.02345470 -0.02186314 0.05394713
v -0.04123788 -0.04007941 0.05397203
v -0.02343741 -0.02181643 0.05394516
v -0.04146889 -0.03984839 0.05394519
v -0.02343052 -0.02179928 0.05394446
v -0.04169931 -0.03961798 0.05390944
v -0.02258656 -0.02106338 0.05395159
v -0.02265218 -0.02108226 0.05394856
v -0.01813437 -0.01651387 0.05394519
v -0.02238488 -0.02102861 0.05396164
v -0.02245270 -0.02103652 0.05395816
v -0.02252000 -0.02104812 0.05395480
v -0.02218022 -0.02102721 0.05397229
v -0.02224843 -0.02102395 0.05396874
v -0.02231672 -0.02102442 0.05396518
v -0.02178388 -0.02112380 0.05399093
v -0.02180917 -0.02111335 0.05398992
v -0.01801981 -0.01662842 0.05395962
v -0.02184741 -0.02109875 0.05398833
v -0.02191221 -0.02107720 0.05398548
v -0.02197809 -0.02105923 0.05398241
v -0.02204485 -0.02104488 0.05397916
v -0.02211230 -0.02103420 0.05397578
v -0.02271668 -0.02110469 0.05394577
v -0.02273122 -0.02111029 0.05394516
v -0.01848117 -0.01616706 0.05388795
v -0.02277986 -0.02113060 0.05394322
v -0.02284153 -0.02115993 0.05394097
v -0.01575593 -0.02893653 0.04955851
v -0.03379408 -0.04752320 0.04905342
v -0.01578141 -0.02895910 0.04956106
v -0.01580724 -0.02898118 0.04956433
v -0.01573079 -0.02891348 0.04955669
v -0.01570606 -0.02889001 0.04955560
v -0.01045956 -0.02418868 0.04905342
v -0.01568168 -0.02886605 0.04955524
v -0.01066358 -0.02398465 0.04943436
v -0.01565770 -0.02884165 0.04955560
v -0.01074216 -0.02390607 0.04957306
v -0.01563425 -0.02881694 0.04955669
v -0.01561118 -0.02879178 0.04955852
v -0.01558863 -0.02876632 0.04956106
v -0.01556653 -0.02874046 0.04956433
v -0.01622309 -0.02924314 0.04969640
v -0.01616577 -0.02921661 0.04967027
v -0.03407669 -0.04724059 0.04957306
v -0.01628055 -0.02926679 0.04972491
v -0.01645217 -0.02931969 0.04982361
v -0.01639525 -0.02930514 0.04978863
v -0.01633799 -0.02928748 0.04975569
v -0.01661940 -0.02934416 0.04993951
v -0.01656440 -0.02933924 0.04989919
v -0.01650861 -0.02933107 0.04986051
v -0.01610873 -0.02918730 0.04964663
v -0.01605215 -0.02915531 0.04962554
v -0.01599617 -0.02912075 0.04960710
v -0.01596849 -0.02910256 0.04959891
v -0.01594095 -0.02908372 0.04959138
v -0.01591373 -0.02906436 0.04958457
v -0.01588665 -0.02904435 0.04957844
v -0.01586006 -0.02902396 0.04957306
v -0.03393288 -0.04738441 0.04931597
v -0.01583342 -0.02900277 0.04956831
v -0.01692464 -0.02930434 0.05020775
v -0.01687742 -0.02931922 0.05016066
v -0.03437894 -0.04693834 0.05007009
v -0.01714929 -0.02916604 0.05047317
v -0.01713164 -0.02918238 0.05044900
v -0.01711334 -0.02919803 0.05042471
v -0.01709452 -0.02921290 0.05040048
v -0.01707509 -0.02922706 0.05037619
v -0.01705514 -0.02924044 0.05035194
v -0.01703465 -0.02925305 0.05032772
v -0.01701363 -0.02926490 0.05030354
v -0.01699212 -0.02927594 0.05027946
v -0.01697008 -0.02928622 0.05025543
v -0.01694763 -0.02929566 0.05023156
v -0.01682856 -0.02933082 0.05011432
v -0.01677818 -0.02933912 0.05006889
v -0.03422542 -0.04709187 0.04982449
v -0.01672644 -0.02934411 0.05002451
v -0.01667346 -0.02934579 0.04998133
v -0.01736410 -0.02868135 0.05094180
v -0.01735766 -0.02873685 0.05090241
v -0.03503871 -0.04627857 0.05099049
v -0.01736741 -0.02862453 0.05097968
v -0.01730125 -0.02894203 0.05073167
v -0.01729085 -0.02896547 0.05070905
v -0.03469994 -0.04661735 0.05054303
v -0.01734810 -0.02879083 0.05086160
v -0.01733548 -0.02884313 0.05081946
v -0.03486716 -0.04645012 0.05077003
v -0.01731984 -0.02889359 0.05077611
v -0.01731089 -0.02891811 0.05075398
v -0.01727976 -0.02898830 0.05068624
v -0.01726794 -0.02901059 0.05066320
v -0.01725544 -0.02903226 0.05063997
v -0.01724225 -0.02905332 0.05061656
v -0.01722838 -0.02907377 0.05059297
v -0.01721387 -0.02909355 0.05056927
v -0.01719867 -0.02911271 0.05054538
v -0.01719714 -0.02911455 0.05054303
v -0.03453716 -0.04678013 0.05030966
v -0.01718287 -0.02913114 0.05052145
v -0.01716639 -0.02914895 0.05049735
v -0.01646304 -0.02729292 0.05123867
v -0.01652261 -0.02732084 0.05125717
v -0.01205974 -0.02258849 0.05141111
v -0.01628149 -0.02722717 0.05117017
v -0.01634228 -0.02724603 0.05119512
v -0.01640287 -0.02726796 0.05121797
v -0.01609978 -0.02718945 0.05108326
v -0.01616004 -0.02719886 0.05111418
v -0.01622067 -0.02721144 0.05114317
v -0.01658138 -0.02735166 0.05127345
v -0.01663918 -0.02738529 0.05128745
v -0.01666765 -0.02740313 0.05129359
v -0.01669582 -0.02742165 0.05129916
v -0.01672362 -0.02744080 0.05130415
v -0.01675111 -0.02746063 0.05130856
v -0.01677816 -0.02748103 0.05131239
v -0.01680490 -0.02750212 0.05131563
v -0.01683118 -0.02752377 0.05131828
v -0.01685701 -0.02754601 0.05132035
v -0.01688242 -0.02756884 0.05132182
v -0.01690728 -0.02759216 0.05132271
v -0.03539426 -0.04592302 0.05141111
v -0.01693170 -0.02761606 0.05132301
v -0.01695557 -0.02764045 0.05132271
v -0.01697892 -0.02766535 0.05132182
v -0.01700172 -0.02769072 0.05132035
v -0.01702394 -0.02771654 0.05131829
v -0.01704561 -0.02774283 0.05131563
v -0.01706663 -0.02776948 0.05131240
v -0.01708710 -0.02779662 0.05130856
v -0.01710689 -0.02782406 0.05130416
v -0.01712608 -0.02785191 0.05129916
v -0.01714463 -0.02788012 0.05129359
v -0.01716244 -0.02790855 0.05128745
v -0.01719607 -0.02796635 0.05127345
v -0.03521446 -0.04610283 0.05120423
v -0.01722689 -0.02802512 0.05125717
v -0.01725481 -0.02808469 0.05123867
v -0.01727977 -0.02814486 0.05121797
v -0.01730170 -0.02820545 0.05119512
v -0.01732056 -0.02826624 0.05117017
v -0.01733629 -0.02832706 0.05114317
v -0.01734887 -0.02838769 0.05111418
v -0.01735828 -0.02844795 0.05108326
v -0.01736451 -0.02850764 0.05105049
v -0.01736755 -0.02856656 0.05101593
v -0.01736778 -0.02860739 0.05099064
v -0.01565414 -0.02722789 0.05077611
v -0.01570460 -0.02721225 0.05081946
v -0.01170419 -0.02294404 0.05099049
v -0.01547396 -0.02731935 0.05059297
v -0.01549444 -0.02730545 0.05061660
v -0.01551547 -0.02729229 0.05063997
v -0.01553718 -0.02727977 0.05066323
v -0.01555943 -0.02726798 0.05068624
v -0.01558230 -0.02725687 0.05070908
v -0.01560570 -0.02724648 0.05073167
v -0.01562965 -0.02723682 0.05075401
v -0.01575690 -0.02719963 0.05086160
v -0.01581088 -0.02719008 0.05090241
v -0.01586637 -0.02718363 0.05094180
v -0.01592320 -0.02718032 0.05097968
v -0.01594034 -0.02717995 0.05099064
v -0.01196359 -0.02268464 0.05130193
v -0.01598116 -0.02718018 0.05101593
v -0.01604009 -0.02718322 0.05105049
v -0.01104442 -0.02360381 0.05007009
v -0.01520861 -0.02776955 0.05006889
v -0.01521691 -0.02771917 0.05011432
v -0.01522851 -0.02767031 0.05016066
v -0.01524339 -0.02762309 0.05020775
v -0.01525204 -0.02760017 0.05023149
v -0.01526151 -0.02757765 0.05025543
v -0.01527177 -0.02755566 0.05027942
v -0.01528283 -0.02753410 0.05030354
v -0.01529470 -0.02751305 0.05032776
v -0.01530729 -0.02749259 0.05035194
v -0.01532069 -0.02747261 0.05037623
v -0.01533483 -0.02745321 0.05040048
v -0.01534972 -0.02743436 0.05042475
v -0.01127743 -0.02337081 0.05041848
v -0.01536535 -0.02741609 0.05044900
v -0.01538170 -0.02739843 0.05047319
v -0.01136541 -0.02328282 0.05054303
v -0.01539878 -0.02738134 0.05049735
v -0.01541653 -0.02736491 0.05052138
v -0.01543318 -0.02735059 0.05054303
v -0.01161196 -0.02303627 0.05087347
v -0.01543502 -0.02734906 0.05054538
v -0.01545412 -0.02733390 0.05056920
v -0.01554496 -0.02871431 0.04956831
v -0.01552390 -0.02868785 0.04957302
v -0.01550338 -0.02866108 0.04957844
v -0.01548343 -0.02863409 0.04958455
v -0.01546401 -0.02860678 0.04959138
v -0.01544523 -0.02857933 0.04959888
v -0.01542698 -0.02855156 0.04960710
v -0.01539242 -0.02849558 0.04962554
v -0.01096098 -0.02368725 0.04993830
v -0.01536043 -0.02843900 0.04964663
v -0.01533112 -0.02838196 0.04967027
v -0.01530459 -0.02832464 0.04969640
v -0.01528094 -0.02826718 0.04972491
v -0.01526024 -0.02820974 0.04975569
v -0.01524259 -0.02815248 0.04978863
v -0.01522804 -0.02809556 0.04982361
v -0.01521666 -0.02803912 0.04986051
v -0.01520849 -0.02798333 0.04989919
v -0.01520357 -0.02792833 0.04993951
v -0.01520194 -0.02787427 0.04998133
v -0.01520362 -0.02782129 0.05002451
v -0.01292807 -0.02989395 0.04172898
v -0.01292265 -0.02988953 0.04176246
v -0.00884218 -0.02580605 0.04167222
v -0.01291795 -0.02988571 0.04179603
v -0.01291396 -0.02988246 0.04182980
v -0.01291070 -0.02987981 0.04186368
v -0.01290815 -0.02987774 0.04189766
v -0.01290633 -0.02987626 0.04193174
v -0.01290524 -0.02987538 0.04196582
v -0.00883959 -0.02580864 0.04214003
v -0.01290488 -0.02987508 0.04200000
v -0.01290524 -0.02987538 0.04203421
v -0.00884218 -0.02580605 0.04232778
v -0.01290633 -0.02987626 0.04206826
v -0.01290816 -0.02987774 0.04210237
v -0.01291070 -0.02987981 0.04213632
v -0.01291397 -0.02988246 0.04217022
v -0.01291795 -0.02988571 0.04220397
v -0.01292265 -0.02988953 0.04223757
v -0.01292807 -0.02989395 0.04227101
v -0.01324877 -0.03016472 0.04104123
v -0.01321009 -0.03013105 0.04108646
v -0.00886749 -0.02578074 0.04101765
v -0.01317319 -0.03009919 0.04113441
v -0.01313821 -0.03006923 0.04118495
v -0.01310527 -0.03004122 0.04123792
v -0.01307449 -0.03001524 0.04129316
v -0.01304599 -0.02999133 0.04135052
v -0.01301987 -0.02996954 0.04140981
v -0.01299623 -0.02994993 0.04147087
v -0.01297515 -0.02993253 0.04153350
v -0.01295672 -0.02991738 0.04159753
v -0.01294853 -0.02991067 0.04162996
v -0.01294101 -0.02990451 0.04166275
v -0.00884687 -0.02580136 0.04148372
v -0.01293898 -0.02990285 0.04167220
v -0.01293420 -0.02989895 0.04169569
v -0.01425201 -0.03115158 0.04090627
v -0.01421120 -0.03110664 0.04087485
v -0.03225257 -0.04906471 0.04036600
v -0.03222415 -0.04909314 0.04069134
v -0.01432926 -0.03123791 0.04097879
v -0.01429139 -0.03119538 0.04094094
v -0.01416907 -0.03106073 0.04084679
v -0.01412573 -0.03101399 0.04082217
v -0.01410360 -0.03099032 0.04081116
v -0.01408129 -0.03096658 0.04080107
v -0.01405867 -0.03094265 0.04079185
v -0.01403588 -0.03091866 0.04078355
v -0.01401283 -0.03089454 0.04077614
v -0.01398960 -0.03087038 0.04076966
v -0.01396620 -0.03084615 0.04076408
v -0.01394261 -0.03082189 0.04075943
v -0.01391891 -0.03079764 0.04075571
v -0.01389502 -0.03077334 0.04075291
v -0.01387110 -0.03074914 0.04075105
v -0.01384699 -0.03072489 0.04075012
v -0.00891805 -0.02573019 0.04036600
v -0.01382281 -0.03070071 0.04075012
v -0.01379864 -0.03067667 0.04075105
v -0.01377435 -0.03065267 0.04075292
v -0.01375012 -0.03062885 0.04075571
v -0.01372582 -0.03060510 0.04075943
v -0.01370158 -0.03058154 0.04076408
v -0.01367735 -0.03055813 0.04076965
v -0.01365318 -0.03053489 0.04077615
v -0.01362909 -0.03051187 0.04078354
v -0.01360505 -0.03048903 0.04079186
v -0.01358118 -0.03046647 0.04080106
v -0.01351028 -0.03040019 0.04083405
v -0.01346393 -0.03035744 0.04086039
v -0.01355737 -0.03044409 0.04081118
v -0.00887951 -0.02576872 0.04082895
v -0.01341849 -0.03031595 0.04089014
v -0.01337410 -0.03027584 0.04092321
v -0.01333092 -0.03023721 0.04095948
v -0.01328909 -0.03020013 0.04099886
v -0.01327101 -0.03018422 0.04101729
v -0.03217670 -0.04914058 0.04167222
v -0.01464488 -0.03160875 0.04167220
v -0.03218620 -0.04913108 0.04134469
v -0.01464321 -0.03160671 0.04166270
v -0.01463707 -0.03159921 0.04163000
v -0.01462306 -0.03158213 0.04156535
v -0.01449275 -0.03142625 0.04121114
v -0.01446376 -0.03139228 0.04115937
v -0.01443284 -0.03135632 0.04111010
v -0.01460678 -0.03156237 0.04150200
v -0.01458827 -0.03153999 0.04144013
v -0.01456757 -0.03151510 0.04137993
v -0.01454471 -0.03148778 0.04132159
v -0.01451976 -0.03145813 0.04126527
v -0.01464879 -0.03161354 0.04230424
v -0.01465378 -0.03161966 0.04227104
v -0.03217670 -0.04914058 0.04232778
v -0.01465820 -0.03162508 0.04223758
v -0.01466202 -0.03162977 0.04220403
v -0.01466527 -0.03163377 0.04217021
v -0.03217354 -0.04914375 0.04200000
v -0.01466792 -0.03163703 0.04213631
v -0.01466999 -0.03163958 0.04210233
v -0.01467146 -0.03164140 0.04206821
v -0.01467235 -0.03164249 0.04203414
v -0.01467265 -0.03164285 0.04199997
v -0.01467235 -0.03164249 0.04196585
v -0.01467146 -0.03164139 0.04193174
v -0.01466999 -0.03163958 0.04189767
v -0.01466792 -0.03163704 0.04186370
v -0.01466527 -0.03163377 0.04182979
v -0.01466203 -0.03162979 0.04179608
v -0.01465820 -0.03162508 0.04176242
v -0.01465379 -0.03161967 0.04172902
v -0.01464879 -0.03161354 0.04169576
v -0.01446376 -0.03139228 0.04284063
v -0.01449275 -0.03142625 0.04278886
v -0.01451976 -0.03145813 0.04273473
v -0.01454471 -0.03148778 0.04267841
v -0.01456757 -0.03151510 0.04262006
v -0.01458827 -0.03153999 0.04255987
v -0.01460678 -0.03156237 0.04249800
v -0.01462306 -0.03158213 0.04243465
v -0.01463707 -0.03159921 0.04237000
v -0.01464322 -0.03160672 0.04233725
v -0.01464488 -0.03160875 0.04232780
v -0.01341849 -0.03031595 0.04310986
v -0.01346393 -0.03035744 0.04313960
v -0.00891805 -0.02573019 0.04363400
v -0.01337410 -0.03027584 0.04307680
v -0.01351028 -0.03040019 0.04316595
v -0.01355737 -0.03044409 0.04318882
v -0.01358111 -0.03046641 0.04319891
v -0.01360505 -0.03048903 0.04320814
v -0.01362904 -0.03051183 0.04321644
v -0.01365318 -0.03053489 0.04322385
v -0.01367739 -0.03055817 0.04323035
v -0.01370158 -0.03058154 0.04323592
v -0.01372586 -0.03060514 0.04324057
v -0.01375012 -0.03062885 0.04324429
v -0.01377439 -0.03065271 0.04324709
v -0.01379864 -0.03067667 0.04324895
v -0.01382283 -0.03070073 0.04324989
v -0.01384699 -0.03072489 0.04324989
v -0.03225257 -0.04906471 0.04363400
v -0.01387102 -0.03074906 0.04324895
v -0.01389502 -0.03077334 0.04324709
v -0.01391884 -0.03079757 0.04324430
v -0.01394261 -0.03082189 0.04324057
v -0.01396623 -0.03084619 0.04323591
v -0.01398960 -0.03087038 0.04323035
v -0.01401286 -0.03089458 0.04322385
v -0.01403588 -0.03091866 0.04321645
v -0.01405870 -0.03094269 0.04320814
v -0.01408129 -0.03096658 0.04319893
v -0.01410363 -0.03099035 0.04318883
v -0.01412573 -0.03101399 0.04317783
v -0.01416907 -0.03106073 0.04315321
v -0.03222415 -0.04909314 0.04330867
v -0.03220202 -0.04911527 0.04298236
v -0.01421120 -0.03110664 0.04312515
v -0.01425201 -0.03115158 0.04309373
v -0.01429139 -0.03119538 0.04305905
v -0.01432926 -0.03123791 0.04302121
v -0.01436552 -0.03127900 0.04298032
v -0.03218620 -0.04913108 0.04265531
v -0.01440007 -0.03131852 0.04293651
v -0.01443284 -0.03135632 0.04288990
v -0.01293418 -0.02989893 0.04230421
v -0.01293898 -0.02990285 0.04232780
v -0.00885770 -0.02579053 0.04279592
v -0.01294101 -0.02990451 0.04233725
v -0.00886749 -0.02578074 0.04298236
v -0.01294851 -0.02991065 0.04236994
v -0.01295672 -0.02991738 0.04240247
v -0.01310527 -0.03004122 0.04276208
v -0.01313821 -0.03006923 0.04281505
v -0.01317319 -0.03009919 0.04286559
v -0.01321009 -0.03013105 0.04291355
v -0.01297515 -0.02993253 0.04246650
v -0.01299623 -0.02994993 0.04252913
v -0.01301987 -0.02996954 0.04259019
v -0.01304599 -0.02999133 0.04264948
v -0.01307449 -0.03001524 0.04270683
v -0.01324877 -0.03016472 0.04295877
v -0.01327101 -0.03018422 0.04298271
v -0.00890114 -0.02574710 0.04344943
v -0.01328909 -0.03020013 0.04300114
v -0.01333092 -0.03023721 0.04304052
v -0.01724122 -0.02805482 0.03275180
v -0.01721184 -0.02799562 0.03273441
v -0.03539426 -0.04592302 0.03258890
v -0.01726767 -0.02811471 0.03277140
v -0.01732881 -0.02829666 0.03284307
v -0.01731152 -0.02823583 0.03281709
v -0.01729112 -0.02817511 0.03279318
v -0.01736180 -0.02847788 0.03293289
v -0.01735398 -0.02841788 0.03290104
v -0.01734297 -0.02835741 0.03287107
v -0.01717960 -0.02793731 0.03271927
v -0.01716246 -0.02790859 0.03271256
v -0.01714459 -0.02788008 0.03270640
v -0.01712612 -0.02785197 0.03270084
v -0.01710691 -0.02782409 0.03269585
v -0.01708708 -0.02779659 0.03269143
v -0.01706666 -0.02776953 0.03268761
v -0.01704560 -0.02774282 0.03268437
v -0.01702396 -0.02771656 0.03268172
v -0.01700173 -0.02769073 0.03267965
v -0.01697892 -0.02766535 0.03267818
v -0.01695560 -0.02764048 0.03267729
v -0.01693168 -0.02761605 0.03267699
v -0.01690724 -0.02759212 0.03267730
v -0.01205974 -0.02258849 0.03258890
v -0.01688238 -0.02756881 0.03267818
v -0.01685698 -0.02754598 0.03267966
v -0.01683117 -0.02752377 0.03268172
v -0.01680489 -0.02750211 0.03268437
v -0.01677821 -0.02748107 0.03268761
v -0.01675112 -0.02746063 0.03269144
v -0.01672364 -0.02744082 0.03269585
v -0.01669585 -0.02742167 0.03270083
v -0.01666766 -0.02740314 0.03270640
v -0.01663923 -0.02738532 0.03271254
v -0.01661042 -0.02736813 0.03271927
v -0.01655211 -0.02733589 0.03273441
v -0.01181156 -0.02283667 0.03287753
v -0.01649291 -0.02730651 0.03275180
v -0.01170419 -0.02294404 0.03300951
v -0.01643302 -0.02728006 0.03277140
v -0.01637261 -0.02725661 0.03279318
v -0.01631190 -0.02723621 0.03281709
v -0.01625107 -0.02721891 0.03284307
v -0.01619032 -0.02720475 0.03287107
v -0.01612985 -0.02719375 0.03290104
v -0.01606985 -0.02718593 0.03293289
v -0.01601052 -0.02718130 0.03296657
v -0.01595205 -0.02717985 0.03300199
v -0.01594027 -0.02717995 0.03300940
v -0.01731091 -0.02891806 0.03324598
v -0.01732804 -0.02886860 0.03320207
v -0.03503871 -0.04627857 0.03300951
v -0.01722839 -0.02907376 0.03340701
v -0.01724225 -0.02905333 0.03338345
v -0.01725544 -0.02903226 0.03336003
v -0.01726795 -0.02901058 0.03333679
v -0.01727975 -0.02898832 0.03331377
v -0.01729086 -0.02896544 0.03329093
v -0.01730123 -0.02894206 0.03326837
v -0.01734217 -0.02881720 0.03315931
v -0.01735326 -0.02876404 0.03311782
v -0.01736127 -0.02870928 0.03307771
v -0.01736615 -0.02865310 0.03303907
v -0.01736778 -0.02860746 0.03300940
v -0.03521446 -0.04610283 0.03279577
v -0.01736788 -0.02859568 0.03300199
v -0.01736643 -0.02853721 0.03296657
v -0.01703465 -0.02925305 0.03367228
v -0.01705514 -0.02924044 0.03364806
v -0.03469994 -0.04661735 0.03345697
v -0.01690124 -0.02931218 0.03381588
v -0.01692468 -0.02930432 0.03379221
v -0.01694759 -0.02929568 0.03376847
v -0.01697011 -0.02928620 0.03374454
v -0.01699210 -0.02927595 0.03372056
v -0.01701364 -0.02926489 0.03369645
v -0.01707511 -0.02922705 0.03362379
v -0.01709450 -0.02921292 0.03359954
v -0.01711336 -0.02919801 0.03357525
v -0.01713160 -0.02918241 0.03355104
v -0.01714931 -0.02916602 0.03352680
v -0.01716641 -0.02914892 0.03350262
v -0.01718284 -0.02913117 0.03347858
v -0.01719714 -0.02911455 0.03345696
v -0.03486716 -0.04645012 0.03322997
v -0.01719869 -0.02911268 0.03345458
v -0.01721385 -0.02909357 0.03343076
v -0.01596845 -0.02910253 0.03440110
v -0.01602407 -0.02913834 0.03438401
v -0.03437894 -0.04693834 0.03392991
v -0.01594099 -0.02908375 0.03440860
v -0.01588662 -0.02904433 0.03442157
v -0.03422542 -0.04709187 0.03417551
v -0.03407669 -0.04724059 0.03442694
v -0.01591367 -0.02906432 0.03441544
v -0.01608037 -0.02917164 0.03436424
v -0.01613720 -0.02920230 0.03434187
v -0.01619440 -0.02923023 0.03431697
v -0.01625182 -0.02925533 0.03428964
v -0.01630928 -0.02927751 0.03425998
v -0.01636665 -0.02929670 0.03422810
v -0.01642376 -0.02931281 0.03419413
v -0.01648046 -0.02932578 0.03415817
v -0.01653659 -0.02933556 0.03412037
v -0.01659201 -0.02934211 0.03408085
v -0.01664656 -0.02934538 0.03403976
v -0.01670009 -0.02934536 0.03399724
v -0.01675247 -0.02934203 0.03395345
v -0.01677937 -0.02933897 0.03393007
v -0.03453716 -0.04678013 0.03369034
v -0.01680355 -0.02933538 0.03390852
v -0.01685318 -0.02932543 0.03386261
v -0.01558863 -0.02876632 0.03443894
v -0.01561120 -0.02879181 0.03444149
v -0.01045956 -0.02418868 0.03494658
v -0.01563429 -0.02881698 0.03444331
v -0.03393288 -0.04738441 0.03468403
v -0.01568170 -0.02886606 0.03444476
v -0.03379408 -0.04752320 0.03494658
v -0.01565775 -0.02884170 0.03444440
v -0.01570603 -0.02888998 0.03444440
v -0.01573079 -0.02891348 0.03444331
v -0.01575592 -0.02893653 0.03444149
v -0.01578139 -0.02895908 0.03443894
v -0.01580725 -0.02898119 0.03443567
v -0.01583338 -0.02900274 0.03443169
v -0.01586006 -0.02902397 0.03442695
v -0.01537609 -0.02846736 0.03436424
v -0.01540939 -0.02852366 0.03438401
v -0.01074216 -0.02390607 0.03442694
v -0.01534543 -0.02841053 0.03434187
v -0.01527022 -0.02823845 0.03425998
v -0.01529240 -0.02829591 0.03428964
v -0.01531750 -0.02835332 0.03431697
v -0.01522195 -0.02806727 0.03415817
v -0.01523492 -0.02812397 0.03419413
v -0.01525103 -0.02818108 0.03422810
v -0.01520235 -0.02790117 0.03403976
v -0.01520562 -0.02795572 0.03408085
v -0.01521217 -0.02801114 0.03412037
v -0.01544520 -0.02857928 0.03440110
v -0.01546401 -0.02860678 0.03440862
v -0.01548341 -0.02863406 0.03441544
v -0.01550336 -0.02866106 0.03442156
v -0.01552390 -0.02868784 0.03442698
v -0.01054271 -0.02410552 0.03478748
v -0.01554492 -0.02871427 0.03443168
v -0.01556654 -0.02874048 0.03443567
v -0.01523555 -0.02764649 0.03381588
v -0.01522230 -0.02769454 0.03386261
v -0.01104442 -0.02360381 0.03392991
v -0.01136541 -0.02328282 0.03345697
v -0.01539879 -0.02738133 0.03350264
v -0.01538171 -0.02739842 0.03352680
v -0.01114016 -0.02350807 0.03378337
v -0.01536537 -0.02741607 0.03355097
v -0.01534972 -0.02743437 0.03357525
v -0.01533485 -0.02745318 0.03359948
v -0.01532068 -0.02747262 0.03362379
v -0.01530727 -0.02749262 0.03364810
v -0.01529467 -0.02751308 0.03367228
v -0.01528282 -0.02753413 0.03369648
v -0.01527178 -0.02755563 0.03372056
v -0.01526151 -0.02757765 0.03374458
v -0.01525205 -0.02760014 0.03376847
v -0.01524340 -0.02762308 0.03379224
v -0.01521235 -0.02774418 0.03390852
v -0.01520876 -0.02776837 0.03393007
v -0.01083172 -0.02381651 0.03427387
v -0.01520570 -0.02779526 0.03395345
v -0.01520237 -0.02784763 0.03399724
v -0.01578369 -0.02719447 0.03311782
v -0.01573053 -0.02720556 0.03315931
v -0.01589463 -0.02718158 0.03303907
v -0.01583845 -0.02718646 0.03307771
v -0.01567913 -0.02721969 0.03320207
v -0.01562966 -0.02723682 0.03324598
v -0.01560574 -0.02724647 0.03326830
v -0.01558229 -0.02725687 0.03329093
v -0.01555946 -0.02726796 0.03331373
v -0.01553715 -0.02727978 0.03333679
v -0.01551544 -0.02729231 0.03336007
v -0.01549440 -0.02730548 0.03338345
v -0.01547394 -0.02731936 0.03340705
v -0.01545416 -0.02733388 0.03343076
v -0.01543502 -0.02734906 0.03345462
v -0.01146710 -0.02318114 0.03331746
v -0.01543318 -0.02735059 0.03345696
v -0.01541656 -0.02736489 0.03347858
v -0.02921697 -0.01616541 0.03432973
v -0.02918766 -0.01610838 0.03435338
v -0.04738476 -0.03393252 0.03468403
v -0.02928784 -0.01633763 0.03424431
v -0.02926715 -0.01628020 0.03427509
v -0.02924349 -0.01622274 0.03430360
v -0.02915567 -0.01605179 0.03437446
v -0.02912110 -0.01599581 0.03439290
v -0.02910286 -0.01596805 0.03440112
v -0.02908408 -0.01594059 0.03440862
v -0.02906466 -0.01591329 0.03441545
v -0.02904471 -0.01588629 0.03442157
v -0.02902418 -0.01585953 0.03442698
v -0.02900313 -0.01583306 0.03443168
v -0.02898155 -0.01580691 0.03443567
v -0.02895946 -0.01578106 0.03443894
v -0.02893691 -0.01575559 0.03444148
v -0.02891384 -0.01573043 0.03444331
v -0.02889038 -0.01570573 0.03444440
v -0.02886640 -0.01568133 0.03444476
v -0.02405024 -0.01059800 0.03468403
v -0.02884202 -0.01565737 0.03444440
v -0.02881730 -0.01563389 0.03444331
v -0.02879215 -0.01561084 0.03444149
v -0.02876667 -0.01558827 0.03443894
v -0.02874084 -0.01556620 0.03443567
v -0.02871467 -0.01554460 0.03443168
v -0.02868823 -0.01552357 0.03442698
v -0.02866144 -0.01550302 0.03442157
v -0.02863436 -0.01548301 0.03441543
v -0.02860714 -0.01546365 0.03440862
v -0.02857960 -0.01544482 0.03440109
v -0.02855192 -0.01542663 0.03439290
v -0.02849594 -0.01539206 0.03437446
v -0.02381686 -0.01083137 0.03427387
v -0.02843935 -0.01536007 0.03435338
v -0.02375770 -0.01089054 0.03417551
v -0.02838232 -0.01533076 0.03432973
v -0.02832499 -0.01530423 0.03430360
v -0.02826753 -0.01528058 0.03427509
v -0.02821009 -0.01525989 0.03424431
v -0.02815284 -0.01524224 0.03421137
v -0.02809592 -0.01522769 0.03417639
v -0.02928657 -0.01696973 0.03374457
v -0.02929605 -0.01694720 0.03376851
v -0.04709222 -0.03422506 0.03417551
v -0.02930469 -0.01692428 0.03379225
v -0.02931957 -0.01687707 0.03383934
v -0.02933117 -0.01682820 0.03388567
v -0.02933948 -0.01677783 0.03393111
v -0.02934446 -0.01672608 0.03397549
v -0.02934614 -0.01667311 0.03401867
v -0.02934451 -0.01661905 0.03406049
v -0.02933960 -0.01656404 0.03410081
v -0.02933143 -0.01650825 0.03413949
v -0.02932035 -0.01645316 0.03417553
v -0.04724095 -0.03407633 0.03442694
v -0.02930549 -0.01639489 0.03421137
v -0.02894238 -0.01730089 0.03326833
v -0.02896579 -0.01729051 0.03329092
v -0.04645047 -0.03486681 0.03322997
v -0.02891843 -0.01731055 0.03324599
v -0.02898866 -0.01727940 0.03331376
v -0.02901091 -0.01726761 0.03333677
v -0.02903261 -0.01725509 0.03336003
v -0.02905364 -0.01724192 0.03338340
v -0.02907413 -0.01722803 0.03340703
v -0.04661770 -0.03469958 0.03345697
v -0.02909396 -0.01721347 0.03343080
v -0.04678048 -0.03453680 0.03369034
v -0.02911306 -0.01719831 0.03345461
v -0.02913155 -0.01718246 0.03347862
v -0.02914930 -0.01716603 0.03350266
v -0.02916639 -0.01714895 0.03352681
v -0.02918273 -0.01713128 0.03355101
v -0.02919836 -0.01711301 0.03357524
v -0.02921326 -0.01709416 0.03359952
v -0.02922739 -0.01707477 0.03362377
v -0.02924079 -0.01705479 0.03364806
v -0.02925339 -0.01703433 0.03367224
v -0.02926233 -0.01701863 0.03369035
v -0.04693869 -0.03437859 0.03392991
v -0.02926525 -0.01701327 0.03369646
v -0.02927632 -0.01699172 0.03372059
v -0.02826660 -0.01732020 0.03282983
v -0.02832741 -0.01733593 0.03285683
v -0.02838805 -0.01734852 0.03288582
v -0.02844831 -0.01735793 0.03291674
v -0.02850800 -0.01736415 0.03294951
v -0.02856692 -0.01736719 0.03298407
v -0.02862489 -0.01736705 0.03302032
v -0.02879119 -0.01734774 0.03313840
v -0.02884349 -0.01733512 0.03318054
v -0.02868171 -0.01736374 0.03305819
v -0.02873720 -0.01735730 0.03309759
v -0.02889394 -0.01731949 0.03322389
v -0.02890074 -0.01731710 0.03322995
v -0.02732119 -0.01652225 0.03274283
v -0.02735202 -0.01658103 0.03272656
v -0.02247607 -0.01217216 0.03246489
v -0.02729327 -0.01646268 0.03276133
v -0.02738565 -0.01663883 0.03271255
v -0.02740346 -0.01666725 0.03270641
v -0.02742200 -0.01669546 0.03270083
v -0.02744119 -0.01672332 0.03269584
v -0.02746098 -0.01675076 0.03269144
v -0.02748145 -0.01677789 0.03268761
v -0.02750247 -0.01680454 0.03268437
v -0.02752414 -0.01683083 0.03268172
v -0.02754636 -0.01685665 0.03267965
v -0.02756916 -0.01688203 0.03267818
v -0.02759252 -0.01690693 0.03267729
v -0.02954714 -0.01924323 0.03246489
v -0.02761638 -0.01693131 0.03267699
v -0.02764080 -0.01695521 0.03267729
v -0.02766566 -0.01697853 0.03267818
v -0.02769108 -0.01700137 0.03267965
v -0.02771691 -0.01702360 0.03268172
v -0.02774319 -0.01704526 0.03268437
v -0.02776992 -0.01706634 0.03268762
v -0.02779697 -0.01708675 0.03269144
v -0.02782447 -0.01710658 0.03269585
v -0.02785227 -0.01712573 0.03270083
v -0.02788043 -0.01714424 0.03270640
v -0.02790890 -0.01716208 0.03271255
v -0.02796670 -0.01719571 0.03272656
v -0.02802548 -0.01722653 0.03274283
v -0.02808504 -0.01725446 0.03276133
v -0.02814522 -0.01727941 0.03278203
v -0.02818165 -0.01729298 0.03279553
v -0.02721180 -0.01622032 0.03285683
v -0.02722753 -0.01628113 0.03282983
v -0.02276866 -0.01187958 0.03279577
v -0.02719921 -0.01615968 0.03288582
v -0.02718053 -0.01598081 0.03298407
v -0.02718357 -0.01603973 0.03294951
v -0.02718980 -0.01609942 0.03291674
v -0.02719998 -0.01575654 0.03313840
v -0.02719043 -0.01581053 0.03309759
v -0.02718398 -0.01586602 0.03305819
v -0.02718068 -0.01592284 0.03302032
v -0.02724638 -0.01634193 0.03280487
v -0.02725475 -0.01636608 0.03279553
v -0.02726832 -0.01640251 0.03278203
v -0.02749294 -0.01530694 0.03364806
v -0.02747299 -0.01532032 0.03362381
v -0.02344596 -0.01120227 0.03369034
v -0.02745357 -0.01533447 0.03359952
v -0.02743474 -0.01534934 0.03357529
v -0.02741645 -0.01536500 0.03355101
v -0.02739880 -0.01538133 0.03352683
v -0.02318149 -0.01146674 0.03331746
v -0.02738170 -0.01539843 0.03350266
v -0.02736522 -0.01541624 0.03347855
v -0.02311595 -0.01153228 0.03322997
v -0.02734942 -0.01543467 0.03345461
v -0.02733422 -0.01545382 0.03343073
v -0.02731970 -0.01547360 0.03340703
v -0.02730583 -0.01549405 0.03338344
v -0.02729264 -0.01551512 0.03336003
v -0.02728014 -0.01553679 0.03333680
v -0.02726833 -0.01555908 0.03331376
v -0.02725724 -0.01558191 0.03329096
v -0.02724684 -0.01560535 0.03326833
v -0.02723719 -0.01562926 0.03324602
v -0.02723063 -0.01564699 0.03322995
v -0.02283703 -0.01181120 0.03287753
v -0.02722824 -0.01565379 0.03322389
v -0.02721260 -0.01570424 0.03318054
v -0.02771953 -0.01521656 0.03388567
v -0.02767066 -0.01522816 0.03383934
v -0.02776990 -0.01520825 0.03393111
v -0.02803948 -0.01521630 0.03413949
v -0.02798369 -0.01520813 0.03410081
v -0.02792868 -0.01520322 0.03406049
v -0.02787462 -0.01520159 0.03401867
v -0.02782164 -0.01520326 0.03397549
v -0.02762345 -0.01524304 0.03379225
v -0.02760046 -0.01525171 0.03376844
v -0.02757800 -0.01526116 0.03374457
v -0.02755597 -0.01527143 0.03372054
v -0.02753446 -0.01528248 0.03369646
v -0.02350843 -0.01113980 0.03378337
v -0.02752910 -0.01528540 0.03369035
v -0.02751344 -0.01529432 0.03367228
v -0.03152821 -0.01457783 0.04140981
v -0.04913144 -0.03218584 0.04134469
v -0.03150209 -0.01455605 0.04135052
v -0.03149931 -0.01455372 0.04134460
v -0.03161391 -0.01464844 0.04169579
v -0.03162002 -0.01465343 0.04172898
v -0.04914410 -0.03217318 0.04200000
v -0.03160708 -0.01464286 0.04166275
v -0.03155186 -0.01459745 0.04147087
v -0.03157294 -0.01461485 0.04153350
v -0.04914093 -0.03217635 0.04167222
v -0.03159136 -0.01462999 0.04159753
v -0.03159958 -0.01463673 0.04163006
v -0.03162543 -0.01465784 0.04176243
v -0.03163013 -0.01466167 0.04179603
v -0.03163412 -0.01466491 0.04182978
v -0.03163739 -0.01466756 0.04186368
v -0.03163993 -0.01466963 0.04189763
v -0.03164175 -0.01467111 0.04193174
v -0.03025669 -0.01335199 0.04094094
v -0.03029608 -0.01339580 0.04090627
v -0.02575897 -0.00888927 0.04069134
v -0.03014802 -0.01322886 0.04106349
v -0.03018257 -0.01326838 0.04101968
v -0.03021882 -0.01330947 0.04097879
v -0.03005533 -0.01312112 0.04121114
v -0.03008432 -0.01315510 0.04115937
v -0.03011524 -0.01319105 0.04111010
v -0.03033689 -0.01344073 0.04087485
v -0.03037902 -0.01348665 0.04084679
v -0.03042236 -0.01353338 0.04082217
v -0.03055848 -0.01367699 0.04076966
v -0.03058185 -0.01370118 0.04076409
v -0.03060548 -0.01372549 0.04075943
v -0.03062925 -0.01374981 0.04075571
v -0.03065306 -0.01377404 0.04075291
v -0.03067706 -0.01379831 0.04075105
v -0.03070110 -0.01382249 0.04075012
v -0.04909349 -0.03222379 0.04069134
v -0.03072526 -0.01384664 0.04075012
v -0.03074945 -0.01387070 0.04075105
v -0.03077369 -0.01389467 0.04075291
v -0.03079797 -0.01391853 0.04075571
v -0.03082222 -0.01394223 0.04075943
v -0.03084650 -0.01396584 0.04076408
v -0.03087069 -0.01398921 0.04076965
v -0.03089491 -0.01401248 0.04077615
v -0.03091905 -0.01403554 0.04078355
v -0.03094303 -0.01405834 0.04079186
v -0.03096697 -0.01408097 0.04080109
v -0.03044446 -0.01355702 0.04081118
v -0.03046680 -0.01358079 0.04080107
v -0.03048938 -0.01360469 0.04079186
v -0.03051221 -0.01362871 0.04078355
v -0.03053522 -0.01365279 0.04077615
v -0.03099072 -0.01410328 0.04081118
v -0.03103781 -0.01414719 0.04083405
v -0.04911562 -0.03220166 0.04101765
v -0.03108415 -0.01418994 0.04086039
v -0.03112960 -0.01423142 0.04089014
v -0.03117398 -0.01427153 0.04092321
v -0.03121717 -0.01431017 0.04095948
v -0.03125899 -0.01434724 0.04099886
v -0.03129932 -0.01438265 0.04104123
v -0.03133800 -0.01441633 0.04108646
v -0.03137489 -0.01444819 0.04113441
v -0.03140987 -0.01447815 0.04118495
v -0.03144281 -0.01450615 0.04123792
v -0.03147359 -0.01453214 0.04129316
v -0.02580172 -0.00884651 0.04148372
v -0.02580958 -0.00883866 0.04200000
v -0.02987573 -0.01290489 0.04196585
v -0.02987662 -0.01290598 0.04193179
v -0.02987810 -0.01290780 0.04189767
v -0.02579691 -0.00885132 0.04134469
v -0.02988016 -0.01291034 0.04186369
v -0.02988282 -0.01291361 0.04182979
v -0.02988607 -0.01291760 0.04179597
v -0.02988989 -0.01292230 0.04176242
v -0.02989430 -0.01292772 0.04172896
v -0.02989929 -0.01293383 0.04169576
v -0.02990487 -0.01294065 0.04166275
v -0.02991101 -0.01294817 0.04163000
v -0.02992503 -0.01296524 0.04156535
v -0.02994131 -0.01298501 0.04150200
v -0.02995982 -0.01300738 0.04144013
v -0.02998052 -0.01303227 0.04137993
v -0.02999407 -0.01304849 0.04134446
v -0.02576907 -0.00887916 0.04082895
v -0.03000337 -0.01305960 0.04132159
v -0.03002833 -0.01308925 0.04126527
v -0.02998052 -0.01303227 0.04262006
v -0.02995982 -0.01300738 0.04255987
v -0.02579691 -0.00885132 0.04265531
v -0.02994131 -0.01298501 0.04249800
v -0.02992503 -0.01296524 0.04243465
v -0.02991101 -0.01294817 0.04237000
v -0.02990487 -0.01294066 0.04233730
v -0.02989929 -0.01293383 0.04230424
v -0.02989430 -0.01292770 0.04227098
v -0.02988989 -0.01292230 0.04223758
v -0.02988606 -0.01291759 0.04220392
v -0.02988282 -0.01291361 0.04217021
v -0.02988016 -0.01291034 0.04213630
v -0.02987810 -0.01290780 0.04210233
v -0.02580900 -0.00883923 0.04214003
v -0.02987662 -0.01290598 0.04206826
v -0.02987573 -0.01290489 0.04203414
v -0.02987544 -0.01290452 0.04200003
v -0.03112960 -0.01423142 0.04310986
v -0.03108415 -0.01418994 0.04313960
v -0.04909349 -0.03222379 0.04330867
v -0.03117398 -0.01427153 0.04307680
v -0.03129932 -0.01438265 0.04295877
v -0.03125899 -0.01434724 0.04300114
v -0.03121717 -0.01431017 0.04304052
v -0.03140987 -0.01447815 0.04281505
v -0.03137489 -0.01444819 0.04286559
v -0.03133800 -0.01441633 0.04291355
v -0.04913144 -0.03218584 0.04265531
v -0.03149931 -0.01455372 0.04265540
v -0.04911562 -0.03220166 0.04298236
v -0.03147359 -0.01453214 0.04270683
v -0.03144281 -0.01450615 0.04276208
v -0.03103781 -0.01414719 0.04316595
v -0.03099072 -0.01410328 0.04318882
v -0.03096690 -0.01408090 0.04319894
v -0.03094303 -0.01405834 0.04320814
v -0.03091900 -0.01403550 0.04321646
v -0.03089491 -0.01401248 0.04322385
v -0.03087073 -0.01398925 0.04323035
v -0.03084650 -0.01396584 0.04323592
v -0.03082226 -0.01394227 0.04324056
v -0.03079797 -0.01391853 0.04324429
v -0.03077373 -0.01389470 0.04324708
v -0.03074945 -0.01387070 0.04324895
v -0.03072528 -0.01384667 0.04324989
v -0.03070110 -0.01382249 0.04324989
v -0.02575897 -0.00888927 0.04330867
v -0.03067699 -0.01379824 0.04324895
v -0.03065306 -0.01377404 0.04324709
v -0.03062918 -0.01374974 0.04324429
v -0.03060548 -0.01372549 0.04324057
v -0.03058189 -0.01370122 0.04323592
v -0.03055848 -0.01367699 0.04323035
v -0.03053526 -0.01365283 0.04322386
v -0.03051221 -0.01362871 0.04321645
v -0.03048942 -0.01360473 0.04320815
v -0.03046680 -0.01358079 0.04319893
v -0.03044449 -0.01355706 0.04318884
v -0.03042236 -0.01353338 0.04317783
v -0.03037902 -0.01348665 0.04315321
v -0.02579089 -0.00885734 0.04279592
v -0.03033689 -0.01344073 0.04312515
v -0.03029608 -0.01339580 0.04309373
v -0.03025669 -0.01335199 0.04305905
v -0.03021882 -0.01330947 0.04302121
v -0.03018257 -0.01326838 0.04298032
v -0.03014802 -0.01322886 0.04293651
v -0.03011524 -0.01319105 0.04288990
v -0.03008432 -0.01315510 0.04284063
v -0.03005533 -0.01312112 0.04278886
v -0.03002833 -0.01308925 0.04273473
v -0.03000337 -0.01305960 0.04267841
v -0.02999407 -0.01304849 0.04265554
v -0.03164284 -0.01467199 0.04196579
v -0.03164321 -0.01467229 0.04200000
v -0.04914093 -0.03217635 0.04232778
v -0.03164284 -0.01467199 0.04203418
v -0.03164175 -0.01467111 0.04206826
v -0.03163993 -0.01466963 0.04210234
v -0.03163739 -0.01466756 0.04213632
v -0.03163412 -0.01466491 0.04217020
v -0.03163013 -0.01466167 0.04220397
v -0.03162544 -0.01465785 0.04223755
v -0.03162002 -0.01465343 0.04227101
v -0.03161389 -0.01464843 0.04230431
v -0.03160708 -0.01464286 0.04233725
v -0.03159955 -0.01463671 0.04237004
v -0.03159136 -0.01462999 0.04240247
v -0.03157294 -0.01461485 0.04246650
v -0.03155186 -0.01459745 0.04252913
v -0.03152821 -0.01457783 0.04259019
v -0.03150209 -0.01455605 0.04264948
v -0.02805517 -0.01724086 0.05124820
v -0.02799598 -0.01721148 0.05126559
v -0.04573964 -0.03557764 0.05161096
v -0.02793767 -0.01717925 0.05128073
v -0.02790885 -0.01716205 0.05128746
v -0.02788043 -0.01714424 0.05129359
v -0.02785224 -0.01712570 0.05129917
v -0.02782444 -0.01710656 0.05130416
v -0.02779696 -0.01708674 0.05130857
v -0.02776988 -0.01706631 0.05131239
v -0.02774320 -0.01704527 0.05131563
v -0.02771691 -0.01702360 0.05131828
v -0.02769110 -0.01700140 0.05132035
v -0.02240512 -0.01224312 0.05161096
v -0.02766570 -0.01697857 0.05132182
v -0.02764085 -0.01695526 0.05132271
v -0.02761640 -0.01693133 0.05132301
v -0.02759249 -0.01690690 0.05132271
v -0.02756916 -0.01688203 0.05132182
v -0.02754635 -0.01685664 0.05132035
v -0.02752413 -0.01683082 0.05131828
v -0.02750248 -0.01680455 0.05131563
v -0.02748142 -0.01677785 0.05131239
v -0.02746100 -0.01675079 0.05130857
v -0.02744117 -0.01672329 0.05130416
v -0.02742197 -0.01669541 0.05129915
v -0.02740349 -0.01666730 0.05129359
v -0.02738562 -0.01663879 0.05128744
v -0.02736848 -0.01661006 0.05128073
v -0.02733625 -0.01655175 0.05126559
v -0.02730687 -0.01649256 0.05124820
v -0.02728042 -0.01643266 0.05122859
v -0.02725697 -0.01637226 0.05120681
v -0.02268500 -0.01196324 0.05130193
v -0.02847824 -0.01736144 0.05106710
v -0.02841824 -0.01735362 0.05109896
v -0.04610318 -0.03521410 0.05120423
v -0.02835776 -0.01734262 0.05112892
v -0.02829701 -0.01732846 0.05115693
v -0.04645047 -0.03486681 0.05077003
v -0.02890065 -0.01731713 0.05077013
v -0.04627892 -0.03503836 0.05099049
v -0.02886896 -0.01732768 0.05079793
v -0.02881756 -0.01734182 0.05084068
v -0.02876440 -0.01735291 0.05088218
v -0.02870963 -0.01736091 0.05092229
v -0.02865345 -0.01736580 0.05096094
v -0.02859604 -0.01736752 0.05099801
v -0.02853757 -0.01736608 0.05103343
v -0.02823618 -0.01731116 0.05118291
v -0.02818204 -0.01729312 0.05120433
v -0.04592338 -0.03539391 0.05141111
v -0.02817547 -0.01729076 0.05120681
v -0.02811507 -0.01726731 0.05122859
v -0.02922740 -0.01707475 0.05037621
v -0.02921323 -0.01709420 0.05040052
v -0.02919836 -0.01711301 0.05042475
v -0.02918271 -0.01713130 0.05044903
v -0.02916637 -0.01714896 0.05047320
v -0.02914929 -0.01716604 0.05049736
v -0.02913153 -0.01718249 0.05052141
v -0.02911306 -0.01719831 0.05054538
v -0.02909393 -0.01721350 0.05056924
v -0.02907415 -0.01722801 0.05059295
v -0.02905369 -0.01724190 0.05061655
v -0.02903265 -0.01725507 0.05063993
v -0.02901093 -0.01726759 0.05066321
v -0.02898863 -0.01727941 0.05068627
v -0.02896580 -0.01729050 0.05070907
v -0.02894234 -0.01730091 0.05073170
v -0.02891842 -0.01731055 0.05075402
v -0.04678048 -0.03453680 0.05030966
v -0.02934246 -0.01659165 0.04991915
v -0.02934574 -0.01664620 0.04996024
v -0.02934572 -0.01669974 0.05000276
v -0.02934239 -0.01675212 0.05004656
v -0.02933574 -0.01680319 0.05009148
v -0.02932578 -0.01685283 0.05013739
v -0.02931254 -0.01690089 0.05018412
v -0.02930469 -0.01692429 0.05020776
v -0.02929603 -0.01694724 0.05023153
v -0.02928657 -0.01696972 0.05025542
v -0.02927631 -0.01699175 0.05027944
v -0.02926526 -0.01701325 0.05030352
v -0.02926233 -0.01701863 0.05030965
v -0.04661770 -0.03469958 0.05054303
v -0.02925341 -0.01703429 0.05032772
v -0.02924081 -0.01705475 0.05035190
v -0.02846771 -0.01537574 0.04963575
v -0.02852401 -0.01540903 0.04961599
v -0.02405024 -0.01059800 0.04931597
v -0.02841088 -0.01534508 0.04965813
v -0.02823880 -0.01526986 0.04974002
v -0.02829627 -0.01529204 0.04971036
v -0.02835368 -0.01531714 0.04968303
v -0.02857963 -0.01544484 0.04959890
v -0.02860709 -0.01546362 0.04959139
v -0.02863441 -0.01548305 0.04958456
v -0.02866146 -0.01550304 0.04957843
v -0.02868820 -0.01552354 0.04957302
v -0.02871470 -0.01554464 0.04956831
v -0.02874083 -0.01556619 0.04956433
v -0.02876669 -0.01558829 0.04956106
v -0.02879217 -0.01561085 0.04955851
v -0.02881730 -0.01563389 0.04955669
v -0.02884205 -0.01565740 0.04955560
v -0.02886638 -0.01568131 0.04955524
v -0.02889034 -0.01570568 0.04955560
v -0.02891380 -0.01573039 0.04955669
v -0.04738476 -0.03393252 0.04931597
v -0.02893688 -0.01575556 0.04955851
v -0.02895945 -0.01578105 0.04956106
v -0.02898154 -0.01580690 0.04956433
v -0.02900316 -0.01583310 0.04956832
v -0.02902419 -0.01585953 0.04957302
v -0.02904473 -0.01588632 0.04957844
v -0.02906468 -0.01591332 0.04958456
v -0.02908408 -0.01594060 0.04959138
v -0.02910289 -0.01596810 0.04959890
v -0.02913870 -0.01602372 0.04961599
v -0.04724095 -0.03407633 0.04957306
v -0.04709222 -0.03422506 0.04982449
v -0.02917199 -0.01608002 0.04963575
v -0.02920265 -0.01613685 0.04965813
v -0.02923058 -0.01619405 0.04968303
v -0.02925569 -0.01625146 0.04971036
v -0.02927787 -0.01630893 0.04974002
v -0.02929705 -0.01636630 0.04977190
v -0.02931316 -0.01642341 0.04980587
v -0.02932027 -0.01645280 0.04982423
v -0.04693869 -0.03437859 0.05007009
v -0.02932613 -0.01648010 0.04984183
v -0.02933592 -0.01653624 0.04987963
v -0.02795608 -0.01520527 0.04991915
v -0.02801149 -0.01521181 0.04987963
v -0.02375770 -0.01089054 0.04982449
v -0.02757797 -0.01526117 0.05025546
v -0.02760049 -0.01525170 0.05023153
v -0.02762340 -0.01524305 0.05020779
v -0.02764684 -0.01523519 0.05018412
v -0.02769490 -0.01522195 0.05013739
v -0.02774454 -0.01521199 0.05009148
v -0.02779561 -0.01520534 0.05004656
v -0.02784799 -0.01520201 0.05000276
v -0.02790153 -0.01520199 0.04996024
v -0.02806763 -0.01522160 0.04984183
v -0.02809493 -0.01522746 0.04982423
v -0.02398501 -0.01066322 0.04943436
v -0.02812432 -0.01523457 0.04980587
v -0.02818143 -0.01525068 0.04977190
v -0.02311595 -0.01153228 0.05077003
v -0.02724685 -0.01560531 0.05073163
v -0.02725723 -0.01558193 0.05070907
v -0.02726834 -0.01555906 0.05068623
v -0.02728014 -0.01553680 0.05066321
v -0.02729264 -0.01551511 0.05063997
v -0.02730583 -0.01549405 0.05061655
v -0.02731969 -0.01547362 0.05059299
v -0.02733423 -0.01545380 0.05056924
v -0.02734939 -0.01543469 0.05054542
v -0.02736524 -0.01541620 0.05052141
v -0.02337116 -0.01127707 0.05041848
v -0.02738168 -0.01539845 0.05049738
v -0.02739877 -0.01538136 0.05047320
v -0.02344596 -0.01120227 0.05030966
v -0.02741648 -0.01536497 0.05044895
v -0.02743472 -0.01534937 0.05042475
v -0.02745359 -0.01533446 0.05040046
v -0.02747298 -0.01532033 0.05037621
v -0.02749294 -0.01530694 0.05035194
v -0.02751344 -0.01529432 0.05032772
v -0.02752910 -0.01528540 0.05030965
v -0.02368761 -0.01096063 0.04993830
v -0.02753445 -0.01528249 0.05030356
v -0.02755598 -0.01527142 0.05027944
v -0.02276866 -0.01187958 0.05120423
v -0.02725461 -0.01636569 0.05120433
v -0.02723657 -0.01631155 0.05118291
v -0.02721927 -0.01625071 0.05115693
v -0.02720511 -0.01618997 0.05112892
v -0.02719411 -0.01612949 0.05109896
v -0.02718629 -0.01606949 0.05106710
v -0.02718165 -0.01601016 0.05103343
v -0.02718021 -0.01595169 0.05099801
v -0.02718193 -0.01589428 0.05096094
v -0.02718681 -0.01583809 0.05092229
v -0.02719482 -0.01578333 0.05088218
v -0.02720591 -0.01573017 0.05084068
v -0.02722005 -0.01567877 0.05079793
v -0.02303662 -0.01161161 0.05087347
v -0.02723060 -0.01564708 0.05077013
v -0.02723717 -0.01562931 0.05075402
v -0.02820580 -0.01730135 0.03280487
v -0.04627892 -0.03503836 0.03300951
v -0.04610318 -0.03521410 0.03279577
v -0.04592338 -0.03539391 0.03258890
v -0.02947618 -0.01931418 0.03238904
v -0.04573964 -0.03557764 0.03238904
v -0.02923866 -0.01955170 0.03214684
v -0.04555211 -0.03576517 0.03219636
v -0.02909748 -0.01969289 0.03201100
v -0.04536094 -0.03595635 0.03201100
v -0.02886405 -0.01992632 0.03179894
v -0.04516625 -0.03615103 0.03183308
v -0.02870474 -0.02008563 0.03166276
v -0.04496820 -0.03634908 0.03166276
v -0.02847697 -0.02031340 0.03147950
v -0.04476693 -0.03655035 0.03150015
v -0.02829914 -0.02049123 0.03134538
v -0.04456260 -0.03675468 0.03134538
v -0.02807850 -0.02071187 0.03118941
v -0.04435536 -0.03696193 0.03119855
v -0.02788189 -0.02090847 0.03105979
v -0.04414535 -0.03717193 0.03105979
v -0.02766976 -0.02112061 0.03092947
v -0.04393275 -0.03738454 0.03092919
v -0.02745424 -0.02133613 0.03080685
v -0.04371770 -0.03759958 0.03080685
v -0.02725188 -0.02153849 0.03070042
v -0.04350037 -0.03781692 0.03069287
v -0.02701746 -0.02177291 0.03058732
v -0.04328091 -0.03803637 0.03058732
v -0.02682603 -0.02196433 0.03050288
v -0.04305951 -0.03825778 0.03049029
v -0.02657285 -0.02221752 0.03040185
v -0.04283631 -0.03848098 0.03040185
v -0.02639341 -0.02239696 0.03033743
v -0.04261148 -0.03870580 0.03032206
v -0.02612174 -0.02266863 0.03025099
v -0.04238520 -0.03893208 0.03025099
v -0.02595521 -0.02283516 0.03020450
v -0.04215763 -0.03915965 0.03018869
v -0.02566548 -0.02312488 0.03013520
v -0.04192894 -0.03938834 0.03013520
v -0.02551266 -0.02327771 0.03010448
v -0.04169931 -0.03961798 0.03009056
v -0.02520543 -0.02358493 0.03005481
v -0.04146889 -0.03984839 0.03005481
v -0.02506699 -0.02372338 0.03003765
v -0.04123788 -0.04007941 0.03002798
v -0.02474297 -0.02404740 0.03001007
v -0.04100643 -0.04031086 0.03001007
v -0.02461945 -0.02417092 0.03000418
v -0.04077472 -0.04054257 0.03000112
v -0.02427946 -0.02451091 0.03000112
v -0.04054292 -0.04077436 0.03000112
v -0.02417128 -0.02461909 0.03000418
v -0.04031121 -0.04100607 0.03001007
v -0.02381631 -0.02497406 0.03002798
v -0.04007976 -0.04123752 0.03002798
v -0.02372374 -0.02506663 0.03003765
v -0.03984875 -0.04146854 0.03005481
v -0.02335488 -0.02543549 0.03009056
v -0.03961833 -0.04169895 0.03009056
v -0.02327807 -0.02551230 0.03010448
v -0.03938870 -0.04192859 0.03013520
v -0.02289655 -0.02589382 0.03018869
v -0.03916001 -0.04215728 0.03018869
v -0.02283552 -0.02595485 0.03020450
v -0.03893244 -0.04238484 0.03025099
v -0.02244270 -0.02634767 0.03032206
v -0.03870616 -0.04261113 0.03032206
v -0.02239732 -0.02639305 0.03033743
v -0.03848133 -0.04283595 0.03040185
v -0.02199467 -0.02679569 0.03049029
v -0.03825813 -0.04305915 0.03049029
v -0.02196469 -0.02682568 0.03050288
v -0.03803672 -0.04328056 0.03058732
v -0.02155381 -0.02723655 0.03069287
v -0.03781727 -0.04350001 0.03069287
v -0.02153884 -0.02725152 0.03070042
v -0.03759994 -0.04371734 0.03080685
v -0.02112097 -0.02766940 0.03092947
v -0.03738489 -0.04393239 0.03092919
v -0.03717229 -0.04414500 0.03105979
v -0.02071222 -0.02807814 0.03118941
v -0.02069883 -0.02809154 0.03119855
v -0.03696228 -0.04435500 0.03119855
v -0.02031376 -0.02847661 0.03147950
v -0.03675504 -0.04456225 0.03134538
v -0.02028725 -0.02850312 0.03150015
v -0.03655071 -0.04476658 0.03150015
v -0.01992667 -0.02886369 0.03179894
v -0.03634944 -0.04496784 0.03166276
v -0.01988793 -0.02890244 0.03183308
v -0.03615139 -0.04516589 0.03183308
v -0.01955206 -0.02923831 0.03214684
v -0.03595670 -0.04536058 0.03201100
v -0.01950207 -0.02928830 0.03219636
v -0.01217252 -0.02247572 0.03246489
v -0.01924358 -0.02954678 0.03246489
v -0.03576552 -0.04555176 0.03219636
v -0.03557800 -0.04573929 0.03238904
v -0.04906507 -0.03225222 0.04363400
v -0.02574745 -0.00890078 0.04344943
v -0.04903037 -0.03228691 0.04395811
v -0.02569585 -0.00895239 0.04395811
v -0.04898943 -0.03232785 0.04428077
v -0.02567881 -0.00896942 0.04409861
v -0.04894227 -0.03237502 0.04460172
v -0.02560774 -0.00904049 0.04460172
v -0.04888893 -0.03242836 0.04492073
v -0.02558517 -0.00906306 0.04474150
v -0.04882944 -0.03248784 0.04523756
v -0.02549492 -0.00915331 0.04523756
v -0.04876386 -0.03255342 0.04555198
v -0.02546681 -0.00918142 0.04537619
v -0.04869224 -0.03262505 0.04586374
v -0.02535771 -0.00929052 0.04586374
v -0.04861461 -0.03270267 0.04617262
v -0.02532410 -0.00932413 0.04600079
v -0.04853105 -0.03278623 0.04647839
v -0.02519652 -0.00945171 0.04647839
v -0.04844162 -0.03287567 0.04678082
v -0.02515744 -0.00949079 0.04661341
v -0.04834637 -0.03297091 0.04707967
v -0.02501185 -0.00963639 0.04707967
v -0.04824539 -0.03307189 0.04737474
v -0.02496735 -0.00968088 0.04721223
v -0.04813875 -0.03317853 0.04766579
v -0.02480423 -0.00984401 0.04766579
v -0.04802653 -0.03329076 0.04795262
v -0.02475439 -0.00989384 0.04779545
v -0.04790881 -0.03340847 0.04823501
v -0.02457428 -0.01007395 0.04823501
v -0.04778568 -0.03353161 0.04851274
v -0.02451920 -0.01012903 0.04836133
v -0.04765723 -0.03366006 0.04878561
v -0.02432270 -0.01032553 0.04878561
v -0.04752356 -0.03379373 0.04905342
v -0.02426249 -0.01038574 0.04890818
v -0.04555211 -0.03576517 0.05180364
v -0.02231733 -0.01233091 0.05170254
v -0.04536094 -0.03595635 0.05198901
v -0.02202641 -0.01262182 0.05198901
v -0.04516625 -0.03615103 0.05216692
v -0.02193472 -0.01271351 0.05207412
v -0.04496820 -0.03634908 0.05233724
v -0.02163367 -0.01301456 0.05233724
v -0.04476693 -0.03655035 0.05249985
v -0.02153832 -0.01310991 0.05241557
v -0.04456260 -0.03675468 0.05265462
v -0.02122807 -0.01342016 0.05265462
v -0.04435536 -0.03696193 0.05280145
v -0.02112931 -0.01351892 0.05272585
v -0.04414535 -0.03717193 0.05294021
v -0.02081083 -0.01383741 0.05294021
v -0.04393275 -0.03738454 0.05307081
v -0.02070891 -0.01393932 0.05300403
v -0.04371770 -0.03759958 0.05319315
v -0.02038317 -0.01426506 0.05319315
v -0.04350037 -0.03781692 0.05330713
v -0.02027839 -0.01436984 0.05324929
v -0.04328091 -0.03803637 0.05341268
v -0.01994639 -0.01470184 0.05341268
v -0.04305951 -0.03825778 0.05350971
v -0.01983903 -0.01480920 0.05346090
v -0.04283631 -0.03848098 0.05359815
v -0.01950178 -0.01514645 0.05359815
v -0.04261148 -0.03870580 0.05367794
v -0.01939215 -0.01525609 0.05363821
v -0.04238520 -0.03893208 0.05374901
v -0.01905067 -0.01559756 0.05374901
v -0.04215763 -0.03915965 0.05381131
v -0.01893908 -0.01570916 0.05378070
v -0.03938870 -0.04192859 0.05386480
v -0.01616742 -0.01848082 0.05388795
v -0.03916001 -0.04215728 0.05381131
v -0.01582548 -0.01882275 0.05381131
v -0.03893244 -0.04238484 0.05374901
v -0.01570951 -0.01893872 0.05378070
v -0.03870616 -0.04261113 0.05367794
v -0.01537163 -0.01927660 0.05367794
v -0.03848133 -0.04283595 0.05359815
v -0.01525644 -0.01939179 0.05363821
v -0.03825813 -0.04305915 0.05350971
v -0.01492361 -0.01972463 0.05350971
v -0.03803672 -0.04328056 0.05341268
v -0.01480956 -0.01983868 0.05346090
v -0.03781727 -0.04350001 0.05330713
v -0.01448275 -0.02016549 0.05330713
v -0.03759994 -0.04371734 0.05319315
v -0.01437020 -0.02027804 0.05324929
v -0.03738489 -0.04393239 0.05307081
v -0.01405037 -0.02059786 0.05307081
v -0.03717229 -0.04414500 0.05294021
v -0.01393967 -0.02070856 0.05300403
v -0.03696228 -0.04435500 0.05280145
v -0.01362776 -0.02102047 0.05280145
v -0.03675504 -0.04456225 0.05265462
v -0.01351928 -0.02112895 0.05272585
v -0.03655071 -0.04476658 0.05249985
v -0.01321618 -0.02143205 0.05249985
v -0.03634944 -0.04496784 0.05233724
v -0.01311027 -0.02153796 0.05241557
v -0.03615139 -0.04516589 0.05216692
v -0.01281686 -0.02183137 0.05216692
v -0.03595670 -0.04536058 0.05198901
v -0.01271387 -0.02193437 0.05207412
v -0.03576552 -0.04555176 0.05180364
v -0.01243100 -0.02221723 0.05180364
v -0.03557800 -0.04573929 0.05161096
v -0.01233126 -0.02231697 0.05170254
v -0.03366041 -0.04765687 0.04878561
v -0.01038610 -0.02426213 0.04890818
v -0.03353196 -0.04778532 0.04851274
v -0.01019744 -0.02445080 0.04851274
v -0.03340883 -0.04790845 0.04823501
v -0.01012938 -0.02451885 0.04836133
v -0.03329111 -0.04802617 0.04795262
v -0.00995658 -0.02469165 0.04795262
v -0.03317889 -0.04813840 0.04766579
v -0.00989419 -0.02475404 0.04779545
v -0.03307225 -0.04824504 0.04737474
v -0.00973772 -0.02491051 0.04737474
v -0.03297127 -0.04834602 0.04707967
v -0.00968123 -0.02496700 0.04721223
v -0.03287602 -0.04844126 0.04678082
v -0.00954150 -0.02510673 0.04678082
v -0.03278659 -0.04853070 0.04647839
v -0.00949114 -0.02515709 0.04661341
v -0.03270303 -0.04861426 0.04617262
v -0.00936850 -0.02527973 0.04617262
v -0.03262540 -0.04869188 0.04586374
v -0.00932449 -0.02532374 0.04600079
v -0.03255378 -0.04876351 0.04555198
v -0.00921925 -0.02542898 0.04555198
v -0.03248820 -0.04882909 0.04523756
v -0.00918177 -0.02546646 0.04537619
v -0.03242871 -0.04888857 0.04492073
v -0.00909419 -0.02555405 0.04492073
v -0.03237537 -0.04894191 0.04460172
v -0.00906342 -0.02558481 0.04474150
v -0.03232821 -0.04898907 0.04428077
v -0.00899368 -0.02565455 0.04428077
v -0.03228727 -0.04903002 0.04395811
v -0.00896978 -0.02567845 0.04409861
v -0.03228727 -0.04903002 0.04004189
v -0.00893742 -0.02571081 0.04017768
v -0.03232821 -0.04898907 0.03971923
v -0.00899368 -0.02565455 0.03971923
v -0.03237537 -0.04894191 0.03939828
v -0.00902043 -0.02562780 0.03953187
v -0.03242871 -0.04888857 0.03907927
v -0.00909419 -0.02555405 0.03907927
v -0.03248820 -0.04882909 0.03876244
v -0.00912828 -0.02551995 0.03889345
v -0.03255378 -0.04876351 0.03844802
v -0.00921925 -0.02542898 0.03844802
v -0.03262540 -0.04869188 0.03813626
v -0.00926065 -0.02538758 0.03826432
v -0.03270303 -0.04861426 0.03782738
v -0.00936850 -0.02527973 0.03782738
v -0.03278659 -0.04853070 0.03752161
v -0.00941715 -0.02523108 0.03764636
v -0.03287602 -0.04844126 0.03721918
v -0.00954150 -0.02510673 0.03721918
v -0.03297127 -0.04834602 0.03692033
v -0.00959731 -0.02505092 0.03704144
v -0.03307225 -0.04824504 0.03662526
v -0.00973772 -0.02491051 0.03662526
v -0.03317889 -0.04813840 0.03633421
v -0.00980058 -0.02484765 0.03645134
v -0.03329111 -0.04802617 0.03604738
v -0.00995658 -0.02469165 0.03604738
v -0.03340883 -0.04790845 0.03576499
v -0.01002637 -0.02462186 0.03587785
v -0.03353196 -0.04778532 0.03548726
v -0.01019744 -0.02445080 0.03548726
v -0.03366041 -0.04765687 0.03521439
v -0.01027400 -0.02437424 0.03532268
v -0.04752356 -0.03379373 0.03494658
v -0.02410587 -0.01054236 0.03478748
v -0.04765723 -0.03366006 0.03521439
v -0.02432270 -0.01032553 0.03521439
v -0.04778568 -0.03353161 0.03548726
v -0.02437459 -0.01027364 0.03532268
v -0.04790881 -0.03340847 0.03576499
v -0.02457428 -0.01007395 0.03576499
v -0.04802653 -0.03329076 0.03604738
v -0.02462222 -0.01002602 0.03587785
v -0.04813875 -0.03317853 0.03633421
v -0.02480423 -0.00984401 0.03633421
v -0.04824539 -0.03307189 0.03662526
v -0.02484800 -0.00980023 0.03645134
v -0.04834637 -0.03297091 0.03692033
v -0.02501185 -0.00963639 0.03692033
v -0.04844162 -0.03287567 0.03721918
v -0.02505128 -0.00959695 0.03704144
v -0.04853105 -0.03278623 0.03752161
v -0.02519652 -0.00945171 0.03752161
v -0.04861461 -0.03270267 0.03782738
v -0.02523144 -0.00941680 0.03764636
v -0.04869224 -0.03262505 0.03813626
v -0.02535771 -0.00929052 0.03813626
v -0.04876386 -0.03255342 0.03844802
v -0.02538794 -0.00926030 0.03826432
v -0.04882944 -0.03248784 0.03876244
v -0.02549492 -0.00915331 0.03876244
v -0.04888893 -0.03242836 0.03907927
v -0.02552031 -0.00912792 0.03889345
v -0.04894227 -0.03237502 0.03939828
v -0.02560774 -0.00904049 0.03939828
v -0.04898943 -0.03232785 0.03971923
v -0.02562816 -0.00902007 0.03953187
v -0.04903037 -0.03228691 0.04004189
v -0.02569585 -0.00895239 0.04004189
v -0.04906507 -0.03225222 0.04036600
v -0.02571116 -0.00893707 0.04017768
v -0.02151875 -0.02127768 0.02700097
v -0.02157427 -0.02123792 0.02700188
v -0.02310834 -0.02320452 0.02700016
v -0.02308257 -0.02322699 0.02700035
v -0.02305626 -0.02324869 0.02700062
v -0.02302933 -0.02326970 0.02700097
v -0.02300185 -0.02328995 0.02700138
v -0.02294527 -0.02332818 0.02700245
v -0.02288668 -0.02336326 0.02700379
v -0.02282626 -0.02339509 0.02700540
v -0.02276420 -0.02342358 0.02700726
v -0.02270068 -0.02344863 0.02700933
v -0.02263588 -0.02347017 0.02701162
v -0.02257000 -0.02348814 0.02701407
v -0.02250324 -0.02350250 0.02701666
v -0.02243579 -0.02351318 0.02701937
v -0.02236786 -0.02352016 0.02702216
v -0.02229965 -0.02352343 0.02702500
v -0.02223137 -0.02352296 0.02702784
v -0.02216321 -0.02351876 0.02703067
v -0.02209538 -0.02351085 0.02703345
v -0.02202809 -0.02349925 0.02703613
v -0.02196153 -0.02348399 0.02703870
v -0.02189590 -0.02346512 0.02704111
v -0.02183140 -0.02344269 0.02704335
v -0.02176822 -0.02341677 0.02704539
v -0.02170656 -0.02338745 0.02704718
v -0.02164658 -0.02335479 0.02704873
v -0.02159455 -0.02332287 0.02704989
v -0.02158848 -0.02331891 0.02705001
v -0.02153242 -0.02327992 0.02705100
v -0.02150519 -0.02325927 0.02705139
v -0.02147858 -0.02323792 0.02705170
v -0.02145254 -0.02321582 0.02705193
v -0.02142711 -0.02319304 0.02705209
v -0.02140233 -0.02316958 0.02705217
v -0.02137817 -0.02314542 0.02705217
v -0.02135472 -0.02312065 0.02705209
v -0.02133190 -0.02309519 0.02705193
v -0.02130985 -0.02306920 0.02705170
v -0.02128845 -0.02304252 0.02705139
v -0.02126777 -0.02301526 0.02705100
v -0.02124793 -0.02298755 0.02705054
v -0.02121048 -0.02293045 0.02704940
v -0.02117620 -0.02287139 0.02704799
v -0.02114520 -0.02281054 0.02704631
v -0.02111757 -0.02274810 0.02704440
v -0.02109338 -0.02268423 0.02704226
v -0.02107273 -0.02261915 0.02703993
v -0.02105565 -0.02255303 0.02703743
v -0.02104222 -0.02248608 0.02703480
v -0.02103246 -0.02241849 0.02703207
v -0.02102640 -0.02235047 0.02702926
v -0.02102407 -0.02228222 0.02702642
v -0.02102547 -0.02221395 0.02702357
v -0.02103060 -0.02214586 0.02702076
v -0.02103943 -0.02207815 0.02701801
v -0.02105195 -0.02201101 0.02701535
v -0.02106812 -0.02194467 0.02701282
v -0.02108789 -0.02187931 0.02701045
v -0.02111120 -0.02181512 0.02700827
v -0.02113797 -0.02175230 0.02700630
v -0.02115010 -0.02172666 0.02700555
v -0.02116814 -0.02169104 0.02700456
v -0.02120161 -0.02163152 0.02700309
v -0.02123828 -0.02157391 0.02700188
v -0.02127804 -0.02151839 0.02700097
v -0.02129904 -0.02149147 0.02700062
v -0.02132077 -0.02146513 0.02700035
v -0.02134325 -0.02143935 0.02700016
v -0.02136634 -0.02141428 0.02700004
v -0.02139018 -0.02138978 0.02700000
v -0.02141463 -0.02136599 0.02700004
v -0.02143975 -0.02134285 0.02700016
v -0.02146548 -0.02132041 0.02700035
v -0.02149180 -0.02129870 0.02700062
v -0.02169139 -0.02116779 0.02700456
v -0.02163187 -0.02120125 0.02700309
v -0.02172701 -0.02114974 0.02700555
v -0.02175266 -0.02113762 0.02700630
v -0.02181548 -0.02111084 0.02700827
v -0.02187966 -0.02108753 0.02701045
v -0.02194502 -0.02106777 0.02701282
v -0.02201137 -0.02105160 0.02701535
v -0.02207850 -0.02103908 0.02701801
v -0.02214621 -0.02103024 0.02702076
v -0.02221431 -0.02102512 0.02702357
v -0.02228258 -0.02102372 0.02702642
v -0.02235083 -0.02102605 0.02702926
v -0.02241885 -0.02103210 0.02703207
v -0.02248643 -0.02104186 0.02703480
v -0.02255338 -0.02105530 0.02703743
v -0.02261950 -0.02107237 0.02703993
v -0.02268459 -0.02109303 0.02704226
v -0.02274845 -0.02111721 0.02704440
v -0.02281090 -0.02114484 0.02704631
v -0.02287174 -0.02117584 0.02704799
v -0.02293080 -0.02121012 0.02704940
v -0.02298790 -0.02124758 0.02705054
v -0.02301566 -0.02126745 0.02705100
v -0.02304287 -0.02128809 0.02705139
v -0.02306948 -0.02130944 0.02705170
v -0.02309555 -0.02133155 0.02705193
v -0.02312093 -0.02135430 0.02705209
v -0.02314577 -0.02137781 0.02705217
v -0.02316994 -0.02140199 0.02705217
v -0.02319339 -0.02142676 0.02705209
v -0.02321622 -0.02145222 0.02705193
v -0.02323827 -0.02147823 0.02705170
v -0.02325965 -0.02150488 0.02705139
v -0.02328027 -0.02153207 0.02705100
v -0.02331927 -0.02158812 0.02705001
v -0.02335515 -0.02164622 0.02704873
v -0.02338780 -0.02170620 0.02704718
v -0.02341713 -0.02176787 0.02704539
v -0.02344304 -0.02183105 0.02704335
v -0.02346547 -0.02189554 0.02704111
v -0.02348434 -0.02196117 0.02703870
v -0.02349961 -0.02202773 0.02703613
v -0.02351121 -0.02209502 0.02703345
v -0.02351912 -0.02216285 0.02703067
v -0.02352331 -0.02223101 0.02702784
v -0.02352378 -0.02229930 0.02702500
v -0.02352052 -0.02236750 0.02702216
v -0.02351353 -0.02243543 0.02701937
v -0.02350285 -0.02250288 0.02701666
v -0.02348850 -0.02256964 0.02701407
v -0.02347053 -0.02263552 0.02701162
v -0.02344898 -0.02270032 0.02700933
v -0.02342393 -0.02276385 0.02700726
v -0.02339795 -0.02282081 0.02700555
v -0.02339545 -0.02282591 0.02700540
v -0.02336362 -0.02288632 0.02700379
v -0.02332854 -0.02294491 0.02700245
v -0.02329031 -0.02300150 0.02700138
v -0.02327004 -0.02302899 0.02700097
v -0.02324905 -0.02305591 0.02700062
v -0.02322733 -0.02308224 0.02700035
v -0.02320487 -0.02310798 0.02700016
v -0.02318176 -0.02313307 0.02700004
v -0.02315793 -0.02315757 0.02700000
v -0.02313340 -0.02318143 0.02700004
v -0.01272810 -0.02192013 0.02980369
v -0.01944562 -0.02863765 0.02980369
v -0.01272810 -0.02192013 0.03087570
v -0.01944562 -0.02863765 0.03087570
v -0.02192049 -0.01272774 0.03087570
v -0.02863801 -0.01944526 0.03087570
v -0.02192049 -0.01272774 0.02980369
v -0.02863801 -0.01944526 0.02980369
v -0.01979014 -0.02829313 0.03104114
v -0.01940366 -0.02867961 0.03135928
v -0.01941273 -0.02867054 0.03130450
v -0.02867997 -0.01940330 0.03135928
v -0.02829348 -0.01978978 0.03104114
v -0.02867089 -0.01941237 0.03130450
v -0.02865653 -0.01942673 0.03119840
v -0.01942709 -0.02865618 0.03119840
v -0.01943737 -0.02864590 0.03109136
v -0.02020521 -0.02787806 0.03073896
v -0.01944355 -0.02863971 0.03098369
v -0.02063098 -0.02745228 0.03046820
v -0.02106627 -0.02701700 0.03022960
v -0.02787841 -0.02020485 0.03073896
v -0.02864007 -0.01944320 0.03098369
v -0.02864625 -0.01943702 0.03109136
v -0.02150986 -0.02657341 0.03002384
v -0.01944760 -0.02863567 0.02969788
v -0.01963912 -0.02844415 0.02879388
v -0.01967860 -0.02840466 0.02870396
v -0.01972139 -0.02836187 0.02861713
v -0.01986838 -0.02821489 0.02837749
v -0.01992312 -0.02816015 0.02830531
v -0.01998048 -0.02810279 0.02823733
v -0.02004031 -0.02804296 0.02817373
v -0.02010243 -0.02798084 0.02811470
v -0.02016667 -0.02791660 0.02806040
v -0.02023285 -0.02785042 0.02801098
v -0.02030079 -0.02778248 0.02796659
v -0.02771333 -0.02036994 0.02792733
v -0.02701735 -0.02106591 0.03022960
v -0.02716704 -0.02091623 0.02766592
v -0.02657376 -0.02150950 0.03002384
v -0.02661151 -0.02147175 0.02744688
v -0.02612311 -0.02196016 0.02985149
v -0.02604839 -0.02203488 0.02727087
v -0.02566665 -0.02241662 0.02971302
v -0.02547933 -0.02260393 0.02713840
v -0.02520566 -0.02287761 0.02960884
v -0.02490603 -0.02317724 0.02704987
v -0.02474142 -0.02334184 0.02953922
v -0.02433017 -0.02375310 0.02700554
v -0.02427523 -0.02380804 0.02950436
v -0.02375345 -0.02432981 0.02700554
v -0.02380839 -0.02427488 0.02950436
v -0.02317759 -0.02490567 0.02704987
v -0.02334220 -0.02474107 0.02953922
v -0.02260429 -0.02547898 0.02713840
v -0.02287796 -0.02520530 0.02960884
v -0.02203523 -0.02604803 0.02727087
v -0.02241697 -0.02566630 0.02971302
v -0.02147211 -0.02661116 0.02744688
v -0.02196051 -0.02612275 0.02985149
v -0.02091658 -0.02716669 0.02766592
v -0.02037029 -0.02771297 0.02792733
v -0.02778283 -0.02030044 0.02796659
v -0.02785077 -0.02023250 0.02801098
v -0.02791695 -0.02016631 0.02806040
v -0.02798120 -0.02010207 0.02811470
v -0.02804332 -0.02003995 0.02817373
v -0.02745264 -0.02063063 0.03046820
v -0.01976738 -0.02831589 0.02853362
v -0.01981642 -0.02826685 0.02845366
v -0.02810314 -0.01998013 0.02823733
v -0.02816050 -0.01992276 0.02830531
v -0.02821524 -0.01986802 0.02837749
v -0.02856729 -0.01951597 0.02917918
v -0.02858877 -0.01949449 0.02928057
v -0.02826721 -0.01981606 0.02845366
v -0.02831625 -0.01976702 0.02853362
v -0.02836223 -0.01972104 0.02861713
v -0.02863009 -0.01945318 0.02959237
v -0.02863603 -0.01944724 0.02969788
v -0.01945353 -0.02862973 0.02959237
v -0.01946341 -0.02861986 0.02948746
v -0.01947719 -0.02860607 0.02938343
v -0.01949485 -0.02858842 0.02928057
v -0.01951633 -0.02856694 0.02917918
v -0.01954157 -0.02854169 0.02907954
v -0.02840502 -0.01967825 0.02870396
v -0.02844450 -0.01963876 0.02879388
v -0.02848057 -0.01960270 0.02888662
v -0.02860643 -0.01947684 0.02938343
v -0.02862022 -0.01946305 0.02948746
v -0.01957051 -0.02851276 0.02898193
v -0.01960305 -0.02848021 0.02888662
v -0.02851312 -0.01957015 0.02898193
v -0.02854205 -0.01954122 0.02907954
v -0.01588677 -0.01876146 0.02713840
v -0.01646008 -0.01818815 0.02704987
v -0.01703594 -0.01761230 0.02700554
v -0.01761265 -0.01703558 0.02700554
v -0.01876182 -0.01588642 0.02713840
v -0.01818851 -0.01645972 0.02704987
v -0.01365278 -0.02099546 0.02792733
v -0.01419906 -0.02044917 0.02766592
v -0.01475459 -0.01989364 0.02744688
v -0.01531772 -0.01933052 0.02727087
v -0.01933087 -0.01531736 0.02727087
v -0.01989400 -0.01475423 0.02744688
v -0.02044952 -0.01419871 0.02766592
v -0.02099581 -0.01365242 0.02792733
v -0.03994209 -0.01238382 0.04313960
v -0.03960465 -0.01272126 0.04276208
v -0.03963512 -0.01269079 0.04281505
v -0.03970197 -0.01262394 0.04108646
v -0.03973814 -0.01258776 0.04104123
v -0.03977601 -0.01254989 0.04099886
v -0.03955006 -0.01277585 0.04264948
v -0.03957626 -0.01274964 0.04270683
v -0.03966759 -0.01265831 0.04286559
v -0.03970197 -0.01262394 0.04291355
v -0.03973814 -0.01258776 0.04295877
v -0.03985637 -0.01246953 0.04307680
v -0.03981546 -0.01251044 0.04304052
v -0.03977601 -0.01254989 0.04300114
v -0.03989862 -0.01242728 0.04310986
v -0.03985637 -0.01246953 0.04092321
v -0.03981546 -0.01251044 0.04095948
v -0.04302708 -0.00929882 0.03639071
v -0.04081498 -0.01151092 0.04097879
v -0.04077479 -0.01155112 0.04094094
v -0.00929918 -0.04302673 0.03639071
v -0.00950035 -0.04282555 0.03529526
v -0.01157210 -0.04075380 0.04092321
v -0.03966759 -0.01265831 0.04113441
v -0.03963512 -0.01269079 0.04118495
v -0.03960465 -0.01272126 0.04123792
v -0.03957626 -0.01274964 0.04129316
v -0.03955006 -0.01277585 0.04135052
v -0.04346876 -0.00885714 0.04086850
v -0.04117304 -0.01115287 0.04176242
v -0.04116257 -0.01116334 0.04169576
v -0.00973708 -0.04258882 0.03421411
v -0.01165781 -0.04066809 0.04086039
v -0.01161435 -0.04071155 0.04089014
v -0.01153119 -0.04079471 0.04095948
v -0.01149174 -0.04083416 0.04099886
v -0.00913399 -0.04319192 0.03749813
v -0.01145387 -0.04087203 0.04104123
v -0.01276338 -0.03956253 0.04267841
v -0.04111597 -0.01120993 0.04150200
v -0.04341335 -0.00891256 0.03973943
v -0.04113399 -0.01119191 0.04156535
v -0.04114954 -0.01117636 0.04163000
v -0.04102034 -0.01130556 0.04126527
v -0.04099090 -0.01133500 0.04121114
v -0.04332112 -0.00900479 0.03861517
v -0.04095942 -0.01136648 0.04115937
v -0.04319227 -0.00913363 0.03749813
v -0.04282591 -0.00950000 0.03529526
v -0.01203307 -0.04029284 0.04075012
v -0.01198478 -0.04034112 0.04075105
v -0.01143387 -0.04089204 0.02910241
v -0.01102839 -0.04129751 0.03007819
v -0.01193661 -0.04038929 0.04075571
v -0.01065522 -0.04167069 0.03107941
v -0.00973708 -0.04258882 0.04978589
v -0.00950035 -0.04282555 0.04870475
v -0.01161435 -0.04071155 0.04310986
v -0.04109553 -0.01123037 0.04255987
v -0.04111597 -0.01120993 0.04249800
v -0.04341335 -0.00891256 0.04426057
v -0.04118882 -0.01113709 0.04203414
v -0.04118882 -0.01113709 0.04196585
v -0.04348725 -0.00883866 0.04200000
v -0.04118618 -0.01113972 0.04189767
v -0.04118092 -0.01114499 0.04182979
v -0.04092598 -0.01139992 0.04111010
v -0.04089069 -0.01143521 0.04106349
v -0.04085366 -0.01147225 0.04101968
v -0.04022088 -0.01210502 0.04075571
v -0.04017296 -0.01215294 0.04076408
v -0.03841313 -0.01391277 0.02467588
v -0.03783431 -0.01449159 0.02389428
v -0.04012543 -0.01220047 0.04077615
v -0.03723059 -0.01509532 0.02315132
v -0.04007844 -0.01224746 0.04079186
v -0.03660324 -0.01572266 0.02244858
v -0.01188869 -0.04043721 0.04076408
v -0.01184116 -0.04048474 0.04077615
v -0.01031514 -0.04201077 0.03210394
v -0.01179417 -0.04053173 0.04079186
v -0.01000887 -0.04231703 0.03314958
v -0.01174786 -0.04057805 0.04081118
v -0.01170236 -0.04062354 0.04083405
v -0.00883901 -0.04348689 0.04200000
v -0.01113843 -0.04118747 0.04193174
v -0.01113711 -0.04118879 0.04200000
v -0.01165781 -0.04066809 0.04313960
v -0.01170236 -0.04062354 0.04316595
v -0.01000887 -0.04231703 0.05085042
v -0.01174786 -0.04057805 0.04318882
v -0.01031514 -0.04201077 0.05189606
v -0.01179417 -0.04053173 0.04320814
v -0.01065522 -0.04167069 0.05292059
v -0.01184116 -0.04048474 0.04322385
v -0.01188869 -0.04043721 0.04323592
v -0.01102839 -0.04129751 0.05392181
v -0.01193661 -0.04038929 0.04324429
v -0.01143387 -0.04089204 0.05489759
v -0.01198478 -0.04034112 0.04324895
v -0.01187078 -0.04045513 0.05584584
v -0.01203307 -0.04029284 0.04324989
v -0.01249052 -0.03983539 0.04305905
v -0.01253071 -0.03979519 0.04302121
v -0.04055534 -0.01177057 0.04319893
v -0.04060126 -0.01172464 0.04317783
v -0.04231739 -0.01000852 0.05085042
v -0.04346876 -0.00885714 0.04313149
v -0.04114954 -0.01117636 0.04237000
v -0.04116257 -0.01116334 0.04230424
v -0.04109553 -0.01123037 0.04144013
v -0.04107274 -0.01125317 0.04137993
v -0.04104765 -0.01127826 0.04132159
v -0.01276338 -0.03956253 0.04132159
v -0.01273607 -0.03958983 0.04126527
v -0.01270663 -0.03961927 0.04121114
v -0.04022088 -0.01210502 0.04324429
v -0.03896581 -0.01336010 0.05850555
v -0.04017296 -0.01215294 0.04323592
v -0.03841313 -0.01391277 0.05932412
v -0.04012543 -0.01220047 0.04322385
v -0.03783431 -0.01449159 0.06010572
v -0.04007844 -0.01224746 0.04320814
v -0.04113399 -0.01119191 0.04243465
v -0.04073319 -0.01159271 0.04090627
v -0.04069032 -0.01163558 0.04087485
v -0.04258917 -0.00973673 0.03421411
v -0.04064630 -0.01167961 0.04084679
v -0.04231739 -0.01000852 0.03314958
v -0.01260642 -0.03971948 0.04106349
v -0.01264171 -0.03968419 0.04111010
v -0.01267515 -0.03965076 0.04115937
v -0.00929918 -0.04302673 0.04760929
v -0.01153119 -0.04079471 0.04304052
v -0.01157210 -0.04075380 0.04307680
v -0.01267515 -0.03965076 0.04284063
v -0.01270663 -0.03961927 0.04278886
v -0.01273607 -0.03958983 0.04273473
v -0.04077479 -0.01155112 0.04305905
v -0.04302708 -0.00929882 0.04760929
v -0.04073319 -0.01159271 0.04309373
v -0.04282591 -0.00950000 0.04870475
v -0.04081498 -0.01151092 0.04302121
v -0.04085366 -0.01147225 0.04298032
v -0.04319227 -0.00913363 0.04650186
v -0.04089069 -0.01143521 0.04293651
v -0.04092598 -0.01139992 0.04288990
v -0.04332112 -0.00900479 0.04538483
v -0.04095942 -0.01136648 0.04284063
v -0.04099090 -0.01133500 0.04278886
v -0.04117304 -0.01115287 0.04223758
v -0.04118092 -0.01114499 0.04217021
v -0.04118618 -0.01113972 0.04210233
v -0.03896581 -0.01336010 0.02549446
v -0.03949116 -0.01283474 0.02634825
v -0.04026906 -0.01205685 0.04075105
v -0.03998807 -0.01233783 0.02723545
v -0.04031734 -0.01200857 0.04075012
v -0.04045548 -0.01187042 0.02815416
v -0.04036559 -0.01196032 0.04075291
v -0.04089239 -0.01143351 0.02910241
v -0.04041365 -0.01191225 0.04075943
v -0.04129787 -0.01102804 0.03007819
v -0.04046139 -0.01186451 0.04076966
v -0.04167104 -0.01065486 0.03107941
v -0.04050867 -0.01181724 0.04078355
v -0.04201112 -0.01031478 0.03210394
v -0.04055534 -0.01177057 0.04080107
v -0.04060126 -0.01172464 0.04082217
v -0.01253071 -0.03979519 0.04097879
v -0.01256939 -0.03975652 0.04101968
v -0.01249052 -0.03983539 0.04094094
v -0.01244892 -0.03987698 0.04090627
v -0.01240605 -0.03991985 0.04087485
v -0.01135085 -0.04097506 0.04118495
v -0.00900514 -0.04332076 0.03861517
v -0.01138332 -0.04094258 0.04113441
v -0.01141770 -0.04090821 0.04108646
v -0.01124183 -0.04108407 0.04140981
v -0.01122021 -0.04110570 0.04147087
v -0.00891291 -0.04341299 0.03973943
v -0.01120097 -0.04112494 0.04153350
v -0.00885750 -0.04346841 0.04086850
v -0.01118418 -0.04114172 0.04159753
v -0.01116989 -0.04115602 0.04166275
v -0.04102034 -0.01130556 0.04273473
v -0.04104765 -0.01127826 0.04267841
v -0.04107274 -0.01125317 0.04262006
v -0.03595362 -0.01637229 0.02178756
v -0.04003213 -0.01229377 0.04081118
v -0.03528310 -0.01704280 0.02116968
v -0.01217712 -0.04014878 0.04076966
v -0.01449195 -0.03783396 0.02389428
v -0.01222440 -0.04010151 0.04078355
v -0.01509567 -0.03723023 0.02315132
v -0.01227107 -0.04005484 0.04080107
v -0.01132038 -0.04100553 0.04123792
v -0.01129199 -0.04103391 0.04129316
v -0.01126579 -0.04106012 0.04135052
v -0.01115813 -0.04116777 0.04172898
v -0.01114896 -0.04117695 0.04179603
v -0.01114238 -0.04118352 0.04186368
v -0.01217712 -0.04014878 0.04323035
v -0.01222440 -0.04010151 0.04321645
v -0.01509567 -0.03723023 0.06084869
v -0.01231699 -0.04000891 0.04317783
v -0.01236203 -0.03996388 0.04315321
v -0.01256939 -0.03975652 0.04298032
v -0.01260642 -0.03971948 0.04293651
v -0.01264171 -0.03968419 0.04288990
v -0.04258917 -0.00973673 0.04978589
v -0.04064630 -0.01167961 0.04315321
v -0.04069032 -0.01163558 0.04312515
v -0.01138332 -0.04094258 0.04286559
v -0.00913399 -0.04319192 0.04650186
v -0.01135085 -0.04097506 0.04281505
v -0.00900514 -0.04332076 0.04538483
v -0.01132038 -0.04100553 0.04276208
v -0.01141770 -0.04090821 0.04291355
v -0.01145387 -0.04087203 0.04295877
v -0.01149174 -0.04083416 0.04300114
v -0.01240605 -0.03991985 0.04312515
v -0.01244892 -0.03987698 0.04309373
v -0.04050867 -0.01181724 0.04321645
v -0.04201112 -0.01031478 0.05189606
v -0.04046139 -0.01186451 0.04323035
v -0.04167104 -0.01065486 0.05292059
v -0.04041365 -0.01191225 0.04324057
v -0.04129787 -0.01102804 0.05392181
v -0.04036559 -0.01196032 0.04324709
v -0.04089239 -0.01143351 0.05489759
v -0.04031734 -0.01200857 0.04324989
v -0.04045548 -0.01187042 0.05584584
v -0.04026906 -0.01205685 0.04324895
v -0.03998807 -0.01233783 0.05676455
v -0.03949116 -0.01283474 0.05765174
v -0.01187078 -0.04045513 0.02815416
v -0.01233819 -0.03998772 0.02723545
v -0.01208131 -0.04024459 0.04075291
v -0.01283510 -0.03949081 0.02634825
v -0.01212938 -0.04019653 0.04075943
v -0.01336045 -0.03896545 0.02549446
v -0.01391313 -0.03841278 0.02467588
v -0.01113843 -0.04118747 0.04206826
v -0.01114238 -0.04118352 0.04213632
v -0.00885750 -0.04346841 0.04313149
v -0.01114896 -0.04117695 0.04220397
v -0.01115813 -0.04116777 0.04227101
v -0.01116989 -0.04115602 0.04233725
v -0.01118418 -0.04114172 0.04240247
v -0.00891291 -0.04341299 0.04426057
v -0.01120097 -0.04112494 0.04246650
v -0.01122021 -0.04110570 0.04252913
v -0.01572302 -0.03660289 0.06155142
v -0.01227107 -0.04005484 0.04319893
v -0.01637264 -0.03595326 0.06221244
v -0.03723059 -0.01509532 0.06084869
v -0.03660324 -0.01572266 0.06155142
v -0.04003213 -0.01229377 0.04318882
v -0.03595362 -0.01637229 0.06221244
v -0.03528310 -0.01704280 0.06283032
v -0.03998663 -0.01233927 0.04083405
v -0.03994209 -0.01238382 0.04086039
v -0.03989862 -0.01242728 0.04089014
v -0.01124183 -0.04108407 0.04259019
v -0.01126579 -0.04106012 0.04264948
v -0.01129199 -0.04103391 0.04270683
v -0.01449195 -0.03783396 0.06010572
v -0.01391313 -0.03841278 0.05932412
v -0.01212938 -0.04019653 0.04324057
v -0.01336045 -0.03896545 0.05850555
v -0.01208131 -0.04024459 0.04324709
v -0.01283510 -0.03949081 0.05765174
v -0.01233819 -0.03998772 0.05676455
v -0.03459312 -0.01773278 0.02059625
v -0.03388515 -0.01844075 0.02006850
v -0.02616313 -0.02616277 0.01750000
v -0.02536304 -0.02696286 0.01752614
v -0.02456466 -0.02776124 0.01760451
v -0.02376969 -0.02855621 0.01773494
v -0.02297983 -0.02934607 0.01791716
v -0.02219676 -0.03012914 0.01815077
v -0.02142216 -0.03090374 0.01843527
v -0.02065767 -0.03166823 0.01877007
v -0.01637264 -0.03595326 0.02178756
v -0.01990494 -0.03242097 0.01915443
v -0.01916556 -0.03316035 0.01958755
v -0.01844111 -0.03388480 0.02006850
v -0.01773314 -0.03459277 0.02059625
v -0.01704316 -0.03528275 0.02116968
v -0.02696322 -0.02536269 0.01752614
v -0.02776160 -0.02456431 0.01760451
v -0.02855657 -0.02376934 0.01773494
v -0.02934643 -0.02297948 0.01791716
v -0.03012950 -0.02219641 0.01815077
v -0.03090410 -0.02142181 0.01843527
v -0.03166858 -0.02065732 0.01877007
v -0.03242132 -0.01990458 0.01915443
v -0.03316070 -0.01916520 0.01958755
v -0.02776160 -0.02456431 0.06639548
v -0.02696322 -0.02536269 0.06647386
v -0.02616313 -0.02616277 0.06650000
v -0.02536304 -0.02696286 0.06647386
v -0.02456466 -0.02776124 0.06639548
v -0.02376969 -0.02855621 0.06626505
v -0.02297983 -0.02934607 0.06608285
v -0.01236203 -0.03996388 0.04084679
v -0.01231699 -0.04000891 0.04082217
v -0.01572302 -0.03660289 0.02244858
v -0.01704316 -0.03528275 0.06283032
v -0.01773314 -0.03459277 0.06340375
v -0.01844111 -0.03388480 0.06393150
v -0.01916556 -0.03316035 0.06441245
v -0.01990494 -0.03242097 0.06484557
v -0.02065767 -0.03166823 0.06522994
v -0.02142216 -0.03090374 0.06556473
v -0.02219676 -0.03012914 0.06584923
v -0.03459312 -0.01773278 0.06340375
v -0.03388515 -0.01844075 0.06393150
v -0.03316070 -0.01916520 0.06441245
v -0.03242132 -0.01990458 0.06484557
v -0.03166858 -0.02065732 0.06522994
v -0.03090410 -0.02142181 0.06556473
v -0.03012950 -0.02219641 0.06584923
v -0.02934643 -0.02297948 0.06608285
v -0.02855657 -0.02376934 0.06626505
v -0.03998663 -0.01233927 0.04316595
v -0.02305529 -0.03336216 0.01808597
v -0.02336096 -0.03303605 0.01795436
v -0.02167896 -0.03135405 0.01795436
v -0.03608279 -0.02047503 0.01956778
v -0.03615970 -0.02040012 0.01962092
v -0.03439630 -0.01863671 0.01962092
v -0.03640816 -0.02015685 0.01979745
v -0.03511872 -0.01791430 0.02015944
v -0.03672795 -0.01984041 0.02003613
v -0.03575211 -0.02079514 0.01934719
v -0.03365707 -0.01937595 0.01913015
v -0.03541638 -0.02111736 0.01913575
v -0.03463320 -0.02186103 0.01868819
v -0.03473081 -0.02176882 0.01874064
v -0.03290259 -0.02013042 0.01868819
v -0.03507587 -0.02144186 0.01893354
v -0.03540723 -0.02112611 0.01913015
v -0.03438144 -0.02209839 0.01855714
v -0.03213450 -0.02089852 0.01829598
v -0.03402800 -0.02243074 0.01838314
v -0.03303641 -0.02336060 0.01795436
v -0.03327456 -0.02313736 0.01804959
v -0.03135441 -0.02167860 0.01795436
v -0.03363617 -0.02279839 0.01820347
v -0.03384165 -0.02260567 0.01829598
v -0.03217932 -0.02416551 0.01765062
v -0.03222113 -0.02412615 0.01766405
v -0.03056400 -0.02246902 0.01766405
v -0.03254592 -0.02382081 0.01777317
v -0.03291107 -0.02347813 0.01790616
v -0.03107329 -0.02521207 0.01734589
v -0.03139925 -0.02490237 0.01742567
v -0.02976495 -0.02326807 0.01742567
v -0.03144282 -0.02486107 0.01743697
v -0.03181155 -0.02451223 0.01753855
v -0.03070314 -0.02556531 0.01726534
v -0.02895897 -0.02407405 0.01723974
v -0.03057394 -0.02568902 0.01723974
v -0.02814777 -0.02488524 0.01710665
v -0.02974809 -0.02648555 0.01710665
v -0.02996153 -0.02627869 0.01713598
v -0.03033251 -0.02592083 0.01719536
v -0.02733310 -0.02569991 0.01702668
v -0.02892428 -0.02729109 0.01702668
v -0.02921896 -0.02700160 0.01704920
v -0.02959032 -0.02663894 0.01708724
v -0.02651669 -0.02651633 0.01700000
v -0.02810476 -0.02810441 0.01700000
v -0.02847613 -0.02773432 0.01700550
v -0.02884755 -0.02736673 0.01702193
v -0.02728134 -0.02893418 0.01702735
v -0.02729145 -0.02892393 0.01702668
v -0.02570027 -0.02733275 0.01702668
v -0.02764374 -0.02856742 0.01700854
v -0.02800775 -0.02820150 0.01700038
v -0.02642844 -0.02980696 0.01711443
v -0.02648591 -0.02974774 0.01710665
v -0.02488560 -0.02814742 0.01710665
v -0.02656141 -0.02967002 0.01709685
v -0.02692057 -0.02930174 0.01705678
v -0.02549337 -0.03077839 0.01728093
v -0.02568937 -0.03057359 0.01723974
v -0.02407440 -0.02895861 0.01723974
v -0.02584784 -0.03040845 0.01720890
v -0.02620384 -0.03003896 0.01714754
v -0.02514037 -0.03114866 0.01736368
v -0.02326842 -0.02976459 0.01742567
v -0.02490272 -0.03139890 0.01742567
v -0.02246937 -0.03056364 0.01766405
v -0.02412651 -0.03222078 0.01766405
v -0.02442616 -0.03190276 0.01756544
v -0.02477472 -0.03153397 0.01746118
v -0.02339473 -0.03300004 0.01794038
v -0.02373627 -0.03263597 0.01780507
v -0.02408004 -0.03227015 0.01768009
v -0.02271782 -0.03372211 0.01824187
v -0.02089887 -0.03213414 0.01829598
v -0.02260603 -0.03384129 0.01829598
v -0.02013077 -0.03290224 0.01868819
v -0.02204829 -0.03443466 0.01858453
v -0.02238220 -0.03407970 0.01840805
v -0.02162285 -0.03488510 0.01882563
v -0.02171592 -0.03478677 0.01877132
v -0.02186138 -0.03463285 0.01868819
v -0.02138504 -0.03513566 0.01896838
v -0.01937630 -0.03365671 0.01913015
v -0.02112647 -0.03540687 0.01913015
v -0.01863707 -0.03439594 0.01962092
v -0.02072748 -0.03582227 0.01939318
v -0.02105561 -0.03548094 0.01917568
v -0.01791465 -0.03511836 0.02015944
v -0.02007461 -0.03649166 0.01985876
v -0.02040053 -0.03615930 0.01962088
v -0.03582278 -0.01721023 0.02074457
v -0.03650698 -0.01652603 0.02137506
v -0.03716986 -0.01586315 0.02204957
v -0.03781001 -0.01522301 0.02276665
v -0.03842605 -0.01460696 0.02352478
v -0.03901669 -0.01401633 0.02432233
v -0.03958064 -0.01345237 0.02515761
v -0.04011672 -0.01291630 0.02602883
v -0.04062377 -0.01240924 0.02693413
v -0.04110072 -0.01193230 0.02787159
v -0.04154654 -0.01148647 0.02883920
v -0.04196029 -0.01107272 0.02983488
v -0.04234109 -0.01069193 0.03085654
v -0.04268811 -0.01034491 0.03190197
v -0.04300062 -0.01003239 0.03296896
v -0.04327796 -0.00975506 0.03405521
v -0.04351952 -0.00951349 0.03515843
v -0.04372480 -0.00930821 0.03627624
v -0.04389336 -0.00913965 0.03740626
v -0.04402483 -0.00900818 0.03854609
v -0.04411894 -0.00891407 0.03969329
v -0.04417549 -0.00885752 0.04084541
v -0.04419435 -0.00883866 0.04200000
v -0.04417549 -0.00885752 0.04315459
v -0.04411894 -0.00891407 0.04430671
v -0.04402483 -0.00900818 0.04545391
v -0.04389336 -0.00913965 0.04659374
v -0.04372480 -0.00930821 0.04772376
v -0.04351952 -0.00951349 0.04884158
v -0.04327796 -0.00975506 0.04994479
v -0.04300062 -0.01003239 0.05103104
v -0.04268811 -0.01034491 0.05209803
v -0.04234109 -0.01069193 0.05314346
v -0.04196029 -0.01107272 0.05416511
v -0.04154654 -0.01148647 0.05516081
v -0.04110072 -0.01193230 0.05612841
v -0.04062377 -0.01240924 0.05706586
v -0.04011672 -0.01291630 0.05797118
v -0.03958064 -0.01345237 0.05884239
v -0.03901669 -0.01401633 0.05967767
v -0.03842605 -0.01460696 0.06047523
v -0.03781001 -0.01522301 0.06123335
v -0.03716986 -0.01586315 0.06195043
v -0.03650698 -0.01652603 0.06262494
v -0.03582278 -0.01721023 0.06325543
v -0.03511872 -0.01791430 0.06384056
v -0.03439630 -0.01863671 0.06437908
v -0.03365707 -0.01937595 0.06486984
v -0.03290259 -0.02013042 0.06531181
v -0.03213450 -0.02089852 0.06570402
v -0.03135441 -0.02167860 0.06604565
v -0.03056400 -0.02246902 0.06633595
v -0.02976495 -0.02326807 0.06657433
v -0.02895897 -0.02407405 0.06676026
v -0.02814777 -0.02488524 0.06689336
v -0.02733310 -0.02569991 0.06697332
v -0.02651669 -0.02651633 0.06700000
v -0.02570027 -0.02733275 0.06697332
v -0.02488560 -0.02814742 0.06689336
v -0.02407440 -0.02895861 0.06676026
v -0.02326842 -0.02976459 0.06657433
v -0.02246937 -0.03056364 0.06633595
v -0.02167896 -0.03135405 0.06604565
v -0.02089887 -0.03213414 0.06570402
v -0.02013077 -0.03290224 0.06531181
v -0.01937630 -0.03365671 0.06486984
v -0.01863707 -0.03439594 0.06437908
v -0.01791465 -0.03511836 0.06384056
v -0.01721059 -0.03582242 0.06325543
v -0.01652639 -0.03650662 0.06262494
v -0.01586351 -0.03716951 0.06195043
v -0.01522336 -0.03780965 0.06123335
v -0.01460732 -0.03842570 0.06047523
v -0.01401668 -0.03901633 0.05967767
v -0.01345273 -0.03958028 0.05884239
v -0.01291665 -0.04011636 0.05797118
v -0.01240960 -0.04062341 0.05706586
v -0.01193265 -0.04110036 0.05612841
v -0.01148683 -0.04154619 0.05516081
v -0.01107308 -0.04195994 0.05416511
v -0.01069228 -0.04234073 0.05314346
v -0.01034526 -0.04268775 0.05209803
v -0.01003275 -0.04300026 0.05103104
v -0.00975541 -0.04327760 0.04994479
v -0.00951385 -0.04351916 0.04884158
v -0.00930857 -0.04372444 0.04772376
v -0.00914001 -0.04389300 0.04659374
v -0.00900854 -0.04402448 0.04545391
v -0.00891442 -0.04411859 0.04430671
v -0.00885788 -0.04417514 0.04315459
v -0.00883901 -0.04419400 0.04200000
v -0.00885788 -0.04417514 0.04084541
v -0.00891442 -0.04411859 0.03969329
v -0.00900854 -0.04402448 0.03854609
v -0.00914001 -0.04389300 0.03740626
v -0.00930857 -0.04372444 0.03627624
v -0.00951385 -0.04351916 0.03515843
v -0.00975541 -0.04327760 0.03405521
v -0.01003275 -0.04300026 0.03296896
v -0.01034526 -0.04268775 0.03190197
v -0.01069228 -0.04234073 0.03085654
v -0.01107308 -0.04195994 0.02983488
v -0.01148683 -0.04154619 0.02883920
v -0.01193265 -0.04110036 0.02787159
v -0.01240960 -0.04062341 0.02693413
v -0.01291665 -0.04011636 0.02602883
v -0.01345273 -0.03958028 0.02515761
v -0.01401668 -0.03901633 0.02432233
v -0.01460732 -0.03842570 0.02352478
v -0.01522336 -0.03780965 0.02276665
v -0.01586351 -0.03716951 0.02204957
v -0.01652639 -0.03650662 0.02137506
v -0.01721059 -0.03582242 0.02074457
v -0.01927308 -0.02951608 0.03243143
v -0.01223194 -0.02241630 0.03239701
v -0.01930060 -0.02948496 0.03239701
v -0.01932635 -0.02945319 0.03236133
v -0.01228868 -0.02235955 0.03232468
v -0.01935013 -0.02942101 0.03232468
v -0.01937207 -0.02938827 0.03228690
v -0.01234258 -0.02230565 0.03224814
v -0.01939206 -0.02935513 0.03224814
v -0.01941023 -0.02932134 0.03220811
v -0.01239348 -0.02225476 0.03216759
v -0.01942627 -0.02928754 0.03216759
v -0.01944052 -0.02925300 0.03212567
v -0.01244123 -0.02220701 0.03208327
v -0.01945268 -0.02921847 0.03208327
v -0.01946388 -0.02917994 0.03203539
v -0.01248568 -0.02216255 0.03199543
v -0.01947128 -0.02914814 0.03199543
v -0.01947765 -0.02911246 0.03195011
v -0.01252673 -0.02212151 0.03190432
v -0.01948203 -0.02907681 0.03190432
v -0.01948447 -0.02904065 0.03185737
v -0.01256423 -0.02208400 0.03181020
v -0.01948494 -0.02900472 0.03181020
v -0.01948346 -0.02896823 0.03176178
v -0.01259808 -0.02205015 0.03171336
v -0.01948008 -0.02893214 0.03171336
v -0.01947470 -0.02889554 0.03166372
v -0.01262819 -0.02202004 0.03161409
v -0.01946749 -0.02885934 0.03161409
v -0.01265446 -0.02199377 0.03151265
v -0.01944728 -0.02878658 0.03151265
v -0.01945828 -0.02882276 0.03156337
v -0.01267683 -0.02197141 0.03140936
v -0.01941956 -0.02871414 0.03140936
v -0.01943429 -0.02875016 0.03146101
v -0.01269521 -0.02195302 0.03130450
v -0.01270957 -0.02193866 0.03119840
v -0.01271985 -0.02192838 0.03109136
v -0.01272604 -0.02192220 0.03098369
v -0.01273008 -0.02191815 0.02969788
v -0.01273602 -0.02191222 0.02959237
v -0.01274589 -0.02190234 0.02948746
v -0.01275967 -0.02188856 0.02938343
v -0.01277733 -0.02187090 0.02928057
v -0.01279881 -0.02184942 0.02917918
v -0.01282405 -0.02182418 0.02907954
v -0.01285299 -0.02179524 0.02898193
v -0.01288554 -0.02176270 0.02888662
v -0.01292160 -0.02172663 0.02879388
v -0.01296109 -0.02168715 0.02870396
v -0.01300388 -0.02164436 0.02861713
v -0.01304986 -0.02159837 0.02853362
v -0.01309890 -0.02154933 0.02845366
v -0.01315086 -0.02149737 0.02837749
v -0.01320560 -0.02144263 0.02830531
v -0.01326296 -0.02138527 0.02823733
v -0.01332279 -0.02132544 0.02817373
v -0.01338491 -0.02126332 0.02811470
v -0.01344915 -0.02119908 0.02806040
v -0.01351533 -0.02113290 0.02801098
v -0.01358327 -0.02106496 0.02796659
v -0.02106531 -0.01358292 0.02796659
v -0.02113325 -0.01351498 0.02801098
v -0.02119944 -0.01344880 0.02806040
v -0.02126368 -0.01338455 0.02811470
v -0.02132580 -0.01332243 0.02817373
v -0.02138562 -0.01326261 0.02823733
v -0.02144299 -0.01320525 0.02830531
v -0.02149773 -0.01315050 0.02837749
v -0.02154969 -0.01309854 0.02845366
v -0.02159873 -0.01304950 0.02853362
v -0.02164471 -0.01300352 0.02861713
v -0.02168750 -0.01296073 0.02870396
v -0.02172699 -0.01292124 0.02879388
v -0.02176305 -0.01288518 0.02888662
v -0.02179560 -0.01285263 0.02898193
v -0.02182453 -0.01282370 0.02907954
v -0.02184978 -0.01279846 0.02917918
v -0.02187126 -0.01277698 0.02928057
v -0.02188891 -0.01275932 0.02938343
v -0.02190270 -0.01274553 0.02948746
v -0.02191257 -0.01273566 0.02959237
v -0.02191851 -0.01272972 0.02969788
v -0.02195337 -0.01269486 0.03130450
v -0.02193902 -0.01270922 0.03119840
v -0.02192873 -0.01271950 0.03109136
v -0.02192255 -0.01272568 0.03098369
v -0.02197176 -0.01267647 0.03140936
v -0.02199412 -0.01265411 0.03151265
v -0.02875049 -0.01943393 0.03146098
v -0.02871432 -0.01941913 0.03140910
v -0.02202040 -0.01262784 0.03161409
v -0.02882309 -0.01945792 0.03156334
v -0.02878694 -0.01944692 0.03151265
v -0.02205051 -0.01259773 0.03171336
v -0.02889587 -0.01947434 0.03166369
v -0.02885970 -0.01946713 0.03161409
v -0.02208436 -0.01256387 0.03181020
v -0.02896870 -0.01948312 0.03176193
v -0.02893250 -0.01947972 0.03171336
v -0.02212186 -0.01252637 0.03190432
v -0.02904103 -0.01948411 0.03185741
v -0.02900508 -0.01948459 0.03181020
v -0.02216290 -0.01248533 0.03199543
v -0.02911275 -0.01947730 0.03195002
v -0.02907716 -0.01948167 0.03190432
v -0.02921879 -0.01945234 0.03208323
v -0.02921210 -0.01945446 0.03207495
v -0.02220736 -0.01244087 0.03208327
v -0.02918023 -0.01946354 0.03203531
v -0.02914849 -0.01947092 0.03199543
v -0.02925347 -0.01944012 0.03212581
v -0.02225511 -0.01239312 0.03216759
v -0.02928790 -0.01942591 0.03216759
v -0.02932185 -0.01940980 0.03220829
v -0.02230601 -0.01234222 0.03224814
v -0.02935549 -0.01939170 0.03224814
v -0.02938858 -0.01937174 0.03228685
v -0.02235991 -0.01228832 0.03232468
v -0.02942136 -0.01934978 0.03232468
v -0.02945350 -0.01932603 0.03236128
v -0.02241665 -0.01223158 0.03239701
v -0.02948531 -0.01930024 0.03239701
v -0.02951639 -0.01927277 0.03243139
v -0.04970891 -0.02383019 0.00090986
v -0.04970891 -0.02383019 0.00109014
v -0.04970195 -0.02383716 0.00127015
v -0.04968805 -0.02385106 0.00144935
v -0.04966725 -0.02387186 0.00162721
v -0.04963961 -0.02389950 0.00180320
v -0.04960522 -0.02393389 0.00197679
v -0.04956418 -0.02397493 0.00214747
v -0.04951660 -0.02402251 0.00231472
v -0.04946264 -0.02407647 0.00247805
v -0.04940246 -0.02413665 0.00263697
v -0.04933622 -0.02420289 0.00279100
v -0.04926414 -0.02427497 0.00293969
v -0.04918642 -0.02435269 0.00308259
v -0.04910330 -0.02443581 0.00321927
v -0.04901503 -0.02452408 0.00334933
v -0.04892186 -0.02461725 0.00347238
v -0.04882409 -0.02471502 0.00358805
v -0.04872199 -0.02481712 0.00369600
v -0.04861588 -0.02492323 0.00379590
v -0.04850606 -0.02503305 0.00388746
v -0.04839288 -0.02514623 0.00397040
v -0.04827666 -0.02526245 0.00404447
v -0.04815776 -0.02538135 0.00410946
v -0.04803652 -0.02550259 0.00416517
v -0.04791332 -0.02562579 0.00421143
v -0.04778851 -0.02575060 0.00424811
v -0.04766247 -0.02587664 0.00427510
v -0.04753558 -0.02600353 0.00429231
v -0.04740821 -0.02613090 0.00429969
v -0.04728074 -0.02625837 0.00429723
v -0.04715356 -0.02638554 0.00428493
v -0.04702705 -0.02651206 0.00426282
v -0.04690158 -0.02663753 0.00423098
v -0.04677753 -0.02676158 0.00418949
v -0.04665526 -0.02688385 0.00413849
v -0.04653514 -0.02700397 0.00407811
v -0.04641754 -0.02712157 0.00400856
v -0.04630279 -0.02723632 0.00393002
v -0.04619125 -0.02734786 0.00384274
v -0.04608325 -0.02745586 0.00374698
v -0.04597911 -0.02756000 0.00364301
v -0.04587914 -0.02765997 0.00353116
v -0.04578363 -0.02775548 0.00341176
v -0.04569288 -0.02784623 0.00328516
v -0.04560715 -0.02793196 0.00315173
v -0.04552670 -0.02801241 0.00301189
v -0.04545177 -0.02808734 0.00286604
v -0.04538259 -0.02815652 0.00271463
v -0.04531935 -0.02821976 0.00255809
v -0.04526226 -0.02827685 0.00239691
v -0.04521147 -0.02832764 0.00223156
v -0.04516714 -0.02837197 0.00206253
v -0.04512941 -0.02840970 0.00189033
v -0.04509838 -0.02844073 0.00171547
v -0.04507416 -0.02846495 0.00153848
v -0.04505680 -0.02848231 0.00135988
v -0.04504636 -0.02849274 0.00118021
v -0.04504288 -0.02849623 0.00100000
v -0.04504636 -0.02849274 0.00081979
v -0.04505680 -0.02848231 0.00064012
v -0.04507416 -0.02846495 0.00046152
v -0.04509838 -0.02844073 0.00028453
v -0.04512941 -0.02840970 0.00010967
v -0.04516714 -0.02837197 -0.00006253
v -0.04521147 -0.02832764 -0.00023156
v -0.04526226 -0.02827685 -0.00039691
v -0.04531935 -0.02821976 -0.00055809
v -0.04538259 -0.02815652 -0.00071463
v -0.04545177 -0.02808734 -0.00086604
v -0.04552670 -0.02801241 -0.00101189
v -0.04560715 -0.02793196 -0.00115173
v -0.04569288 -0.02784623 -0.00128516
v -0.04578363 -0.02775548 -0.00141176
v -0.04587914 -0.02765997 -0.00153116
v -0.04597911 -0.02756000 -0.00164301
v -0.04608325 -0.02745586 -0.00174698
v -0.04619125 -0.02734786 -0.00184274
v -0.04630279 -0.02723632 -0.00193002
v -0.04641754 -0.02712157 -0.00200856
v -0.04653514 -0.02700397 -0.00207811
v -0.04665526 -0.02688385 -0.00213849
v -0.04677753 -0.02676158 -0.00218949
v -0.04690158 -0.02663753 -0.00223098
v -0.04702705 -0.02651206 -0.00226282
v -0.04715356 -0.02638554 -0.00228493
v -0.04728074 -0.02625837 -0.00229723
v -0.04740821 -0.02613090 -0.00229969
v -0.04753558 -0.02600353 -0.00229231
v -0.04766247 -0.02587664 -0.00227510
v -0.04778851 -0.02575060 -0.00224811
v -0.04791332 -0.02562579 -0.00221143
v -0.04803652 -0.02550259 -0.00216517
v -0.04815776 -0.02538135 -0.00210946
v -0.04827666 -0.02526245 -0.00204447
v -0.04839288 -0.02514623 -0.00197040
v -0.04850606 -0.02503305 -0.00188746
v -0.04861588 -0.02492323 -0.00179590
v -0.04872199 -0.02481712 -0.00169600
v -0.04882409 -0.02471502 -0.00158805
v -0.04892186 -0.02461725 -0.00147238
v -0.04901503 -0.02452408 -0.00134933
v -0.04910330 -0.02443581 -0.00121927
v -0.04918642 -0.02435269 -0.00108259
v -0.04926414 -0.02427497 -0.00093969
v -0.04933622 -0.02420289 -0.00079100
v -0.04940246 -0.02413665 -0.00063697
v -0.04946264 -0.02407647 -0.00047805
v -0.04951660 -0.02402251 -0.00031472
v -0.04956418 -0.02397493 -0.00014747
v -0.04960522 -0.02393389 0.00002321
v -0.04963961 -0.02389950 0.00019680
v -0.04966725 -0.02387186 0.00037279
v -0.04968805 -0.02385106 0.00055065
v -0.04970195 -0.02383716 0.00072985
v -0.04721702 -0.02632209 -0.00449538
v -0.04700505 -0.02653406 -0.00447488
v -0.04679420 -0.02674491 -0.00443804
v -0.04658508 -0.02695403 -0.00438496
v -0.04637832 -0.02716079 -0.00431582
v -0.04617454 -0.02736457 -0.00423081
v -0.04597435 -0.02756476 -0.00413019
v -0.04577834 -0.02776077 -0.00401426
v -0.04558710 -0.02795201 -0.00388337
v -0.04540120 -0.02813791 -0.00373790
v -0.04522120 -0.02831791 -0.00357829
v -0.04504762 -0.02849148 -0.00340502
v -0.04488100 -0.02865811 -0.00321861
v -0.04472182 -0.02881728 -0.00301960
v -0.04457057 -0.02896854 -0.00280859
v -0.04442769 -0.02911142 -0.00258622
v -0.04429361 -0.02924550 -0.00235315
v -0.04416873 -0.02937038 -0.00211007
v -0.04405342 -0.02948569 -0.00185771
v -0.04394803 -0.02959108 -0.00159682
v -0.04385287 -0.02968624 -0.00132818
v -0.04376823 -0.02977088 -0.00105259
v -0.04369435 -0.02984476 -0.00077088
v -0.04363146 -0.02990765 -0.00048388
v -0.04357975 -0.02995935 -0.00019246
v -0.04353937 -0.02999974 0.00010253
v -0.04351044 -0.03002867 0.00040020
v -0.04349305 -0.03004606 0.00069965
v -0.04348725 -0.03005186 0.00100000
v -0.04349305 -0.03004606 0.00130035
v -0.04351044 -0.03002867 0.00159980
v -0.04353937 -0.02999974 0.00189747
v -0.04357975 -0.02995935 0.00219245
v -0.04363146 -0.02990765 0.00248388
v -0.04369435 -0.02984476 0.00277088
v -0.04376823 -0.02977088 0.00305259
v -0.04385287 -0.02968624 0.00332818
v -0.04394803 -0.02959108 0.00359682
v -0.04405342 -0.02948569 0.00385771
v -0.04416873 -0.02937038 0.00411007
v -0.04429361 -0.02924550 0.00435315
v -0.04442769 -0.02911142 0.00458622
v -0.04457057 -0.02896854 0.00480859
v -0.04472182 -0.02881728 0.00501960
v -0.04488100 -0.02865811 0.00521861
v -0.04504762 -0.02849148 0.00540502
v -0.04522120 -0.02831791 0.00557829
v -0.04540120 -0.02813791 0.00573790
v -0.04558710 -0.02795201 0.00588337
v -0.04577834 -0.02776077 0.00601426
v -0.04597435 -0.02756476 0.00613019
v -0.04617454 -0.02736457 0.00623081
v -0.04637832 -0.02716079 0.00631582
v -0.04658508 -0.02695403 0.00638496
v -0.04679420 -0.02674491 0.00643804
v -0.04700505 -0.02653406 0.00647488
v -0.04721702 -0.02632209 0.00649538
v -0.04742945 -0.02610966 0.00649949
v -0.04764173 -0.02589738 0.00648718
v -0.04785322 -0.02568589 0.00645849
v -0.04806329 -0.02547582 0.00641352
v -0.04827130 -0.02526781 0.00635239
v -0.04847665 -0.02506246 0.00627528
v -0.04867871 -0.02486040 0.00618244
v -0.04887688 -0.02466223 0.00607412
v -0.04907058 -0.02446853 0.00595066
v -0.04925922 -0.02427989 0.00581243
v -0.04944224 -0.02409687 0.00565984
v -0.04961909 -0.02392001 0.00549333
v -0.04978926 -0.02374985 0.00531342
v -0.04995221 -0.02358689 0.00512064
v -0.05010749 -0.02343162 0.00491556
v -0.05025461 -0.02328450 0.00469879
v -0.05039314 -0.02314597 0.00447098
v -0.05052267 -0.02301644 0.00423282
v -0.05064281 -0.02289630 0.00398501
v -0.05075320 -0.02278591 0.00372828
v -0.05085351 -0.02268560 0.00346342
v -0.05094345 -0.02259566 0.00319121
v -0.05102274 -0.02251637 0.00291245
v -0.05109115 -0.02244796 0.00262799
v -0.05114847 -0.02239064 0.00233867
v -0.05119453 -0.02234458 0.00204535
v -0.05122920 -0.02230991 0.00174892
v -0.05125237 -0.02228674 0.00145025
v -0.05126397 -0.02227514 0.00115023
v -0.05126397 -0.02227514 0.00084977
v -0.05125237 -0.02228674 0.00054975
v -0.05122920 -0.02230991 0.00025108
v -0.05119453 -0.02234458 -0.00004535
v -0.05114847 -0.02239064 -0.00033867
v -0.05109115 -0.02244796 -0.00062799
v -0.05102274 -0.02251637 -0.00091245
v -0.05094345 -0.02259566 -0.00119121
v -0.05085351 -0.02268560 -0.00146342
v -0.05075320 -0.02278591 -0.00172828
v -0.05064281 -0.02289630 -0.00198501
v -0.05052267 -0.02301644 -0.00223282
v -0.05039314 -0.02314597 -0.00247098
v -0.05025461 -0.02328450 -0.00269879
v -0.05010749 -0.02343162 -0.00291556
v -0.04995221 -0.02358689 -0.00312064
v -0.04978926 -0.02374985 -0.00331342
v -0.04961909 -0.02392001 -0.00349333
v -0.04944224 -0.02409687 -0.00365984
v -0.04925922 -0.02427989 -0.00381243
v -0.04907058 -0.02446853 -0.00395066
v -0.04887688 -0.02466223 -0.00407412
v -0.04867871 -0.02486040 -0.00418244
v -0.04847665 -0.02506246 -0.00427528
v -0.04827130 -0.02526781 -0.00435239
v -0.04806329 -0.02547582 -0.00441352
v -0.04785322 -0.02568589 -0.00445849
v -0.04764173 -0.02589738 -0.00448718
v -0.04742945 -0.02610966 -0.00449949
v -0.04904215 -0.03298018 -0.00312075
v -0.04916316 -0.03285086 -0.00327069
v -0.04912026 -0.03289737 -0.00321861
v -0.04940360 -0.03257934 -0.00354060
v -0.04927865 -0.03272251 -0.00340502
v -0.04952223 -0.03244030 -0.00365992
v -0.04944012 -0.03253682 -0.00357830
v -0.04977412 -0.03213903 -0.00388337
v -0.04968502 -0.03224622 -0.00380891
v -0.04960513 -0.03234183 -0.00373790
v -0.05012548 -0.03171590 -0.00413019
v -0.05003979 -0.03181872 -0.00407666
v -0.04994747 -0.03192990 -0.00401426
v -0.05030839 -0.03149842 -0.00423081
v -0.05049633 -0.03127881 -0.00431582
v -0.05040156 -0.03138899 -0.00427521
v -0.05088745 -0.03083817 -0.00443804
v -0.05078793 -0.03094800 -0.00441355
v -0.05068938 -0.03105833 -0.00438496
v -0.05055213 -0.03121452 -0.00433764
v -0.05129783 -0.03040291 -0.00449538
v -0.05119354 -0.03051082 -0.00448718
v -0.05109038 -0.03061938 -0.00447488
v -0.05098839 -0.03072848 -0.00445850
v -0.05161629 -0.03008444 -0.00449539
v -0.05150936 -0.03018956 -0.00449949
v -0.05140302 -0.03029590 -0.00449949
v -0.05183299 -0.02987677 -0.00447487
v -0.05172436 -0.02998000 -0.00448718
v -0.05205192 -0.02967372 -0.00443800
v -0.05194210 -0.02977476 -0.00445849
v -0.05227200 -0.02947573 -0.00438493
v -0.05216170 -0.02957424 -0.00441352
v -0.05242808 -0.02933857 -0.00433764
v -0.05238216 -0.02937866 -0.00435239
v -0.05271190 -0.02909489 -0.00423084
v -0.05260235 -0.02918817 -0.00427528
v -0.05303563 -0.02882344 -0.00407485
v -0.05282106 -0.02900275 -0.00418244
v -0.05324872 -0.02864668 -0.00395066
v -0.05345978 -0.02847146 -0.00380891
v -0.05345488 -0.02847554 -0.00381243
v -0.05379290 -0.02819004 -0.00354060
v -0.05365396 -0.02830859 -0.00365984
v -0.05393598 -0.02806516 -0.00340511
v -0.05384447 -0.02814541 -0.00349334
v -0.05406442 -0.02794960 -0.00327069
v -0.05402494 -0.02798554 -0.00331342
v -0.05419383 -0.02782851 -0.00312064
v -0.04896444 -0.03305990 -0.00301960
v -0.02849571 -0.04504340 0.00090986
v -0.02849571 -0.04504340 0.00109014
v -0.02848875 -0.04505036 0.00127015
v -0.02847485 -0.04506426 0.00144935
v -0.02845405 -0.04508506 0.00162721
v -0.02842641 -0.04511270 0.00180320
v -0.02839202 -0.04514709 0.00197679
v -0.02835097 -0.04518814 0.00214747
v -0.02830340 -0.04523571 0.00231472
v -0.02824944 -0.04528967 0.00247805
v -0.02818925 -0.04534986 0.00263697
v -0.02812302 -0.04541609 0.00279100
v -0.02805093 -0.04548818 0.00293969
v -0.02797322 -0.04556589 0.00308259
v -0.02789010 -0.04564901 0.00321927
v -0.02780182 -0.04573729 0.00334933
v -0.02770866 -0.04583045 0.00347238
v -0.02761088 -0.04592823 0.00358805
v -0.02750879 -0.04603032 0.00369600
v -0.02740267 -0.04613644 0.00379590
v -0.02729286 -0.04624625 0.00388746
v -0.02717968 -0.04635943 0.00397040
v -0.02706346 -0.04647565 0.00404447
v -0.02694456 -0.04659455 0.00410946
v -0.02682332 -0.04671579 0.00416517
v -0.02670011 -0.04683900 0.00421143
v -0.02657530 -0.04696381 0.00424811
v -0.02644926 -0.04708985 0.00427510
v -0.02632237 -0.04721674 0.00429231
v -0.02619500 -0.04734411 0.00429969
v -0.02606754 -0.04747157 0.00429723
v -0.02594036 -0.04759875 0.00428493
v -0.02581385 -0.04772526 0.00426282
v -0.02568838 -0.04785073 0.00423098
v -0.02556432 -0.04797479 0.00418949
v -0.02544205 -0.04809705 0.00413849
v -0.02532194 -0.04821717 0.00407811
v -0.02520433 -0.04833478 0.00400856
v -0.02508959 -0.04844952 0.00393002
v -0.02497805 -0.04856106 0.00384274
v -0.02487005 -0.04866906 0.00374698
v -0.02476590 -0.04877321 0.00364301
v -0.02466593 -0.04887318 0.00353116
v -0.02457043 -0.04896868 0.00341176
v -0.02447967 -0.04905944 0.00328516
v -0.02439395 -0.04914516 0.00315173
v -0.02431350 -0.04922561 0.00301189
v -0.02423857 -0.04930054 0.00286604
v -0.02416938 -0.04936973 0.00271463
v -0.02410615 -0.04943296 0.00255809
v -0.02404905 -0.04949006 0.00239691
v -0.02399827 -0.04954084 0.00223156
v -0.02395394 -0.04958517 0.00206253
v -0.02391621 -0.04962290 0.00189033
v -0.02388518 -0.04965393 0.00171547
v -0.02386095 -0.04967816 0.00153848
v -0.02384359 -0.04969551 0.00135988
v -0.02383316 -0.04970595 0.00118021
v -0.02382968 -0.04970943 0.00100000
v -0.02383316 -0.04970595 0.00081979
v -0.02384359 -0.04969551 0.00064012
v -0.02386095 -0.04967816 0.00046152
v -0.02388518 -0.04965393 0.00028453
v -0.02391621 -0.04962290 0.00010967
v -0.02395394 -0.04958517 -0.00006253
v -0.02399827 -0.04954084 -0.00023156
v -0.02404905 -0.04949006 -0.00039691
v -0.02410615 -0.04943296 -0.00055809
v -0.02416938 -0.04936973 -0.00071463
v -0.02423857 -0.04930054 -0.00086604
v -0.02431350 -0.04922561 -0.00101189
v -0.02439395 -0.04914516 -0.00115173
v -0.02447967 -0.04905944 -0.00128516
v -0.02457043 -0.04896868 -0.00141176
v -0.02466593 -0.04887318 -0.00153116
v -0.02476590 -0.04877321 -0.00164301
v -0.02487005 -0.04866906 -0.00174698
v -0.02497805 -0.04856106 -0.00184274
v -0.02508959 -0.04844952 -0.00193002
v -0.02520433 -0.04833478 -0.00200856
v -0.02532194 -0.04821717 -0.00207811
v -0.02544205 -0.04809705 -0.00213849
v -0.02556432 -0.04797479 -0.00218949
v -0.02568838 -0.04785073 -0.00223098
v -0.02581385 -0.04772526 -0.00226282
v -0.02594036 -0.04759875 -0.00228493
v -0.02606754 -0.04747157 -0.00229723
v -0.02619500 -0.04734411 -0.00229969
v -0.02632237 -0.04721674 -0.00229231
v -0.02644926 -0.04708985 -0.00227510
v -0.02657530 -0.04696381 -0.00224811
v -0.02670011 -0.04683900 -0.00221143
v -0.02682332 -0.04671579 -0.00216517
v -0.02694456 -0.04659455 -0.00210946
v -0.02706346 -0.04647565 -0.00204447
v -0.02717968 -0.04635943 -0.00197040
v -0.02729286 -0.04624625 -0.00188746
v -0.02740267 -0.04613644 -0.00179590
v -0.02750879 -0.04603032 -0.00169600
v -0.02761088 -0.04592823 -0.00158805
v -0.02770866 -0.04583045 -0.00147238
v -0.02780182 -0.04573729 -0.00134933
v -0.02789010 -0.04564901 -0.00121927
v -0.02797322 -0.04556589 -0.00108259
v -0.02805093 -0.04548818 -0.00093969
v -0.02812302 -0.04541609 -0.00079100
v -0.02818925 -0.04534986 -0.00063697
v -0.02824944 -0.04528967 -0.00047805
v -0.02830340 -0.04523571 -0.00031472
v -0.02835097 -0.04518814 -0.00014747
v -0.02839202 -0.04514709 0.00002321
v -0.02842641 -0.04511270 0.00019680
v -0.02845405 -0.04508506 0.00037279
v -0.02847485 -0.04506426 0.00055065
v -0.02848875 -0.04505036 0.00072985
v -0.02456514 -0.04897397 -0.00401426
v -0.02437390 -0.04916521 -0.00388337
v -0.02418800 -0.04935111 -0.00373790
v -0.02400799 -0.04953112 -0.00357829
v -0.02383442 -0.04970469 -0.00340502
v -0.02366780 -0.04987131 -0.00321861
v -0.02350862 -0.05003049 -0.00301960
v -0.02335737 -0.05018174 -0.00280859
v -0.02321449 -0.05032462 -0.00258622
v -0.02308041 -0.05045870 -0.00235315
v -0.02295553 -0.05058358 -0.00211007
v -0.02284022 -0.05069889 -0.00185771
v -0.02273483 -0.05080428 -0.00159682
v -0.02263967 -0.05089944 -0.00132818
v -0.02255502 -0.05098409 -0.00105259
v -0.02248115 -0.05105796 -0.00077088
v -0.02241826 -0.05112085 -0.00048388
v -0.02236655 -0.05117256 -0.00019246
v -0.02232617 -0.05121294 0.00010253
v -0.02229724 -0.05124187 0.00040020
v -0.02227985 -0.05125926 0.00069965
v -0.02227404 -0.05126507 0.00100000
v -0.02227985 -0.05125926 0.00130035
v -0.02229724 -0.05124187 0.00159980
v -0.02232617 -0.05121294 0.00189747
v -0.02236655 -0.05117256 0.00219245
v -0.02241826 -0.05112085 0.00248388
v -0.02248115 -0.05105796 0.00277088
v -0.02255502 -0.05098409 0.00305259
v -0.02263967 -0.05089944 0.00332818
v -0.02273483 -0.05080428 0.00359682
v -0.02284022 -0.05069889 0.00385771
v -0.02295553 -0.05058358 0.00411007
v -0.02308041 -0.05045870 0.00435315
v -0.02321449 -0.05032462 0.00458622
v -0.02335737 -0.05018174 0.00480859
v -0.02350862 -0.05003049 0.00501960
v -0.02366780 -0.04987131 0.00521861
v -0.02383442 -0.04970469 0.00540502
v -0.02400799 -0.04953112 0.00557829
v -0.02418800 -0.04935111 0.00573790
v -0.02437390 -0.04916521 0.00588337
v -0.02456514 -0.04897397 0.00601426
v -0.02476114 -0.04877796 0.00613019
v -0.02496134 -0.04857777 0.00623081
v -0.02516512 -0.04837399 0.00631582
v -0.02537187 -0.04816724 0.00638496
v -0.02558099 -0.04795812 0.00643804
v -0.02579185 -0.04774726 0.00647488
v -0.02600381 -0.04753530 0.00649538
v -0.02621625 -0.04732286 0.00649949
v -0.02642853 -0.04711058 0.00648718
v -0.02664002 -0.04689909 0.00645849
v -0.02685009 -0.04668902 0.00641352
v -0.02705810 -0.04648101 0.00635239
v -0.02726345 -0.04627566 0.00627528
v -0.02746551 -0.04607360 0.00618244
v -0.02766368 -0.04587543 0.00607412
v -0.02785738 -0.04568173 0.00595066
v -0.02804602 -0.04549309 0.00581243
v -0.02822904 -0.04531007 0.00565984
v -0.02840589 -0.04513322 0.00549333
v -0.02857605 -0.04496306 0.00531342
v -0.02873901 -0.04480010 0.00512064
v -0.02889429 -0.04464482 0.00491556
v -0.02904141 -0.04449770 0.00469879
v -0.02917994 -0.04435917 0.00447098
v -0.02930947 -0.04422964 0.00423282
v -0.02942961 -0.04410950 0.00398501
v -0.02954000 -0.04399911 0.00372828
v -0.02964031 -0.04389880 0.00346342
v -0.02973024 -0.04380886 0.00319121
v -0.02980953 -0.04372957 0.00291245
v -0.02987794 -0.04366117 0.00262799
v -0.02993526 -0.04360385 0.00233867
v -0.02998133 -0.04355778 0.00204535
v -0.03001599 -0.04352311 0.00174892
v -0.03003916 -0.04349995 0.00145025
v -0.03005077 -0.04348834 0.00115023
v -0.03005077 -0.04348834 0.00084977
v -0.03003916 -0.04349995 0.00054975
v -0.03001599 -0.04352311 0.00025108
v -0.02998133 -0.04355778 -0.00004535
v -0.02993526 -0.04360385 -0.00033867
v -0.02987794 -0.04366117 -0.00062799
v -0.02980953 -0.04372957 -0.00091245
v -0.02973024 -0.04380886 -0.00119121
v -0.02964031 -0.04389880 -0.00146342
v -0.02954000 -0.04399911 -0.00172828
v -0.02942961 -0.04410950 -0.00198501
v -0.02930947 -0.04422964 -0.00223282
v -0.02917994 -0.04435917 -0.00247098
v -0.02904141 -0.04449770 -0.00269879
v -0.02889429 -0.04464482 -0.00291556
v -0.02873901 -0.04480010 -0.00312064
v -0.02857605 -0.04496306 -0.00331342
v -0.02840589 -0.04513322 -0.00349333
v -0.02822904 -0.04531007 -0.00365984
v -0.02804602 -0.04549309 -0.00381243
v -0.02785738 -0.04568173 -0.00395066
v -0.02766368 -0.04587543 -0.00407412
v -0.02746551 -0.04607360 -0.00418244
v -0.02726345 -0.04627566 -0.00427528
v -0.02705810 -0.04648101 -0.00435239
v -0.02685009 -0.04668902 -0.00441352
v -0.02664002 -0.04689909 -0.00445849
v -0.02642853 -0.04711058 -0.00448718
v -0.02621625 -0.04732286 -0.00449949
v -0.02600381 -0.04753530 -0.00449538
v -0.02579185 -0.04774726 -0.00447488
v -0.02558099 -0.04795812 -0.00443804
v -0.02537187 -0.04816724 -0.00438496
v -0.02516512 -0.04837399 -0.00431582
v -0.02496134 -0.04857777 -0.00423081
v -0.02476114 -0.04877796 -0.00413019
v -0.02782895 -0.05419338 -0.00312075
v -0.02794996 -0.05406406 -0.00327069
v -0.02790706 -0.05411057 -0.00321861
v -0.02819039 -0.05379255 -0.00354060
v -0.02806544 -0.05393571 -0.00340502
v -0.02830903 -0.05365350 -0.00365992
v -0.02822692 -0.05375002 -0.00357830
v -0.02856092 -0.05335223 -0.00388337
v -0.02847182 -0.05345942 -0.00380891
v -0.02839193 -0.05355504 -0.00373790
v -0.02891228 -0.05292910 -0.00413019
v -0.02882659 -0.05303192 -0.00407666
v -0.02873427 -0.05314311 -0.00401426
v -0.02909518 -0.05271162 -0.00423081
v -0.02928313 -0.05249201 -0.00431582
v -0.02918836 -0.05260219 -0.00427521
v -0.02967425 -0.05205138 -0.00443804
v -0.02957473 -0.05216120 -0.00441355
v -0.02947617 -0.05227154 -0.00438496
v -0.02933893 -0.05242772 -0.00433764
v -0.03008463 -0.05161611 -0.00449538
v -0.02998034 -0.05172403 -0.00448718
v -0.02987717 -0.05183259 -0.00447488
v -0.02977518 -0.05194169 -0.00445850
v -0.03040309 -0.05129765 -0.00449539
v -0.03029616 -0.05140276 -0.00449949
v -0.03018982 -0.05150910 -0.00449949
v -0.03061979 -0.05108997 -0.00447487
v -0.03051116 -0.05119321 -0.00448718
v -0.03083872 -0.05088692 -0.00443800
v -0.03072890 -0.05098797 -0.00445849
v -0.03105879 -0.05068893 -0.00438493
v -0.03094850 -0.05078744 -0.00441352
v -0.03121487 -0.05055178 -0.00433764
v -0.03116896 -0.05059187 -0.00435239
v -0.03149870 -0.05030809 -0.00423084
v -0.03138915 -0.05040137 -0.00427528
v -0.03182242 -0.05003665 -0.00407485
v -0.03160786 -0.05021596 -0.00418244
v -0.03203552 -0.04985988 -0.00395066
v -0.03224657 -0.04968467 -0.00380891
v -0.03224167 -0.04968875 -0.00381243
v -0.03257970 -0.04940324 -0.00354060
v -0.03244075 -0.04952179 -0.00365984
v -0.03272278 -0.04927837 -0.00340511
v -0.03263127 -0.04935862 -0.00349334
v -0.03285122 -0.04916280 -0.00327069
v -0.03281174 -0.04919874 -0.00331342
v -0.03298062 -0.04904171 -0.00312064
v -0.02775123 -0.05427310 -0.00301960
v -0.00295580 -0.04972102 0.01000000
v -0.00290372 -0.04976519 0.01000000
v -0.00309650 -0.04957241 0.01000000
v -0.00305233 -0.04962449 0.01000000
v -0.00300538 -0.04967408 0.01000000
v -0.04962484 -0.00305198 0.01000000
v -0.04957276 -0.00309615 0.01000000
v -0.00095865 -0.04833162 0.01000000
v -0.00098543 -0.04826880 0.01000000
v 0.00533047 -0.04558236 0.01000000
v -0.04976555 -0.00290336 0.01000000
v -0.04972138 -0.00295544 0.01000000
v -0.04967443 -0.00300503 0.01000000
v -0.00235069 -0.05001900 0.01000000
v -0.00228325 -0.05002968 0.01000000
v 0.00438703 -0.04519646 0.01000000
v -0.00284931 -0.04980646 0.01000000
v -0.00279272 -0.04984468 0.01000000
v -0.00273414 -0.04987977 0.01000000
v -0.00267372 -0.04991160 0.01000000
v -0.00261166 -0.04994008 0.01000000
v -0.00254813 -0.04996513 0.01000000
v -0.00248333 -0.04998668 0.01000000
v -0.00241746 -0.05000465 0.01000000
v -0.00101560 -0.04820754 0.01000000
v -0.00104906 -0.04814802 0.01000000
v 0.00344921 -0.04480215 0.01000000
v -0.00221532 -0.05003667 0.01000000
v -0.00214711 -0.05003993 0.01000000
v -0.00207882 -0.05003946 0.01000000
v 0.00634140 -0.04598414 0.01000000
v -0.00087386 -0.04886697 0.01000000
v -0.00087153 -0.04879873 0.01000000
v -0.04934277 -0.00324255 0.01000000
v -0.04928071 -0.00327103 0.01000000
v -0.00333596 -0.04908615 0.01000000
v -0.04921718 -0.00329609 0.01000000
v -0.00321108 -0.04940283 0.01000000
v -0.00317599 -0.04946142 0.01000000
v -0.00313776 -0.04951800 0.01000000
v -0.05001935 -0.00235034 0.01000000
v -0.05000500 -0.00241710 0.01000000
v -0.04998703 -0.00248298 0.01000000
v -0.04996548 -0.00254778 0.01000000
v -0.00201066 -0.05003527 0.01000000
v -0.00194284 -0.05002736 0.01000000
v -0.00187554 -0.05001575 0.01000000
v -0.00132603 -0.04975442 0.01000000
v -0.00127457 -0.04970954 0.01000000
v -0.00122562 -0.04966192 0.01000000
v -0.00087293 -0.04873046 0.01000000
v -0.00087805 -0.04866236 0.01000000
v -0.00088689 -0.04859465 0.01000000
v -0.00147933 -0.04771776 0.01000000
v 0.00066962 -0.04356838 0.01000000
v -0.00142172 -0.04775443 0.01000000
v 0.00159050 -0.04398816 0.01000000
v -0.00136620 -0.04779418 0.01000000
v -0.04951835 -0.00313741 0.01000000
v -0.04946177 -0.00317564 0.01000000
v -0.04940318 -0.00321072 0.01000000
v -0.04915238 -0.00331763 0.01000000
v -0.04908650 -0.00333560 0.01000000
v -0.00335031 -0.04901939 0.01000000
v -0.00329644 -0.04921682 0.01000000
v -0.00327139 -0.04928035 0.01000000
v -0.00324290 -0.04934241 0.01000000
v -0.04563403 0.00545826 0.01000000
v -0.04522810 0.00446291 0.01000000
v -0.04820790 -0.00101524 0.01000000
v -0.04995955 -0.00167850 0.01000000
v -0.04998198 -0.00174300 0.01000000
v -0.04988012 -0.00273378 0.01000000
v -0.04984504 -0.00279237 0.01000000
v -0.04980681 -0.00284895 0.01000000
v -0.00180898 -0.05000049 0.01000000
v -0.00174336 -0.04998162 0.01000000
v -0.00167886 -0.04995919 0.01000000
v -0.00161568 -0.04993328 0.01000000
v -0.00155401 -0.04990395 0.01000000
v -0.00149404 -0.04987130 0.01000000
v -0.00143593 -0.04983542 0.01000000
v -0.00137988 -0.04979642 0.01000000
v -0.00090311 -0.04906953 0.01000000
v -0.00088967 -0.04900258 0.01000000
v -0.00087991 -0.04893499 0.01000000
v -0.00108573 -0.04809042 0.01000000
v -0.00112549 -0.04803489 0.01000000
v 0.00251703 -0.04439940 0.01000000
v -0.00116822 -0.04798163 0.01000000
v -0.00331798 -0.04915203 0.01000000
v -0.04775478 -0.00142137 0.01000000
v -0.04396521 0.00153909 0.01000000
v -0.04771811 -0.00147898 0.01000000
v -0.04352791 0.00058170 0.01000000
v -0.04768464 -0.00153849 0.01000000
v -0.04994044 -0.00261130 0.01000000
v -0.04991195 -0.00267337 0.01000000
v -0.00105794 -0.04944695 0.01000000
v -0.00102366 -0.04938789 0.01000000
v -0.00099266 -0.04932704 0.01000000
v -0.00096502 -0.04926460 0.01000000
v -0.00094084 -0.04920074 0.01000000
v -0.00092018 -0.04913565 0.01000000
v -0.00089941 -0.04852752 0.01000000
v -0.00091558 -0.04846117 0.01000000
v -0.00093534 -0.04839581 0.01000000
v -0.00121380 -0.04793078 0.01000000
v -0.00126209 -0.04788250 0.01000000
v -0.00131294 -0.04783692 0.01000000
v -0.00192596 -0.04755558 0.01000000
v -0.00199367 -0.04754675 0.01000000
v -0.00115515 -0.04270296 0.01000000
v -0.00329050 -0.04834755 0.01000000
v -0.00331293 -0.04841205 0.01000000
v -0.04881615 -0.00337088 0.01000000
v -0.04874787 -0.00337041 0.01000000
v -0.04072670 -0.00499609 0.01000000
v -0.04481511 0.00347914 0.01000000
v -0.04809077 -0.00108538 0.01000000
v -0.04814838 -0.00104871 0.01000000
v -0.00117936 -0.04961170 0.01000000
v -0.00113590 -0.04955902 0.01000000
v -0.00109539 -0.04950405 0.01000000
v -0.00337124 -0.04881580 0.01000000
v -0.00336798 -0.04888401 0.01000000
v -0.00336099 -0.04895194 0.01000000
v -0.04867971 -0.00336622 0.01000000
v -0.04861188 -0.00335831 0.01000000
v -0.04854459 -0.00334671 0.01000000
v -0.04847803 -0.00333145 0.01000000
v -0.04841241 -0.00331258 0.01000000
v -0.04834791 -0.00329014 0.01000000
v -0.04799508 -0.00308537 0.01000000
v -0.04794361 -0.00304050 0.01000000
v -0.04789467 -0.00299287 0.01000000
v -0.04788285 -0.00126173 0.01000000
v -0.04439424 0.00250479 0.01000000
v -0.04783727 -0.00131259 0.01000000
v -0.04779454 -0.00136585 0.01000000
v -0.04846153 -0.00091522 0.01000000
v -0.04852787 -0.00089906 0.01000000
v -0.04598450 0.00634176 0.01000000
v -0.04859500 -0.00088653 0.01000000
v -0.04866271 -0.00087770 0.01000000
v -0.04873081 -0.00087257 0.01000000
v -0.04879909 -0.00087117 0.01000000
v -0.04961205 -0.00117900 0.01000000
v -0.04966228 -0.00122527 0.01000000
v -0.04970990 -0.00127421 0.01000000
v -0.04975478 -0.00132568 0.01000000
v -0.04979678 -0.00137953 0.01000000
v -0.04983577 -0.00143558 0.01000000
v -0.04987165 -0.00149368 0.01000000
v -0.04990430 -0.00155366 0.01000000
v -0.04993364 -0.00161532 0.01000000
v -0.05000085 -0.00180863 0.01000000
v -0.05001611 -0.00187519 0.01000000
v -0.05002772 -0.00194248 0.01000000
v -0.05003562 -0.00201031 0.01000000
v -0.05003982 -0.00207847 0.01000000
v -0.05004028 -0.00214676 0.01000000
v 0.00628028 -0.04596019 0.01000000
v -0.00219828 -0.04754255 0.01000000
v -0.00295719 -0.04180265 0.01000000
v -0.00213004 -0.04754022 0.01000000
v -0.00205903 -0.04225719 0.01000000
v -0.04828473 -0.00326423 0.01000000
v -0.04822306 -0.00323490 0.01000000
v -0.04816308 -0.00320225 0.01000000
v -0.04810498 -0.00316637 0.01000000
v -0.04804893 -0.00312737 0.01000000
v -0.04169482 -0.00316726 0.01000000
v -0.04121513 -0.00408532 0.01000000
v -0.04757216 -0.00240048 0.01000000
v -0.04754710 -0.00199332 0.01000000
v -0.04262827 -0.00130862 0.01000000
v -0.04754197 -0.00206141 0.01000000
v -0.04216583 -0.00224177 0.01000000
v -0.04754058 -0.00212968 0.01000000
v -0.04755593 -0.00192560 0.01000000
v -0.04756846 -0.00185847 0.01000000
v -0.04308228 -0.00036750 0.01000000
v -0.04758463 -0.00179213 0.01000000
v -0.04793113 -0.00121345 0.01000000
v -0.04798198 -0.00116787 0.01000000
v -0.04803525 -0.00112514 0.01000000
v -0.04886733 -0.00087350 0.01000000
v -0.04893535 -0.00087956 0.01000000
v -0.04900293 -0.00088932 0.01000000
v -0.05003702 -0.00221496 0.01000000
v -0.05003004 -0.00228289 0.01000000
v -0.00206176 -0.04754162 0.01000000
v -0.04901974 -0.00334995 0.01000000
v -0.04895230 -0.00336063 0.01000000
v -0.04888436 -0.00336762 0.01000000
v -0.00320261 -0.04816273 0.01000000
v -0.00316673 -0.04810463 0.01000000
v -0.00312773 -0.04804857 0.01000000
v -0.00323526 -0.04822270 0.01000000
v -0.00326459 -0.04828437 0.01000000
v -0.00333180 -0.04847768 0.01000000
v -0.00334706 -0.04854423 0.01000000
v -0.00335867 -0.04861153 0.01000000
v -0.00336658 -0.04867936 0.01000000
v -0.00337077 -0.04874751 0.01000000
v -0.04784841 -0.00294265 0.01000000
v -0.04780495 -0.00288998 0.01000000
v -0.04776443 -0.00283500 0.01000000
v -0.04755872 -0.00233354 0.01000000
v -0.04754896 -0.00226595 0.01000000
v -0.04754291 -0.00219793 0.01000000
v -0.04760439 -0.00172676 0.01000000
v -0.04762770 -0.00166258 0.01000000
v -0.04765448 -0.00159976 0.01000000
v -0.04906988 -0.00090276 0.01000000
v -0.04913601 -0.00091983 0.01000000
v -0.04920109 -0.00094049 0.01000000
v -0.04926495 -0.00096467 0.01000000
v -0.04932740 -0.00099230 0.01000000
v -0.04938825 -0.00102330 0.01000000
v -0.00153885 -0.04768429 0.01000000
v -0.00160011 -0.04765412 0.01000000
v -0.00024560 -0.04314000 0.01000000
v -0.00166293 -0.04762734 0.01000000
v -0.00172712 -0.04760404 0.01000000
v -0.00179248 -0.04758427 0.01000000
v -0.00185883 -0.04756810 0.01000000
v -0.00226630 -0.04754861 0.01000000
v -0.00233389 -0.04755837 0.01000000
v -0.00384962 -0.04133931 0.01000000
v -0.00240084 -0.04757180 0.01000000
v -0.00473626 -0.04086717 0.01000000
v -0.04772698 -0.00277790 0.01000000
v -0.04769270 -0.00271884 0.01000000
v -0.04766170 -0.00265800 0.01000000
v -0.04763407 -0.00259555 0.01000000
v -0.04760989 -0.00253169 0.01000000
v -0.04758923 -0.00246660 0.01000000
v -0.04826916 -0.00098507 0.01000000
v -0.04833198 -0.00095830 0.01000000
v -0.04839617 -0.00093499 0.01000000
v -0.04944731 -0.00105758 0.01000000
v -0.04950441 -0.00109503 0.01000000
v -0.04955937 -0.00113555 0.01000000
v -0.00299323 -0.04789432 0.01000000
v -0.00304085 -0.04794326 0.01000000
v -0.00308573 -0.04799473 0.01000000
v -0.00246696 -0.04758888 0.01000000
v -0.00253205 -0.04760954 0.01000000
v -0.00561707 -0.04038619 0.01000000
v -0.00259591 -0.04763372 0.01000000
v -0.00649201 -0.03989637 0.01000000
v -0.00265835 -0.04766135 0.01000000
v -0.00736103 -0.03939766 0.01000000
v -0.00271920 -0.04769235 0.01000000
v -0.00822408 -0.03889004 0.01000000
v -0.00277826 -0.04772663 0.01000000
v -0.00849917 -0.03872561 0.01000000
v -0.00283536 -0.04776408 0.01000000
v -0.00289033 -0.04780459 0.01000000
v -0.01015741 -0.03770665 0.01000000
v -0.00933171 -0.03822004 0.01000000
v -0.01339143 -0.03557468 0.01000000
v -0.01259325 -0.03611944 0.01000000
v -0.00294300 -0.04784805 0.01000000
v -0.01178818 -0.03665635 0.01000000
v -0.01097623 -0.03718542 0.01000000
v -0.02818772 -0.02268322 0.01000000
v -0.02752770 -0.02339779 0.01000000
v -0.02685945 -0.02410506 0.01000000
v -0.02618292 -0.02480503 0.01000000
v -0.02549806 -0.02549771 0.01000000
v -0.02521510 -0.02577936 0.01000000
v -0.02452909 -0.02645144 0.01000000
v -0.02383591 -0.02711552 0.01000000
v -0.02313559 -0.02777160 0.01000000
v -0.02242815 -0.02841969 0.01000000
v -0.02026336 -0.03031605 0.01000000
v -0.01952768 -0.03093220 0.01000000
v -0.01878499 -0.03154036 0.01000000
v -0.01803531 -0.03214053 0.01000000
v -0.02171362 -0.02905979 0.01000000
v -0.02099201 -0.02969191 0.01000000
v -0.03011876 -0.02049552 0.01000000
v -0.02948320 -0.02123212 0.01000000
v -0.02883954 -0.02196134 0.01000000
v -0.01727867 -0.03273271 0.01000000
v -0.01651507 -0.03331694 0.01000000
v -0.01574454 -0.03389322 0.01000000
v -0.01496708 -0.03446159 0.01000000
v -0.01418270 -0.03502207 0.01000000
v -0.03197732 -0.01824097 0.01000000
v -0.03136575 -0.01900002 0.01000000
v -0.03074626 -0.01975151 0.01000000
v -0.03376522 -0.01591733 0.01000000
v -0.03317701 -0.01669966 0.01000000
v -0.03258104 -0.01747421 0.01000000
v -0.03548324 -0.01352378 0.01000000
v -0.03491835 -0.01432937 0.01000000
v -0.03434567 -0.01512723 0.01000000
v -0.03713108 -0.01106070 0.01000000
v -0.03658962 -0.01188943 0.01000000
v -0.03604034 -0.01271046 0.01000000
v -0.04022947 -0.00589966 0.01000000
v -0.03972341 -0.00679609 0.01000000
v -0.03920848 -0.00768539 0.01000000
v -0.03868464 -0.00856760 0.01000000
v -0.03819053 -0.00937993 0.01000000
v -0.03766470 -0.01022424 0.01000000
v -0.02266270 -0.05865458 0.05101552
v -0.01064189 -0.04663376 0.05101552
v -0.01093929 -0.04633636 0.05212478
v -0.02296011 -0.05835718 0.05212478
v -0.01127086 -0.04600479 0.05321449
v -0.02329168 -0.05802561 0.05321449
v -0.01163596 -0.04563969 0.05428254
v -0.02365677 -0.05766051 0.05428254
v -0.01203388 -0.04524177 0.05532689
v -0.02405469 -0.05726259 0.05532689
v -0.01246385 -0.04481180 0.05634551
v -0.02448467 -0.05683262 0.05634551
v -0.01292505 -0.04435060 0.05733643
v -0.02494586 -0.05637142 0.05733643
v -0.01341658 -0.04385907 0.05829774
v -0.02543740 -0.05587989 0.05829774
v -0.01393750 -0.04333815 0.05922760
v -0.02595831 -0.05535897 0.05922760
v -0.01448679 -0.04278886 0.06012420
v -0.02650761 -0.05480967 0.06012420
v -0.01506341 -0.04221224 0.06098580
v -0.02708423 -0.05423306 0.06098580
v -0.01566623 -0.04160942 0.06181076
v -0.02768705 -0.05363024 0.06181076
v -0.01629410 -0.04098156 0.06259747
v -0.02831491 -0.05300237 0.06259747
v -0.01694579 -0.04032986 0.06334442
v -0.02896661 -0.05235068 0.06334442
v -0.01762005 -0.03965560 0.06405016
v -0.02964087 -0.05167641 0.06405016
v -0.01831559 -0.03896006 0.06471334
v -0.03033641 -0.05098088 0.06471334
v -0.01903105 -0.03824460 0.06533266
v -0.03105187 -0.05026542 0.06533266
v -0.01976506 -0.03751059 0.06590694
v -0.03178588 -0.04953141 0.06590694
v -0.02051620 -0.03675945 0.06643507
v -0.03253702 -0.04878027 0.06643507
v -0.02128302 -0.03599263 0.06691603
v -0.03330383 -0.04801345 0.06691603
v -0.02206403 -0.03521162 0.06734888
v -0.03408485 -0.04723243 0.06734888
v -0.02285774 -0.03441791 0.06773280
v -0.03487856 -0.04643873 0.06773280
v -0.02366261 -0.03361304 0.06806705
v -0.03568343 -0.04563386 0.06806705
v -0.02447708 -0.03279857 0.06835097
v -0.03649790 -0.04481939 0.06835097
v -0.02529959 -0.03197607 0.06858402
v -0.03732040 -0.04399688 0.06858402
v -0.02612853 -0.03114712 0.06876575
v -0.03814935 -0.04316793 0.06876575
v -0.02696233 -0.03031333 0.06889581
v -0.03898314 -0.04233414 0.06889581
v -0.02779936 -0.02947630 0.06897394
v -0.03982017 -0.04149711 0.06897394
v -0.02863800 -0.02863765 0.06900000
v -0.04065882 -0.04065846 0.06900000
v -0.02947665 -0.02779900 0.06897394
v -0.04149747 -0.03981982 0.06897394
v -0.03031368 -0.02696197 0.06889581
v -0.04233449 -0.03898279 0.06889581
v -0.03114747 -0.02612818 0.06876575
v -0.04316829 -0.03814900 0.06876575
v -0.03197642 -0.02529923 0.06858402
v -0.04399724 -0.03732004 0.06858402
v -0.03279893 -0.02447672 0.06835097
v -0.04481974 -0.03649754 0.06835097
v -0.03361340 -0.02366225 0.06806705
v -0.04563421 -0.03568307 0.06806705
v -0.03441826 -0.02285739 0.06773280
v -0.04643908 -0.03487820 0.06773280
v -0.03521197 -0.02206368 0.06734888
v -0.04723279 -0.03408450 0.06734888
v -0.03599299 -0.02128266 0.06691603
v -0.04801381 -0.03330348 0.06691603
v -0.03675981 -0.02051585 0.06643507
v -0.04878062 -0.03253666 0.06643507
v -0.03751094 -0.01976471 0.06590694
v -0.04953176 -0.03178552 0.06590694
v -0.03824496 -0.01903070 0.06533266
v -0.05026577 -0.03105151 0.06533266
v -0.03896042 -0.01831523 0.06471334
v -0.05098123 -0.03033605 0.06471334
v -0.03965595 -0.01761970 0.06405016
v -0.05167677 -0.02964051 0.06405016
v -0.04033022 -0.01694544 0.06334442
v -0.05235103 -0.02896625 0.06334442
v -0.04098191 -0.01629374 0.06259747
v -0.05300273 -0.02831456 0.06259747
v -0.04160977 -0.01566588 0.06181076
v -0.05363059 -0.02768669 0.06181076
v -0.04221260 -0.01506306 0.06098580
v -0.05423341 -0.02708387 0.06098580
v -0.04278921 -0.01448644 0.06012420
v -0.05481003 -0.02650726 0.06012420
v -0.04333851 -0.01393714 0.05922760
v -0.05535933 -0.02595796 0.05922760
v -0.04385943 -0.01341623 0.05829774
v -0.05588024 -0.02543704 0.05829774
v -0.04435096 -0.01292469 0.05733643
v -0.05637177 -0.02494551 0.05733643
v -0.04481215 -0.01246350 0.05634551
v -0.05683297 -0.02448431 0.05634551
v -0.04524213 -0.01203352 0.05532689
v -0.05726295 -0.02405434 0.05532689
v -0.04564005 -0.01163560 0.05428254
v -0.05766087 -0.02365642 0.05428254
v -0.04600515 -0.01127051 0.05321449
v -0.05802596 -0.02329132 0.05321449
v -0.04633672 -0.01093894 0.05212478
v -0.05835753 -0.02295975 0.05212478
v -0.04663412 -0.01064153 0.05101552
v -0.05865494 -0.02266235 0.05101552
v -0.05304564 -0.00198509 0.02093797
v -0.05297549 -0.00156548 0.02024043
v -0.06636364 -0.01495364 0.02024043
v -0.05309601 -0.00239025 0.02164620
v -0.05273172 -0.00454393 0.02667237
v -0.05310208 -0.00378892 0.02442600
v -0.05312478 -0.00362786 0.02405917
v -0.05313616 -0.00345656 0.02369453
v -0.05282143 -0.00444337 0.02629255
v -0.05289984 -0.00433259 0.02591492
v -0.05296706 -0.00421172 0.02553946
v -0.05313971 -0.00317548 0.02312636
v -0.05312748 -0.00278699 0.02237532
v -0.05302317 -0.00408081 0.02516616
v -0.05306819 -0.00393989 0.02479500
v -0.00225092 -0.05308030 0.02139801
v -0.01495399 -0.06636329 0.02024043
v -0.00182864 -0.05302114 0.02067318
v -0.00156583 -0.05297513 0.02024043
v -0.00454429 -0.05273137 0.02667237
v -0.00444372 -0.05282108 0.02629255
v -0.00433295 -0.05289949 0.02591492
v -0.00266397 -0.05311931 0.02214464
v -0.00306753 -0.05313788 0.02291312
v -0.00345692 -0.05313581 0.02369453
v -0.00362821 -0.05312443 0.02405917
v -0.00378928 -0.05310173 0.02442600
v -0.00394024 -0.05306783 0.02479500
v -0.00408116 -0.05302281 0.02516616
v -0.00421207 -0.05296671 0.02553946
v -0.05253816 -0.00020915 0.01799780
v -0.05250047 -0.00013044 0.01786832
v -0.06684355 -0.01447373 0.01786896
v -0.06716905 -0.01414823 0.01415796
v -0.05083044 0.00218396 0.01429443
v -0.05057339 0.00245535 0.01392362
v -0.06713385 -0.01418343 0.01509278
v -0.05132191 0.00162854 0.01509247
v -0.06715860 -0.01415868 0.01453458
v -0.05130508 0.00164856 0.01506287
v -0.05107437 0.00191524 0.01467431
v -0.06706776 -0.01424952 0.01602424
v -0.05180164 0.00101676 0.01602332
v -0.06710847 -0.01420881 0.01550461
v -0.05172640 0.00111893 0.01586463
v -0.05152247 0.00138331 0.01545975
v -0.06690855 -0.01440873 0.01742859
v -0.05240434 0.00005880 0.01755801
v -0.06697093 -0.01434636 0.01695031
v -0.05225590 0.00032530 0.01712412
v -0.05219141 0.00043336 0.01694947
v -0.06702506 -0.01429223 0.01647004
v -0.05209329 0.00059047 0.01669710
v -0.05191673 0.00085482 0.01627717
v -0.05265659 -0.00047765 0.01844099
v -0.06675923 -0.01455805 0.01837800
v -0.06668592 -0.01463136 0.01877818
v -0.06657746 -0.01473983 0.01931602
v -0.05291911 -0.00129059 0.01978708
v -0.05284711 -0.00101794 0.01933589
v -0.05275957 -0.00074710 0.01888710
v -0.00129122 -0.05291882 0.01978753
v -0.01474018 -0.06657710 0.01931602
v -0.00013079 -0.05250011 0.01786830
v -0.00021625 -0.05254097 0.01800891
v -0.01447409 -0.06684320 0.01786896
v -0.00048235 -0.05265802 0.01844816
v -0.01455840 -0.06675888 0.01837800
v -0.00068140 -0.05273545 0.01877766
v -0.01463172 -0.06668557 0.01877818
v -0.00074992 -0.05276010 0.01889117
v -0.00101940 -0.05284709 0.01933770
v 0.00004884 -0.05240905 0.01757371
v -0.01434671 -0.06697057 0.01695031
v 0.00031340 -0.05226229 0.01714282
v 0.00043302 -0.05219105 0.01694945
v -0.01440909 -0.06690820 0.01742859
v 0.00101639 -0.05180130 0.01602334
v 0.00084297 -0.05192435 0.01629530
v -0.01424988 -0.06706741 0.01602424
v 0.00057794 -0.05210072 0.01671658
v -0.01429258 -0.06702470 0.01647004
v 0.00162815 -0.05132159 0.01509253
v 0.00137632 -0.05152739 0.01546980
v -0.01418379 -0.06713350 0.01509278
v 0.00110906 -0.05173314 0.01587936
v -0.01420917 -0.06710812 0.01550461
v 0.00218262 -0.05083100 0.01429582
v 0.00191255 -0.05107608 0.01467767
v -0.01414859 -0.06716870 0.01415796
v 0.00164399 -0.05130827 0.01506909
v -0.01415904 -0.06715825 0.01453458
v 0.00245478 -0.05057325 0.01392391
v -0.03478455 -0.02164681 0.01834834
v -0.03542309 -0.02101642 0.01849358
v -0.02696600 -0.02909024 0.01658549
v -0.02455645 -0.03170715 0.01731910
v -0.01930346 -0.03725305 0.01978407
v -0.01990429 -0.03665153 0.01964491
v -0.02050598 -0.03604909 0.01951431
v -0.02104898 -0.03546240 0.01894710
v -0.02218809 -0.03423619 0.01823248
v -0.02158063 -0.03485161 0.01836317
v -0.02279790 -0.03361858 0.01811279
v -0.02393726 -0.03233654 0.01740882
v -0.02332141 -0.03296415 0.01751353
v -0.02517891 -0.03107621 0.01724451
v -0.02580447 -0.03044390 0.01718491
v -0.02633210 -0.02972941 0.01661870
v -0.02824245 -0.02781059 0.01656522
v -0.02760285 -0.02845058 0.01656771
v -0.02888457 -0.02717050 0.01657809
v -0.02952899 -0.02653060 0.01660659
v -0.03017549 -0.02589121 0.01665115
v -0.03089600 -0.02535701 0.01722596
v -0.03025302 -0.02599366 0.01716981
v -0.03154016 -0.02472102 0.01729783
v -0.03218518 -0.02408601 0.01738579
v -0.03283070 -0.02345223 0.01748994
v -0.03347635 -0.02281978 0.01760990
v -0.03350622 -0.02290887 0.01809227
v -0.03414561 -0.02227751 0.01821411
v -0.03567942 -0.02083315 0.01899442
v -0.03542089 -0.02109026 0.01893808
v -0.03628711 -0.02022867 0.01913300
v -0.03686797 -0.01968811 0.01969390
v -0.03626549 -0.02028985 0.01956013
v -0.05183585 -0.00472461 0.02600331
v -0.05212928 -0.00442893 0.02614300
v -0.00414155 -0.05191338 0.02365858
v -0.00365868 -0.05241175 0.02401207
v -0.00432484 -0.05220255 0.02578268
v -0.00448441 -0.05207604 0.02615661
v -0.00442928 -0.05212892 0.02614300
v -0.00437348 -0.05216269 0.02584892
v -0.00431483 -0.05218968 0.02557521
v -0.00483531 -0.05166063 0.02517604
v -0.01888630 -0.03767063 0.01988579
v -0.01826721 -0.03829028 0.02004441
v -0.01764935 -0.03890863 0.02021190
v -0.01703266 -0.03952573 0.02038827
v -0.01641718 -0.04014158 0.02057355
v -0.01580294 -0.04075612 0.02076778
v -0.01519004 -0.04136927 0.02097096
v -0.01457857 -0.04198097 0.02118314
v -0.01396861 -0.04259111 0.02140430
v -0.01336026 -0.04319961 0.02163445
v -0.01275366 -0.04380636 0.02187356
v -0.01214890 -0.04441122 0.02212162
v -0.01154611 -0.04501411 0.02237860
v -0.01094536 -0.04561493 0.02264448
v -0.01034675 -0.04621361 0.02291925
v -0.00975032 -0.04681009 0.02320289
v -0.00915612 -0.04740432 0.02349541
v -0.00856416 -0.04799631 0.02379683
v -0.00797440 -0.04858609 0.02410719
v -0.00738682 -0.04917368 0.02442652
v -0.00680149 -0.04975902 0.02475479
v -0.00621852 -0.05034197 0.02509195
v -0.00563800 -0.05092249 0.02543798
v -0.00505994 -0.05150053 0.02579287
v -0.02044516 -0.03606950 0.01908249
v -0.01984245 -0.03667523 0.01922595
v -0.01924057 -0.03727982 0.01937707
v -0.01882265 -0.03769943 0.01948649
v -0.01820238 -0.03832195 0.01965563
v -0.01758326 -0.03894302 0.01983251
v -0.01696522 -0.03956273 0.02001723
v -0.01634828 -0.04018109 0.02020991
v -0.01573251 -0.04079808 0.02041068
v -0.01511800 -0.04141363 0.02061967
v -0.01450483 -0.04202767 0.02083698
v -0.01389311 -0.04264014 0.02106270
v -0.01328294 -0.04325095 0.02129690
v -0.01267444 -0.04385999 0.02153963
v -0.01206773 -0.04446714 0.02179093
v -0.01146293 -0.04507232 0.02205081
v -0.01086012 -0.04567544 0.02231931
v -0.01025939 -0.04627642 0.02259644
v -0.00966079 -0.04687521 0.02288223
v -0.00906438 -0.04747177 0.02317670
v -0.00847016 -0.04806611 0.02347989
v -0.00787809 -0.04865825 0.02379189
v -0.00728817 -0.04924821 0.02411272
v -0.00670046 -0.04983593 0.02444238
v -0.00611507 -0.05042130 0.02478084
v -0.00553209 -0.05100424 0.02512808
v -0.00495154 -0.05158472 0.02548410
v -0.02097512 -0.03546491 0.01850353
v -0.02037107 -0.03607633 0.01865231
v -0.01976809 -0.03668610 0.01880850
v -0.01916584 -0.03729444 0.01897146
v -0.01874758 -0.03771650 0.01908852
v -0.01812669 -0.03834245 0.01926806
v -0.01750677 -0.03896673 0.01945425
v -0.01688779 -0.03958946 0.01964725
v -0.01626977 -0.04021069 0.01984727
v -0.01565278 -0.04083042 0.02005455
v -0.01503691 -0.04144862 0.02026929
v -0.01442227 -0.04206524 0.02049170
v -0.01380897 -0.04268022 0.02072195
v -0.01319713 -0.04329349 0.02096019
v -0.01258687 -0.04390495 0.02120651
v -0.01197832 -0.04451450 0.02146103
v -0.01137161 -0.04512206 0.02172380
v -0.01076681 -0.04572755 0.02199490
v -0.01016403 -0.04633089 0.02227438
v -0.00956333 -0.04693204 0.02256230
v -0.00896474 -0.04753096 0.02285871
v -0.00836829 -0.04812767 0.02316368
v -0.00777394 -0.04872218 0.02347731
v -0.00718169 -0.04931451 0.02379964
v -0.00659160 -0.04990463 0.02413069
v -0.00600380 -0.05049239 0.02447044
v -0.00541836 -0.05107773 0.02481888
v -0.02270882 -0.03358976 0.01763261
v -0.02209924 -0.03421318 0.01776493
v -0.02149226 -0.03483427 0.01790888
v -0.02088733 -0.03545302 0.01806267
v -0.02028386 -0.03606957 0.01822459
v -0.01968134 -0.03668411 0.01839331
v -0.01907938 -0.03729688 0.01856792
v -0.01866121 -0.03772181 0.01869250
v -0.01804024 -0.03835175 0.01888231
v -0.01742002 -0.03897971 0.01907769
v -0.01680051 -0.03960587 0.01927887
v -0.01618175 -0.04023033 0.01948615
v -0.01556383 -0.04085310 0.01969985
v -0.01494686 -0.04147421 0.01992028
v -0.01433097 -0.04209361 0.02014774
v -0.01371629 -0.04271129 0.02038248
v -0.01310293 -0.04332717 0.02062471
v -0.01249106 -0.04394118 0.02087460
v -0.01188079 -0.04455324 0.02113231
v -0.01127225 -0.04516327 0.02139795
v -0.01066556 -0.04577119 0.02167163
v -0.01006079 -0.04637695 0.02195345
v -0.00945803 -0.04698050 0.02224348
v -0.00885731 -0.04758182 0.02254182
v -0.00825866 -0.04818091 0.02284856
v -0.00766206 -0.04877781 0.02316380
v -0.00706750 -0.04937252 0.02348762
v -0.00647505 -0.04996502 0.02382006
v -0.00588484 -0.05055516 0.02416110
v -0.00529693 -0.05114289 0.02451075
v -0.00471137 -0.05172818 0.02486904
v -0.00421076 -0.05226553 0.02542443
v -0.02570141 -0.03036794 0.01666760
v -0.02507419 -0.03100565 0.01673260
v -0.02445068 -0.03164236 0.01681407
v -0.02383105 -0.03227786 0.01691218
v -0.02321534 -0.03291187 0.01702677
v -0.02260342 -0.03354406 0.01715708
v -0.02199493 -0.03417410 0.01730165
v -0.02138928 -0.03480171 0.01745852
v -0.02078578 -0.03542674 0.01762539
v -0.02018368 -0.03604923 0.01780017
v -0.01958236 -0.03666929 0.01798112
v -0.01898135 -0.03728713 0.01816715
v -0.01856367 -0.03771536 0.01829911
v -0.01794318 -0.03834982 0.01849899
v -0.01732312 -0.03898195 0.01870340
v -0.01670348 -0.03961195 0.01891261
v -0.01608434 -0.04023997 0.01912703
v -0.01546579 -0.04086609 0.01934706
v -0.01484798 -0.04149036 0.01957311
v -0.01423106 -0.04211276 0.01980555
v -0.01361518 -0.04273331 0.02004471
v -0.01300047 -0.04335196 0.02029088
v -0.01238711 -0.04396865 0.02054430
v -0.01177524 -0.04458332 0.02080516
v -0.01116498 -0.04519590 0.02107363
v -0.01055647 -0.04580633 0.02134987
v -0.00994979 -0.04641456 0.02163400
v -0.00934502 -0.04702055 0.02192614
v -0.00874223 -0.04762429 0.02222639
v -0.00814142 -0.04822579 0.02253488
v -0.00754259 -0.04882507 0.02285172
v -0.00694574 -0.04942217 0.02317703
v -0.00635094 -0.05001703 0.02351085
v -0.00575832 -0.05060954 0.02385317
v -0.00516795 -0.05119964 0.02420402
v -0.00457987 -0.05178730 0.02456344
v -0.00408710 -0.05231795 0.02506824
v -0.00473717 -0.05131883 0.02329579
v -0.00533490 -0.05072179 0.02294137
v -0.00593466 -0.05012230 0.02259524
v -0.00653641 -0.04952040 0.02225734
v -0.00713998 -0.04891619 0.02192765
v -0.00774531 -0.04830971 0.02160607
v -0.00835236 -0.04770092 0.02129245
v -0.00896111 -0.04708977 0.02098658
v -0.00957152 -0.04647624 0.02068831
v -0.01018352 -0.04586030 0.02039743
v -0.01079699 -0.04524196 0.02011375
v -0.01141180 -0.04462124 0.01983703
v -0.01202780 -0.04399815 0.01956701
v -0.01264481 -0.04337269 0.01930339
v -0.01326260 -0.04274487 0.01904582
v -0.01388098 -0.04211466 0.01879388
v -0.01449970 -0.04148201 0.01854710
v -0.01511852 -0.04084681 0.01830491
v -0.01573719 -0.04020893 0.01806672
v -0.01635545 -0.03956816 0.01783185
v -0.01697308 -0.03892424 0.01759967
v -0.01758988 -0.03827685 0.01736955
v -0.01820578 -0.03762556 0.01714107
v -0.01861957 -0.03718506 0.01698824
v -0.01921391 -0.03654810 0.01676999
v -0.01980740 -0.03590723 0.01655462
v -0.02040078 -0.03526234 0.01634392
v -0.02099512 -0.03461362 0.01614058
v -0.02159177 -0.03396154 0.01594797
v -0.02219211 -0.03330689 0.01576959
v -0.02279734 -0.03265058 0.01560852
v -0.02340835 -0.03199350 0.01546694
v -0.02402556 -0.03133637 0.01534598
v -0.02464904 -0.03067968 0.01524588
v -0.02527861 -0.03002376 0.01516629
v -0.02591390 -0.02936878 0.01510661
v -0.02655453 -0.02871491 0.01506621
v -0.02720010 -0.02806229 0.01504462
v -0.02785032 -0.02741109 0.01504159
v -0.02850488 -0.02676162 0.01505722
v -0.02916355 -0.02611429 0.01509187
v -0.02982616 -0.02546957 0.01514619
v -0.03049251 -0.02482799 0.01522106
v -0.03116235 -0.02419010 0.01531738
v -0.03183528 -0.02355634 0.01543585
v -0.03251072 -0.02292690 0.01557661
v -0.03318782 -0.02230157 0.01573889
v -0.03386549 -0.02167969 0.01592068
v -0.03454259 -0.02106008 0.01611886
v -0.03521813 -0.02044131 0.01632964
v -0.03549312 -0.02018877 0.01641837
v -0.03613775 -0.01959438 0.01663139
v -0.03677761 -0.01900028 0.01684809
v -0.03741329 -0.01840544 0.01706712
v -0.03804546 -0.01780923 0.01728791
v -0.03867426 -0.01721175 0.01751031
v -0.03929997 -0.01661315 0.01773459
v -0.03992298 -0.01601349 0.01796127
v -0.04054367 -0.01541288 0.01819100
v -0.04116233 -0.01481145 0.01842441
v -0.04177921 -0.01420931 0.01866216
v -0.04239449 -0.01360664 0.01890482
v -0.04300832 -0.01300356 0.01915293
v -0.04362077 -0.01240025 0.01940694
v -0.04377260 -0.01225047 0.01947096
v -0.04439372 -0.01163688 0.01973739
v -0.04501251 -0.01102438 0.02001037
v -0.04562899 -0.01041311 0.02029019
v -0.04624317 -0.00980320 0.02057708
v -0.04685505 -0.00919473 0.02087127
v -0.04746462 -0.00858781 0.02117295
v -0.04807190 -0.00798251 0.02148230
v -0.04867691 -0.00737888 0.02179948
v -0.04927960 -0.00677701 0.02212463
v -0.04988000 -0.00617696 0.02245786
v -0.05047807 -0.00557878 0.02279927
v -0.05107382 -0.00498250 0.02314895
v -0.05166725 -0.00438818 0.02350697
v -0.05225831 -0.00379584 0.02387340
v -0.05222357 -0.00395058 0.02417207
v -0.05163475 -0.00454038 0.02380671
v -0.05104359 -0.00513223 0.02344983
v -0.05045012 -0.00572610 0.02310137
v -0.04985435 -0.00632195 0.02276125
v -0.04925630 -0.00691975 0.02242940
v -0.04865596 -0.00751944 0.02210573
v -0.04805336 -0.00812099 0.02179015
v -0.04744853 -0.00872429 0.02148255
v -0.04684146 -0.00932933 0.02118277
v -0.04623215 -0.00993602 0.02089065
v -0.04562060 -0.01054430 0.02060604
v -0.04500683 -0.01115406 0.02032875
v -0.04439087 -0.01176520 0.02005856
v -0.04377268 -0.01237759 0.01979522
v -0.04362159 -0.01252711 0.01973201
v -0.04301220 -0.01312949 0.01948147
v -0.04240159 -0.01373184 0.01923722
v -0.04178973 -0.01433402 0.01899888
v -0.04117650 -0.01493592 0.01876595
v -0.04056177 -0.01553742 0.01853794
v -0.03994533 -0.01613844 0.01831425
v -0.03932693 -0.01673888 0.01809432
v -0.03870629 -0.01733869 0.01787759
v -0.03808306 -0.01793784 0.01766356
v -0.03745705 -0.01853622 0.01745200
v -0.03682813 -0.01913372 0.01724304
v -0.03619569 -0.01973098 0.01703714
v -0.03555910 -0.02032892 0.01683547
v -0.03528769 -0.02058305 0.01675167
v -0.03462121 -0.02120584 0.01655296
v -0.03395341 -0.02182937 0.01636649
v -0.03328500 -0.02245482 0.01619559
v -0.03261684 -0.02308308 0.01604308
v -0.03194982 -0.02371466 0.01591073
v -0.03128464 -0.02434965 0.01579924
v -0.03062182 -0.02498783 0.01570851
v -0.02996176 -0.02562879 0.01563790
v -0.02930470 -0.02627206 0.01558661
v -0.02865087 -0.02691714 0.01555388
v -0.02800046 -0.02756363 0.01553911
v -0.02735369 -0.02821115 0.01554197
v -0.02671085 -0.02885943 0.01556238
v -0.02607221 -0.02950829 0.01560054
v -0.02543810 -0.03015756 0.01565686
v -0.02480889 -0.03080710 0.01573190
v -0.02418487 -0.03145672 0.01582617
v -0.02356624 -0.03210612 0.01593997
v -0.02295298 -0.03275489 0.01607307
v -0.02234476 -0.03340245 0.01622445
v -0.02174091 -0.03404814 0.01639214
v -0.02114045 -0.03469127 0.01657342
v -0.02054226 -0.03533131 0.01676515
v -0.01994522 -0.03596798 0.01696438
v -0.01934843 -0.03660122 0.01716874
v -0.01875125 -0.03723117 0.01737664
v -0.01833577 -0.03766719 0.01752275
v -0.01771782 -0.03831235 0.01774202
v -0.01709948 -0.03895419 0.01796383
v -0.01648080 -0.03959308 0.01818859
v -0.01586190 -0.04022927 0.01841682
v -0.01524298 -0.04086294 0.01864913
v -0.01462425 -0.04149426 0.01888607
v -0.01400592 -0.04212329 0.01912819
v -0.01338819 -0.04275011 0.01937596
v -0.01277127 -0.04337473 0.01962982
v -0.01215535 -0.04399715 0.01989011
v -0.01154060 -0.04461734 0.02015713
v -0.01092721 -0.04523527 0.02043115
v -0.01031530 -0.04585091 0.02071240
v -0.00970501 -0.04646423 0.02100107
v -0.00909642 -0.04707522 0.02129733
v -0.00848960 -0.04768387 0.02160135
v -0.00788459 -0.04829023 0.02191328
v -0.00728140 -0.04889430 0.02223330
v -0.00668004 -0.04949615 0.02256155
v -0.00608059 -0.05009572 0.02289809
v -0.00548319 -0.05069290 0.02324296
v -0.00488791 -0.05128766 0.02359620
v -0.00429480 -0.05187995 0.02395786
v -0.00381111 -0.05239111 0.02436206
v -0.05218020 -0.00409823 0.02447318
v -0.05159366 -0.00468548 0.02410891
v -0.05100480 -0.00527486 0.02375318
v -0.05041364 -0.00586632 0.02340593
v -0.04982019 -0.00645982 0.02306711
v -0.04922449 -0.00705534 0.02273665
v -0.04862652 -0.00765283 0.02241448
v -0.04802632 -0.00825225 0.02210052
v -0.04742393 -0.00885352 0.02179469
v -0.04681934 -0.00945661 0.02149684
v -0.04621255 -0.01006148 0.02120683
v -0.04560358 -0.01066803 0.02092455
v -0.04499247 -0.01127619 0.02064982
v -0.04437923 -0.01188587 0.02038248
v -0.04376388 -0.01249696 0.02012230
v -0.04361350 -0.01264618 0.02005991
v -0.04300704 -0.01324747 0.01981292
v -0.04239951 -0.01384892 0.01957264
v -0.04179088 -0.01445041 0.01933871
v -0.04118109 -0.01505186 0.01911074
v -0.04057003 -0.01565317 0.01888827
v -0.03995754 -0.01625430 0.01867081
v -0.03934342 -0.01685519 0.01845784
v -0.03872745 -0.01745580 0.01824889
v -0.03810934 -0.01805616 0.01804353
v -0.03748894 -0.01865618 0.01784154
v -0.03686620 -0.01925576 0.01764303
v -0.03624050 -0.01985551 0.01744839
v -0.03561121 -0.02045628 0.01725860
v -0.03534306 -0.02071169 0.01717995
v -0.03468484 -0.02133765 0.01699392
v -0.03402554 -0.02196428 0.01681977
v -0.03336560 -0.02259248 0.01666042
v -0.03270569 -0.02322293 0.01651827
v -0.03204648 -0.02385595 0.01639487
v -0.03138855 -0.02449156 0.01629084
v -0.03073238 -0.02512953 0.01620607
v -0.03007831 -0.02576947 0.01614003
v -0.02942663 -0.02641096 0.01609200
v -0.02877756 -0.02705357 0.01606133
v -0.02813129 -0.02769692 0.01604748
v -0.02748807 -0.02834071 0.01605016
v -0.02684814 -0.02898466 0.01606930
v -0.02621174 -0.02962861 0.01610505
v -0.02557917 -0.03027240 0.01615777
v -0.02495074 -0.03091586 0.01622793
v -0.02432671 -0.03155881 0.01631597
v -0.02370727 -0.03220099 0.01642214
v -0.02309243 -0.03284206 0.01654622
v -0.02248198 -0.03348157 0.01668731
v -0.02187540 -0.03411904 0.01684371
v -0.02127193 -0.03475401 0.01701304
v -0.02067068 -0.03538615 0.01719259
v -0.02007073 -0.03601534 0.01737983
v -0.01947132 -0.03664164 0.01757269
v -0.01887191 -0.03726522 0.01776983
v -0.01845513 -0.03769714 0.01790898
v -0.01783565 -0.03833668 0.01811870
v -0.01721622 -0.03897344 0.01833192
v -0.01659686 -0.03960768 0.01854901
v -0.01597767 -0.04023962 0.01877043
v -0.01535879 -0.04086938 0.01899667
v -0.01474040 -0.04149704 0.01922822
v -0.01412267 -0.04212266 0.01946555
v -0.01350577 -0.04274625 0.01970906
v -0.01288988 -0.04336782 0.01995912
v -0.01227516 -0.04398731 0.02021600
v -0.01166180 -0.04460469 0.02047997
v -0.01104992 -0.04521991 0.02075124
v -0.01043967 -0.04583291 0.02103000
v -0.00983115 -0.04644366 0.02131642
v -0.00922444 -0.04705213 0.02161063
v -0.00861961 -0.04765832 0.02191278
v -0.00801668 -0.04826224 0.02222300
v -0.00741565 -0.04886392 0.02254144
v -0.00681654 -0.04946339 0.02286823
v -0.00621940 -0.05006062 0.02320341
v -0.00562439 -0.05065547 0.02354701
v -0.00503156 -0.05124791 0.02389906
v -0.00444096 -0.05183791 0.02425960
v -0.00395389 -0.05235982 0.02471412
v -0.05212824 -0.00423863 0.02477639
v -0.05154402 -0.00482334 0.02441321
v -0.05095749 -0.00541023 0.02405863
v -0.05036865 -0.00599927 0.02371260
v -0.04977756 -0.00659041 0.02337509
v -0.04918421 -0.00718362 0.02304603
v -0.04858862 -0.00777888 0.02272538
v -0.04799082 -0.00837615 0.02241306
v -0.04739085 -0.00897534 0.02210901
v -0.04678870 -0.00957644 0.02181311
v -0.04618439 -0.01017940 0.02152526
v -0.04557796 -0.01078416 0.02124533
v -0.04496943 -0.01139064 0.02097322
v -0.04435884 -0.01199874 0.02070877
v -0.04374622 -0.01260840 0.02045181
v -0.04359652 -0.01275729 0.02039026
v -0.04299286 -0.01335736 0.02014689
v -0.04238824 -0.01395774 0.01991065
v -0.04178267 -0.01455835 0.01968124
v -0.04117609 -0.01515912 0.01945833
v -0.04056845 -0.01575997 0.01924153
v -0.03995961 -0.01636090 0.01903044
v -0.03934942 -0.01696188 0.01882462
v -0.03873770 -0.01756290 0.01862366
v -0.03812423 -0.01816401 0.01842721
v -0.03750892 -0.01876513 0.01823509
v -0.03689173 -0.01936619 0.01804738
v -0.03627209 -0.01996774 0.01786438
v -0.03564936 -0.02057059 0.01768691
v -0.03538413 -0.02082694 0.01761362
v -0.03473334 -0.02145525 0.01744077
v -0.03408169 -0.02208412 0.01727951
v -0.03342944 -0.02271424 0.01713223
v -0.03277704 -0.02334608 0.01700096
v -0.03212500 -0.02397984 0.01688699
v -0.03147380 -0.02461547 0.01679082
v -0.03082386 -0.02525271 0.01671236
v -0.03412174 -0.02218861 0.01774464
v -0.03476660 -0.02155838 0.01789258
v -0.03541082 -0.02092859 0.01805180
v -0.03567348 -0.02067164 0.01811956
v -0.03629041 -0.02006746 0.01828434
v -0.03690468 -0.01946480 0.01845536
v -0.03751694 -0.01886289 0.01863198
v -0.03812773 -0.01826121 0.01881400
v -0.03873704 -0.01765983 0.01900134
v -0.03934491 -0.01705882 0.01919412
v -0.03995152 -0.01645811 0.01939264
v -0.04055702 -0.01585769 0.01959724
v -0.04116152 -0.01525755 0.01980825
v -0.04176510 -0.01465769 0.02002600
v -0.04236780 -0.01405817 0.02025081
v -0.04296967 -0.01345902 0.02048295
v -0.04357067 -0.01286032 0.02072264
v -0.04371971 -0.01271179 0.02078334
v -0.04432972 -0.01210369 0.02103703
v -0.04493775 -0.01149726 0.02129855
v -0.04554376 -0.01089256 0.02156802
v -0.04614772 -0.01028967 0.02184555
v -0.04674959 -0.00968866 0.02213124
v -0.04734931 -0.00908961 0.02242517
v -0.04794688 -0.00849254 0.02272742
v -0.04854230 -0.00789747 0.02303807
v -0.04913551 -0.00730447 0.02335720
v -0.04972650 -0.00671357 0.02368484
v -0.05031524 -0.00612480 0.02402104
v -0.05090171 -0.00553819 0.02436584
v -0.05148589 -0.00495379 0.02471926
v -0.05206774 -0.00437161 0.02508136
v -0.05231830 -0.00408674 0.02506824
v -0.05236017 -0.00395354 0.02471412
v -0.05239146 -0.00381075 0.02436206
v -0.05241211 -0.00365833 0.02401207
v -0.05226589 -0.00421040 0.02542443
v -0.05199879 -0.00449704 0.02538774
v -0.05141933 -0.00507668 0.02502673
v -0.05083753 -0.00565860 0.02467446
v -0.05025344 -0.00624277 0.02433090
v -0.04966707 -0.00682916 0.02399602
v -0.04907846 -0.00741772 0.02366980
v -0.04848761 -0.00800845 0.02335220
v -0.04789458 -0.00860129 0.02304321
v -0.04729939 -0.00919620 0.02274278
v -0.04670205 -0.00979316 0.02245085
v -0.04610258 -0.01039215 0.02216735
v -0.04550103 -0.01099309 0.02189223
v -0.04489745 -0.01159593 0.02162543
v -0.04429189 -0.01220059 0.02136688
v -0.04368440 -0.01280701 0.02111650
v -0.04353597 -0.01295515 0.02105667
v -0.04293750 -0.01355232 0.02082070
v -0.04233823 -0.01415006 0.02059272
v -0.04173819 -0.01474831 0.02037257
v -0.04113738 -0.01534702 0.02016004
v -0.04053577 -0.01594617 0.01995490
v -0.03993330 -0.01654578 0.01975690
v -0.03932990 -0.01714586 0.01956580
v -0.03872545 -0.01774644 0.01938133
v -0.03811982 -0.01834760 0.01920328
v -0.03751300 -0.01894929 0.01903157
v -0.03690504 -0.01955142 0.01886625
v -0.03629542 -0.02015449 0.01870748
v -0.03568350 -0.02075922 0.01855568
v -0.05220290 -0.00432448 0.02578268
v -0.05192147 -0.00461474 0.02569516
v -0.05134442 -0.00519187 0.02533525
v -0.05076503 -0.00577132 0.02498414
v -0.05018333 -0.00635305 0.02464181
v -0.04959934 -0.00693705 0.02430826
v -0.04901310 -0.00752327 0.02398347
v -0.04842462 -0.00811169 0.02366742
v -0.04783395 -0.00870228 0.02336010
v -0.04724111 -0.00929499 0.02306150
v -0.04664612 -0.00988981 0.02277157
v -0.04604900 -0.01048672 0.02249027
v -0.04544980 -0.01108564 0.02221758
v -0.04484859 -0.01168653 0.02195348
v -0.04424540 -0.01228932 0.02169792
v -0.04364031 -0.01289393 0.02145087
v -0.04349247 -0.01304164 0.02139191
v -0.04289639 -0.01363714 0.02115970
v -0.04229954 -0.01423331 0.02093593
v -0.04170198 -0.01483008 0.02072048
v -0.04110371 -0.01542741 0.02051323
v -0.04050473 -0.01602531 0.02031403
v -0.03990497 -0.01662379 0.02012271
v -0.03930441 -0.01722287 0.01993911
v -0.03870296 -0.01782260 0.01976307
v -0.03810052 -0.01842306 0.01959444
v -0.03749710 -0.01902419 0.01943318
v -0.03689279 -0.01962590 0.01927934
v -0.05126125 -0.00529923 0.02564448
v -0.05068429 -0.00587621 0.02529453
v -0.05010499 -0.00645552 0.02495344
v -0.04952339 -0.00703711 0.02462122
v -0.04893952 -0.00762098 0.02429785
v -0.04835340 -0.00820708 0.02398335
v -0.04776507 -0.00879539 0.02367771
v -0.04717456 -0.00938587 0.02338095
v -0.04658189 -0.00997850 0.02309303
v -0.04598707 -0.01057327 0.02281395
v -0.04539016 -0.01117011 0.02254370
v -0.04479123 -0.01176896 0.02228230
v -0.04419032 -0.01236977 0.02202975
v -0.04358751 -0.01297246 0.02178606
v -0.04344022 -0.01311971 0.02172798
v -0.04284639 -0.01371339 0.02149955
v -0.04225180 -0.01430782 0.02128000
v -0.04165652 -0.01490290 0.02106929
v -0.04106056 -0.01549863 0.02086736
v -0.04046392 -0.01609499 0.02067415
v -0.03986657 -0.01669202 0.02048956
v -0.03926848 -0.01728974 0.02031352
v -0.03866961 -0.01788819 0.02014597
v -0.03806985 -0.01848745 0.01998684
v -0.03746926 -0.01908746 0.01983613
v -0.01476676 -0.06709231 -0.00407485
v -0.06717014 -0.01484388 -0.00327069
v -0.06715460 -0.01482834 -0.00354060
v -0.06712875 -0.01480249 -0.00380891
v -0.06709266 -0.01476641 -0.00407485
v -0.06704645 -0.01472020 -0.00433764
v -0.01466435 -0.06698989 -0.00459651
v -0.06699025 -0.01466399 -0.00459651
v -0.01472055 -0.06704610 -0.00433764
v -0.01482870 -0.06715424 -0.00354060
v -0.01480284 -0.06712839 -0.00380891
v -0.01484424 -0.06716978 -0.00327069
v -0.06692422 -0.01459796 -0.00485069
v -0.01459832 -0.06692386 -0.00485069
v -0.06684855 -0.01452229 -0.00509945
v -0.01452265 -0.06684820 -0.00509945
v -0.06676348 -0.01443722 -0.00534204
v -0.01443757 -0.06676312 -0.00534204
v -0.06666924 -0.01434298 -0.00557777
v -0.01434333 -0.06666888 -0.00557777
v -0.06656611 -0.01423986 -0.00580594
v -0.01424021 -0.06656576 -0.00580594
v -0.06645440 -0.01412815 -0.00602587
v -0.01412850 -0.06645405 -0.00602587
v -0.06633444 -0.01400818 -0.00623693
v -0.01400854 -0.06633408 -0.00623693
v -0.06620657 -0.01388031 -0.00643850
v -0.01388067 -0.06620622 -0.00643850
v -0.06607117 -0.01374492 -0.00662998
v -0.01374527 -0.06607082 -0.00662998
v -0.06592864 -0.01360239 -0.00681081
v -0.01360274 -0.06592829 -0.00681081
v -0.06577940 -0.01345314 -0.00698047
v -0.01345350 -0.06577905 -0.00698047
v -0.06562389 -0.01329763 -0.00713845
v -0.01329798 -0.06562353 -0.00713845
v -0.06546255 -0.01313629 -0.00728429
v -0.01313665 -0.06546219 -0.00728429
v -0.06529586 -0.01296960 -0.00741756
v -0.01296996 -0.06529551 -0.00741756
v -0.06512432 -0.01279806 -0.00753788
v -0.01279842 -0.06512397 -0.00753788
v -0.06494843 -0.01262217 -0.00764488
v -0.01262252 -0.06494807 -0.00764488
v -0.06476869 -0.01244243 -0.00773827
v -0.01244279 -0.06476833 -0.00773827
v -0.06458565 -0.01225939 -0.00781775
v -0.01225974 -0.06458529 -0.00781775
v -0.06439983 -0.01207357 -0.00788310
v -0.01207392 -0.06439947 -0.00788310
v -0.06421177 -0.01188552 -0.00793413
v -0.01188587 -0.06421142 -0.00793413
v -0.06402205 -0.01169579 -0.00797069
v -0.01169615 -0.06402169 -0.00797069
v -0.06383120 -0.01150494 -0.00799267
v -0.01150530 -0.06383084 -0.00799267
v 0.00664014 -0.04623037 0.01038534
v 0.00649391 -0.04576550 0.01070467
v 0.00648857 -0.04576808 0.01070832
v 0.00647632 -0.04577435 0.01071656
v 0.00646850 -0.04577862 0.01072171
v 0.00645938 -0.04578387 0.01072761
v 0.00644907 -0.04579016 0.01073415
v 0.00644308 -0.04579401 0.01073787
v 0.00643300 -0.04580081 0.01074401
v 0.00643032 -0.04580270 0.01074561
v 0.00641907 -0.04581094 0.01075221
v 0.00641236 -0.04581614 0.01075604
v 0.00640577 -0.04582147 0.01075972
v 0.00639520 -0.04583050 0.01076542
v 0.00639306 -0.04583240 0.01076655
v 0.00638094 -0.04584372 0.01077272
v 0.00636359 -0.04663514 0.01047601
v 0.00691746 -0.04578656 0.01032545
v 0.00692437 -0.04579090 0.01031762
v 0.00694228 -0.04580312 0.01029689
v 0.00690534 -0.04577936 0.01033904
v 0.00689165 -0.04577189 0.01035409
v 0.00688563 -0.04576881 0.01036062
v 0.00686493 -0.04575912 0.01038271
v 0.00684439 -0.04575079 0.01040409
v 0.00683740 -0.04574823 0.01041124
v 0.00682299 -0.04574337 0.01042583
v 0.00680916 -0.04573922 0.01043960
v 0.00680116 -0.04573704 0.01044749
v 0.00678029 -0.04573211 0.01046773
v 0.00676061 -0.04572841 0.01048643
v 0.00675645 -0.04572774 0.01049033
v 0.00673379 -0.04572480 0.01051131
v 0.00671083 -0.04572300 0.01053209
v 0.00670730 -0.04572283 0.01053524
v 0.00668787 -0.04572237 0.01055240
v 0.00668119 -0.04572240 0.01055822
v 0.00666488 -0.04572289 0.01057227
v 0.00665550 -0.04572344 0.01058024
v 0.00664194 -0.04572457 0.01059162
v 0.00663027 -0.04572588 0.01060130
v 0.00661913 -0.04572741 0.01061041
v 0.00660552 -0.04572966 0.01062140
v 0.00659649 -0.04573140 0.01062859
v 0.00658128 -0.04573475 0.01064054
v 0.00657412 -0.04573652 0.01064608
v 0.00655757 -0.04574110 0.01065872
v 0.00655083 -0.04574316 0.01066379
v 0.00653115 -0.04574986 0.01067832
v 0.00651219 -0.04575732 0.01069194
v 0.00650923 -0.04575858 0.01069403
v 0.00691966 -0.04580007 0.01027873
v 0.00680673 -0.04579611 0.01019608
v 0.00682552 -0.04579554 0.01020896
v 0.00659252 -0.04583561 0.01007253
v 0.00661323 -0.04582904 0.01008254
v 0.00683437 -0.04579544 0.01021514
v 0.00686390 -0.04579587 0.01023634
v 0.00688234 -0.04579676 0.01025000
v 0.00688884 -0.04579719 0.01025490
v 0.00691551 -0.04579960 0.01027546
v 0.00650574 -0.04587057 0.01003589
v 0.00650980 -0.04586864 0.01003740
v 0.00653158 -0.04585881 0.01004585
v 0.00653476 -0.04585745 0.01004714
v 0.00656154 -0.04584665 0.01005844
v 0.00658655 -0.04583762 0.01006974
v 0.00662449 -0.04582573 0.01008816
v 0.00663551 -0.04582267 0.01009379
v 0.00664026 -0.04582141 0.01009625
v 0.00670875 -0.04580658 0.01013419
v 0.00672315 -0.04580425 0.01014273
v 0.00674781 -0.04580090 0.01015780
v 0.00675100 -0.04580053 0.01015979
v 0.00677891 -0.04579781 0.01017760
v 0.00678678 -0.04579722 0.01018275
v 0.00635372 -0.04597225 0.01000030
v 0.00635884 -0.04596755 0.01000060
v 0.00645691 -0.04589640 0.01001964
v 0.00645944 -0.04589494 0.01002039
v 0.00641730 -0.04592148 0.01000936
v 0.00643661 -0.04590874 0.01001400
v 0.00643946 -0.04590694 0.01001475
v 0.00648172 -0.04588265 0.01002745
v 0.00648555 -0.04588065 0.01002874
v 0.00666970 -0.04581426 0.01011201
v 0.00669535 -0.04580898 0.01012642
v 0.00636707 -0.04596024 0.01000125
v 0.00637740 -0.04595150 0.01000237
v 0.00638154 -0.04594813 0.01000291
v 0.00639896 -0.04593461 0.01000567
v -0.04583463 0.00639134 0.01076764
v -0.04583085 0.00639556 0.01076542
v -0.04631066 0.00658513 0.01040272
v -0.04582335 0.00640429 0.01076072
v -0.04581650 0.00641272 0.01075604
v -0.04581226 0.00641816 0.01075294
v -0.04580304 0.00643069 0.01074561
v -0.04580042 0.00643443 0.01074336
v -0.04578928 0.00645140 0.01073291
v -0.04577899 0.00646882 0.01072173
v -0.04576829 0.00648922 0.01070812
v -0.04590595 0.00686921 0.01031742
v -0.04572301 0.00670345 0.01053899
v -0.04572336 0.00671121 0.01053208
v -0.04572511 0.00673364 0.01051177
v -0.04572810 0.00675681 0.01049032
v -0.04572917 0.00676344 0.01048409
v -0.04573218 0.00677931 0.01046900
v -0.04573520 0.00679277 0.01045602
v -0.04573739 0.00680151 0.01044749
v -0.04574315 0.00682154 0.01042764
v -0.04574799 0.00683608 0.01041295
v -0.04575114 0.00684474 0.01040409
v -0.04575851 0.00686304 0.01038507
v -0.04575963 0.00686565 0.01038232
v -0.04576917 0.00688599 0.01036061
v -0.04577061 0.00688882 0.01035755
v -0.04577972 0.00690570 0.01033903
v -0.04578422 0.00691339 0.01033044
v -0.04579126 0.00692472 0.01031762
v -0.04579929 0.00693672 0.01030380
v -0.04580339 0.00694204 0.01029640
v -0.04575914 0.00650909 0.01069437
v -0.04575069 0.00653022 0.01067926
v -0.04574313 0.00655242 0.01066287
v -0.04574234 0.00655501 0.01066092
v -0.04573688 0.00657448 0.01064608
v -0.04573541 0.00658039 0.01064150
v -0.04573175 0.00659686 0.01062858
v -0.04572993 0.00660636 0.01062101
v -0.04572776 0.00661949 0.01061041
v -0.04572596 0.00663286 0.01059945
v -0.04572494 0.00664218 0.01059172
v -0.04572325 0.00666525 0.01057226
v -0.04572294 0.00667293 0.01056567
v -0.04572272 0.00668824 0.01055238
v -0.04581506 0.00666803 0.01011090
v -0.04581275 0.00667864 0.01011677
v -0.04581104 0.00668692 0.01012142
v -0.04581979 0.00664828 0.01010028
v -0.04582176 0.00664063 0.01009626
v -0.04582783 0.00661885 0.01008515
v -0.04582941 0.00661355 0.01008252
v -0.04583680 0.00659037 0.01007136
v -0.04583798 0.00658688 0.01006973
v -0.04585781 0.00653509 0.01004713
v -0.04586877 0.00651064 0.01003758
v -0.04587435 0.00649904 0.01003333
v -0.04588100 0.00648591 0.01002874
v -0.04588472 0.00647884 0.01002637
v -0.04589378 0.00646243 0.01002118
v -0.04589544 0.00645954 0.01002031
v -0.04579995 0.00691585 0.01027545
v -0.04579896 0.00690619 0.01026791
v -0.04579754 0.00688920 0.01025490
v -0.04579643 0.00686950 0.01024018
v -0.04579615 0.00686212 0.01023477
v -0.04579702 0.00679595 0.01018859
v -0.04579816 0.00677928 0.01017761
v -0.04580000 0.00675933 0.01016481
v -0.04580088 0.00675138 0.01015980
v -0.04584665 0.00656284 0.01005885
v -0.04585358 0.00654525 0.01005131
v -0.04590647 0.00644114 0.01001510
v -0.04591781 0.00642359 0.01001071
v -0.04592150 0.00641813 0.01000946
v -0.04592943 0.00640687 0.01000710
v -0.04593637 0.00639743 0.01000533
v -0.04594133 0.00639094 0.01000425
v -0.04597523 0.00635129 0.01000018
v -0.04596791 0.00635919 0.01000060
v -0.04579581 0.00683271 0.01021373
v -0.04579646 0.00680708 0.01019607
v -0.04580469 0.00672295 0.01014240
v -0.04580934 0.00669568 0.01012640
v -0.04595200 0.00637760 0.01000235
v -0.04596353 0.00636407 0.01000096
v 0.00631183 -0.04587973 0.01000945
v -0.04561388 0.00546635 0.01000059
v -0.04559380 0.00547443 0.01000236
v -0.04557383 0.00548245 0.01000530
v -0.04555404 0.00549040 0.01000940
v -0.04553449 0.00549826 0.01001465
v -0.04551522 0.00550600 0.01002105
v -0.04549631 0.00551360 0.01002855
v -0.04579379 0.00656863 0.01009619
v -0.04577874 0.00657449 0.01011081
v -0.04573041 0.00659335 0.01062861
v 0.00634691 -0.04579031 0.01075595
v 0.00635388 -0.04577253 0.01074549
v 0.00636715 -0.04573869 0.01072154
v 0.00637342 -0.04572273 0.01070812
v 0.00637940 -0.04570747 0.01069378
v 0.00638509 -0.04569296 0.01067857
v 0.00639047 -0.04567924 0.01066254
v 0.00639552 -0.04566636 0.01064573
v 0.00640024 -0.04565434 0.01062819
v 0.00640459 -0.04564324 0.01060997
v 0.00640858 -0.04563307 0.01059113
v 0.00641219 -0.04562387 0.01057173
v 0.00641540 -0.04561567 0.01055181
v 0.00642605 -0.04558854 0.01042503
v 0.00642458 -0.04559228 0.01033817
v 0.00642314 -0.04559596 0.01031676
v 0.00642618 -0.04558821 0.01038149
v 0.00642633 -0.04558782 0.01040326
v 0.00642419 -0.04559327 0.01046826
v 0.00642063 -0.04560235 0.01051069
v 0.00641822 -0.04560849 0.01053144
v 0.00636064 -0.04575530 0.01073401
v 0.00633973 -0.04580860 0.01076536
v -0.04548051 0.00551996 0.01076418
v -0.04546240 0.00552724 0.01075466
v -0.04544479 0.00553431 0.01074410
v -0.04541129 0.00554777 0.01071996
v -0.04539551 0.00555412 0.01070646
v -0.04535254 0.00557138 0.01066072
v -0.04533983 0.00557649 0.01064387
v -0.04532798 0.00558125 0.01062630
v -0.04571926 0.00659769 0.01061040
v -0.04569983 0.00660527 0.01057216
v -0.04569159 0.00660848 0.01055225
v -0.04567310 0.00661569 0.01049003
v -0.04566907 0.00661726 0.01046867
v -0.04566430 0.00661913 0.01042542
v -0.04566356 0.00661941 0.01040364
v -0.04566540 0.00661870 0.01036012
v -0.04566797 0.00661769 0.01033851
v -0.04567164 0.00661626 0.01031708
v -0.04567638 0.00661441 0.01029589
v -0.04568220 0.00661214 0.01027502
v -0.04571575 0.00659906 0.01019583
v -0.04576445 0.00658007 0.01012629
v -0.04584308 0.00654941 0.01005791
v -0.04547781 0.00552104 0.01003716
v 0.00628822 -0.04593992 0.01000059
v 0.00629615 -0.04591972 0.01000237
v 0.00630403 -0.04589963 0.01000533
v 0.00631955 -0.04586006 0.01001473
v 0.00632714 -0.04584069 0.01002115
v 0.00633460 -0.04582168 0.01002870
v 0.00634190 -0.04580307 0.01003735
v 0.00634902 -0.04578493 0.01004707
v 0.00635593 -0.04576731 0.01005784
v 0.00636261 -0.04575026 0.01006962
v 0.00636906 -0.04573383 0.01008238
v 0.00637524 -0.04571808 0.01009608
v 0.00638114 -0.04570304 0.01011069
v 0.00638674 -0.04568876 0.01012615
v 0.00639202 -0.04567529 0.01014242
v 0.00639697 -0.04566267 0.01015945
v 0.00640158 -0.04565092 0.01017720
v 0.00640583 -0.04564009 0.01019561
v 0.00640970 -0.04563021 0.01021463
v 0.00641319 -0.04562131 0.01023419
v 0.00641629 -0.04561341 0.01025425
v 0.00641899 -0.04560654 0.01027473
v 0.00642127 -0.04560072 0.01029559
v -0.04507215 0.00452744 0.01076265
v -0.04465663 0.00354663 0.01076102
v -0.04423317 0.00257534 0.01075928
v -0.04380149 0.00161284 0.01075743
v -0.04336147 0.00065878 0.01075547
v -0.04291307 -0.00028697 0.01075339
v -0.04245627 -0.00122452 0.01075120
v -0.04199100 -0.00215397 0.01074889
v -0.04151715 -0.00307564 0.01074647
v -0.04103463 -0.00398977 0.01074393
v -0.04054337 -0.00489650 0.01074128
v -0.04004336 -0.00579592 0.01073852
v -0.03953455 -0.00668811 0.01073566
v -0.03901693 -0.00757308 0.01073271
v -0.03849050 -0.00845087 0.01072967
v -0.03799406 -0.00925904 0.01072678
v -0.03746591 -0.01009893 0.01072370
v -0.03693010 -0.01093094 0.01072058
v -0.03638660 -0.01175520 0.01071744
v -0.03583544 -0.01257175 0.01071429
v -0.03527664 -0.01338059 0.01071115
v -0.03471024 -0.01418172 0.01070804
v -0.03413625 -0.01497515 0.01070499
v -0.03355472 -0.01576088 0.01070202
v -0.03296565 -0.01653890 0.01069914
v -0.03236907 -0.01730922 0.01069640
v -0.03176498 -0.01807185 0.01069379
v -0.03115330 -0.01882688 0.01069135
v -0.03053394 -0.01957448 0.01068911
v -0.02990684 -0.02031474 0.01068707
v -0.02927194 -0.02104774 0.01068526
v -0.02862919 -0.02177354 0.01068370
v -0.02797854 -0.02249219 0.01068240
v -0.02731995 -0.02320371 0.01068137
v -0.02665338 -0.02390813 0.01068063
v -0.02597877 -0.02460547 0.01068018
v -0.02529609 -0.02529574 0.01068003
v -0.02501409 -0.02557647 0.01068006
v -0.02433055 -0.02624650 0.01068032
v -0.02364005 -0.02690877 0.01068088
v -0.02294261 -0.02756329 0.01068172
v -0.02223825 -0.02821006 0.01068283
v -0.02152698 -0.02884910 0.01068420
v -0.02080880 -0.02948041 0.01068583
v -0.02008374 -0.03010398 0.01068769
v -0.01935180 -0.03071982 0.01068976
v -0.01861299 -0.03132792 0.01069203
v -0.01786730 -0.03192827 0.01069448
v -0.01711475 -0.03252088 0.01069708
v -0.01635533 -0.03310577 0.01069982
v -0.01558905 -0.03368294 0.01070267
v -0.01481590 -0.03425242 0.01070560
v -0.01403587 -0.03481422 0.01070861
v -0.01324897 -0.03536835 0.01071166
v -0.01245518 -0.03591480 0.01071474
v -0.01165450 -0.03645357 0.01071782
v -0.01084693 -0.03698466 0.01072090
v -0.01003245 -0.03750804 0.01072395
v -0.00921107 -0.03802371 0.01072696
v -0.00838278 -0.03853166 0.01072991
v -0.00810908 -0.03869690 0.01073087
v -0.00725031 -0.03920708 0.01073380
v -0.00638549 -0.03970843 0.01073665
v -0.00551465 -0.04020095 0.01073940
v -0.00463784 -0.04068465 0.01074205
v -0.00375509 -0.04115954 0.01074460
v -0.00286645 -0.04162563 0.01074703
v -0.00197196 -0.04208292 0.01074936
v -0.00107164 -0.04253142 0.01075157
v -0.00016552 -0.04297116 0.01075367
v 0.00074639 -0.04340220 0.01075565
v 0.00166408 -0.04382459 0.01075753
v 0.00258755 -0.04423837 0.01075930
v 0.00351679 -0.04464360 0.01076097
v 0.00445178 -0.04504031 0.01076253
v 0.00539252 -0.04542854 0.01076399
v 0.00539982 -0.04541045 0.01075445
v 0.00445920 -0.04502243 0.01075286
v 0.00352432 -0.04462594 0.01075115
v 0.00259519 -0.04422093 0.01074934
v 0.00167182 -0.04380737 0.01074742
v 0.00075423 -0.04338523 0.01074539
v -0.00015759 -0.04295444 0.01074325
v -0.00106363 -0.04251495 0.01074099
v -0.00196386 -0.04206671 0.01073862
v -0.00285828 -0.04160969 0.01073613
v -0.00374686 -0.04114388 0.01073354
v -0.00462954 -0.04066927 0.01073083
v -0.00550630 -0.04018585 0.01072801
v -0.00637709 -0.03969362 0.01072510
v -0.00724188 -0.03919257 0.01072209
v -0.00810062 -0.03868268 0.01071900
v -0.00837431 -0.03851755 0.01071799
v -0.00920258 -0.03800989 0.01071489
v -0.01002394 -0.03749451 0.01071174
v -0.01083840 -0.03697142 0.01070855
v -0.01164597 -0.03644062 0.01070534
v -0.01244664 -0.03590213 0.01070213
v -0.01324042 -0.03535596 0.01069893
v -0.01402732 -0.03480212 0.01069576
v -0.01480735 -0.03424059 0.01069265
v -0.01558049 -0.03367137 0.01068961
v -0.01634677 -0.03309445 0.01068666
v -0.01710619 -0.03250982 0.01068384
v -0.01785873 -0.03191745 0.01068116
v -0.01860440 -0.03131732 0.01067864
v -0.01934320 -0.03070944 0.01067631
v -0.02007512 -0.03009380 0.01067418
v -0.02080015 -0.02947042 0.01067227
v -0.02151829 -0.02883930 0.01067060
v -0.02222952 -0.02820042 0.01066919
v -0.02293382 -0.02755380 0.01066805
v -0.02363119 -0.02689943 0.01066719
v -0.02432161 -0.02623728 0.01066662
v -0.02500506 -0.02556736 0.01066635
v -0.02528703 -0.02528667 0.01066632
v -0.02596960 -0.02459650 0.01066648
v -0.02664408 -0.02389924 0.01066694
v -0.02731051 -0.02319489 0.01066770
v -0.02796895 -0.02248344 0.01066875
v -0.02861944 -0.02176484 0.01067008
v -0.02926201 -0.02103908 0.01067169
v -0.02989673 -0.02030611 0.01067354
v -0.03052363 -0.01956588 0.01067563
v -0.03114277 -0.01881830 0.01067795
v -0.03175422 -0.01806327 0.01068045
v -0.03235807 -0.01730066 0.01068314
v -0.03295440 -0.01653034 0.01068597
v -0.03354321 -0.01575233 0.01068894
v -0.03412447 -0.01496660 0.01069202
v -0.03469818 -0.01417317 0.01069518
v -0.03526431 -0.01337204 0.01069840
v -0.03582281 -0.01256320 0.01070166
v -0.03637369 -0.01174667 0.01070494
v -0.03691689 -0.01092241 0.01070822
v -0.03745240 -0.01009042 0.01071148
v -0.03798026 -0.00925054 0.01071471
v -0.03847641 -0.00844240 0.01071774
v -0.03900253 -0.00756464 0.01072094
v -0.03951984 -0.00667970 0.01072406
v -0.04002835 -0.00578756 0.01072709
v -0.04052807 -0.00488819 0.01073001
v -0.04101904 -0.00398152 0.01073283
v -0.04150128 -0.00306745 0.01073553
v -0.04197485 -0.00214586 0.01073812
v -0.04243984 -0.00121648 0.01074060
v -0.04289638 -0.00027903 0.01074295
v -0.04334453 0.00066663 0.01074519
v -0.04378429 0.00162058 0.01074731
v -0.04421573 0.00258298 0.01074932
v -0.04463896 0.00355416 0.01075121
v -0.04505425 0.00453485 0.01075299
v 0.00540691 -0.04539287 0.01074388
v 0.00446641 -0.04500506 0.01074215
v 0.00353163 -0.04460878 0.01074032
v 0.00260260 -0.04420400 0.01073838
v 0.00167933 -0.04379068 0.01073632
v 0.00076182 -0.04336877 0.01073415
v -0.00014991 -0.04293823 0.01073186
v -0.00105586 -0.04249901 0.01072946
v -0.00195603 -0.04205104 0.01072694
v -0.00285039 -0.04159429 0.01072431
v -0.00373890 -0.04112875 0.01072157
v -0.00462153 -0.04065442 0.01071871
v -0.00549825 -0.04017129 0.01071575
v -0.00636900 -0.03967935 0.01071269
v -0.00723376 -0.03917860 0.01070954
v -0.00809248 -0.03866901 0.01070631
v -0.00836616 -0.03850396 0.01070526
v -0.00919441 -0.03799660 0.01070203
v -0.01001576 -0.03748151 0.01069875
v -0.01083022 -0.03695871 0.01069544
v -0.01163778 -0.03642820 0.01069211
v -0.01243845 -0.03589000 0.01068878
v -0.01323224 -0.03534411 0.01068547
v -0.01401914 -0.03479054 0.01068220
v -0.01479917 -0.03422928 0.01067900
v -0.01557233 -0.03366032 0.01067587
v -0.01633861 -0.03308366 0.01067284
v -0.01709803 -0.03249927 0.01066995
v -0.01785057 -0.03190713 0.01066719
v -0.01859623 -0.03130723 0.01066461
v -0.01933502 -0.03069956 0.01066222
v -0.02006692 -0.03008413 0.01066004
v -0.02079193 -0.02946093 0.01065810
v -0.02151003 -0.02882998 0.01065639
v -0.02222122 -0.02819127 0.01065495
v -0.02292548 -0.02754480 0.01065379
v -0.02362278 -0.02689055 0.01065292
v -0.02431313 -0.02622853 0.01065233
v -0.02499650 -0.02555872 0.01065206
v -0.02527842 -0.02527807 0.01065203
v -0.02596089 -0.02458799 0.01065219
v -0.02663525 -0.02389081 0.01065265
v -0.02730156 -0.02318653 0.01065343
v -0.02795986 -0.02247513 0.01065450
v -0.02861018 -0.02175658 0.01065586
v -0.02925258 -0.02103085 0.01065750
v -0.02988711 -0.02029791 0.01065940
v -0.03051381 -0.01955769 0.01066154
v -0.03113274 -0.01881012 0.01066390
v -0.03174397 -0.01805511 0.01066647
v -0.03234758 -0.01729250 0.01066922
v -0.03294367 -0.01652218 0.01067213
v -0.03353222 -0.01574416 0.01067518
v -0.03411322 -0.01495843 0.01067834
v -0.03468665 -0.01416499 0.01068160
v -0.03525250 -0.01336386 0.01068492
v -0.03581072 -0.01255502 0.01068830
v -0.03636131 -0.01173848 0.01069169
v -0.03690421 -0.01091423 0.01069509
v -0.03743942 -0.01008224 0.01069848
v -0.03796698 -0.00924238 0.01070184
v -0.03846285 -0.00843425 0.01070500
v -0.03898867 -0.00755651 0.01070834
v -0.03950568 -0.00667160 0.01071160
v -0.04001389 -0.00577950 0.01071478
v -0.04051331 -0.00488017 0.01071785
v -0.04100398 -0.00397355 0.01072082
v -0.04148593 -0.00305954 0.01072368
v -0.04195922 -0.00213801 0.01072642
v -0.04242394 -0.00120871 0.01072904
v -0.04288022 -0.00027134 0.01073155
v -0.04332810 0.00067424 0.01073393
v -0.04376761 0.00162810 0.01073620
v -0.04419881 0.00259040 0.01073835
v -0.04462180 0.00356147 0.01074038
v -0.04503686 0.00454205 0.01074229
v 0.00541377 -0.04537585 0.01073228
v 0.00447338 -0.04498825 0.01073045
v 0.00353870 -0.04459219 0.01072849
v 0.00260977 -0.04418764 0.01072643
v 0.00168659 -0.04377455 0.01072425
v 0.00076916 -0.04335289 0.01072195
v -0.00014250 -0.04292260 0.01071954
v -0.00104838 -0.04248363 0.01071701
v -0.00194848 -0.04203593 0.01071436
v -0.00284278 -0.04157945 0.01071160
v -0.00373124 -0.04111419 0.01070872
v -0.00461384 -0.04064014 0.01070573
v -0.00549052 -0.04015730 0.01070264
v -0.00636124 -0.03966566 0.01069946
v -0.00722598 -0.03916520 0.01069618
v -0.00808468 -0.03865591 0.01069283
v -0.00835836 -0.03849096 0.01069174
v -0.00918659 -0.03798388 0.01068839
v -0.01000794 -0.03746908 0.01068500
v -0.01082240 -0.03694657 0.01068158
v -0.01162996 -0.03641634 0.01067815
v -0.01243065 -0.03587843 0.01067472
v -0.01322444 -0.03533282 0.01067132
v -0.01401136 -0.03477952 0.01066797
v -0.01479140 -0.03421852 0.01066468
v -0.01556457 -0.03364983 0.01066148
v -0.01633086 -0.03307341 0.01065838
v -0.01709028 -0.03248926 0.01065542
v -0.01784283 -0.03189736 0.01065262
v -0.01858849 -0.03129767 0.01064998
v -0.01932728 -0.03069021 0.01064755
v -0.02005917 -0.03007497 0.01064533
v -0.02078416 -0.02945196 0.01064334
v -0.02150224 -0.02882117 0.01064161
v -0.02221339 -0.02818262 0.01064015
v -0.02291760 -0.02753629 0.01063897
v -0.02361485 -0.02688218 0.01063808
v -0.02430513 -0.02622027 0.01063749
v -0.02498841 -0.02555056 0.01063721
v -0.02527031 -0.02526995 0.01063718
v -0.02595268 -0.02457995 0.01063734
v -0.02662693 -0.02388285 0.01063782
v -0.02729310 -0.02317863 0.01063860
v -0.02795126 -0.02246728 0.01063969
v -0.02860143 -0.02174877 0.01064108
v -0.02924367 -0.02102307 0.01064274
v -0.02987802 -0.02029015 0.01064467
v -0.03050452 -0.01954995 0.01064685
v -0.03112324 -0.01880239 0.01064926
v -0.03173426 -0.01804737 0.01065188
v -0.03233764 -0.01728476 0.01065468
v -0.03293348 -0.01651444 0.01065766
v -0.03352178 -0.01573640 0.01066077
v -0.03410252 -0.01495066 0.01066401
v -0.03467568 -0.01415721 0.01066735
v -0.03524125 -0.01335606 0.01067076
v -0.03579919 -0.01254721 0.01067422
v -0.03634949 -0.01173067 0.01067772
v -0.03689210 -0.01090641 0.01068122
v -0.03742702 -0.01007442 0.01068472
v -0.03795429 -0.00923456 0.01068819
v -0.03844986 -0.00842644 0.01069146
v -0.03897538 -0.00754872 0.01069493
v -0.03949209 -0.00666383 0.01069832
v -0.03999999 -0.00577176 0.01070163
v -0.04049912 -0.00487246 0.01070483
v -0.04098950 -0.00396588 0.01070794
v -0.04147116 -0.00305192 0.01071093
v -0.04194417 -0.00213045 0.01071381
v -0.04240861 -0.00120121 0.01071657
v -0.04286461 -0.00026391 0.01071921
v -0.04331224 0.00068159 0.01072173
v -0.04375150 0.00163536 0.01072412
v -0.04418245 0.00259757 0.01072640
v -0.04460520 0.00356853 0.01072856
v -0.04502003 0.00454901 0.01073060
v -0.04542773 0.00554116 0.01073252
v 0.00542040 -0.04535943 0.01071971
v 0.00448010 -0.04497205 0.01071777
v 0.00354551 -0.04457621 0.01071572
v 0.00261667 -0.04417188 0.01071354
v 0.00169357 -0.04375904 0.01071125
v 0.00077622 -0.04333762 0.01070884
v -0.00013537 -0.04290758 0.01070632
v -0.00104119 -0.04246887 0.01070367
v -0.00194124 -0.04202143 0.01070090
v -0.00283549 -0.04156523 0.01069802
v -0.00372392 -0.04110025 0.01069503
v -0.00460647 -0.04062648 0.01069193
v -0.00548312 -0.04014393 0.01068873
v -0.00635383 -0.03965258 0.01068543
v -0.00721854 -0.03915241 0.01068204
v -0.00807724 -0.03864341 0.01067858
v -0.00835091 -0.03847856 0.01067746
v -0.00917915 -0.03797177 0.01067402
v -0.01000050 -0.03745726 0.01067053
v -0.01081496 -0.03693502 0.01066702
v -0.01162254 -0.03640509 0.01066350
v -0.01242324 -0.03586745 0.01065999
v -0.01321705 -0.03532211 0.01065652
v -0.01400398 -0.03476908 0.01065309
v -0.01478404 -0.03420835 0.01064973
v -0.01555723 -0.03363991 0.01064647
v -0.01632354 -0.03306373 0.01064332
v -0.01708297 -0.03247982 0.01064031
v -0.01783553 -0.03188814 0.01063745
v -0.01858121 -0.03128867 0.01063478
v -0.01931999 -0.03068141 0.01063231
v -0.02005188 -0.03006636 0.01063006
v -0.02077685 -0.02944352 0.01062805
v -0.02149491 -0.02881290 0.01062630
v -0.02220603 -0.02817450 0.01062482
v -0.02291020 -0.02752831 0.01062362
v -0.02360741 -0.02687432 0.01062272
v -0.02429762 -0.02621252 0.01062213
v -0.02498083 -0.02554291 0.01062184
v -0.02526269 -0.02526233 0.01062181
v -0.02594497 -0.02457242 0.01062197
v -0.02661911 -0.02387538 0.01062245
v -0.02728517 -0.02317122 0.01062325
v -0.02794319 -0.02245991 0.01062435
v -0.02859321 -0.02174143 0.01062576
v -0.02923529 -0.02101576 0.01062744
v -0.02986946 -0.02028285 0.01062940
v -0.03049578 -0.01954266 0.01063160
v -0.03111430 -0.01879510 0.01063405
v -0.03172510 -0.01804008 0.01063670
v -0.03232826 -0.01727745 0.01063955
v -0.03292386 -0.01650712 0.01064258
v -0.03351191 -0.01572907 0.01064575
v -0.03409240 -0.01494331 0.01064905
v -0.03466530 -0.01414984 0.01065246
v -0.03523059 -0.01334867 0.01065594
v -0.03578826 -0.01253981 0.01065948
v -0.03633826 -0.01172325 0.01066306
v -0.03688059 -0.01089898 0.01066665
v -0.03741522 -0.01006698 0.01067024
v -0.03794218 -0.00922712 0.01067381
v -0.03843748 -0.00841900 0.01067718
v -0.03896270 -0.00754128 0.01068075
v -0.03947910 -0.00665640 0.01068426
v -0.03998671 -0.00576435 0.01068768
v -0.04048554 -0.00486508 0.01069100
v -0.04097563 -0.00395854 0.01069422
v -0.04145701 -0.00304462 0.01069733
v -0.04192973 -0.00212319 0.01070033
v -0.04239390 -0.00119402 0.01070321
v -0.04284963 -0.00025678 0.01070597
v -0.04329699 0.00068865 0.01070861
v -0.04373600 0.00164235 0.01071112
v -0.04416670 0.00260447 0.01071351
v -0.04458921 0.00357534 0.01071578
v -0.04500381 0.00455572 0.01071793
v 0.00542675 -0.04534368 0.01070620
v 0.00448654 -0.04495650 0.01070417
v 0.00355205 -0.04456088 0.01070202
v 0.00262328 -0.04415679 0.01069975
v 0.00170025 -0.04374418 0.01069736
v 0.00078297 -0.04332300 0.01069486
v -0.00012856 -0.04289321 0.01069223
v -0.00103433 -0.04245477 0.01068948
v -0.00193432 -0.04200759 0.01068662
v -0.00282853 -0.04155166 0.01068364
v -0.00371692 -0.04108695 0.01068054
v -0.00459945 -0.04061347 0.01067735
v -0.00547608 -0.04013120 0.01067404
v -0.00634677 -0.03964013 0.01067065
v -0.00721148 -0.03914026 0.01066717
v -0.00807017 -0.03863155 0.01066362
v -0.00834386 -0.03846679 0.01066247
v -0.00917210 -0.03796029 0.01065894
v -0.00999346 -0.03744606 0.01065537
v -0.01080794 -0.03692411 0.01065179
v -0.01161553 -0.03639445 0.01064820
v -0.01241625 -0.03585709 0.01064462
v -0.01321008 -0.03531202 0.01064109
v -0.01399704 -0.03475925 0.01063760
v -0.01477712 -0.03419878 0.01063419
v -0.01555033 -0.03363058 0.01063088
v -0.01631666 -0.03305465 0.01062769
v -0.01707612 -0.03247097 0.01062464
v -0.01782870 -0.03187950 0.01062175
v -0.01857438 -0.03128024 0.01061905
v -0.01931317 -0.03067317 0.01061655
v -0.02004506 -0.03005831 0.01061427
v -0.02077003 -0.02943565 0.01061225
v -0.02148807 -0.02880519 0.01061048
v -0.02219917 -0.02816692 0.01060898
v -0.02290330 -0.02752086 0.01060778
v -0.02360046 -0.02686699 0.01060687
v -0.02429062 -0.02620530 0.01060627
v -0.02497377 -0.02553577 0.01060598
v -0.02525559 -0.02525524 0.01060595
v -0.02593778 -0.02456539 0.01060612
v -0.02661183 -0.02386842 0.01060660
v -0.02727777 -0.02316431 0.01060740
v -0.02793566 -0.02245303 0.01060852
v -0.02858555 -0.02173458 0.01060993
v -0.02922747 -0.02100893 0.01061163
v -0.02986147 -0.02027603 0.01061360
v -0.03048760 -0.01953584 0.01061583
v -0.03110593 -0.01878828 0.01061830
v -0.03171652 -0.01803324 0.01062099
v -0.03231946 -0.01727060 0.01062387
v -0.03291484 -0.01650025 0.01062694
v -0.03350264 -0.01572218 0.01063015
v -0.03408288 -0.01493639 0.01063350
v -0.03465552 -0.01414290 0.01063696
v -0.03522054 -0.01334171 0.01064050
v -0.03577794 -0.01253282 0.01064410
v -0.03632766 -0.01171623 0.01064775
v -0.03686970 -0.01089195 0.01065141
v -0.03740404 -0.01005993 0.01065508
v -0.03793072 -0.00922006 0.01065873
v -0.03842574 -0.00841194 0.01066218
v -0.03895066 -0.00753422 0.01066585
v -0.03946676 -0.00664935 0.01066944
v -0.03997408 -0.00575731 0.01067296
v -0.04047261 -0.00485806 0.01067638
v -0.04096241 -0.00395154 0.01067970
v -0.04144350 -0.00303765 0.01068292
v -0.04191595 -0.00211627 0.01068602
v -0.04237983 -0.00118714 0.01068900
v -0.04283530 -0.00024996 0.01069187
v -0.04328240 0.00069540 0.01069461
v -0.04372114 0.00164903 0.01069723
v -0.04415160 0.00261108 0.01069972
v -0.04457388 0.00358187 0.01070209
v -0.04498825 0.00456216 0.01070434
v 0.00543283 -0.04532862 0.01069179
v 0.00449270 -0.04494166 0.01068968
v 0.00355828 -0.04454626 0.01068745
v 0.00262958 -0.04414239 0.01068509
v 0.00170662 -0.04373001 0.01068262
v 0.00078940 -0.04330908 0.01068003
v -0.00012208 -0.04287955 0.01067732
v -0.00102780 -0.04244135 0.01067449
v -0.00192776 -0.04199444 0.01067154
v -0.00282193 -0.04153878 0.01066847
v -0.00371029 -0.04107434 0.01066529
v -0.00459280 -0.04060114 0.01066201
v -0.00546942 -0.04011915 0.01065863
v -0.00634011 -0.03962837 0.01065515
v -0.00720482 -0.03912878 0.01065160
v -0.00806351 -0.03862036 0.01064797
v -0.00833719 -0.03845569 0.01064680
v -0.00916545 -0.03794947 0.01064320
v -0.00998683 -0.03743552 0.01063957
v -0.01080133 -0.03691385 0.01063593
v -0.01160895 -0.03638446 0.01063228
v -0.01240969 -0.03584737 0.01062866
v -0.01320356 -0.03530257 0.01062507
v -0.01399054 -0.03475006 0.01062154
v -0.01477066 -0.03418983 0.01061809
v -0.01554390 -0.03362187 0.01061474
v -0.01631026 -0.03304618 0.01061152
v -0.01706974 -0.03246272 0.01060844
v -0.01782234 -0.03187147 0.01060553
v -0.01856804 -0.03127240 0.01060281
v -0.01930684 -0.03066553 0.01060029
v -0.02003873 -0.03005084 0.01059801
v -0.02076370 -0.02942834 0.01059597
v -0.02148173 -0.02879803 0.01059419
v -0.02219281 -0.02815991 0.01059269
v -0.02289692 -0.02751397 0.01059147
v -0.02359404 -0.02686021 0.01059056
v -0.02428415 -0.02619861 0.01058996
v -0.02496723 -0.02552918 0.01058967
v -0.02524903 -0.02524867 0.01058964
v -0.02593114 -0.02455890 0.01058980
v -0.02660508 -0.02386198 0.01059029
v -0.02727092 -0.02315791 0.01059110
v -0.02792869 -0.02244667 0.01059222
v -0.02857844 -0.02172824 0.01059364
v -0.02922021 -0.02100260 0.01059534
v -0.02985406 -0.02026971 0.01059733
v -0.03048001 -0.01952951 0.01059957
v -0.03109815 -0.01878193 0.01060206
v -0.03170854 -0.01802689 0.01060477
v -0.03231126 -0.01726423 0.01060768
v -0.03290642 -0.01649385 0.01061076
v -0.03349399 -0.01571575 0.01061401
v -0.03407398 -0.01492993 0.01061740
v -0.03464637 -0.01413641 0.01062089
v -0.03521113 -0.01333519 0.01062448
v -0.03576825 -0.01252627 0.01062813
v -0.03631771 -0.01170966 0.01063182
v -0.03685947 -0.01088534 0.01063555
v -0.03739353 -0.01005330 0.01063927
v -0.03791992 -0.00921342 0.01064299
v -0.03841467 -0.00840528 0.01064651
v -0.03893929 -0.00752755 0.01065025
v -0.03945510 -0.00664268 0.01065392
v -0.03996212 -0.00575064 0.01065751
v -0.04046036 -0.00485140 0.01066102
v -0.04094987 -0.00394490 0.01066443
v -0.04143068 -0.00303105 0.01066773
v -0.04190285 -0.00210970 0.01067092
v -0.04236646 -0.00118061 0.01067399
v -0.04282166 -0.00024347 0.01067694
v -0.04326850 0.00070184 0.01067978
v -0.04370700 0.00165541 0.01068248
v -0.04413721 0.00261739 0.01068506
v -0.04455925 0.00358810 0.01068752
v -0.04497338 0.00456831 0.01068985
v -0.04538043 0.00556018 0.01069206
v 0.00543860 -0.04531431 0.01067651
v 0.00449855 -0.04492756 0.01067433
v 0.00356420 -0.04453238 0.01067204
v 0.00263556 -0.04412874 0.01066962
v 0.00171266 -0.04371659 0.01066707
v 0.00079549 -0.04329590 0.01066441
v -0.00011594 -0.04286661 0.01066162
v -0.00102163 -0.04242867 0.01065872
v -0.00192155 -0.04198202 0.01065570
v -0.00281570 -0.04152662 0.01065256
v -0.00370404 -0.04106246 0.01064932
v -0.00458654 -0.04058953 0.01064597
v -0.00546315 -0.04010782 0.01064252
v -0.00633384 -0.03961732 0.01063898
v -0.00719856 -0.03911801 0.01063537
v -0.00805727 -0.03860987 0.01063169
v -0.00833096 -0.03844530 0.01063049
v -0.00915923 -0.03793935 0.01062684
v -0.00998063 -0.03742567 0.01062317
v -0.01079516 -0.03690427 0.01061947
v -0.01160281 -0.03637515 0.01061579
v -0.01240358 -0.03583832 0.01061213
v -0.01319749 -0.03529377 0.01060851
v -0.01398451 -0.03474151 0.01060495
v -0.01476466 -0.03418153 0.01060147
v -0.01553793 -0.03361381 0.01059810
v -0.01630433 -0.03303834 0.01059486
v -0.01706384 -0.03245509 0.01059177
v -0.01781647 -0.03186405 0.01058884
v -0.01856219 -0.03126518 0.01058611
v -0.01930101 -0.03065849 0.01058358
v -0.02003291 -0.03004397 0.01058129
v -0.02075789 -0.02942163 0.01057925
v -0.02147592 -0.02879146 0.01057746
v -0.02218698 -0.02815347 0.01057596
v -0.02289107 -0.02750765 0.01057475
v -0.02358815 -0.02685399 0.01057383
v -0.02427822 -0.02619249 0.01057323
v -0.02496124 -0.02552313 0.01057294
v -0.02524301 -0.02524266 0.01057291
v -0.02592504 -0.02455294 0.01057308
v -0.02659890 -0.02385608 0.01057356
v -0.02726464 -0.02315204 0.01057437
v -0.02792230 -0.02244083 0.01057549
v -0.02857192 -0.02172242 0.01057691
v -0.02921355 -0.02099679 0.01057862
v -0.02984723 -0.02026389 0.01058061
v -0.03047303 -0.01952368 0.01058286
v -0.03109098 -0.01877609 0.01058536
v -0.03170118 -0.01802102 0.01058807
v -0.03230370 -0.01725834 0.01059100
v -0.03289863 -0.01648793 0.01059410
v -0.03348598 -0.01570979 0.01059737
v -0.03406573 -0.01492394 0.01060077
v -0.03463787 -0.01413038 0.01060429
v -0.03520238 -0.01332912 0.01060791
v -0.03575924 -0.01252017 0.01061159
v -0.03630843 -0.01170352 0.01061533
v -0.03684992 -0.01087918 0.01061909
v -0.03738370 -0.01004711 0.01062286
v -0.03790981 -0.00920720 0.01062663
v -0.03840429 -0.00839904 0.01063020
v -0.03892862 -0.00752130 0.01063399
v -0.03944415 -0.00663642 0.01063773
v -0.03995087 -0.00574438 0.01064139
v -0.04044883 -0.00484514 0.01064496
v -0.04093806 -0.00393865 0.01064844
v -0.04141859 -0.00302481 0.01065181
v -0.04189048 -0.00210348 0.01065507
v -0.04235383 -0.00117443 0.01065821
v -0.04280876 -0.00023733 0.01066124
v -0.04325534 0.00070793 0.01066415
v -0.04369359 0.00166145 0.01066693
v -0.04412356 0.00262337 0.01066958
v -0.04454536 0.00359401 0.01067211
v -0.04495927 0.00457415 0.01067451
v -0.04536609 0.00556594 0.01067680
v 0.00544405 -0.04530079 0.01066043
v 0.00450407 -0.04491425 0.01065819
v 0.00356978 -0.04451928 0.01065584
v 0.00264120 -0.04411586 0.01065336
v 0.00171834 -0.04370395 0.01065076
v 0.00080122 -0.04328349 0.01064804
v -0.00011018 -0.04285445 0.01064519
v -0.00101583 -0.04241676 0.01064223
v -0.00191573 -0.04197036 0.01063915
v -0.00280986 -0.04151522 0.01063596
v -0.00369819 -0.04105132 0.01063266
v -0.00458068 -0.04057866 0.01062926
v -0.00545730 -0.04009723 0.01062576
v -0.00632799 -0.03960700 0.01062218
v -0.00719272 -0.03910796 0.01061852
v -0.00805145 -0.03860010 0.01061480
v -0.00832515 -0.03843562 0.01061359
v -0.00915345 -0.03792994 0.01060991
v -0.00997488 -0.03741653 0.01060619
v -0.01078944 -0.03689539 0.01060247
v -0.01159713 -0.03636653 0.01059876
v -0.01239794 -0.03582996 0.01059508
v -0.01319188 -0.03528566 0.01059144
v -0.01397895 -0.03473364 0.01058786
v -0.01475914 -0.03417390 0.01058438
v -0.01553246 -0.03360641 0.01058100
v -0.01629889 -0.03303115 0.01057775
v -0.01705844 -0.03244811 0.01057465
v -0.01781110 -0.03185727 0.01057172
v -0.01855685 -0.03125859 0.01056898
v -0.01929569 -0.03065207 0.01056646
v -0.02002761 -0.03003771 0.01056417
v -0.02075259 -0.02941552 0.01056212
v -0.02147063 -0.02878549 0.01056034
v -0.02218169 -0.02814762 0.01055884
v -0.02288575 -0.02750192 0.01055763
v -0.02358281 -0.02684836 0.01055672
v -0.02427284 -0.02618694 0.01055612
v -0.02495582 -0.02551765 0.01055583
v -0.02523756 -0.02523720 0.01055580
v -0.02591952 -0.02454754 0.01055597
v -0.02659330 -0.02385072 0.01055645
v -0.02725894 -0.02314672 0.01055726
v -0.02791649 -0.02243553 0.01055837
v -0.02856599 -0.02171713 0.01055979
v -0.02920749 -0.02099150 0.01056150
v -0.02984102 -0.02025859 0.01056349
v -0.03046666 -0.01951837 0.01056574
v -0.03108444 -0.01877076 0.01056823
v -0.03169444 -0.01801566 0.01057095
v -0.03229677 -0.01725295 0.01057387
v -0.03289149 -0.01648250 0.01057698
v -0.03347862 -0.01570432 0.01058026
v -0.03405814 -0.01491843 0.01058367
v -0.03463004 -0.01412483 0.01058721
v -0.03519431 -0.01332353 0.01059083
v -0.03575092 -0.01251453 0.01059454
v -0.03629984 -0.01169784 0.01059830
v -0.03684107 -0.01087346 0.01060209
v -0.03737458 -0.01004136 0.01060589
v -0.03790042 -0.00920142 0.01060969
v -0.03839464 -0.00839324 0.01061329
v -0.03891869 -0.00751547 0.01061713
v -0.03943392 -0.00663057 0.01062091
v -0.03994037 -0.00573852 0.01062462
v -0.04043805 -0.00483928 0.01062824
v -0.04092700 -0.00393279 0.01063177
v -0.04140726 -0.00301896 0.01063520
v -0.04187887 -0.00209765 0.01063851
v -0.04234196 -0.00116862 0.01064172
v -0.04279663 -0.00023156 0.01064480
v -0.04324296 0.00071367 0.01064777
v -0.04368096 0.00166714 0.01065061
v -0.04411069 0.00262901 0.01065332
v -0.04453226 0.00359960 0.01065591
v -0.04494595 0.00457967 0.01065837
v 0.00544917 -0.04528811 0.01064357
v 0.00450924 -0.04490177 0.01064129
v 0.00357501 -0.04450701 0.01063889
v 0.00264648 -0.04410381 0.01063637
v 0.00172366 -0.04369212 0.01063372
v 0.00080658 -0.04327190 0.01063096
v -0.00010479 -0.04284309 0.01062807
v -0.00101042 -0.04240564 0.01062506
v -0.00191030 -0.04195950 0.01062195
v -0.00280442 -0.04150461 0.01061871
v -0.00369275 -0.04104098 0.01061538
v -0.00457524 -0.04056858 0.01061194
v -0.00545187 -0.04008741 0.01060841
v -0.00632258 -0.03959744 0.01060479
v -0.00718733 -0.03909868 0.01060110
v -0.00804608 -0.03859109 0.01059735
v -0.00831979 -0.03842669 0.01059614
v -0.00914812 -0.03792127 0.01059243
v -0.00996959 -0.03740812 0.01058870
v -0.01078419 -0.03688724 0.01058497
v -0.01159192 -0.03635864 0.01058124
v -0.01239278 -0.03582230 0.01057755
v -0.01318677 -0.03527825 0.01057390
v -0.01397388 -0.03472647 0.01057033
v -0.01475412 -0.03416695 0.01056684
v -0.01552748 -0.03359968 0.01056346
v -0.01629396 -0.03302464 0.01056021
v -0.01705355 -0.03244180 0.01055712
v -0.01780624 -0.03185114 0.01055420
v -0.01855203 -0.03125264 0.01055147
v -0.01929090 -0.03064628 0.01054896
v -0.02002284 -0.03003208 0.01054667
v -0.02074784 -0.02941003 0.01054464
v -0.02146588 -0.02878013 0.01054287
v -0.02217693 -0.02814238 0.01054138
v -0.02288099 -0.02749678 0.01054017
v -0.02357802 -0.02684331 0.01053926
v -0.02426802 -0.02618197 0.01053866
v -0.02495095 -0.02551275 0.01053838
v -0.02523267 -0.02523232 0.01053835
v -0.02591458 -0.02454271 0.01053851
v -0.02658828 -0.02384593 0.01053899
v -0.02725384 -0.02314195 0.01053979
v -0.02791129 -0.02243077 0.01054091
v -0.02856068 -0.02171238 0.01054232
v -0.02920204 -0.02098675 0.01054402
v -0.02983544 -0.02025383 0.01054600
v -0.03046092 -0.01951359 0.01054824
v -0.03107854 -0.01876595 0.01055072
v -0.03168837 -0.01801082 0.01055343
v -0.03229050 -0.01724806 0.01055635
v -0.03288503 -0.01647758 0.01055945
v -0.03347194 -0.01569936 0.01056272
v -0.03405124 -0.01491342 0.01056613
v -0.03462291 -0.01411977 0.01056967
v -0.03518694 -0.01331842 0.01057330
v -0.03574330 -0.01250937 0.01057701
v -0.03629198 -0.01169264 0.01058078
v -0.03683294 -0.01086822 0.01058458
v -0.03736619 -0.01003607 0.01058840
v -0.03789177 -0.00919609 0.01059221
v -0.03838573 -0.00838788 0.01059583
v -0.03890950 -0.00751009 0.01059970
v -0.03942447 -0.00662517 0.01060351
v -0.03993064 -0.00573310 0.01060725
v -0.04042804 -0.00483384 0.01061091
v -0.04091672 -0.00392735 0.01061447
v -0.04139671 -0.00301353 0.01061794
v -0.04186807 -0.00209222 0.01062130
v -0.04233089 -0.00116321 0.01062454
v -0.04278531 -0.00022617 0.01062767
v -0.04323139 0.00071903 0.01063068
v -0.04366915 0.00167246 0.01063357
v -0.04409864 0.00263428 0.01063633
v -0.04451998 0.00360482 0.01063897
v -0.04493344 0.00458484 0.01064148
v 0.00545394 -0.04527629 0.01062600
v 0.00451406 -0.04489014 0.01062369
v 0.00357987 -0.04449560 0.01062125
v 0.00265139 -0.04409261 0.01061870
v 0.00172860 -0.04368114 0.01061602
v 0.00081154 -0.04326114 0.01061322
v -0.00009980 -0.04283257 0.01061030
v -0.00100541 -0.04239536 0.01060727
v -0.00190529 -0.04194946 0.01060412
v -0.00279940 -0.04149483 0.01060087
v -0.00368773 -0.04103144 0.01059750
v -0.00457024 -0.04055930 0.01059404
v -0.00544688 -0.04007838 0.01059049
v -0.00631761 -0.03958868 0.01058686
v -0.00718239 -0.03909018 0.01058316
v -0.00804118 -0.03858285 0.01057940
v -0.00831490 -0.03841853 0.01057818
v -0.00914327 -0.03791337 0.01057446
v -0.00996478 -0.03740047 0.01057073
v -0.01077942 -0.03687984 0.01056700
v -0.01158720 -0.03635147 0.01056327
v -0.01238811 -0.03581538 0.01055958
v -0.01318215 -0.03527156 0.01055595
v -0.01396932 -0.03472000 0.01055238
v -0.01474961 -0.03416070 0.01054890
v -0.01552302 -0.03359364 0.01054554
v -0.01628955 -0.03301880 0.01054231
v -0.01704918 -0.03243615 0.01053923
v -0.01780192 -0.03184567 0.01053633
v -0.01854774 -0.03124734 0.01053362
v -0.01928665 -0.03064114 0.01053112
v -0.02001862 -0.03002709 0.01052885
v -0.02074363 -0.02940517 0.01052683
v -0.02146168 -0.02877539 0.01052507
v -0.02217274 -0.02813775 0.01052359
v -0.02287679 -0.02749224 0.01052240
v -0.02357381 -0.02683886 0.01052150
v -0.02426378 -0.02617759 0.01052090
v -0.02494668 -0.02550843 0.01052062
v -0.02522838 -0.02522802 0.01052059
v -0.02591023 -0.02453846 0.01052075
v -0.02658387 -0.02384170 0.01052123
v -0.02724934 -0.02313775 0.01052203
v -0.02790670 -0.02242658 0.01052313
v -0.02855598 -0.02170819 0.01052453
v -0.02919723 -0.02098254 0.01052622
v -0.02983049 -0.02024961 0.01052818
v -0.03045583 -0.01950934 0.01053041
v -0.03107329 -0.01876167 0.01053287
v -0.03168295 -0.01800651 0.01053556
v -0.03228490 -0.01724371 0.01053846
v -0.03287924 -0.01647317 0.01054155
v -0.03346595 -0.01569490 0.01054480
v -0.03404504 -0.01490892 0.01054820
v -0.03461649 -0.01411522 0.01055172
v -0.03518029 -0.01331381 0.01055535
v -0.03573641 -0.01250471 0.01055905
v -0.03628484 -0.01168793 0.01056281
v -0.03682557 -0.01086345 0.01056661
v -0.03735856 -0.01003127 0.01057043
v -0.03788388 -0.00919124 0.01057425
v -0.03837760 -0.00838299 0.01057788
v -0.03890110 -0.00750516 0.01058175
v -0.03941579 -0.00662021 0.01058557
v -0.03992170 -0.00572812 0.01058933
v -0.04041884 -0.00482884 0.01059300
v -0.04090725 -0.00392234 0.01059659
v -0.04138698 -0.00300851 0.01060008
v -0.04185808 -0.00208721 0.01060347
v -0.04232064 -0.00115820 0.01060674
v -0.04277482 -0.00022117 0.01060990
v -0.04322065 0.00072400 0.01061295
v -0.04365818 0.00167740 0.01061587
v -0.04408744 0.00263919 0.01061866
v -0.04450856 0.00360969 0.01062133
v -0.04492180 0.00458965 0.01062387
v 0.00545834 -0.04526536 0.01060776
v 0.00451851 -0.04487942 0.01060542
v 0.00358436 -0.04448507 0.01060297
v 0.00265590 -0.04408229 0.01060040
v 0.00173315 -0.04367104 0.01059770
v 0.00081611 -0.04325127 0.01059488
v -0.00009522 -0.04282292 0.01059195
v -0.00100082 -0.04238594 0.01058890
v -0.00190069 -0.04194028 0.01058573
v -0.00279482 -0.04148588 0.01058246
v -0.00368316 -0.04102274 0.01057909
v -0.00456568 -0.04055085 0.01057562
v -0.00544235 -0.04007018 0.01057207
v -0.00631310 -0.03958073 0.01056843
v -0.00717792 -0.03908248 0.01056473
v -0.00803675 -0.03857541 0.01056097
v -0.00831048 -0.03841117 0.01055976
v -0.00913889 -0.03790625 0.01055606
v -0.00996045 -0.03739359 0.01055233
v -0.01077515 -0.03687320 0.01054861
v -0.01158298 -0.03634507 0.01054490
v -0.01238394 -0.03580921 0.01054123
v -0.01317804 -0.03526560 0.01053761
v -0.01396526 -0.03471427 0.01053407
v -0.01474561 -0.03415517 0.01053061
v -0.01551908 -0.03358831 0.01052728
v -0.01628566 -0.03301366 0.01052407
v -0.01704535 -0.03243119 0.01052102
v -0.01779813 -0.03184089 0.01051814
v -0.01854400 -0.03124272 0.01051546
v -0.01928294 -0.03063667 0.01051298
v -0.02001494 -0.03002275 0.01051074
v -0.02073998 -0.02940096 0.01050874
v -0.02145805 -0.02877129 0.01050700
v -0.02216911 -0.02813375 0.01050553
v -0.02287317 -0.02748833 0.01050435
v -0.02357018 -0.02683502 0.01050347
v -0.02426013 -0.02617382 0.01050288
v -0.02494299 -0.02550471 0.01050259
v -0.02522468 -0.02522432 0.01050257
v -0.02590647 -0.02453479 0.01050273
v -0.02658005 -0.02383806 0.01050320
v -0.02724546 -0.02313412 0.01050399
v -0.02790273 -0.02242296 0.01050508
v -0.02855191 -0.02170456 0.01050646
v -0.02919305 -0.02097890 0.01050813
v -0.02982620 -0.02024594 0.01051007
v -0.03045139 -0.01950565 0.01051228
v -0.03106871 -0.01875794 0.01051472
v -0.03167821 -0.01800273 0.01051738
v -0.03227999 -0.01723989 0.01052026
v -0.03287414 -0.01646930 0.01052332
v -0.03346066 -0.01569098 0.01052654
v -0.03403955 -0.01490493 0.01052992
v -0.03461079 -0.01411117 0.01053341
v -0.03517437 -0.01330971 0.01053701
v -0.03573027 -0.01250055 0.01054070
v -0.03627847 -0.01168371 0.01054444
v -0.03681895 -0.01085918 0.01054822
v -0.03735170 -0.01002694 0.01055202
v -0.03787678 -0.00918687 0.01055584
v -0.03837025 -0.00837858 0.01055946
v -0.03889350 -0.00750070 0.01056333
v -0.03940793 -0.00661572 0.01056715
v -0.03991358 -0.00572359 0.01057090
v -0.04041046 -0.00482429 0.01057458
v -0.04089862 -0.00391777 0.01057818
v -0.04137810 -0.00300393 0.01058168
v -0.04184894 -0.00208262 0.01058508
v -0.04231127 -0.00115362 0.01058837
v -0.04276520 -0.00021660 0.01059154
v -0.04321079 0.00072856 0.01059460
v -0.04364809 0.00168195 0.01059754
v -0.04407712 0.00264370 0.01060036
v -0.04449803 0.00361417 0.01060305
v -0.04491107 0.00459410 0.01060562
v -0.04531704 0.00558565 0.01060806
v 0.00546237 -0.04525538 0.01058891
v 0.00452258 -0.04486962 0.01058656
v 0.00358845 -0.04447547 0.01058410
v 0.00266002 -0.04407289 0.01058151
v 0.00173728 -0.04366185 0.01057881
v 0.00082025 -0.04324229 0.01057598
v -0.00009107 -0.04281416 0.01057305
v -0.00099667 -0.04237741 0.01056999
v -0.00189655 -0.04193197 0.01056683
v -0.00279068 -0.04147781 0.01056356
v -0.00367904 -0.04101490 0.01056019
v -0.00456158 -0.04054325 0.01055673
v -0.00543828 -0.04006283 0.01055318
v -0.00630907 -0.03957362 0.01054956
v -0.00717393 -0.03907561 0.01054588
v -0.00803280 -0.03856878 0.01054214
v -0.00830655 -0.03840462 0.01054093
v -0.00913501 -0.03789993 0.01053724
v -0.00995662 -0.03738750 0.01053354
v -0.01077137 -0.03686734 0.01052985
v -0.01157926 -0.03633943 0.01052617
v -0.01238029 -0.03580379 0.01052253
v -0.01317445 -0.03526040 0.01051894
v -0.01396173 -0.03470927 0.01051543
v -0.01474214 -0.03415038 0.01051201
v -0.01551567 -0.03358370 0.01050871
v -0.01628231 -0.03300923 0.01050554
v -0.01704205 -0.03242694 0.01050252
v -0.01779489 -0.03183679 0.01049968
v -0.01854080 -0.03123877 0.01049703
v -0.01927979 -0.03063286 0.01049459
v -0.02001182 -0.03001907 0.01049237
v -0.02073690 -0.02939739 0.01049040
v -0.02145498 -0.02876784 0.01048869
v -0.02216606 -0.02813038 0.01048724
v -0.02287012 -0.02748504 0.01048608
v -0.02356713 -0.02683180 0.01048520
v -0.02425706 -0.02617065 0.01048462
v -0.02493990 -0.02550159 0.01048434
v -0.02522158 -0.02522122 0.01048432
v -0.02590333 -0.02453172 0.01048447
v -0.02657686 -0.02383501 0.01048494
v -0.02724220 -0.02313108 0.01048572
v -0.02789939 -0.02241991 0.01048679
v -0.02854849 -0.02170150 0.01048816
v -0.02918952 -0.02097582 0.01048980
v -0.02982255 -0.02024284 0.01049172
v -0.03044763 -0.01950251 0.01049389
v -0.03106480 -0.01875476 0.01049630
v -0.03167416 -0.01799950 0.01049894
v -0.03227578 -0.01723660 0.01050177
v -0.03286976 -0.01646596 0.01050480
v -0.03345610 -0.01568758 0.01050799
v -0.03403479 -0.01490147 0.01051132
v -0.03460583 -0.01410765 0.01051479
v -0.03516920 -0.01330613 0.01051835
v -0.03572488 -0.01249691 0.01052200
v -0.03627286 -0.01168001 0.01052571
v -0.03681312 -0.01085542 0.01052946
v -0.03734564 -0.01002312 0.01053324
v -0.03787047 -0.00918299 0.01053703
v -0.03836372 -0.00837464 0.01054063
v -0.03888672 -0.00749673 0.01054448
v -0.03940091 -0.00661170 0.01054828
v -0.03990630 -0.00571953 0.01055202
v -0.04040293 -0.00482020 0.01055569
v -0.04089084 -0.00391366 0.01055928
v -0.04137008 -0.00299979 0.01056278
v -0.04184069 -0.00207847 0.01056617
v -0.04230276 -0.00114947 0.01056946
v -0.04275647 -0.00021244 0.01057264
v -0.04320183 0.00073271 0.01057571
v -0.04363891 0.00168608 0.01057865
v -0.04406773 0.00264782 0.01058148
v -0.04448842 0.00361827 0.01058418
v -0.04490125 0.00459816 0.01058675
v -0.04530703 0.00558968 0.01058921
v -0.04570906 0.00660167 0.01059157
v 0.00546601 -0.04524636 0.01056950
v 0.00452624 -0.04486078 0.01056716
v 0.00359214 -0.04446681 0.01056469
v 0.00266372 -0.04406443 0.01056211
v 0.00174100 -0.04365358 0.01055941
v 0.00082397 -0.04323423 0.01055659
v -0.00008735 -0.04280632 0.01055366
v -0.00099296 -0.04236978 0.01055061
v -0.00189285 -0.04192457 0.01054746
v -0.00278700 -0.04147063 0.01054421
v -0.00367538 -0.04100795 0.01054086
v -0.00455796 -0.04053653 0.01053742
v -0.00543469 -0.04005633 0.01053389
v -0.00630553 -0.03956736 0.01053030
v -0.00717043 -0.03906958 0.01052664
v -0.00802935 -0.03856298 0.01052293
v -0.00830311 -0.03839890 0.01052174
v -0.00913163 -0.03789443 0.01051808
v -0.00995330 -0.03738223 0.01051442
v -0.01076811 -0.03686228 0.01051076
v -0.01157607 -0.03633458 0.01050712
v -0.01237716 -0.03579915 0.01050353
v -0.01317138 -0.03525596 0.01049998
v -0.01395873 -0.03470502 0.01049652
v -0.01473921 -0.03414632 0.01049314
v -0.01551280 -0.03357982 0.01048989
v -0.01627950 -0.03300552 0.01048676
v -0.01703931 -0.03242339 0.01048379
v -0.01779220 -0.03183339 0.01048099
v -0.01853816 -0.03123551 0.01047838
v -0.01927720 -0.03062973 0.01047598
v -0.02000927 -0.03001606 0.01047380
v -0.02073438 -0.02939449 0.01047186
v -0.02145250 -0.02876502 0.01047018
v -0.02216360 -0.02812766 0.01046876
v -0.02286766 -0.02748239 0.01046761
v -0.02356467 -0.02682921 0.01046675
v -0.02425460 -0.02616811 0.01046618
v -0.02493742 -0.02549908 0.01046591
v -0.02521908 -0.02521872 0.01046588
v -0.02590081 -0.02452925 0.01046604
v -0.02657429 -0.02383255 0.01046650
v -0.02723957 -0.02312862 0.01046726
v -0.02789669 -0.02241745 0.01046831
v -0.02854571 -0.02169902 0.01046966
v -0.02918665 -0.02097331 0.01047128
v -0.02981958 -0.02024030 0.01047316
v -0.03044453 -0.01949993 0.01047529
v -0.03106158 -0.01875213 0.01047767
v -0.03167079 -0.01799682 0.01048026
v -0.03227227 -0.01723387 0.01048305
v -0.03286609 -0.01646317 0.01048603
v -0.03345226 -0.01568473 0.01048918
v -0.03403077 -0.01489856 0.01049247
v -0.03460162 -0.01410466 0.01049588
v -0.03516479 -0.01330307 0.01049940
v -0.03572027 -0.01249379 0.01050300
v -0.03626804 -0.01167681 0.01050667
v -0.03680808 -0.01085216 0.01051038
v -0.03734038 -0.01001980 0.01051412
v -0.03786499 -0.00917961 0.01051787
v -0.03835802 -0.00837122 0.01052143
v -0.03888078 -0.00749324 0.01052525
v -0.03939473 -0.00660816 0.01052902
v -0.03989988 -0.00571596 0.01053274
v -0.04039628 -0.00481659 0.01053639
v -0.04088395 -0.00391001 0.01053995
v -0.04136295 -0.00299611 0.01054343
v -0.04183332 -0.00207477 0.01054681
v -0.04229518 -0.00114575 0.01055009
v -0.04274866 -0.00020872 0.01055326
v -0.04319381 0.00073643 0.01055631
v -0.04363066 0.00168980 0.01055925
v -0.04405927 0.00265153 0.01056207
v -0.04447976 0.00362195 0.01056477
v -0.04489239 0.00460182 0.01056735
v -0.04529798 0.00559331 0.01056981
v 0.00546925 -0.04523832 0.01054959
v 0.00452950 -0.04485292 0.01054726
v 0.00359541 -0.04445913 0.01054481
v 0.00266700 -0.04405694 0.01054224
v 0.00174428 -0.04364629 0.01053955
v 0.00082725 -0.04322713 0.01053675
v -0.00008408 -0.04279942 0.01053383
v -0.00098970 -0.04236309 0.01053081
v -0.00188961 -0.04191809 0.01052769
v -0.00278379 -0.04146436 0.01052446
v -0.00367220 -0.04100190 0.01052114
v -0.00455482 -0.04053069 0.01051773
v -0.00543158 -0.04005072 0.01051424
v -0.00630247 -0.03956197 0.01051069
v -0.00716742 -0.03906441 0.01050707
v -0.00802640 -0.03855803 0.01050341
v -0.00830018 -0.03839402 0.01050223
v -0.00912876 -0.03788976 0.01049862
v -0.00995049 -0.03737777 0.01049501
v -0.01076537 -0.03685802 0.01049140
v -0.01157340 -0.03633053 0.01048781
v -0.01237456 -0.03579529 0.01048427
v -0.01316885 -0.03525230 0.01048078
v -0.01395627 -0.03470154 0.01047737
v -0.01473682 -0.03414301 0.01047406
v -0.01551048 -0.03357668 0.01047086
v -0.01627725 -0.03300254 0.01046778
v -0.01703711 -0.03242055 0.01046487
v -0.01779007 -0.03183070 0.01046212
v -0.01853609 -0.03123295 0.01045956
v -0.01927517 -0.03062729 0.01045720
v -0.02000730 -0.03001373 0.01045506
v -0.02073244 -0.02939225 0.01045316
v -0.02145059 -0.02876288 0.01045151
v -0.02216172 -0.02812559 0.01045012
v -0.02286580 -0.02748038 0.01044900
v -0.02356282 -0.02682725 0.01044815
v -0.02425274 -0.02616619 0.01044760
v -0.02493555 -0.02549720 0.01044733
v -0.02521720 -0.02521685 0.01044730
v -0.02589890 -0.02452739 0.01044745
v -0.02657235 -0.02383069 0.01044790
v -0.02723758 -0.02312676 0.01044865
v -0.02789464 -0.02241557 0.01044968
v -0.02854359 -0.02169712 0.01045100
v -0.02918445 -0.02097139 0.01045259
v -0.02981728 -0.02023834 0.01045443
v -0.03044213 -0.01949792 0.01045653
v -0.03105906 -0.01875007 0.01045885
v -0.03166814 -0.01799471 0.01046140
v -0.03226947 -0.01723170 0.01046414
v -0.03286314 -0.01646093 0.01046707
v -0.03344915 -0.01568242 0.01047016
v -0.03402750 -0.01489618 0.01047339
v -0.03459817 -0.01410222 0.01047675
v -0.03516116 -0.01330055 0.01048021
v -0.03571645 -0.01249119 0.01048376
v -0.03626401 -0.01167415 0.01048737
v -0.03680384 -0.01084943 0.01049102
v -0.03733593 -0.01001700 0.01049471
v -0.03786033 -0.00917675 0.01049841
v -0.03835316 -0.00836829 0.01050193
v -0.03887569 -0.00749026 0.01050570
v -0.03938941 -0.00660512 0.01050943
v -0.03989434 -0.00571287 0.01051310
v -0.04039051 -0.00481345 0.01051671
v -0.04087796 -0.00390683 0.01052024
v -0.04135673 -0.00299291 0.01052369
v -0.04182689 -0.00207154 0.01052704
v -0.04228852 -0.00114250 0.01053029
v -0.04274178 -0.00020545 0.01053344
v -0.04318672 0.00073971 0.01053647
v -0.04362337 0.00169308 0.01053939
v -0.04405178 0.00265481 0.01054220
v -0.04447207 0.00362522 0.01054488
v -0.04488452 0.00460509 0.01054745
v -0.04528992 0.00559655 0.01054990
v 0.00547208 -0.04523130 0.01052925
v 0.00453234 -0.04484607 0.01052693
v 0.00359826 -0.04445246 0.01052450
v 0.00266985 -0.04405044 0.01052195
v 0.00174712 -0.04363997 0.01051929
v 0.00083009 -0.04322100 0.01051652
v -0.00008126 -0.04279348 0.01051364
v -0.00098690 -0.04235735 0.01051065
v -0.00188684 -0.04191254 0.01050756
v -0.00278105 -0.04145902 0.01050437
v -0.00366950 -0.04099677 0.01050109
v -0.00455216 -0.04052577 0.01049773
v -0.00542898 -0.04004600 0.01049429
v -0.00629991 -0.03955746 0.01049078
v -0.00716492 -0.03906011 0.01048722
v -0.00802397 -0.03855394 0.01048361
v -0.00829777 -0.03838999 0.01048245
v -0.00912641 -0.03788594 0.01047891
v -0.00994822 -0.03737414 0.01047535
v -0.01076316 -0.03685459 0.01047181
v -0.01157125 -0.03632729 0.01046829
v -0.01237249 -0.03579223 0.01046481
v -0.01316686 -0.03524941 0.01046139
v -0.01395435 -0.03469883 0.01045804
v -0.01473497 -0.03414046 0.01045479
v -0.01550871 -0.03357429 0.01045165
v -0.01627555 -0.03300029 0.01044865
v -0.01703549 -0.03241845 0.01044579
v -0.01778850 -0.03182872 0.01044310
v -0.01853458 -0.03123109 0.01044060
v -0.01927372 -0.03062554 0.01043829
v -0.02000590 -0.03001207 0.01043620
v -0.02073109 -0.02939069 0.01043434
v -0.02144927 -0.02876138 0.01043273
v -0.02216043 -0.02812416 0.01043137
v -0.02286453 -0.02747901 0.01043027
v -0.02356156 -0.02682593 0.01042945
v -0.02425149 -0.02616490 0.01042891
v -0.02493429 -0.02549593 0.01042865
v -0.02521594 -0.02521559 0.01042862
v -0.02589762 -0.02452614 0.01042877
v -0.02657104 -0.02382944 0.01042921
v -0.02723623 -0.02312550 0.01042993
v -0.02789324 -0.02241429 0.01043094
v -0.02854212 -0.02169582 0.01043223
v -0.02918291 -0.02097005 0.01043378
v -0.02981565 -0.02023695 0.01043559
v -0.03044041 -0.01949648 0.01043763
v -0.03105723 -0.01874859 0.01043991
v -0.03166620 -0.01799316 0.01044240
v -0.03226740 -0.01723008 0.01044508
v -0.03286093 -0.01645925 0.01044794
v -0.03344679 -0.01568067 0.01045097
v -0.03402498 -0.01489435 0.01045414
v -0.03459549 -0.01410032 0.01045743
v -0.03515831 -0.01329858 0.01046082
v -0.03571341 -0.01248914 0.01046430
v -0.03626079 -0.01167202 0.01046785
v -0.03680043 -0.01084723 0.01047144
v -0.03733232 -0.01001473 0.01047506
v -0.03785652 -0.00917440 0.01047870
v -0.03834915 -0.00836589 0.01048216
v -0.03887147 -0.00748779 0.01048587
v -0.03938498 -0.00660259 0.01048954
v -0.03988969 -0.00571027 0.01049317
v -0.04038565 -0.00481081 0.01049672
v -0.04087288 -0.00390415 0.01050021
v -0.04135144 -0.00299018 0.01050361
v -0.04182138 -0.00206878 0.01050692
v -0.04228281 -0.00113971 0.01051013
v -0.04273587 -0.00020264 0.01051324
v -0.04318061 0.00074254 0.01051625
v -0.04361707 0.00169592 0.01051914
v -0.04404528 0.00265766 0.01052192
v -0.04446539 0.00362807 0.01052458
v -0.04487765 0.00460792 0.01052712
v -0.04528288 0.00559938 0.01052955
v -0.04568438 0.00661129 0.01053188
v 0.00547450 -0.04522532 0.01050852
v 0.00453476 -0.04484024 0.01050623
v 0.00360068 -0.04444679 0.01050383
v 0.00267226 -0.04404494 0.01050132
v 0.00174952 -0.04363464 0.01049869
v 0.00083246 -0.04321586 0.01049596
v -0.00007891 -0.04278852 0.01049312
v -0.00098458 -0.04235257 0.01049018
v -0.00188455 -0.04190796 0.01048713
v -0.00277880 -0.04145463 0.01048400
v -0.00366729 -0.04099257 0.01048077
v -0.00455000 -0.04052176 0.01047746
v -0.00542687 -0.04004220 0.01047408
v -0.00629787 -0.03955385 0.01047064
v -0.00716294 -0.03905670 0.01046714
v -0.00802205 -0.03855072 0.01046361
v -0.00829587 -0.03838683 0.01046247
v -0.00912459 -0.03788297 0.01045899
v -0.00994646 -0.03737135 0.01045551
v -0.01076148 -0.03685199 0.01045204
v -0.01156965 -0.03632486 0.01044859
v -0.01237097 -0.03578997 0.01044519
v -0.01316541 -0.03524732 0.01044184
v -0.01395299 -0.03469689 0.01043857
v -0.01473368 -0.03413868 0.01043540
v -0.01550750 -0.03357265 0.01043233
v -0.01627441 -0.03299879 0.01042940
v -0.01703442 -0.03241707 0.01042661
v -0.01778750 -0.03182746 0.01042398
v -0.01853365 -0.03122994 0.01042154
v -0.01927285 -0.03062448 0.01041929
v -0.02000508 -0.03001110 0.01041726
v -0.02073032 -0.02938980 0.01041545
v -0.02144854 -0.02876056 0.01041388
v -0.02215973 -0.02812339 0.01041255
v -0.02286386 -0.02747829 0.01041148
v -0.02356091 -0.02682524 0.01041068
v -0.02425085 -0.02616425 0.01041015
v -0.02493366 -0.02549529 0.01040990
v -0.02521531 -0.02521495 0.01040987
v -0.02589697 -0.02452550 0.01041002
v -0.02657036 -0.02382880 0.01041044
v -0.02723552 -0.02312484 0.01041115
v -0.02789249 -0.02241361 0.01041214
v -0.02854132 -0.02169510 0.01041339
v -0.02918204 -0.02096929 0.01041490
v -0.02981471 -0.02023615 0.01041666
v -0.03043938 -0.01949563 0.01041865
v -0.03105611 -0.01874767 0.01042087
v -0.03166496 -0.01799218 0.01042330
v -0.03226605 -0.01722903 0.01042591
v -0.03285946 -0.01645813 0.01042871
v -0.03344518 -0.01567947 0.01043166
v -0.03402323 -0.01489308 0.01043476
v -0.03459358 -0.01409896 0.01043797
v -0.03515624 -0.01329714 0.01044129
v -0.03571118 -0.01248763 0.01044469
v -0.03625838 -0.01167043 0.01044816
v -0.03679785 -0.01084556 0.01045168
v -0.03732955 -0.01001298 0.01045522
v -0.03785356 -0.00917258 0.01045879
v -0.03834600 -0.00836400 0.01046218
v -0.03886813 -0.00748583 0.01046582
v -0.03938144 -0.00660056 0.01046942
v -0.03988594 -0.00570819 0.01047298
v -0.04038170 -0.00480867 0.01047647
v -0.04086873 -0.00390195 0.01047990
v -0.04134709 -0.00298794 0.01048325
v -0.04181684 -0.00206650 0.01048650
v -0.04227807 -0.00113738 0.01048966
v -0.04273093 -0.00020029 0.01049273
v -0.04317548 0.00074491 0.01049569
v -0.04361175 0.00169832 0.01049854
v -0.04403979 0.00266006 0.01050128
v -0.04445972 0.00363049 0.01050391
v -0.04487181 0.00461034 0.01050642
v -0.04527687 0.00560179 0.01050882
v -0.04567821 0.00661370 0.01051112
v 0.00642262 -0.04559727 0.01048961
v 0.00547649 -0.04522038 0.01048747
v 0.00453674 -0.04483545 0.01048522
v 0.00360265 -0.04444216 0.01048286
v 0.00267422 -0.04404047 0.01048039
v 0.00175146 -0.04363033 0.01047781
v 0.00083438 -0.04321171 0.01047512
v -0.00007702 -0.04278455 0.01047233
v -0.00098273 -0.04234878 0.01046945
v -0.00188274 -0.04190434 0.01046646
v -0.00277703 -0.04145119 0.01046339
v -0.00366558 -0.04098931 0.01046023
v -0.00454834 -0.04051869 0.01045699
v -0.00542527 -0.04003931 0.01045368
v -0.00629633 -0.03955114 0.01045031
v -0.00716147 -0.03905418 0.01044689
v -0.00802065 -0.03854838 0.01044343
v -0.00829450 -0.03838455 0.01044232
v -0.00912329 -0.03788086 0.01043892
v -0.00994524 -0.03736942 0.01043552
v -0.01076034 -0.03685022 0.01043213
v -0.01156859 -0.03632325 0.01042877
v -0.01236999 -0.03578852 0.01042545
v -0.01316452 -0.03524602 0.01042219
v -0.01395217 -0.03469574 0.01041901
v -0.01473295 -0.03413766 0.01041591
v -0.01550684 -0.03357176 0.01041293
v -0.01627383 -0.03299803 0.01041008
v -0.01703392 -0.03241642 0.01040737
v -0.01778707 -0.03182692 0.01040481
v -0.01853329 -0.03122949 0.01040244
v -0.01927255 -0.03062413 0.01040025
v -0.02000484 -0.03001082 0.01039828
v -0.02073013 -0.02938958 0.01039652
v -0.02144841 -0.02876041 0.01039499
v -0.02215963 -0.02812329 0.01039370
v -0.02286380 -0.02747822 0.01039267
v -0.02356087 -0.02682520 0.01039189
v -0.02425083 -0.02616422 0.01039137
v -0.02493364 -0.02549527 0.01039113
v -0.02521529 -0.02521493 0.01039110
v -0.02589695 -0.02452548 0.01039124
v -0.02657033 -0.02382877 0.01039166
v -0.02723546 -0.02312478 0.01039235
v -0.02789240 -0.02241352 0.01039330
v -0.02854118 -0.02169498 0.01039452
v -0.02918185 -0.02096912 0.01039598
v -0.02981445 -0.02023593 0.01039769
v -0.03043904 -0.01949535 0.01039963
v -0.03105568 -0.01874733 0.01040179
v -0.03166445 -0.01799177 0.01040414
v -0.03226543 -0.01722855 0.01040669
v -0.03285872 -0.01645757 0.01040941
v -0.03344433 -0.01567883 0.01041228
v -0.03402224 -0.01489236 0.01041529
v -0.03459246 -0.01409817 0.01041842
v -0.03515496 -0.01329626 0.01042166
v -0.03570975 -0.01248666 0.01042497
v -0.03625680 -0.01166938 0.01042835
v -0.03679609 -0.01084442 0.01043178
v -0.03732763 -0.01001177 0.01043525
v -0.03785146 -0.00917129 0.01043872
v -0.03834374 -0.00836263 0.01044204
v -0.03886568 -0.00748439 0.01044560
v -0.03937879 -0.00659905 0.01044912
v -0.03988312 -0.00570661 0.01045260
v -0.04037868 -0.00480703 0.01045602
v -0.04086552 -0.00390025 0.01045938
v -0.04134369 -0.00298618 0.01046265
v -0.04181325 -0.00206470 0.01046585
v -0.04227430 -0.00113555 0.01046895
v -0.04272699 -0.00019841 0.01047195
v -0.04317136 0.00074683 0.01047486
v -0.04360745 0.00170025 0.01047766
v -0.04403532 0.00266202 0.01048035
v -0.04445508 0.00363246 0.01048293
v -0.04486702 0.00461233 0.01048540
v -0.04527192 0.00560378 0.01048776
v 0.00547805 -0.04521651 0.01046617
v 0.00453829 -0.04483172 0.01046396
v 0.00360418 -0.04443858 0.01046165
v 0.00267572 -0.04403703 0.01045923
v 0.00175293 -0.04362705 0.01045670
v 0.00083582 -0.04320859 0.01045408
v -0.00007562 -0.04278158 0.01045135
v -0.00098137 -0.04234597 0.01044853
v -0.00188142 -0.04190170 0.01044561
v -0.00277576 -0.04144871 0.01044261
v -0.00366437 -0.04098701 0.01043952
v -0.00454719 -0.04051655 0.01043636
v -0.00542419 -0.04003734 0.01043313
v -0.00629532 -0.03954935 0.01042985
v -0.00716053 -0.03905255 0.01042652
v -0.00801979 -0.03854692 0.01042315
v -0.00829366 -0.03838315 0.01042206
v -0.00912253 -0.03787962 0.01041875
v -0.00994456 -0.03736833 0.01041545
v -0.01075975 -0.03684928 0.01041215
v -0.01156808 -0.03632247 0.01040889
v -0.01236956 -0.03578788 0.01040566
v -0.01316417 -0.03524552 0.01040249
v -0.01395192 -0.03469537 0.01039940
v -0.01473277 -0.03413742 0.01039640
v -0.01550675 -0.03357164 0.01039350
v -0.01627382 -0.03299801 0.01039073
v -0.01703398 -0.03241651 0.01038810
v -0.01778721 -0.03182710 0.01038563
v -0.01853350 -0.03122976 0.01038333
v -0.01927283 -0.03062447 0.01038121
v -0.02000518 -0.03001123 0.01037930
v -0.02073053 -0.02939005 0.01037759
v -0.02144885 -0.02876091 0.01037612
v -0.02216013 -0.02812383 0.01037487
v -0.02286433 -0.02747879 0.01037387
v -0.02356144 -0.02682580 0.01037312
v -0.02425142 -0.02616483 0.01037262
v -0.02493424 -0.02549588 0.01037238
v -0.02521590 -0.02521554 0.01037236
v -0.02589756 -0.02452608 0.01037249
v -0.02657093 -0.02382934 0.01037289
v -0.02723605 -0.02312533 0.01037356
v -0.02789296 -0.02241403 0.01037448
v -0.02854170 -0.02169544 0.01037566
v -0.02918233 -0.02096954 0.01037708
v -0.02981488 -0.02023629 0.01037873
v -0.03043940 -0.01949565 0.01038061
v -0.03105597 -0.01874756 0.01038270
v -0.03166465 -0.01799193 0.01038498
v -0.03226554 -0.01722864 0.01038745
v -0.03285874 -0.01645758 0.01039009
v -0.03344423 -0.01567876 0.01039287
v -0.03402202 -0.01489220 0.01039579
v -0.03459211 -0.01409792 0.01039883
v -0.03515448 -0.01329593 0.01040197
v -0.03570913 -0.01248624 0.01040519
v -0.03625603 -0.01166888 0.01040848
v -0.03679517 -0.01084383 0.01041181
v -0.03732655 -0.01001109 0.01041518
v -0.03785023 -0.00917053 0.01041856
v -0.03834235 -0.00836180 0.01042179
v -0.03886411 -0.00748347 0.01042525
v -0.03937706 -0.00659806 0.01042869
v -0.03988121 -0.00570554 0.01043208
v -0.04037659 -0.00480589 0.01043542
v -0.04086326 -0.00389905 0.01043869
v -0.04134126 -0.00298493 0.01044189
v -0.04181065 -0.00206338 0.01044501
v -0.04227153 -0.00113419 0.01044804
v -0.04272404 -0.00019701 0.01045098
v -0.04316825 0.00074827 0.01045382
v -0.04360417 0.00170173 0.01045656
v -0.04403189 0.00266353 0.01045919
v -0.04445149 0.00363399 0.01046172
v -0.04486327 0.00461387 0.01046414
v -0.04526803 0.00560534 0.01046645
v 0.00642533 -0.04559036 0.01044671
v 0.00547918 -0.04521372 0.01044466
v 0.00453939 -0.04482906 0.01044251
v 0.00360525 -0.04443604 0.01044026
v 0.00267677 -0.04403464 0.01043790
v 0.00175394 -0.04362480 0.01043544
v 0.00083679 -0.04320648 0.01043287
v -0.00007469 -0.04277962 0.01043022
v -0.00098048 -0.04234416 0.01042747
v -0.00188059 -0.04190004 0.01042463
v -0.00277500 -0.04144721 0.01042171
v -0.00366366 -0.04098566 0.01041871
v -0.00454655 -0.04051537 0.01041563
v -0.00542362 -0.04003631 0.01041250
v -0.00629482 -0.03954847 0.01040931
v -0.00716011 -0.03905183 0.01040607
v -0.00801945 -0.03854636 0.01040280
v -0.00829335 -0.03838263 0.01040175
v -0.00912230 -0.03787925 0.01039854
v -0.00994441 -0.03736810 0.01039533
v -0.01075969 -0.03684919 0.01039214
v -0.01156811 -0.03632251 0.01038897
v -0.01236967 -0.03578806 0.01038585
v -0.01316438 -0.03524582 0.01038278
v -0.01395221 -0.03469579 0.01037979
v -0.01473316 -0.03413794 0.01037689
v -0.01550722 -0.03357227 0.01037409
v -0.01627438 -0.03299874 0.01037141
v -0.01703462 -0.03241733 0.01036887
v -0.01778793 -0.03182800 0.01036648
v -0.01853429 -0.03123073 0.01036426
v -0.01927369 -0.03062550 0.01036222
v -0.02000611 -0.03001232 0.01036037
v -0.02073152 -0.02939119 0.01035872
v -0.02144990 -0.02876209 0.01035730
v -0.02216122 -0.02812504 0.01035609
v -0.02286547 -0.02748002 0.01035513
v -0.02356261 -0.02682703 0.01035440
v -0.02425262 -0.02616607 0.01035392
v -0.02493547 -0.02549711 0.01035369
v -0.02521712 -0.02521677 0.01035367
v -0.02589880 -0.02452729 0.01035380
v -0.02657217 -0.02383053 0.01035419
v -0.02723728 -0.02312648 0.01035483
v -0.02789417 -0.02241515 0.01035572
v -0.02854289 -0.02169650 0.01035685
v -0.02918348 -0.02097054 0.01035822
v -0.02981599 -0.02023723 0.01035982
v -0.03044046 -0.01949653 0.01036163
v -0.03105696 -0.01874837 0.01036365
v -0.03166557 -0.01799267 0.01036585
v -0.03226639 -0.01722930 0.01036824
v -0.03285949 -0.01645815 0.01037078
v -0.03344488 -0.01567925 0.01037348
v -0.03402257 -0.01489260 0.01037630
v -0.03459255 -0.01409823 0.01037924
v -0.03515480 -0.01329615 0.01038228
v -0.03570932 -0.01248637 0.01038540
v -0.03625609 -0.01166892 0.01038858
v -0.03679510 -0.01084378 0.01039181
v -0.03732634 -0.01001095 0.01039507
v -0.03784986 -0.00917031 0.01039835
v -0.03834184 -0.00836149 0.01040149
v -0.03886345 -0.00748308 0.01040484
v -0.03937623 -0.00659759 0.01040818
v -0.03988022 -0.00570500 0.01041147
v -0.04037545 -0.00480528 0.01041471
v -0.04086196 -0.00389836 0.01041790
v -0.04133980 -0.00298417 0.01042101
v -0.04180902 -0.00206257 0.01042404
v -0.04226974 -0.00113332 0.01042699
v -0.04272210 -0.00019609 0.01042986
v -0.04316615 0.00074924 0.01043262
v -0.04360193 0.00170274 0.01043529
v -0.04402949 0.00266457 0.01043786
v -0.04444896 0.00363507 0.01044033
v -0.04486060 0.00461498 0.01044269
v -0.04526523 0.00560647 0.01044495
v -0.04566614 0.00661841 0.01044712
v 0.00547986 -0.04521202 0.01042303
v 0.00454005 -0.04482748 0.01042094
v 0.00360588 -0.04443458 0.01041875
v 0.00267736 -0.04403330 0.01041646
v 0.00175449 -0.04362359 0.01041406
v 0.00083729 -0.04320540 0.01041158
v -0.00007424 -0.04277868 0.01040900
v -0.00098009 -0.04234336 0.01040634
v -0.00188026 -0.04189938 0.01040358
v -0.00277473 -0.04144669 0.01040075
v -0.00366346 -0.04098528 0.01039784
v -0.00454642 -0.04051513 0.01039487
v -0.00542356 -0.04003621 0.01039183
v -0.00629484 -0.03954852 0.01038874
v -0.00716022 -0.03905202 0.01038561
v -0.00801964 -0.03854668 0.01038245
v -0.00829357 -0.03838300 0.01038143
v -0.00912261 -0.03787975 0.01037833
v -0.00994481 -0.03736873 0.01037523
v -0.01076017 -0.03684994 0.01037215
v -0.01156868 -0.03632338 0.01036909
v -0.01237034 -0.03578904 0.01036608
v -0.01316513 -0.03524692 0.01036312
v -0.01395306 -0.03469699 0.01036023
v -0.01473410 -0.03413924 0.01035743
v -0.01550825 -0.03357366 0.01035474
v -0.01627549 -0.03300022 0.01035216
v -0.01703582 -0.03241888 0.01034971
v -0.01778921 -0.03182962 0.01034741
v -0.01853565 -0.03123241 0.01034527
v -0.01927513 -0.03062724 0.01034330
v -0.02000761 -0.03001410 0.01034152
v -0.02073309 -0.02939300 0.01033994
v -0.02145153 -0.02876393 0.01033857
v -0.02216291 -0.02812690 0.01033741
v -0.02286720 -0.02748189 0.01033648
v -0.02356438 -0.02682890 0.01033578
v -0.02425443 -0.02616793 0.01033532
v -0.02493730 -0.02549896 0.01033510
v -0.02521897 -0.02521861 0.01033508
v -0.02590066 -0.02452911 0.01033521
v -0.02657404 -0.02383231 0.01033558
v -0.02723915 -0.02312823 0.01033619
v -0.02789603 -0.02241685 0.01033705
v -0.02854474 -0.02169815 0.01033814
v -0.02918530 -0.02097214 0.01033946
v -0.02981777 -0.02023876 0.01034100
v -0.03044221 -0.01949799 0.01034274
v -0.03105866 -0.01874975 0.01034468
v -0.03166721 -0.01799397 0.01034681
v -0.03226795 -0.01723051 0.01034910
v -0.03286098 -0.01645929 0.01035155
v -0.03344629 -0.01568030 0.01035415
v -0.03402389 -0.01489356 0.01035687
v -0.03459377 -0.01409910 0.01035970
v -0.03515592 -0.01329692 0.01036263
v -0.03571033 -0.01248705 0.01036564
v -0.03625698 -0.01166950 0.01036871
v -0.03679586 -0.01084428 0.01037183
v -0.03732697 -0.01001135 0.01037498
v -0.03785037 -0.00917062 0.01037815
v -0.03834222 -0.00836172 0.01038117
v -0.03886369 -0.00748322 0.01038442
v -0.03937633 -0.00659765 0.01038765
v -0.03988017 -0.00570497 0.01039084
v -0.04037526 -0.00480517 0.01039398
v -0.04086162 -0.00389818 0.01039706
v -0.04133931 -0.00298392 0.01040007
v -0.04180839 -0.00206225 0.01040301
v -0.04226896 -0.00113294 0.01040587
v -0.04272118 -0.00019565 0.01040865
v -0.04316509 0.00074973 0.01041134
v -0.04360073 0.00170328 0.01041393
v -0.04402816 0.00266516 0.01041643
v -0.04444749 0.00363569 0.01041882
v -0.04485901 0.00461564 0.01042111
v -0.04526351 0.00560717 0.01042331
v 0.00548011 -0.04521141 0.01040133
v 0.00454026 -0.04482697 0.01039931
v 0.00360605 -0.04443419 0.01039719
v 0.00267748 -0.04403302 0.01039497
v 0.00175456 -0.04362343 0.01039266
v 0.00083731 -0.04320536 0.01039025
v -0.00007428 -0.04277876 0.01038776
v -0.00098019 -0.04234356 0.01038518
v -0.00188043 -0.04189970 0.01038252
v -0.00277496 -0.04144714 0.01037979
v -0.00366377 -0.04098586 0.01037698
v -0.00454680 -0.04051584 0.01037411
v -0.00542403 -0.04003705 0.01037118
v -0.00629539 -0.03954948 0.01036820
v -0.00716085 -0.03905311 0.01036518
v -0.00802036 -0.03854789 0.01036214
v -0.00829432 -0.03838425 0.01036116
v -0.00912345 -0.03788111 0.01035818
v -0.00994574 -0.03737021 0.01035519
v -0.01076119 -0.03685153 0.01035223
v -0.01156980 -0.03632508 0.01034929
v -0.01237155 -0.03579084 0.01034639
v -0.01316644 -0.03524881 0.01034354
v -0.01395446 -0.03469897 0.01034077
v -0.01473559 -0.03414131 0.01033808
v -0.01550983 -0.03357581 0.01033549
v -0.01627717 -0.03300243 0.01033301
v -0.01703758 -0.03242116 0.01033067
v -0.01779106 -0.03183195 0.01032846
v -0.01853758 -0.03123479 0.01032640
v -0.01927713 -0.03062966 0.01032452
v -0.02000969 -0.03001656 0.01032281
v -0.02073524 -0.02939548 0.01032130
v -0.02145375 -0.02876644 0.01031998
v -0.02216518 -0.02812941 0.01031887
v -0.02286953 -0.02748440 0.01031798
v -0.02356676 -0.02683141 0.01031731
v -0.02425684 -0.02617042 0.01031687
v -0.02493975 -0.02550144 0.01031666
v -0.02522143 -0.02522107 0.01031664
v -0.02590314 -0.02453154 0.01031676
v -0.02657654 -0.02383470 0.01031711
v -0.02724166 -0.02313057 0.01031771
v -0.02789855 -0.02241914 0.01031853
v -0.02854724 -0.02170039 0.01031957
v -0.02918779 -0.02097431 0.01032084
v -0.02982024 -0.02024086 0.01032231
v -0.03044464 -0.01950002 0.01032398
v -0.03106106 -0.01875171 0.01032584
v -0.03166956 -0.01799584 0.01032788
v -0.03227025 -0.01723230 0.01033008
v -0.03286321 -0.01646099 0.01033244
v -0.03344846 -0.01568190 0.01033492
v -0.03402597 -0.01489507 0.01033754
v -0.03459577 -0.01410051 0.01034026
v -0.03515783 -0.01329825 0.01034307
v -0.03571214 -0.01248828 0.01034596
v -0.03625869 -0.01167064 0.01034892
v -0.03679746 -0.01084531 0.01035192
v -0.03732846 -0.01001229 0.01035495
v -0.03785175 -0.00917146 0.01035800
v -0.03834348 -0.00836248 0.01036091
v -0.03886483 -0.00748389 0.01036405
v -0.03937733 -0.00659822 0.01036715
v -0.03988105 -0.00570546 0.01037023
v -0.04037600 -0.00480557 0.01037325
v -0.04086223 -0.00389851 0.01037623
v -0.04133979 -0.00298417 0.01037914
v -0.04180874 -0.00206243 0.01038198
v -0.04226919 -0.00113304 0.01038474
v -0.04272128 -0.00019569 0.01038742
v -0.04316506 0.00074974 0.01039002
v -0.04360057 0.00170335 0.01039252
v -0.04402788 0.00266528 0.01039494
v -0.04444710 0.00363586 0.01039725
v -0.04485849 0.00461585 0.01039948
v -0.04526288 0.00560742 0.01040160
v 0.00547992 -0.04521189 0.01037963
v 0.00454002 -0.04482755 0.01037768
v 0.00360576 -0.04443486 0.01037563
v 0.00267714 -0.04403380 0.01037350
v 0.00175417 -0.04362431 0.01037127
v 0.00083685 -0.04320635 0.01036895
v -0.00007480 -0.04277985 0.01036655
v -0.00098078 -0.04234477 0.01036407
v -0.00188108 -0.04190102 0.01036152
v -0.00277569 -0.04144858 0.01035888
v -0.00366458 -0.04098740 0.01035619
v -0.00454770 -0.04051749 0.01035342
v -0.00542500 -0.04003882 0.01035061
v -0.00629646 -0.03955136 0.01034775
v -0.00716201 -0.03905510 0.01034485
v -0.00802161 -0.03854999 0.01034193
v -0.00829560 -0.03838638 0.01034099
v -0.00912482 -0.03788335 0.01033813
v -0.00994721 -0.03737254 0.01033527
v -0.01076276 -0.03685396 0.01033242
v -0.01157146 -0.03632760 0.01032960
v -0.01237331 -0.03579344 0.01032683
v -0.01316830 -0.03525149 0.01032410
v -0.01395641 -0.03470173 0.01032145
v -0.01473763 -0.03414414 0.01031887
v -0.01551197 -0.03357870 0.01031639
v -0.01627940 -0.03300538 0.01031403
v -0.01703990 -0.03242416 0.01031178
v -0.01779347 -0.03183500 0.01030967
v -0.01854007 -0.03123787 0.01030771
v -0.01927971 -0.03063277 0.01030591
v -0.02001235 -0.03001969 0.01030428
v -0.02073796 -0.02939863 0.01030283
v -0.02145654 -0.02876959 0.01030157
v -0.02216804 -0.02813256 0.01030051
v -0.02287244 -0.02748755 0.01029966
v -0.02356973 -0.02683455 0.01029902
v -0.02425986 -0.02617354 0.01029860
v -0.02494280 -0.02550452 0.01029840
v -0.02522450 -0.02522414 0.01029838
v -0.02590624 -0.02453457 0.01029849
v -0.02657967 -0.02383769 0.01029883
v -0.02724480 -0.02313351 0.01029940
v -0.02790170 -0.02242202 0.01030018
v -0.02855040 -0.02170321 0.01030118
v -0.02919094 -0.02097706 0.01030239
v -0.02982338 -0.02024354 0.01030379
v -0.03044776 -0.01950261 0.01030539
v -0.03106415 -0.01875423 0.01030717
v -0.03167261 -0.01799828 0.01030912
v -0.03227326 -0.01723465 0.01031122
v -0.03286617 -0.01646324 0.01031347
v -0.03345136 -0.01568406 0.01031586
v -0.03402882 -0.01489714 0.01031836
v -0.03459854 -0.01410248 0.01032096
v -0.03516052 -0.01330011 0.01032365
v -0.03571475 -0.01249005 0.01032642
v -0.03626122 -0.01167231 0.01032925
v -0.03679990 -0.01084688 0.01033212
v -0.03733080 -0.01001377 0.01033503
v -0.03785398 -0.00917284 0.01033796
v -0.03834562 -0.00836376 0.01034076
v -0.03886685 -0.00748508 0.01034376
v -0.03937926 -0.00659932 0.01034674
v -0.03988286 -0.00570646 0.01034969
v -0.04037769 -0.00480649 0.01035260
v -0.04086380 -0.00389934 0.01035546
v -0.04134125 -0.00298492 0.01035826
v -0.04181009 -0.00206310 0.01036099
v -0.04227041 -0.00113364 0.01036365
v -0.04272239 -0.00019622 0.01036623
v -0.04316606 0.00074928 0.01036873
v -0.04360146 0.00170295 0.01037114
v -0.04402866 0.00266494 0.01037346
v -0.04444776 0.00363558 0.01037570
v -0.04485906 0.00461562 0.01037784
v -0.04526334 0.00560723 0.01037989
v -0.04566393 0.00661927 0.01038186
v 0.00642559 -0.04558970 0.01035977
v 0.00547928 -0.04521346 0.01035799
v 0.00453934 -0.04482920 0.01035611
v 0.00360502 -0.04443660 0.01035415
v 0.00267634 -0.04403563 0.01035210
v 0.00175330 -0.04362623 0.01034996
v 0.00083592 -0.04320836 0.01034774
v -0.00007580 -0.04278197 0.01034544
v -0.00098186 -0.04234697 0.01034306
v -0.00188224 -0.04190333 0.01034061
v -0.00277693 -0.04145098 0.01033809
v -0.00366590 -0.04098991 0.01033551
v -0.00454910 -0.04052009 0.01033287
v -0.00542649 -0.04004151 0.01033017
v -0.00629804 -0.03955415 0.01032744
v -0.00716368 -0.03905798 0.01032467
v -0.00802339 -0.03855297 0.01032187
v -0.00829741 -0.03838939 0.01032097
v -0.00912672 -0.03788644 0.01031824
v -0.00994921 -0.03737572 0.01031550
v -0.01076486 -0.03685722 0.01031279
v -0.01157366 -0.03633093 0.01031010
v -0.01237561 -0.03579685 0.01030745
v -0.01317069 -0.03525496 0.01030485
v -0.01395890 -0.03470526 0.01030232
v -0.01474023 -0.03414773 0.01029986
v -0.01551466 -0.03358234 0.01029750
v -0.01628218 -0.03300906 0.01029524
v -0.01704278 -0.03242788 0.01029310
v -0.01779644 -0.03183875 0.01029109
v -0.01854313 -0.03124165 0.01028922
v -0.01928285 -0.03063656 0.01028751
v -0.02001557 -0.03002349 0.01028595
v -0.02074126 -0.02940243 0.01028458
v -0.02145990 -0.02877339 0.01028338
v -0.02217147 -0.02813636 0.01028237
v -0.02287594 -0.02749133 0.01028156
v -0.02357328 -0.02683830 0.01028095
v -0.02426346 -0.02617726 0.01028055
v -0.02494646 -0.02550821 0.01028036
v -0.02522817 -0.02522782 0.01028034
v -0.02590996 -0.02453819 0.01028045
v -0.02658341 -0.02384127 0.01028078
v -0.02724857 -0.02313703 0.01028131
v -0.02790549 -0.02242548 0.01028206
v -0.02855420 -0.02170660 0.01028301
v -0.02919475 -0.02098037 0.01028416
v -0.02982718 -0.02024678 0.01028550
v -0.03045155 -0.01950578 0.01028702
v -0.03106793 -0.01875730 0.01028871
v -0.03167637 -0.01800127 0.01029056
v -0.03227699 -0.01723754 0.01029257
v -0.03286986 -0.01646605 0.01029471
v -0.03345501 -0.01568677 0.01029699
v -0.03403241 -0.01489975 0.01029937
v -0.03460209 -0.01410499 0.01030185
v -0.03516400 -0.01330252 0.01030442
v -0.03571817 -0.01249236 0.01030706
v -0.03626456 -0.01167451 0.01030976
v -0.03680316 -0.01084899 0.01031251
v -0.03733399 -0.01001577 0.01031528
v -0.03785708 -0.00917475 0.01031808
v -0.03834864 -0.00836557 0.01032075
v -0.03886978 -0.00748679 0.01032362
v -0.03938208 -0.00660093 0.01032647
v -0.03988558 -0.00570799 0.01032929
v -0.04038032 -0.00480792 0.01033208
v -0.04086633 -0.00390068 0.01033481
v -0.04134367 -0.00298617 0.01033749
v -0.04181241 -0.00206427 0.01034011
v -0.04227263 -0.00113473 0.01034265
v -0.04272451 -0.00019723 0.01034513
v -0.04316808 0.00074834 0.01034752
v -0.04360339 0.00170208 0.01034984
v -0.04403049 0.00266414 0.01035207
v -0.04444950 0.00363484 0.01035421
v -0.04486071 0.00461494 0.01035627
v -0.04526490 0.00560660 0.01035823
v 0.00547821 -0.04521611 0.01033647
v 0.00453821 -0.04483193 0.01033467
v 0.00360382 -0.04443941 0.01033280
v 0.00267507 -0.04403851 0.01033084
v 0.00175197 -0.04362919 0.01032880
v 0.00083452 -0.04321141 0.01032668
v -0.00007728 -0.04278509 0.01032448
v -0.00098341 -0.04235018 0.01032221
v -0.00188388 -0.04190662 0.01031988
v -0.00277865 -0.04145435 0.01031747
v -0.00366771 -0.04099336 0.01031501
v -0.00455100 -0.04052362 0.01031249
v -0.00542849 -0.04004513 0.01030992
v -0.00630013 -0.03955785 0.01030732
v -0.00716588 -0.03906176 0.01030468
v -0.00802568 -0.03855682 0.01030201
v -0.00829973 -0.03839326 0.01030116
v -0.00912914 -0.03789039 0.01029856
v -0.00995173 -0.03737974 0.01029596
v -0.01076748 -0.03686130 0.01029337
v -0.01157639 -0.03633507 0.01029081
v -0.01237844 -0.03580104 0.01028829
v -0.01317362 -0.03525921 0.01028583
v -0.01396193 -0.03470955 0.01028342
v -0.01474336 -0.03415206 0.01028109
v -0.01551789 -0.03358671 0.01027884
v -0.01628551 -0.03301346 0.01027670
v -0.01704620 -0.03243230 0.01027467
v -0.01779995 -0.03184319 0.01027276
v -0.01854673 -0.03124610 0.01027099
v -0.01928654 -0.03064102 0.01026936
v -0.02001934 -0.03002795 0.01026789
v -0.02074512 -0.02940688 0.01026658
v -0.02146384 -0.02877783 0.01026545
v -0.02217548 -0.02814078 0.01026449
v -0.02288002 -0.02749572 0.01026373
v -0.02357742 -0.02684266 0.01026315
v -0.02426766 -0.02618159 0.01026277
v -0.02495071 -0.02551249 0.01026259
v -0.02523244 -0.02523208 0.01026257
v -0.02591427 -0.02454241 0.01026267
v -0.02658776 -0.02384542 0.01026298
v -0.02725296 -0.02314112 0.01026349
v -0.02790990 -0.02242951 0.01026420
v -0.02855863 -0.02171056 0.01026510
v -0.02919919 -0.02098426 0.01026619
v -0.02983164 -0.02025059 0.01026746
v -0.03045602 -0.01950950 0.01026890
v -0.03107238 -0.01876093 0.01027050
v -0.03168081 -0.01800481 0.01027226
v -0.03228141 -0.01724099 0.01027417
v -0.03287427 -0.01646939 0.01027620
v -0.03345938 -0.01569002 0.01027836
v -0.03403676 -0.01490290 0.01028062
v -0.03460638 -0.01410805 0.01028298
v -0.03516826 -0.01330547 0.01028542
v -0.03572237 -0.01249521 0.01028793
v -0.03626870 -0.01167726 0.01029049
v -0.03680725 -0.01085163 0.01029310
v -0.03733801 -0.01001831 0.01029574
v -0.03786103 -0.00917718 0.01029840
v -0.03835251 -0.00836791 0.01030095
v -0.03887358 -0.00748902 0.01030368
v -0.03938581 -0.00660306 0.01030639
v -0.03988922 -0.00571002 0.01030908
v -0.04038388 -0.00480985 0.01031174
v -0.04086981 -0.00390252 0.01031434
v -0.04134706 -0.00298792 0.01031690
v -0.04181571 -0.00206593 0.01031939
v -0.04227586 -0.00113630 0.01032182
v -0.04272764 -0.00019872 0.01032418
v -0.04317113 0.00074693 0.01032647
v -0.04360635 0.00170075 0.01032868
v -0.04403337 0.00266288 0.01033081
v -0.04445230 0.00363364 0.01033286
v -0.04486343 0.00461381 0.01033482
v -0.04526755 0.00560554 0.01033670
v 0.00547671 -0.04521985 0.01031514
v 0.00453663 -0.04483573 0.01031343
v 0.00360218 -0.04444327 0.01031164
v 0.00267336 -0.04404243 0.01030978
v 0.00175018 -0.04363318 0.01030784
v 0.00083264 -0.04321546 0.01030582
v -0.00007924 -0.04278921 0.01030374
v -0.00098545 -0.04235437 0.01030158
v -0.00188601 -0.04191087 0.01029936
v -0.00278087 -0.04145867 0.01029708
v -0.00367002 -0.04099775 0.01029474
v -0.00455341 -0.04052809 0.01029235
v -0.00543100 -0.04004966 0.01028991
v -0.00630274 -0.03956244 0.01028744
v -0.00716858 -0.03906641 0.01028493
v -0.00802849 -0.03856154 0.01028241
v -0.00830257 -0.03839799 0.01028160
v -0.00913209 -0.03789518 0.01027913
v -0.00995478 -0.03738458 0.01027667
v -0.01077063 -0.03686619 0.01027422
v -0.01157964 -0.03634000 0.01027180
v -0.01238179 -0.03580602 0.01026942
v -0.01317708 -0.03526422 0.01026708
v -0.01396550 -0.03471460 0.01026480
v -0.01474702 -0.03415713 0.01026260
v -0.01552166 -0.03359180 0.01026048
v -0.01628937 -0.03301857 0.01025845
v -0.01705016 -0.03243742 0.01025653
v -0.01780401 -0.03184831 0.01025473
v -0.01855089 -0.03125122 0.01025305
v -0.01929078 -0.03064614 0.01025151
v -0.02002367 -0.03003306 0.01025012
v -0.02074953 -0.02941198 0.01024889
v -0.02146833 -0.02878290 0.01024782
v -0.02218005 -0.02814582 0.01024692
v -0.02288465 -0.02750073 0.01024619
v -0.02358212 -0.02684763 0.01024565
v -0.02427243 -0.02618651 0.01024529
v -0.02495553 -0.02551737 0.01024512
v -0.02523729 -0.02523693 0.01024510
v -0.02591917 -0.02454720 0.01024520
v -0.02659271 -0.02385016 0.01024549
v -0.02725795 -0.02314579 0.01024597
v -0.02791493 -0.02243410 0.01024664
v -0.02856369 -0.02171507 0.01024749
v -0.02920428 -0.02098870 0.01024852
v -0.02983674 -0.02025494 0.01024971
v -0.03046113 -0.01951377 0.01025108
v -0.03107751 -0.01876511 0.01025259
v -0.03168594 -0.01800889 0.01025425
v -0.03228654 -0.01724498 0.01025605
v -0.03287938 -0.01647328 0.01025798
v -0.03346448 -0.01569381 0.01026001
v -0.03404183 -0.01490659 0.01026215
v -0.03461143 -0.01411163 0.01026439
v -0.03517328 -0.01330895 0.01026670
v -0.03572735 -0.01249858 0.01026907
v -0.03627365 -0.01168052 0.01027150
v -0.03681214 -0.01085479 0.01027397
v -0.03734285 -0.01002136 0.01027647
v -0.03786582 -0.00918013 0.01027899
v -0.03835725 -0.00837076 0.01028140
v -0.03887826 -0.00749177 0.01028399
v -0.03939042 -0.00660570 0.01028657
v -0.03989377 -0.00571255 0.01028912
v -0.04038836 -0.00481229 0.01029163
v -0.04087422 -0.00390485 0.01029411
v -0.04135141 -0.00299016 0.01029653
v -0.04181998 -0.00206808 0.01029890
v -0.04228006 -0.00113836 0.01030121
v -0.04273178 -0.00020069 0.01030345
v -0.04317519 0.00074505 0.01030563
v -0.04361034 0.00169895 0.01030773
v -0.04403729 0.00266115 0.01030976
v -0.04445617 0.00363201 0.01031170
v -0.04486722 0.00461224 0.01031357
v -0.04527128 0.00560404 0.01031536
v 0.00547477 -0.04522465 0.01029405
v 0.00453462 -0.04484058 0.01029244
v 0.00360009 -0.04444817 0.01029075
v 0.00267119 -0.04404739 0.01028898
v 0.00174792 -0.04363819 0.01028714
v 0.00083031 -0.04322052 0.01028524
v -0.00008166 -0.04279432 0.01028326
v -0.00098797 -0.04235953 0.01028122
v -0.00188861 -0.04191609 0.01027912
v -0.00278357 -0.04146395 0.01027696
v -0.00367282 -0.04100308 0.01027475
v -0.00455631 -0.04053346 0.01027249
v -0.00543400 -0.04005508 0.01027019
v -0.00630584 -0.03956792 0.01026786
v -0.00717179 -0.03907193 0.01026550
v -0.00803180 -0.03856710 0.01026311
v -0.00830592 -0.03840357 0.01026235
v -0.00913554 -0.03790079 0.01026002
v -0.00995834 -0.03739023 0.01025770
v -0.01077429 -0.03687187 0.01025539
v -0.01158341 -0.03634572 0.01025311
v -0.01238567 -0.03581176 0.01025086
v -0.01318106 -0.03526999 0.01024866
v -0.01396958 -0.03472038 0.01024651
v -0.01475121 -0.03416293 0.01024443
v -0.01552595 -0.03359760 0.01024244
v -0.01629377 -0.03302438 0.01024053
v -0.01705465 -0.03244322 0.01023872
v -0.01780860 -0.03185411 0.01023702
v -0.01855557 -0.03125701 0.01023545
v -0.01929556 -0.03065191 0.01023400
v -0.02002853 -0.03003880 0.01023269
v -0.02075448 -0.02941770 0.01023153
v -0.02147336 -0.02878858 0.01023053
v -0.02218516 -0.02815146 0.01022968
v -0.02288985 -0.02750633 0.01022900
v -0.02358739 -0.02685319 0.01022849
v -0.02427776 -0.02619202 0.01022815
v -0.02496093 -0.02552282 0.01022799
v -0.02524271 -0.02524236 0.01022797
v -0.02592465 -0.02455256 0.01022806
v -0.02659825 -0.02385545 0.01022833
v -0.02726354 -0.02315101 0.01022879
v -0.02792056 -0.02243924 0.01022942
v -0.02856936 -0.02172014 0.01023022
v -0.02920999 -0.02099368 0.01023118
v -0.02984248 -0.02025983 0.01023231
v -0.03046689 -0.01951857 0.01023359
v -0.03108329 -0.01876982 0.01023502
v -0.03169174 -0.01801350 0.01023658
v -0.03229234 -0.01724950 0.01023827
v -0.03288519 -0.01647770 0.01024008
v -0.03347029 -0.01569813 0.01024200
v -0.03404763 -0.01491080 0.01024402
v -0.03461722 -0.01411573 0.01024612
v -0.03517905 -0.01331295 0.01024829
v -0.03573310 -0.01250247 0.01025053
v -0.03627937 -0.01168430 0.01025282
v -0.03681784 -0.01085846 0.01025515
v -0.03734851 -0.01002493 0.01025751
v -0.03787145 -0.00918359 0.01025988
v -0.03836283 -0.00837411 0.01026216
v -0.03888380 -0.00749501 0.01026460
v -0.03939591 -0.00660884 0.01026703
v -0.03989922 -0.00571558 0.01026944
v -0.04039375 -0.00481521 0.01027182
v -0.04087956 -0.00390768 0.01027416
v -0.04135669 -0.00299289 0.01027645
v -0.04182522 -0.00207070 0.01027869
v -0.04228523 -0.00114089 0.01028087
v -0.04273689 -0.00020313 0.01028299
v -0.04318025 0.00074270 0.01028505
v -0.04361535 0.00169669 0.01028704
v -0.04404225 0.00265898 0.01028896
v -0.04446106 0.00362991 0.01029080
v -0.04487207 0.00461023 0.01029257
v -0.04527608 0.00560212 0.01029427
v 0.00547240 -0.04523051 0.01027328
v 0.00453217 -0.04484647 0.01027176
v 0.00359756 -0.04445410 0.01027017
v 0.00266857 -0.04405336 0.01026850
v 0.00174522 -0.04364420 0.01026677
v 0.00082751 -0.04322657 0.01026498
v -0.00008455 -0.04280041 0.01026312
v -0.00099095 -0.04236566 0.01026120
v -0.00189169 -0.04192226 0.01025922
v -0.00278675 -0.04147015 0.01025719
v -0.00367610 -0.04100932 0.01025511
v -0.00455969 -0.04053974 0.01025299
v -0.00543748 -0.04006139 0.01025082
v -0.00630944 -0.03957426 0.01024863
v -0.00717549 -0.03907830 0.01024641
v -0.00803561 -0.03857350 0.01024417
v -0.00830977 -0.03840999 0.01024345
v -0.00913949 -0.03790723 0.01024126
v -0.00996240 -0.03739669 0.01023908
v -0.01077846 -0.03687835 0.01023692
v -0.01158768 -0.03635221 0.01023477
v -0.01239005 -0.03581826 0.01023266
v -0.01318555 -0.03527649 0.01023060
v -0.01397418 -0.03472689 0.01022859
v -0.01475592 -0.03416943 0.01022664
v -0.01553075 -0.03360410 0.01022477
v -0.01629867 -0.03303086 0.01022298
v -0.01705966 -0.03244970 0.01022129
v -0.01781371 -0.03186057 0.01021970
v -0.01856078 -0.03126344 0.01021822
v -0.01930086 -0.03065831 0.01021687
v -0.02003393 -0.03004517 0.01021564
v -0.02075996 -0.02942403 0.01021456
v -0.02147894 -0.02879488 0.01021361
v -0.02219082 -0.02815771 0.01021282
v -0.02289559 -0.02751253 0.01021218
v -0.02359320 -0.02685933 0.01021170
v -0.02428365 -0.02619809 0.01021139
v -0.02496689 -0.02552883 0.01021124
v -0.02524870 -0.02524834 0.01021122
v -0.02593071 -0.02455848 0.01021131
v -0.02660437 -0.02386129 0.01021156
v -0.02726971 -0.02315678 0.01021198
v -0.02792679 -0.02244493 0.01021257
v -0.02857564 -0.02172574 0.01021332
v -0.02921630 -0.02099919 0.01021423
v -0.02984884 -0.02026526 0.01021528
v -0.03047329 -0.01952390 0.01021648
v -0.03108971 -0.01877506 0.01021782
v -0.03169819 -0.01801864 0.01021928
v -0.03229881 -0.01725453 0.01022087
v -0.03289167 -0.01648263 0.01022256
v -0.03347678 -0.01570296 0.01022436
v -0.03405413 -0.01491552 0.01022625
v -0.03462373 -0.01412035 0.01022822
v -0.03518555 -0.01331746 0.01023026
v -0.03573960 -0.01250687 0.01023236
v -0.03628586 -0.01168859 0.01023451
v -0.03682431 -0.01086264 0.01023669
v -0.03735497 -0.01002900 0.01023890
v -0.03787788 -0.00918755 0.01024113
v -0.03836925 -0.00837797 0.01024327
v -0.03889018 -0.00749876 0.01024557
v -0.03940226 -0.00661247 0.01024785
v -0.03990554 -0.00571911 0.01025012
v -0.04040004 -0.00481863 0.01025235
v -0.04088581 -0.00391099 0.01025455
v -0.04136290 -0.00299609 0.01025670
v -0.04183139 -0.00207380 0.01025881
v -0.04229136 -0.00114389 0.01026087
v -0.04274298 -0.00020603 0.01026286
v -0.04318631 0.00073991 0.01026480
v -0.04362136 0.00169398 0.01026667
v -0.04404822 0.00265637 0.01026848
v -0.04446700 0.00362739 0.01027022
v -0.04487796 0.00460780 0.01027188
v -0.04528193 0.00559976 0.01027348
v 0.00546962 -0.04523741 0.01025289
v 0.00452930 -0.04485339 0.01025146
v 0.00359460 -0.04446104 0.01024996
v 0.00266552 -0.04406033 0.01024841
v 0.00174208 -0.04365119 0.01024678
v 0.00082427 -0.04323359 0.01024510
v -0.00008789 -0.04280745 0.01024336
v -0.00099439 -0.04237273 0.01024156
v -0.00189524 -0.04192935 0.01023971
v -0.00279040 -0.04147726 0.01023781
v -0.00367985 -0.04101645 0.01023586
v -0.00456355 -0.04054690 0.01023387
v -0.00544146 -0.04006857 0.01023185
v -0.00631351 -0.03958145 0.01022980
v -0.00717968 -0.03908552 0.01022772
v -0.00803991 -0.03858073 0.01022563
v -0.00831410 -0.03841721 0.01022496
v -0.00914394 -0.03791446 0.01022291
v -0.00996695 -0.03740393 0.01022087
v -0.01078312 -0.03688559 0.01021885
v -0.01159246 -0.03635945 0.01021685
v -0.01239493 -0.03582550 0.01021488
v -0.01319054 -0.03528372 0.01021295
v -0.01397928 -0.03473411 0.01021108
v -0.01476112 -0.03417664 0.01020926
v -0.01553606 -0.03361128 0.01020751
v -0.01630409 -0.03303802 0.01020584
v -0.01706519 -0.03245683 0.01020427
v -0.01781933 -0.03186767 0.01020279
v -0.01856650 -0.03127050 0.01020141
v -0.01930668 -0.03066533 0.01020015
v -0.02003984 -0.03005215 0.01019901
v -0.02076597 -0.02943096 0.01019799
v -0.02148503 -0.02880175 0.01019711
v -0.02219700 -0.02816453 0.01019638
v -0.02290185 -0.02751930 0.01019578
v -0.02359955 -0.02686603 0.01019534
v -0.02429008 -0.02620473 0.01019504
v -0.02497340 -0.02553540 0.01019490
v -0.02525524 -0.02525488 0.01019489
v -0.02593732 -0.02456494 0.01019497
v -0.02661104 -0.02386767 0.01019520
v -0.02727645 -0.02316308 0.01019560
v -0.02793359 -0.02245115 0.01019615
v -0.02858250 -0.02173187 0.01019684
v -0.02922322 -0.02100523 0.01019769
v -0.02985580 -0.02027120 0.01019867
v -0.03048030 -0.01952974 0.01019979
v -0.03109676 -0.01878080 0.01020103
v -0.03170528 -0.01802429 0.01020240
v -0.03230593 -0.01726008 0.01020387
v -0.03289883 -0.01648807 0.01020546
v -0.03348396 -0.01570829 0.01020713
v -0.03406133 -0.01492075 0.01020889
v -0.03463094 -0.01412547 0.01021073
v -0.03519278 -0.01332247 0.01021264
v -0.03574683 -0.01251177 0.01021460
v -0.03629309 -0.01169338 0.01021660
v -0.03683155 -0.01086732 0.01021864
v -0.03736221 -0.01003357 0.01022071
v -0.03788512 -0.00919200 0.01022279
v -0.03837647 -0.00838231 0.01022479
v -0.03889739 -0.00750298 0.01022694
v -0.03940946 -0.00661659 0.01022907
v -0.03991272 -0.00572311 0.01023119
v -0.04040720 -0.00482252 0.01023328
v -0.04089295 -0.00391477 0.01023534
v -0.04137002 -0.00299977 0.01023735
v -0.04183848 -0.00207736 0.01023933
v -0.04229844 -0.00114735 0.01024125
v -0.04275003 -0.00020938 0.01024312
v -0.04319333 0.00073665 0.01024494
v -0.04362836 0.00169083 0.01024669
v -0.04405519 0.00265332 0.01024838
v -0.04447394 0.00362443 0.01025001
v -0.04488488 0.00460493 0.01025158
v -0.04528882 0.00559699 0.01025307
v -0.04568907 0.00660947 0.01025451
v 0.00546643 -0.04524531 0.01023292
v 0.00452602 -0.04486131 0.01023159
v 0.00359122 -0.04446898 0.01023020
v 0.00266204 -0.04406827 0.01022874
v 0.00173850 -0.04365915 0.01022723
v 0.00082059 -0.04324156 0.01022566
v -0.00009167 -0.04281544 0.01022404
v -0.00099828 -0.04238072 0.01022237
v -0.00189923 -0.04193735 0.01022064
v -0.00279451 -0.04148527 0.01021887
v -0.00368407 -0.04102447 0.01021706
v -0.00456788 -0.04055492 0.01021521
v -0.00544589 -0.04007660 0.01021333
v -0.00631806 -0.03958948 0.01021141
v -0.00718434 -0.03909354 0.01020949
v -0.00804469 -0.03858875 0.01020754
v -0.00831892 -0.03842523 0.01020691
v -0.00914886 -0.03792248 0.01020502
v -0.00997199 -0.03741193 0.01020312
v -0.01078828 -0.03689358 0.01020124
v -0.01159772 -0.03636743 0.01019938
v -0.01240030 -0.03583345 0.01019755
v -0.01319602 -0.03529165 0.01019576
v -0.01398486 -0.03474202 0.01019402
v -0.01476682 -0.03418452 0.01019233
v -0.01554187 -0.03361913 0.01019071
v -0.01631000 -0.03304584 0.01018917
v -0.01707120 -0.03246460 0.01018770
v -0.01782545 -0.03187540 0.01018633
v -0.01857271 -0.03127818 0.01018505
v -0.01931300 -0.03067296 0.01018388
v -0.02004626 -0.03005973 0.01018282
v -0.02077248 -0.02943848 0.01018188
v -0.02149164 -0.02880921 0.01018107
v -0.02220370 -0.02817192 0.01018038
v -0.02290864 -0.02752662 0.01017983
v -0.02360642 -0.02687328 0.01017942
v -0.02429703 -0.02621191 0.01017915
v -0.02498043 -0.02554250 0.01017902
v -0.02526231 -0.02526195 0.01017900
v -0.02594447 -0.02457193 0.01017908
v -0.02661827 -0.02387458 0.01017930
v -0.02728375 -0.02316989 0.01017966
v -0.02794096 -0.02245787 0.01018017
v -0.02858994 -0.02173851 0.01018082
v -0.02923072 -0.02101177 0.01018160
v -0.02986336 -0.02027765 0.01018251
v -0.03048791 -0.01953609 0.01018355
v -0.03110443 -0.01878705 0.01018470
v -0.03171299 -0.01803043 0.01018597
v -0.03231370 -0.01726612 0.01018734
v -0.03290663 -0.01649401 0.01018880
v -0.03349180 -0.01571412 0.01019036
v -0.03406921 -0.01492647 0.01019200
v -0.03463885 -0.01413108 0.01019370
v -0.03520071 -0.01332797 0.01019547
v -0.03575479 -0.01251715 0.01019729
v -0.03630107 -0.01169866 0.01019915
v -0.03683954 -0.01087248 0.01020105
v -0.03737021 -0.01003861 0.01020297
v -0.03789313 -0.00919693 0.01020490
v -0.03838449 -0.00838714 0.01020676
v -0.03890542 -0.00750769 0.01020876
v -0.03941749 -0.00662118 0.01021074
v -0.03992075 -0.00572759 0.01021271
v -0.04041522 -0.00482688 0.01021466
v -0.04090097 -0.00391901 0.01021657
v -0.04137803 -0.00300390 0.01021845
v -0.04184649 -0.00208139 0.01022029
v -0.04230643 -0.00115125 0.01022208
v -0.04275801 -0.00021318 0.01022382
v -0.04320130 0.00073296 0.01022551
v -0.04363632 0.00168724 0.01022715
v -0.04406314 0.00264984 0.01022873
v -0.04448187 0.00362105 0.01023024
v -0.04489280 0.00460165 0.01023170
v -0.04529673 0.00559381 0.01023310
v -0.04569696 0.00660639 0.01023444
v 0.00546284 -0.04525422 0.01021345
v 0.00452233 -0.04487022 0.01021222
v 0.00358742 -0.04447788 0.01021093
v 0.00265814 -0.04407717 0.01020958
v 0.00173449 -0.04366805 0.01020818
v 0.00081648 -0.04325046 0.01020672
v -0.00009589 -0.04282433 0.01020522
v -0.00100261 -0.04238961 0.01020367
v -0.00190368 -0.04194624 0.01020207
v -0.00279906 -0.04149416 0.01020043
v -0.00368874 -0.04103334 0.01019876
v -0.00457266 -0.04056378 0.01019704
v -0.00545079 -0.04008545 0.01019530
v -0.00632307 -0.03959832 0.01019353
v -0.00718947 -0.03910236 0.01019175
v -0.00804993 -0.03859755 0.01018995
v -0.00832419 -0.03843403 0.01018937
v -0.00915426 -0.03793125 0.01018762
v -0.00997749 -0.03742068 0.01018587
v -0.01079389 -0.03690231 0.01018413
v -0.01160345 -0.03637612 0.01018241
v -0.01240615 -0.03584212 0.01018072
v -0.01320198 -0.03530028 0.01017907
v -0.01399093 -0.03475060 0.01017746
v -0.01477299 -0.03419306 0.01017590
v -0.01554815 -0.03362763 0.01017441
v -0.01631639 -0.03305428 0.01017298
v -0.01707769 -0.03247300 0.01017163
v -0.01783205 -0.03188373 0.01017036
v -0.01857942 -0.03128646 0.01016918
v -0.01931980 -0.03068118 0.01016810
v -0.02005317 -0.03006788 0.01016713
v -0.02077949 -0.02944656 0.01016626
v -0.02149874 -0.02881723 0.01016551
v -0.02221089 -0.02817987 0.01016488
v -0.02291592 -0.02753448 0.01016437
v -0.02361380 -0.02688107 0.01016399
v -0.02430450 -0.02621962 0.01016374
v -0.02498799 -0.02555013 0.01016362
v -0.02526990 -0.02526954 0.01016361
v -0.02595214 -0.02457944 0.01016368
v -0.02662602 -0.02388199 0.01016388
v -0.02729159 -0.02317722 0.01016421
v -0.02794887 -0.02246510 0.01016468
v -0.02859792 -0.02174564 0.01016528
v -0.02923878 -0.02101880 0.01016600
v -0.02987149 -0.02028458 0.01016684
v -0.03049611 -0.01954293 0.01016780
v -0.03111269 -0.01879379 0.01016886
v -0.03172132 -0.01803706 0.01017003
v -0.03232207 -0.01727264 0.01017129
v -0.03291506 -0.01650042 0.01017265
v -0.03350029 -0.01572042 0.01017408
v -0.03407774 -0.01493266 0.01017559
v -0.03464742 -0.01413716 0.01017716
v -0.03520933 -0.01333393 0.01017880
v -0.03576344 -0.01252301 0.01018048
v -0.03630976 -0.01170440 0.01018220
v -0.03684826 -0.01087811 0.01018395
v -0.03737896 -0.01004412 0.01018572
v -0.03790190 -0.00920233 0.01018751
v -0.03839329 -0.00839242 0.01018923
v -0.03891424 -0.00751286 0.01019107
v -0.03942632 -0.00662623 0.01019291
v -0.03992959 -0.00573252 0.01019473
v -0.04042408 -0.00483169 0.01019653
v -0.04090984 -0.00392371 0.01019830
v -0.04138691 -0.00300847 0.01020004
v -0.04185537 -0.00208585 0.01020174
v -0.04231532 -0.00115560 0.01020340
v -0.04276691 -0.00021741 0.01020502
v -0.04321020 0.00072884 0.01020658
v -0.04364522 0.00168324 0.01020810
v -0.04407204 0.00264594 0.01020956
v -0.04449077 0.00361726 0.01021097
v -0.04490170 0.00459797 0.01021232
v -0.04530563 0.00559024 0.01021361
v -0.04570586 0.00660292 0.01021486
v 0.00545886 -0.04526409 0.01019453
v 0.00451824 -0.04488007 0.01019339
v 0.00358323 -0.04448773 0.01019220
v 0.00265383 -0.04408701 0.01019096
v 0.00173007 -0.04367787 0.01018967
v 0.00081195 -0.04326026 0.01018833
v -0.00010053 -0.04283412 0.01018695
v -0.00100737 -0.04239939 0.01018552
v -0.00190854 -0.04195599 0.01018405
v -0.00280405 -0.04150389 0.01018254
v -0.00369384 -0.04104305 0.01018100
v -0.00457788 -0.04057346 0.01017942
v -0.00545613 -0.04009511 0.01017782
v -0.00632853 -0.03960795 0.01017620
v -0.00719504 -0.03911196 0.01017456
v -0.00805562 -0.03860711 0.01017290
v -0.00832992 -0.03844358 0.01017237
v -0.00916010 -0.03794076 0.01017076
v -0.00998345 -0.03743015 0.01016915
v -0.01079997 -0.03691174 0.01016755
v -0.01160964 -0.03638551 0.01016598
v -0.01241245 -0.03585145 0.01016443
v -0.01320839 -0.03530957 0.01016291
v -0.01399745 -0.03475984 0.01016143
v -0.01477963 -0.03420224 0.01016001
v -0.01555489 -0.03363675 0.01015863
v -0.01632324 -0.03306334 0.01015732
v -0.01708466 -0.03248199 0.01015608
v -0.01783911 -0.03189266 0.01015492
v -0.01858659 -0.03129532 0.01015384
v -0.01932708 -0.03068997 0.01015285
v -0.02006054 -0.03007659 0.01015196
v -0.02078696 -0.02945520 0.01015117
v -0.02150631 -0.02882578 0.01015047
v -0.02221857 -0.02818834 0.01014990
v -0.02292370 -0.02754288 0.01014943
v -0.02362167 -0.02688938 0.01014908
v -0.02431246 -0.02622784 0.01014885
v -0.02499604 -0.02555826 0.01014874
v -0.02527799 -0.02527763 0.01014873
v -0.02596032 -0.02458743 0.01014879
v -0.02663430 -0.02388990 0.01014898
v -0.02729995 -0.02318502 0.01014929
v -0.02795732 -0.02247281 0.01014972
v -0.02860645 -0.02175325 0.01015026
v -0.02924739 -0.02102632 0.01015092
v -0.02988018 -0.02029200 0.01015169
v -0.03050487 -0.01955024 0.01015257
v -0.03112153 -0.01880099 0.01015355
v -0.03173022 -0.01804416 0.01015462
v -0.03233105 -0.01727963 0.01015578
v -0.03292411 -0.01650730 0.01015702
v -0.03350939 -0.01572719 0.01015833
v -0.03408691 -0.01493932 0.01015972
v -0.03465665 -0.01414371 0.01016116
v -0.03521861 -0.01334037 0.01016266
v -0.03577278 -0.01252933 0.01016420
v -0.03631914 -0.01171060 0.01016578
v -0.03685769 -0.01088420 0.01016739
v -0.03738843 -0.01005009 0.01016902
v -0.03791141 -0.00920818 0.01017066
v -0.03840284 -0.00839816 0.01017224
v -0.03892381 -0.00751848 0.01017394
v -0.03943594 -0.00663173 0.01017563
v -0.03993924 -0.00573789 0.01017730
v -0.04043376 -0.00483695 0.01017896
v -0.04091954 -0.00392884 0.01018058
v -0.04139664 -0.00301349 0.01018218
v -0.04186512 -0.00209074 0.01018375
v -0.04232509 -0.00116038 0.01018527
v -0.04277670 -0.00022207 0.01018676
v -0.04322000 0.00072430 0.01018820
v -0.04365504 0.00167881 0.01018960
v -0.04408187 0.00264163 0.01019094
v -0.04450062 0.00361307 0.01019224
v -0.04491156 0.00459389 0.01019348
v -0.04531550 0.00558627 0.01019468
v 0.00545450 -0.04527489 0.01017621
v 0.00451377 -0.04489086 0.01017517
v 0.00357864 -0.04449849 0.01017408
v 0.00264914 -0.04409774 0.01017295
v 0.00172526 -0.04368858 0.01017177
v 0.00080702 -0.04327094 0.01017054
v -0.00010558 -0.04284477 0.01016928
v -0.00101254 -0.04241000 0.01016797
v -0.00191384 -0.04196658 0.01016663
v -0.00280946 -0.04151444 0.01016525
v -0.00369937 -0.04105356 0.01016384
v -0.00458353 -0.04058394 0.01016240
v -0.00546189 -0.04010554 0.01016094
v -0.00633442 -0.03961834 0.01015945
v -0.00720105 -0.03912230 0.01015796
v -0.00806175 -0.03861741 0.01015645
v -0.00833609 -0.03845386 0.01015596
v -0.00916639 -0.03795099 0.01015449
v -0.00998985 -0.03744033 0.01015302
v -0.01080648 -0.03692185 0.01015156
v -0.01161626 -0.03639556 0.01015013
v -0.01241919 -0.03586145 0.01014871
v -0.01321525 -0.03531950 0.01014733
v -0.01400442 -0.03476970 0.01014598
v -0.01478671 -0.03421203 0.01014468
v -0.01556209 -0.03364648 0.01014343
v -0.01633055 -0.03307300 0.01014223
v -0.01709207 -0.03249157 0.01014111
v -0.01784663 -0.03190216 0.01014005
v -0.01859422 -0.03130474 0.01013906
v -0.01933481 -0.03069930 0.01013816
v -0.02006838 -0.03008584 0.01013734
v -0.02079490 -0.02946436 0.01013662
v -0.02151436 -0.02883486 0.01013600
v -0.02222671 -0.02819733 0.01013547
v -0.02293194 -0.02755177 0.01013505
v -0.02363001 -0.02689818 0.01013473
v -0.02432090 -0.02623655 0.01013452
v -0.02500458 -0.02556687 0.01013442
v -0.02528657 -0.02528621 0.01013441
v -0.02596900 -0.02459591 0.01013447
v -0.02664307 -0.02389828 0.01013463
v -0.02730881 -0.02319330 0.01013491
v -0.02796627 -0.02248099 0.01013531
v -0.02861550 -0.02176133 0.01013580
v -0.02925652 -0.02103429 0.01013640
v -0.02988940 -0.02029986 0.01013711
v -0.03051418 -0.01955800 0.01013790
v -0.03113092 -0.01880864 0.01013879
v -0.03173970 -0.01805171 0.01013977
v -0.03234061 -0.01728707 0.01014083
v -0.03293374 -0.01651463 0.01014195
v -0.03351911 -0.01573441 0.01014316
v -0.03409669 -0.01494643 0.01014442
v -0.03466650 -0.01415070 0.01014573
v -0.03522853 -0.01334725 0.01014710
v -0.03578276 -0.01253609 0.01014851
v -0.03632919 -0.01171725 0.01014995
v -0.03686780 -0.01089072 0.01015141
v -0.03739860 -0.01005650 0.01015290
v -0.03792164 -0.00921447 0.01015440
v -0.03841311 -0.00840434 0.01015584
v -0.03893414 -0.00752453 0.01015739
v -0.03944631 -0.00663766 0.01015893
v -0.03994966 -0.00574370 0.01016046
v -0.04044422 -0.00484263 0.01016197
v -0.04093004 -0.00393440 0.01016346
v -0.04140718 -0.00301893 0.01016492
v -0.04187570 -0.00209606 0.01016635
v -0.04233570 -0.00116557 0.01016775
v -0.04278734 -0.00022714 0.01016911
v -0.04323068 0.00071936 0.01017042
v -0.04366575 0.00167399 0.01017170
v -0.04409261 0.00263693 0.01017293
v -0.04451138 0.00360849 0.01017412
v -0.04492234 0.00458943 0.01017525
v -0.04532631 0.00558192 0.01017635
v -0.04572658 0.00659484 0.01017740
v 0.00544977 -0.04528661 0.01015855
v 0.00450892 -0.04490254 0.01015761
v 0.00357368 -0.04451013 0.01015662
v 0.00264405 -0.04410935 0.01015559
v 0.00172006 -0.04370015 0.01015452
v 0.00080169 -0.04328247 0.01015341
v -0.00011103 -0.04285625 0.01015226
v -0.00101811 -0.04242144 0.01015107
v -0.00191953 -0.04197797 0.01014985
v -0.00281527 -0.04152578 0.01014860
v -0.00370530 -0.04106486 0.01014732
v -0.00458959 -0.04059518 0.01014602
v -0.00546808 -0.04011672 0.01014469
v -0.00634072 -0.03962946 0.01014334
v -0.00720748 -0.03913337 0.01014199
v -0.00806830 -0.03862841 0.01014062
v -0.00834268 -0.03846483 0.01014018
v -0.00917309 -0.03796190 0.01013885
v -0.00999668 -0.03745117 0.01013751
v -0.01081342 -0.03693263 0.01013620
v -0.01162332 -0.03640627 0.01013489
v -0.01242636 -0.03587208 0.01013361
v -0.01322253 -0.03533005 0.01013236
v -0.01401182 -0.03478018 0.01013114
v -0.01479422 -0.03422243 0.01012996
v -0.01556971 -0.03365678 0.01012883
v -0.01633828 -0.03308322 0.01012775
v -0.01709991 -0.03250170 0.01012673
v -0.01785458 -0.03191221 0.01012577
v -0.01860228 -0.03131470 0.01012488
v -0.01934298 -0.03070916 0.01012406
v -0.02007665 -0.03009561 0.01012333
v -0.02080328 -0.02947404 0.01012267
v -0.02152285 -0.02884444 0.01012211
v -0.02223530 -0.02820681 0.01012163
v -0.02294063 -0.02756116 0.01012125
v -0.02363881 -0.02690747 0.01012096
v -0.02432980 -0.02624574 0.01012077
v -0.02501358 -0.02557596 0.01012068
v -0.02529561 -0.02529525 0.01012067
v -0.02597815 -0.02460485 0.01012072
v -0.02665231 -0.02390711 0.01012087
v -0.02731816 -0.02320204 0.01012113
v -0.02797572 -0.02248962 0.01012148
v -0.02862504 -0.02176985 0.01012193
v -0.02926617 -0.02104271 0.01012247
v -0.02989914 -0.02030817 0.01012311
v -0.03052402 -0.01956620 0.01012383
v -0.03114085 -0.01881674 0.01012463
v -0.03174972 -0.01805969 0.01012552
v -0.03235072 -0.01729494 0.01012647
v -0.03294395 -0.01652239 0.01012750
v -0.03352939 -0.01574206 0.01012858
v -0.03410707 -0.01495396 0.01012972
v -0.03467696 -0.01415812 0.01013092
v -0.03523907 -0.01335455 0.01013215
v -0.03579338 -0.01254328 0.01013343
v -0.03633988 -0.01172432 0.01013473
v -0.03687857 -0.01089768 0.01013606
v -0.03740944 -0.01006334 0.01013741
v -0.03793255 -0.00922119 0.01013877
v -0.03842408 -0.00841094 0.01014007
v -0.03894518 -0.00753101 0.01014147
v -0.03945741 -0.00664401 0.01014287
v -0.03996082 -0.00574992 0.01014426
v -0.04045544 -0.00484873 0.01014563
v -0.04094132 -0.00394037 0.01014698
v -0.04141851 -0.00302477 0.01014830
v -0.04188708 -0.00210177 0.01014960
v -0.04234714 -0.00117116 0.01015087
v -0.04279882 -0.00023260 0.01015210
v -0.04324220 0.00071402 0.01015330
v -0.04367731 0.00166878 0.01015446
v -0.04410421 0.00263184 0.01015557
v -0.04452302 0.00360353 0.01015665
v -0.04493403 0.00458460 0.01015768
v -0.04533803 0.00557722 0.01015868
v -0.04573833 0.00659026 0.01015963
v 0.00544470 -0.04529919 0.01014161
v 0.00450372 -0.04491508 0.01014075
v 0.00356835 -0.04452262 0.01013987
v 0.00263860 -0.04412179 0.01013894
v 0.00171448 -0.04371254 0.01013797
v 0.00079599 -0.04329480 0.01013697
v -0.00011685 -0.04286854 0.01013593
v -0.00102406 -0.04243367 0.01013487
v -0.00192560 -0.04199013 0.01013377
v -0.00282147 -0.04153788 0.01013265
v -0.00371163 -0.04107689 0.01013149
v -0.00459604 -0.04060715 0.01013032
v -0.00547466 -0.04012862 0.01012913
v -0.00634743 -0.03964129 0.01012791
v -0.00721431 -0.03914512 0.01012669
v -0.00807526 -0.03864008 0.01012546
v -0.00834967 -0.03847649 0.01012507
v -0.00918020 -0.03797348 0.01012387
v -0.01000391 -0.03746267 0.01012267
v -0.01082077 -0.03694404 0.01012149
v -0.01163079 -0.03641759 0.01012032
v -0.01243394 -0.03588332 0.01011917
v -0.01323023 -0.03534120 0.01011804
v -0.01401963 -0.03479123 0.01011695
v -0.01480214 -0.03423339 0.01011589
v -0.01557774 -0.03366765 0.01011487
v -0.01634643 -0.03309399 0.01011390
v -0.01710817 -0.03251237 0.01011298
v -0.01786295 -0.03192278 0.01011212
v -0.01861076 -0.03132517 0.01011132
v -0.01935156 -0.03071953 0.01011059
v -0.02008535 -0.03010588 0.01010993
v -0.02081209 -0.02948420 0.01010934
v -0.02153175 -0.02885449 0.01010884
v -0.02224432 -0.02821676 0.01010841
v -0.02294976 -0.02757101 0.01010806
v -0.02364804 -0.02691721 0.01010781
v -0.02433914 -0.02625537 0.01010764
v -0.02502302 -0.02558549 0.01010755
v -0.02530510 -0.02530474 0.01010755
v -0.02598774 -0.02461423 0.01010759
v -0.02666202 -0.02391638 0.01010773
v -0.02732797 -0.02321120 0.01010796
v -0.02798564 -0.02249868 0.01010827
v -0.02863506 -0.02177880 0.01010868
v -0.02927630 -0.02105155 0.01010917
v -0.02990937 -0.02031690 0.01010974
v -0.03053435 -0.01957482 0.01011038
v -0.03115129 -0.01882525 0.01011110
v -0.03176027 -0.01806809 0.01011190
v -0.03236137 -0.01730322 0.01011275
v -0.03295470 -0.01653057 0.01011367
v -0.03354024 -0.01575012 0.01011465
v -0.03411801 -0.01496191 0.01011567
v -0.03468800 -0.01416595 0.01011674
v -0.03525020 -0.01336227 0.01011786
v -0.03580461 -0.01255088 0.01011900
v -0.03635120 -0.01173180 0.01012017
v -0.03688997 -0.01090504 0.01012136
v -0.03742092 -0.01007057 0.01012258
v -0.03794412 -0.00922830 0.01012380
v -0.03843573 -0.00841794 0.01012497
v -0.03895691 -0.00753788 0.01012623
v -0.03946922 -0.00665075 0.01012749
v -0.03997270 -0.00575654 0.01012874
v -0.04046739 -0.00485522 0.01012997
v -0.04095334 -0.00394674 0.01013118
v -0.04143059 -0.00303100 0.01013238
v -0.04189923 -0.00210788 0.01013354
v -0.04235935 -0.00117713 0.01013468
v -0.04281110 -0.00023844 0.01013579
v -0.04325454 0.00070831 0.01013687
v -0.04368970 0.00166320 0.01013791
v -0.04411665 0.00262639 0.01013892
v -0.04453552 0.00359821 0.01013989
v -0.04494657 0.00457941 0.01014083
v -0.04535062 0.00557215 0.01014172
v -0.04575097 0.00658533 0.01014258
v 0.00543929 -0.04531261 0.01012542
v 0.00449818 -0.04492844 0.01012466
v 0.00356268 -0.04453593 0.01012387
v 0.00263280 -0.04413503 0.01012304
v 0.00170855 -0.04372572 0.01012218
v 0.00078993 -0.04330792 0.01012128
v -0.00012304 -0.04288159 0.01012036
v -0.00103038 -0.04244665 0.01011941
v -0.00193205 -0.04200304 0.01011843
v -0.00282805 -0.04155071 0.01011742
v -0.00371834 -0.04108964 0.01011640
v -0.00460288 -0.04061982 0.01011535
v -0.00548162 -0.04014121 0.01011428
v -0.00635451 -0.03965379 0.01011320
v -0.00722152 -0.03915753 0.01011211
v -0.00808259 -0.03865241 0.01011102
v -0.00835705 -0.03848878 0.01011067
v -0.00918770 -0.03798568 0.01010960
v -0.01001153 -0.03747478 0.01010853
v -0.01082851 -0.03695605 0.01010748
v -0.01163864 -0.03642951 0.01010643
v -0.01244192 -0.03589513 0.01010541
v -0.01323832 -0.03535291 0.01010441
v -0.01402783 -0.03480284 0.01010343
v -0.01481046 -0.03424490 0.01010249
v -0.01558617 -0.03367905 0.01010158
v -0.01635497 -0.03310528 0.01010072
v -0.01711682 -0.03252356 0.01009990
v -0.01787172 -0.03193385 0.01009914
v -0.01861963 -0.03133613 0.01009843
v -0.01936055 -0.03073039 0.01009777
v -0.02009445 -0.03011662 0.01009719
v -0.02082129 -0.02949483 0.01009667
v -0.02154107 -0.02886501 0.01009621
v -0.02225375 -0.02822717 0.01009583
v -0.02295929 -0.02758130 0.01009553
v -0.02365769 -0.02692739 0.01009530
v -0.02434889 -0.02626544 0.01009515
v -0.02503289 -0.02559545 0.01009507
v -0.02531501 -0.02531465 0.01009507
v -0.02599776 -0.02462403 0.01009511
v -0.02667215 -0.02392607 0.01009523
v -0.02733822 -0.02322078 0.01009543
v -0.02799600 -0.02250814 0.01009571
v -0.02864555 -0.02178815 0.01009608
v -0.02928689 -0.02106079 0.01009651
v -0.02992008 -0.02032603 0.01009702
v -0.03054517 -0.01958384 0.01009759
v -0.03116223 -0.01883415 0.01009823
v -0.03177131 -0.01807688 0.01009894
v -0.03237253 -0.01731191 0.01009970
v -0.03296596 -0.01653913 0.01010052
v -0.03355161 -0.01575857 0.01010139
v -0.03412949 -0.01497024 0.01010230
v -0.03469959 -0.01417417 0.01010325
v -0.03526190 -0.01337037 0.01010424
v -0.03581641 -0.01255887 0.01010526
v -0.03636310 -0.01173967 0.01010630
v -0.03690197 -0.01091278 0.01010737
v -0.03743303 -0.01007820 0.01010844
v -0.03795631 -0.00923581 0.01010953
v -0.03844802 -0.00842533 0.01011058
v -0.03896929 -0.00754514 0.01011170
v -0.03948169 -0.00665788 0.01011282
v -0.03998526 -0.00576354 0.01011394
v -0.04048004 -0.00486209 0.01011504
v -0.04096607 -0.00395348 0.01011612
v -0.04144341 -0.00303761 0.01011718
v -0.04191212 -0.00211435 0.01011823
v -0.04237231 -0.00118347 0.01011924
v -0.04282414 -0.00024465 0.01012023
v -0.04326764 0.00070224 0.01012119
v -0.04370288 0.00165726 0.01012213
v -0.04412990 0.00262059 0.01012303
v -0.04454882 0.00359254 0.01012389
v -0.04495994 0.00457388 0.01012472
v -0.04536405 0.00556676 0.01012552
v 0.00543355 -0.04532682 0.01011004
v 0.00449232 -0.04494258 0.01010937
v 0.00355669 -0.04455000 0.01010867
v 0.00262667 -0.04414904 0.01010793
v 0.00170229 -0.04373965 0.01010718
v 0.00078353 -0.04332178 0.01010639
v -0.00012958 -0.04289536 0.01010557
v -0.00103704 -0.04246034 0.01010473
v -0.00193885 -0.04201665 0.01010386
v -0.00283498 -0.04156423 0.01010298
v -0.00372540 -0.04110308 0.01010207
v -0.00461007 -0.04063316 0.01010114
v -0.00548894 -0.04015445 0.01010020
v -0.00636197 -0.03966694 0.01009925
v -0.00722910 -0.03917058 0.01009829
v -0.00809030 -0.03866535 0.01009732
v -0.00836480 -0.03850169 0.01009701
v -0.00919557 -0.03799848 0.01009607
v -0.01001951 -0.03748747 0.01009513
v -0.01083662 -0.03696864 0.01009420
v -0.01164687 -0.03644198 0.01009328
v -0.01245026 -0.03590750 0.01009237
v -0.01324678 -0.03536517 0.01009149
v -0.01403641 -0.03481498 0.01009063
v -0.01481915 -0.03425692 0.01008980
v -0.01559498 -0.03369096 0.01008900
v -0.01636388 -0.03311707 0.01008824
v -0.01712585 -0.03253523 0.01008752
v -0.01788086 -0.03194540 0.01008685
v -0.01862889 -0.03134756 0.01008622
v -0.01936991 -0.03074170 0.01008565
v -0.02010392 -0.03012781 0.01008513
v -0.02083088 -0.02950590 0.01008467
v -0.02155077 -0.02887596 0.01008427
v -0.02226356 -0.02823800 0.01008393
v -0.02296922 -0.02759201 0.01008367
v -0.02366773 -0.02693799 0.01008346
v -0.02435905 -0.02627592 0.01008333
v -0.02504316 -0.02560581 0.01008327
v -0.02532533 -0.02532497 0.01008326
v -0.02600820 -0.02463423 0.01008330
v -0.02668271 -0.02393616 0.01008340
v -0.02734889 -0.02323074 0.01008358
v -0.02800679 -0.02251799 0.01008383
v -0.02865645 -0.02179789 0.01008415
v -0.02929792 -0.02107042 0.01008453
v -0.02993123 -0.02033555 0.01008497
v -0.03055644 -0.01959324 0.01008548
v -0.03117362 -0.01884344 0.01008605
v -0.03178282 -0.01808606 0.01008667
v -0.03238416 -0.01732097 0.01008734
v -0.03297772 -0.01654808 0.01008806
v -0.03356349 -0.01576740 0.01008883
v -0.03414149 -0.01497896 0.01008963
v -0.03471171 -0.01418277 0.01009047
v -0.03527413 -0.01337885 0.01009134
v -0.03582876 -0.01256722 0.01009224
v -0.03637557 -0.01174791 0.01009316
v -0.03691455 -0.01092090 0.01009410
v -0.03744571 -0.01008620 0.01009505
v -0.03796911 -0.00924368 0.01009601
v -0.03846091 -0.00843308 0.01009693
v -0.03898229 -0.00755277 0.01009793
v -0.03949480 -0.00666538 0.01009892
v -0.03999848 -0.00577091 0.01009990
v -0.04049335 -0.00486932 0.01010087
v -0.04097948 -0.00396057 0.01010182
v -0.04145691 -0.00304458 0.01010276
v -0.04192571 -0.00212118 0.01010369
v -0.04238599 -0.00119016 0.01010458
v -0.04283790 -0.00025120 0.01010546
v -0.04328149 0.00069582 0.01010631
v -0.04371680 0.00165099 0.01010713
v -0.04414390 0.00261445 0.01010793
v -0.04456290 0.00358654 0.01010869
v -0.04497409 0.00456802 0.01010943
v -0.04537827 0.00556104 0.01011013
v 0.00542752 -0.04534178 0.01009552
v 0.00448614 -0.04495747 0.01009493
v 0.00355037 -0.04456482 0.01009432
v 0.00262022 -0.04416377 0.01009368
v 0.00169570 -0.04375430 0.01009301
v 0.00077681 -0.04333633 0.01009233
v -0.00013644 -0.04290983 0.01009161
v -0.00104404 -0.04247471 0.01009088
v -0.00194598 -0.04203093 0.01009012
v -0.00284225 -0.04157841 0.01008935
v -0.00373280 -0.04111715 0.01008855
v -0.00461760 -0.04064713 0.01008775
v -0.00549660 -0.04016831 0.01008693
v -0.00636976 -0.03968069 0.01008609
v -0.00723703 -0.03918422 0.01008525
v -0.00809835 -0.03867887 0.01008441
v -0.00837289 -0.03851517 0.01008414
v -0.00920378 -0.03801185 0.01008331
v -0.01002785 -0.03750072 0.01008250
v -0.01084507 -0.03698177 0.01008168
v -0.01165544 -0.03645499 0.01008088
v -0.01245895 -0.03592038 0.01008009
v -0.01325559 -0.03537793 0.01007932
v -0.01404534 -0.03482762 0.01007857
v -0.01482819 -0.03426943 0.01007785
v -0.01560413 -0.03370334 0.01007715
v -0.01637315 -0.03312932 0.01007649
v -0.01713523 -0.03254735 0.01007586
v -0.01789035 -0.03195740 0.01007527
v -0.01863850 -0.03135943 0.01007473
v -0.01937964 -0.03075344 0.01007423
v -0.02011376 -0.03013942 0.01007378
v -0.02084083 -0.02951738 0.01007338
v -0.02156083 -0.02888732 0.01007303
v -0.02227374 -0.02824924 0.01007274
v -0.02297951 -0.02760312 0.01007250
v -0.02367813 -0.02694898 0.01007233
v -0.02436958 -0.02628679 0.01007221
v -0.02505381 -0.02561656 0.01007215
v -0.02533602 -0.02533567 0.01007215
v -0.02601902 -0.02464481 0.01007218
v -0.02669365 -0.02394661 0.01007227
v -0.02735996 -0.02324108 0.01007243
v -0.02801798 -0.02252821 0.01007265
v -0.02866777 -0.02180799 0.01007292
v -0.02930936 -0.02108041 0.01007326
v -0.02994280 -0.02034542 0.01007364
v -0.03056815 -0.01960300 0.01007409
v -0.03118545 -0.01885308 0.01007458
v -0.03179479 -0.01809558 0.01007512
v -0.03239626 -0.01733038 0.01007570
v -0.03298994 -0.01655737 0.01007633
v -0.03357585 -0.01577658 0.01007700
v -0.03415397 -0.01498802 0.01007770
v -0.03472432 -0.01419171 0.01007844
v -0.03528687 -0.01338768 0.01007920
v -0.03584162 -0.01257594 0.01007998
v -0.03638856 -0.01175650 0.01008078
v -0.03692767 -0.01092937 0.01008160
v -0.03745896 -0.01009455 0.01008243
v -0.03798247 -0.00925190 0.01008327
v -0.03847439 -0.00844119 0.01008407
v -0.03899589 -0.00756074 0.01008494
v -0.03950851 -0.00667322 0.01008580
v -0.04001230 -0.00577861 0.01008666
v -0.04050729 -0.00487690 0.01008751
v -0.04099353 -0.00396801 0.01008834
v -0.04147107 -0.00305187 0.01008916
v -0.04193997 -0.00212834 0.01008997
v -0.04240036 -0.00119718 0.01009075
v -0.04285236 -0.00025807 0.01009151
v -0.04329604 0.00068908 0.01009226
v -0.04373145 0.00164439 0.01009298
v -0.04415863 0.00260800 0.01009367
v -0.04457771 0.00358023 0.01009434
v -0.04498899 0.00456185 0.01009498
v -0.04539324 0.00555502 0.01009560
v 0.00542119 -0.04535746 0.01008190
v 0.00447968 -0.04497306 0.01008139
v 0.00354376 -0.04458032 0.01008086
v 0.00261347 -0.04417918 0.01008031
v 0.00168881 -0.04376961 0.01007973
v 0.00076978 -0.04335155 0.01007914
v -0.00014361 -0.04292495 0.01007852
v -0.00105135 -0.04248973 0.01007789
v -0.00195343 -0.04204583 0.01007724
v -0.00284983 -0.04159321 0.01007657
v -0.00374052 -0.04113183 0.01007589
v -0.00462545 -0.04066169 0.01007519
v -0.00550459 -0.04018276 0.01007448
v -0.00637788 -0.03969501 0.01007376
v -0.00724527 -0.03919841 0.01007304
v -0.00810673 -0.03869294 0.01007232
v -0.00838130 -0.03852920 0.01007208
v -0.00921232 -0.03802575 0.01007137
v -0.01003651 -0.03751449 0.01007067
v -0.01085386 -0.03699541 0.01006997
v -0.01166435 -0.03646850 0.01006927
v -0.01246798 -0.03593376 0.01006860
v -0.01326473 -0.03539117 0.01006793
v -0.01405459 -0.03484072 0.01006729
v -0.01483756 -0.03428239 0.01006666
v -0.01561362 -0.03371617 0.01006606
v -0.01638275 -0.03314201 0.01006549
v -0.01714495 -0.03255991 0.01006495
v -0.01790018 -0.03196981 0.01006445
v -0.01864844 -0.03137171 0.01006398
v -0.01938970 -0.03076558 0.01006355
v -0.02012393 -0.03015143 0.01006316
v -0.02085112 -0.02952926 0.01006281
v -0.02157124 -0.02889907 0.01006252
v -0.02228426 -0.02826085 0.01006227
v -0.02299015 -0.02761461 0.01006207
v -0.02368890 -0.02696033 0.01006191
v -0.02438045 -0.02629802 0.01006181
v -0.02506481 -0.02562766 0.01006176
v -0.02534708 -0.02534672 0.01006176
v -0.02603019 -0.02465574 0.01006179
v -0.02670496 -0.02395742 0.01006187
v -0.02737139 -0.02325177 0.01006200
v -0.02802955 -0.02253878 0.01006219
v -0.02867947 -0.02181844 0.01006242
v -0.02932120 -0.02109073 0.01006271
v -0.02995477 -0.02035563 0.01006305
v -0.03058025 -0.01961309 0.01006343
v -0.03119769 -0.01886306 0.01006385
v -0.03180717 -0.01810545 0.01006432
v -0.03240877 -0.01734013 0.01006482
v -0.03300260 -0.01656700 0.01006536
v -0.03358865 -0.01578609 0.01006594
v -0.03416692 -0.01499742 0.01006654
v -0.03473740 -0.01420099 0.01006717
v -0.03530009 -0.01339684 0.01006782
v -0.03585498 -0.01258497 0.01006850
v -0.03640205 -0.01176542 0.01006919
v -0.03694129 -0.01093817 0.01006989
v -0.03747271 -0.01010322 0.01007061
v -0.03799636 -0.00926046 0.01007133
v -0.03848840 -0.00844962 0.01007202
v -0.03901003 -0.00756904 0.01007277
v -0.03952279 -0.00668138 0.01007351
v -0.04002670 -0.00578664 0.01007425
v -0.04052182 -0.00488479 0.01007498
v -0.04100817 -0.00397577 0.01007570
v -0.04148583 -0.00305949 0.01007641
v -0.04195486 -0.00213581 0.01007710
v -0.04241535 -0.00120451 0.01007778
v -0.04286746 -0.00026527 0.01007844
v -0.04331125 0.00068204 0.01007908
v -0.04374676 0.00163750 0.01007970
v -0.04417404 0.00260125 0.01008030
v -0.04459322 0.00357364 0.01008088
v -0.04500458 0.00455540 0.01008143
v -0.04540893 0.00554872 0.01008196
v -0.04580956 0.00656247 0.01008248
v 0.00541460 -0.04537380 0.01006921
v 0.00447294 -0.04498930 0.01006878
v 0.00353688 -0.04459646 0.01006833
v 0.00260645 -0.04419522 0.01006786
v 0.00168164 -0.04378555 0.01006737
v 0.00076247 -0.04336739 0.01006686
v -0.00015106 -0.04294067 0.01006634
v -0.00105895 -0.04250533 0.01006580
v -0.00196117 -0.04206132 0.01006525
v -0.00285771 -0.04160858 0.01006468
v -0.00374854 -0.04114708 0.01006410
v -0.00463361 -0.04067681 0.01006351
v -0.00551288 -0.04019774 0.01006291
v -0.00638630 -0.03970986 0.01006230
v -0.00725382 -0.03921313 0.01006169
v -0.00811541 -0.03870752 0.01006107
v -0.00839003 -0.03854373 0.01006087
v -0.00922117 -0.03804015 0.01006027
v -0.01004548 -0.03752875 0.01005967
v -0.01086295 -0.03700953 0.01005907
v -0.01167356 -0.03648247 0.01005849
v -0.01247731 -0.03594759 0.01005791
v -0.01327417 -0.03540485 0.01005735
v -0.01406416 -0.03485426 0.01005680
v -0.01484724 -0.03429579 0.01005627
v -0.01562341 -0.03372941 0.01005577
v -0.01639266 -0.03315512 0.01005528
v -0.01715497 -0.03257286 0.01005482
v -0.01791033 -0.03198263 0.01005439
v -0.01865870 -0.03138438 0.01005400
v -0.01940007 -0.03077811 0.01005363
v -0.02013442 -0.03016381 0.01005330
v -0.02086173 -0.02954150 0.01005301
v -0.02158196 -0.02891117 0.01005276
v -0.02229510 -0.02827282 0.01005254
v -0.02300111 -0.02762644 0.01005238
v -0.02369998 -0.02697203 0.01005225
v -0.02439166 -0.02630959 0.01005216
v -0.02507614 -0.02563910 0.01005212
v -0.02535846 -0.02535810 0.01005212
v -0.02604171 -0.02466699 0.01005214
v -0.02671660 -0.02396855 0.01005221
v -0.02738317 -0.02326277 0.01005232
v -0.02804147 -0.02254966 0.01005248
v -0.02869153 -0.02182920 0.01005268
v -0.02933339 -0.02110137 0.01005292
v -0.02996711 -0.02036615 0.01005321
v -0.03059273 -0.01962350 0.01005353
v -0.03121032 -0.01887335 0.01005389
v -0.03181994 -0.01811562 0.01005428
v -0.03242169 -0.01735018 0.01005471
v -0.03301567 -0.01657694 0.01005517
v -0.03360186 -0.01579591 0.01005565
v -0.03418028 -0.01500712 0.01005617
v -0.03475091 -0.01421058 0.01005670
v -0.03531375 -0.01340631 0.01005726
v -0.03586879 -0.01259432 0.01005783
v -0.03641600 -0.01177464 0.01005842
v -0.03695540 -0.01094728 0.01005901
v -0.03748696 -0.01011220 0.01005962
v -0.03801075 -0.00926931 0.01006023
v -0.03850293 -0.00845835 0.01006082
v -0.03902470 -0.00757763 0.01006145
v -0.03953760 -0.00668985 0.01006209
v -0.04004165 -0.00579497 0.01006271
v -0.04053690 -0.00489298 0.01006334
v -0.04102339 -0.00398382 0.01006395
v -0.04150117 -0.00306740 0.01006454
v -0.04197032 -0.00214358 0.01006513
v -0.04243094 -0.00121213 0.01006571
v -0.04288317 -0.00027274 0.01006627
v -0.04332707 0.00067471 0.01006681
v -0.04376269 0.00163032 0.01006734
v -0.04419008 0.00259422 0.01006785
v -0.04460937 0.00356676 0.01006834
v -0.04502083 0.00454868 0.01006881
v -0.04542527 0.00554215 0.01006927
v -0.04582601 0.00655606 0.01006970
v 0.00540776 -0.04539075 0.01005750
v 0.00446595 -0.04500615 0.01005713
v 0.00352975 -0.04461321 0.01005676
v 0.00259916 -0.04421186 0.01005637
v 0.00167421 -0.04380207 0.01005596
v 0.00075489 -0.04338379 0.01005554
v -0.00015879 -0.04295695 0.01005510
v -0.00106681 -0.04252149 0.01005465
v -0.00196918 -0.04207735 0.01005419
v -0.00286586 -0.04162448 0.01005371
v -0.00375683 -0.04116284 0.01005323
v -0.00464204 -0.04069244 0.01005274
v -0.00552144 -0.04021323 0.01005223
v -0.00639499 -0.03972521 0.01005173
v -0.00726265 -0.03922833 0.01005122
v -0.00812437 -0.03872257 0.01005070
v -0.00839903 -0.03855874 0.01005054
v -0.00923030 -0.03805501 0.01005003
v -0.01005474 -0.03754346 0.01004953
v -0.01087232 -0.03702408 0.01004904
v -0.01168305 -0.03649688 0.01004855
v -0.01248692 -0.03596184 0.01004807
v -0.01328391 -0.03541895 0.01004760
v -0.01407401 -0.03486820 0.01004714
v -0.01485721 -0.03430958 0.01004670
v -0.01563350 -0.03374305 0.01004628
v -0.01640286 -0.03316860 0.01004588
v -0.01716529 -0.03258619 0.01004549
v -0.01792075 -0.03199580 0.01004514
v -0.01866924 -0.03139740 0.01004481
v -0.01941073 -0.03079098 0.01004450
v -0.02014520 -0.03017654 0.01004423
v -0.02087262 -0.02955408 0.01004398
v -0.02159298 -0.02892361 0.01004377
v -0.02230624 -0.02828511 0.01004360
v -0.02301237 -0.02763860 0.01004345
v -0.02371136 -0.02698405 0.01004335
v -0.02440317 -0.02632147 0.01004328
v -0.02508778 -0.02565085 0.01004324
v -0.02537015 -0.02536980 0.01004324
v -0.02605354 -0.02467855 0.01004326
v -0.02672857 -0.02397998 0.01004332
v -0.02739528 -0.02327408 0.01004341
v -0.02805371 -0.02256084 0.01004354
v -0.02870391 -0.02184026 0.01004371
v -0.02934592 -0.02111231 0.01004391
v -0.02997979 -0.02037697 0.01004415
v -0.03060556 -0.01963419 0.01004441
v -0.03122330 -0.01888392 0.01004471
v -0.03183307 -0.01812608 0.01004504
v -0.03243498 -0.01736052 0.01004540
v -0.03302911 -0.01658717 0.01004578
v -0.03361546 -0.01580602 0.01004619
v -0.03419403 -0.01501711 0.01004661
v -0.03476482 -0.01422045 0.01004706
v -0.03532782 -0.01341606 0.01004752
v -0.03588301 -0.01260396 0.01004800
v -0.03643039 -0.01178415 0.01004849
v -0.03696993 -0.01095666 0.01004899
v -0.03750165 -0.01012146 0.01004949
v -0.03802560 -0.00927844 0.01005000
v -0.03851792 -0.00846736 0.01005049
v -0.03903985 -0.00758652 0.01005102
v -0.03955289 -0.00669859 0.01005155
v -0.04005709 -0.00580358 0.01005207
v -0.04055249 -0.00490145 0.01005259
v -0.04103912 -0.00399215 0.01005310
v -0.04151704 -0.00307558 0.01005360
v -0.04198632 -0.00215162 0.01005409
v -0.04244707 -0.00122003 0.01005457
v -0.04289944 -0.00028048 0.01005504
v -0.04334347 0.00066712 0.01005549
v -0.04377920 0.00162287 0.01005593
v -0.04420672 0.00258694 0.01005636
v -0.04462612 0.00355962 0.01005677
v -0.04503769 0.00454170 0.01005716
v -0.04544224 0.00553533 0.01005754
v 0.00540070 -0.04540826 0.01004679
v 0.00445873 -0.04502356 0.01004650
v 0.00352237 -0.04463050 0.01004619
v 0.00259164 -0.04422903 0.01004587
v 0.00166653 -0.04381913 0.01004553
v 0.00074707 -0.04340072 0.01004519
v -0.00016675 -0.04297375 0.01004483
v -0.00107493 -0.04253816 0.01004446
v -0.00197744 -0.04209389 0.01004409
v -0.00287426 -0.04164087 0.01004370
v -0.00376537 -0.04117909 0.01004330
v -0.00465072 -0.04070854 0.01004290
v -0.00553026 -0.04022919 0.01004249
v -0.00640395 -0.03974101 0.01004208
v -0.00727174 -0.03924398 0.01004166
v -0.00813359 -0.03873805 0.01004124
v -0.00840829 -0.03857417 0.01004110
v -0.00923969 -0.03807028 0.01004069
v -0.01006425 -0.03755858 0.01004029
v -0.01088196 -0.03703904 0.01003988
v -0.01169281 -0.03651168 0.01003948
v -0.01249679 -0.03597647 0.01003909
v -0.01329390 -0.03543342 0.01003871
v -0.01408412 -0.03488251 0.01003833
v -0.01486743 -0.03432372 0.01003797
v -0.01564384 -0.03375704 0.01003763
v -0.01641332 -0.03318242 0.01003730
v -0.01717586 -0.03259986 0.01003699
v -0.01793144 -0.03200931 0.01003670
v -0.01868005 -0.03141075 0.01003642
v -0.01942165 -0.03080417 0.01003617
v -0.02015624 -0.03018958 0.01003595
v -0.02088379 -0.02956697 0.01003576
v -0.02160426 -0.02893635 0.01003558
v -0.02231764 -0.02829771 0.01003544
v -0.02302390 -0.02765104 0.01003532
v -0.02372302 -0.02699635 0.01003523
v -0.02441496 -0.02633364 0.01003518
v -0.02509970 -0.02566288 0.01003515
v -0.02538213 -0.02538177 0.01003514
v -0.02606565 -0.02469039 0.01003516
v -0.02674082 -0.02399169 0.01003521
v -0.02740767 -0.02328566 0.01003529
v -0.02806625 -0.02257229 0.01003539
v -0.02871660 -0.02185158 0.01003553
v -0.02935876 -0.02112351 0.01003569
v -0.02999278 -0.02038805 0.01003589
v -0.03061870 -0.01964515 0.01003610
v -0.03123660 -0.01889477 0.01003635
v -0.03184653 -0.01813680 0.01003662
v -0.03244861 -0.01737113 0.01003691
v -0.03304290 -0.01659765 0.01003722
v -0.03362941 -0.01581639 0.01003755
v -0.03420815 -0.01502736 0.01003790
v -0.03477911 -0.01423058 0.01003826
v -0.03534227 -0.01342607 0.01003864
v -0.03589763 -0.01261385 0.01003903
v -0.03644517 -0.01179392 0.01003943
v -0.03698488 -0.01096631 0.01003984
v -0.03751676 -0.01013099 0.01004025
v -0.03804087 -0.00928784 0.01004067
v -0.03853334 -0.00847663 0.01004107
v -0.03905543 -0.00759566 0.01004150
v -0.03956864 -0.00670760 0.01004193
v -0.04007300 -0.00581244 0.01004236
v -0.04056854 -0.00491017 0.01004278
v -0.04105533 -0.00400072 0.01004320
v -0.04153340 -0.00308402 0.01004361
v -0.04200283 -0.00215991 0.01004401
v -0.04246372 -0.00122816 0.01004440
v -0.04291622 -0.00028847 0.01004478
v -0.04336039 0.00065929 0.01004515
v -0.04379626 0.00161520 0.01004552
v -0.04422389 0.00257941 0.01004586
v -0.04464341 0.00355226 0.01004620
v -0.04505510 0.00453449 0.01004652
v -0.04545977 0.00552829 0.01004683
v 0.00539343 -0.04542629 0.01003712
v 0.00445131 -0.04504147 0.01003689
v 0.00351479 -0.04464829 0.01003664
v 0.00258390 -0.04424670 0.01003639
v 0.00165865 -0.04383667 0.01003612
v 0.00073903 -0.04341813 0.01003585
v -0.00017494 -0.04299102 0.01003556
v -0.00108327 -0.04255529 0.01003527
v -0.00198592 -0.04211087 0.01003497
v -0.00288289 -0.04165770 0.01003466
v -0.00377415 -0.04119578 0.01003435
v -0.00465963 -0.04072507 0.01003403
v -0.00553931 -0.04024556 0.01003370
v -0.00641314 -0.03975722 0.01003337
v -0.00728107 -0.03926002 0.01003304
v -0.00814304 -0.03875393 0.01003270
v -0.00841779 -0.03859000 0.01003259
v -0.00924931 -0.03808594 0.01003227
v -0.01007400 -0.03757407 0.01003194
v -0.01089183 -0.03705437 0.01003162
v -0.01170280 -0.03652684 0.01003131
v -0.01250691 -0.03599146 0.01003099
v -0.01330413 -0.03544824 0.01003069
v -0.01409446 -0.03489716 0.01003039
v -0.01487790 -0.03433820 0.01003011
v -0.01565442 -0.03377135 0.01002983
v -0.01642402 -0.03319657 0.01002957
v -0.01718668 -0.03261383 0.01002932
v -0.01794238 -0.03202312 0.01002909
v -0.01869110 -0.03142439 0.01002887
v -0.01943282 -0.03081766 0.01002868
v -0.02016753 -0.03020290 0.01002850
v -0.02089519 -0.02958014 0.01002834
v -0.02161579 -0.02894936 0.01002820
v -0.02232930 -0.02831057 0.01002809
v -0.02303568 -0.02766375 0.01002800
v -0.02373493 -0.02700892 0.01002793
v -0.02442700 -0.02634606 0.01002788
v -0.02511187 -0.02567517 0.01002786
v -0.02539436 -0.02539400 0.01002786
v -0.02607802 -0.02470249 0.01002787
v -0.02675333 -0.02400365 0.01002790
v -0.02742033 -0.02329748 0.01002797
v -0.02807906 -0.02258399 0.01002805
v -0.02872956 -0.02186316 0.01002816
v -0.02937188 -0.02113496 0.01002829
v -0.03000605 -0.02039938 0.01002845
v -0.03063214 -0.01965636 0.01002862
v -0.03125020 -0.01890585 0.01002881
v -0.03186030 -0.01814776 0.01002903
v -0.03246254 -0.01738197 0.01002926
v -0.03305700 -0.01660838 0.01002951
v -0.03364368 -0.01582700 0.01002977
v -0.03422259 -0.01503785 0.01003005
v -0.03479372 -0.01424095 0.01003034
v -0.03535706 -0.01343632 0.01003064
v -0.03591259 -0.01262398 0.01003095
v -0.03646030 -0.01180393 0.01003126
v -0.03700019 -0.01097619 0.01003159
v -0.03753224 -0.01014074 0.01003192
v -0.03805652 -0.00929747 0.01003225
v -0.03854916 -0.00848614 0.01003257
v -0.03907141 -0.00760503 0.01003291
v -0.03958479 -0.00671683 0.01003325
v -0.04008931 -0.00582154 0.01003359
v -0.04058503 -0.00491913 0.01003393
v -0.04107197 -0.00400954 0.01003426
v -0.04155020 -0.00309268 0.01003459
v -0.04201978 -0.00216842 0.01003491
v -0.04248083 -0.00123653 0.01003522
v -0.04293347 -0.00029668 0.01003553
v -0.04337778 0.00065123 0.01003582
v -0.04381379 0.00160730 0.01003611
v -0.04424156 0.00257167 0.01003639
v -0.04466121 0.00354468 0.01003665
v -0.04507303 0.00452708 0.01003691
v 0.00538597 -0.04544478 0.01002853
v 0.00444369 -0.04505984 0.01002835
v 0.00350702 -0.04466653 0.01002816
v 0.00257597 -0.04426481 0.01002796
v 0.00165056 -0.04385464 0.01002776
v 0.00073079 -0.04343596 0.01002754
v -0.00018333 -0.04300871 0.01002733
v -0.00109181 -0.04257283 0.01002710
v -0.00199461 -0.04212826 0.01002687
v -0.00289173 -0.04167494 0.01002663
v -0.00378312 -0.04121285 0.01002639
v -0.00466875 -0.04074198 0.01002614
v -0.00554857 -0.04026230 0.01002589
v -0.00642254 -0.03977380 0.01002563
v -0.00729060 -0.03927643 0.01002538
v -0.00815271 -0.03877017 0.01002512
v -0.00842750 -0.03860617 0.01002504
v -0.00925914 -0.03810195 0.01002479
v -0.01008395 -0.03758990 0.01002453
v -0.01090191 -0.03707002 0.01002429
v -0.01171301 -0.03654231 0.01002404
v -0.01251723 -0.03600676 0.01002380
v -0.01331457 -0.03546337 0.01002357
v -0.01410502 -0.03491211 0.01002334
v -0.01488858 -0.03435298 0.01002312
v -0.01566521 -0.03378594 0.01002291
v -0.01643493 -0.03321099 0.01002271
v -0.01719770 -0.03262808 0.01002251
v -0.01795352 -0.03203720 0.01002234
v -0.01870236 -0.03143830 0.01002217
v -0.01944420 -0.03083140 0.01002202
v -0.02017903 -0.03021648 0.01002188
v -0.02090682 -0.02959356 0.01002176
v -0.02162754 -0.02896262 0.01002165
v -0.02234117 -0.02832367 0.01002156
v -0.02304768 -0.02767671 0.01002149
v -0.02374706 -0.02702173 0.01002144
v -0.02443926 -0.02635872 0.01002140
v -0.02512427 -0.02568768 0.01002139
v -0.02540682 -0.02540646 0.01002139
v -0.02609062 -0.02471480 0.01002139
v -0.02676608 -0.02401583 0.01002143
v -0.02743323 -0.02330953 0.01002147
v -0.02809211 -0.02259591 0.01002154
v -0.02874277 -0.02187494 0.01002162
v -0.02938524 -0.02114662 0.01002172
v -0.03001958 -0.02041091 0.01002184
v -0.03064583 -0.01966777 0.01002197
v -0.03126406 -0.01891715 0.01002212
v -0.03187433 -0.01815894 0.01002229
v -0.03247674 -0.01739303 0.01002247
v -0.03307138 -0.01661932 0.01002266
v -0.03365824 -0.01583782 0.01002286
v -0.03423733 -0.01504855 0.01002307
v -0.03480864 -0.01425153 0.01002330
v -0.03537215 -0.01344678 0.01002353
v -0.03592787 -0.01263432 0.01002377
v -0.03647576 -0.01181415 0.01002401
v -0.03701583 -0.01098629 0.01002426
v -0.03754805 -0.01015071 0.01002451
v -0.03807251 -0.00930731 0.01002477
v -0.03856532 -0.00849586 0.01002502
v -0.03908776 -0.00761461 0.01002528
v -0.03960131 -0.00672628 0.01002555
v -0.04010601 -0.00583085 0.01002581
v -0.04060189 -0.00492829 0.01002607
v -0.04108900 -0.00401855 0.01002632
v -0.04156740 -0.00310155 0.01002657
v -0.04203715 -0.00217714 0.01002682
v -0.04249834 -0.00124509 0.01002706
v -0.04295114 -0.00030509 0.01002730
v -0.04339560 0.00064298 0.01002752
v -0.04383175 0.00159921 0.01002774
v -0.04425966 0.00256374 0.01002796
v -0.04467945 0.00353691 0.01002816
v -0.04509140 0.00451947 0.01002836
v 0.00537835 -0.04546367 0.01002103
v 0.00443590 -0.04507860 0.01002089
v 0.00349908 -0.04468516 0.01002075
v 0.00256787 -0.04428331 0.01002061
v 0.00164230 -0.04387300 0.01002046
v 0.00072238 -0.04345417 0.01002030
v -0.00019190 -0.04302677 0.01002014
v -0.00110052 -0.04259074 0.01001997
v -0.00200348 -0.04214601 0.01001980
v -0.00290074 -0.04169252 0.01001962
v -0.00379228 -0.04123027 0.01001944
v -0.00467805 -0.04075923 0.01001926
v -0.00555801 -0.04027938 0.01001908
v -0.00643212 -0.03979070 0.01001889
v -0.00730031 -0.03929315 0.01001870
v -0.00816256 -0.03878671 0.01001851
v -0.00843739 -0.03862266 0.01001844
v -0.00926916 -0.03811825 0.01001826
v -0.01009410 -0.03760603 0.01001807
v -0.01091218 -0.03708597 0.01001789
v -0.01172339 -0.03655807 0.01001771
v -0.01252774 -0.03602234 0.01001753
v -0.01332520 -0.03547876 0.01001736
v -0.01411577 -0.03492733 0.01001719
v -0.01489944 -0.03436801 0.01001703
v -0.01567619 -0.03380079 0.01001687
v -0.01644603 -0.03322566 0.01001672
v -0.01720892 -0.03264257 0.01001658
v -0.01796485 -0.03205151 0.01001645
v -0.01871381 -0.03145245 0.01001633
v -0.01945577 -0.03084537 0.01001622
v -0.02019072 -0.03023028 0.01001612
v -0.02091863 -0.02960719 0.01001603
v -0.02163947 -0.02897610 0.01001595
v -0.02235323 -0.02833699 0.01001588
v -0.02305988 -0.02768987 0.01001583
v -0.02375938 -0.02703474 0.01001579
v -0.02445172 -0.02637158 0.01001576
v -0.02513687 -0.02570040 0.01001575
v -0.02541947 -0.02541912 0.01001575
v -0.02610342 -0.02472732 0.01001576
v -0.02677903 -0.02402821 0.01001578
v -0.02744633 -0.02332177 0.01001581
v -0.02810537 -0.02260802 0.01001586
v -0.02875619 -0.02188693 0.01001592
v -0.02939882 -0.02115848 0.01001600
v -0.03003333 -0.02042265 0.01001608
v -0.03065975 -0.01967938 0.01001618
v -0.03127815 -0.01892863 0.01001629
v -0.03188860 -0.01817031 0.01001642
v -0.03249119 -0.01740427 0.01001655
v -0.03308601 -0.01663044 0.01001669
v -0.03367305 -0.01584883 0.01001684
v -0.03425233 -0.01505944 0.01001700
v -0.03482382 -0.01426230 0.01001716
v -0.03538752 -0.01345743 0.01001733
v -0.03594342 -0.01264485 0.01001751
v -0.03649150 -0.01182456 0.01001769
v -0.03703175 -0.01099657 0.01001787
v -0.03756416 -0.01016087 0.01001806
v -0.03808881 -0.00931734 0.01001825
v -0.03858178 -0.00850576 0.01001843
v -0.03910441 -0.00762438 0.01001863
v -0.03961815 -0.00673590 0.01001882
v -0.04012303 -0.00584033 0.01001901
v -0.04061909 -0.00493763 0.01001921
v -0.04110638 -0.00402775 0.01001940
v -0.04158494 -0.00311060 0.01001958
v -0.04205486 -0.00218604 0.01001976
v -0.04251622 -0.00125384 0.01001994
v -0.04296918 -0.00031368 0.01002011
v -0.04341379 0.00063456 0.01002028
v -0.04385010 0.00159094 0.01002045
v -0.04427815 0.00255564 0.01002061
v -0.04469809 0.00352898 0.01002076
v -0.04511018 0.00451170 0.01002090
v 0.00537059 -0.04548291 0.01001464
v 0.00442798 -0.04509771 0.01001455
v 0.00349099 -0.04470414 0.01001445
v 0.00255963 -0.04430214 0.01001435
v 0.00163390 -0.04389168 0.01001424
v 0.00071382 -0.04347271 0.01001413
v -0.00020062 -0.04304515 0.01001402
v -0.00110939 -0.04260896 0.01001390
v -0.00201250 -0.04216406 0.01001378
v -0.00290991 -0.04171041 0.01001366
v -0.00380160 -0.04124799 0.01001354
v -0.00468751 -0.04077677 0.01001341
v -0.00556761 -0.04029674 0.01001328
v -0.00644186 -0.03980788 0.01001315
v -0.00731019 -0.03931015 0.01001302
v -0.00817257 -0.03880352 0.01001288
v -0.00844744 -0.03863941 0.01001284
v -0.00927934 -0.03813482 0.01001271
v -0.01010440 -0.03762240 0.01001258
v -0.01092261 -0.03710216 0.01001245
v -0.01173395 -0.03657408 0.01001233
v -0.01253841 -0.03603816 0.01001220
v -0.01333599 -0.03549439 0.01001208
v -0.01412668 -0.03494276 0.01001196
v -0.01491047 -0.03438326 0.01001185
v -0.01568734 -0.03381586 0.01001174
v -0.01645728 -0.03324054 0.01001164
v -0.01722029 -0.03265728 0.01001154
v -0.01797635 -0.03206604 0.01001145
v -0.01872543 -0.03146679 0.01001136
v -0.01946751 -0.03085954 0.01001129
v -0.02020257 -0.03024428 0.01001121
v -0.02093061 -0.02962102 0.01001115
v -0.02165158 -0.02898976 0.01001110
v -0.02236546 -0.02835049 0.01001105
v -0.02307224 -0.02770321 0.01001101
v -0.02377188 -0.02704793 0.01001099
v -0.02446436 -0.02638462 0.01001097
v -0.02514964 -0.02571329 0.01001096
v -0.02543230 -0.02543195 0.01001096
v -0.02611640 -0.02474001 0.01001097
v -0.02679216 -0.02404076 0.01001098
v -0.02745962 -0.02333419 0.01001100
v -0.02811882 -0.02262030 0.01001104
v -0.02876979 -0.02189907 0.01001108
v -0.02941260 -0.02117050 0.01001113
v -0.03004727 -0.02043454 0.01001119
v -0.03067387 -0.01969115 0.01001126
v -0.03129245 -0.01894028 0.01001134
v -0.03190307 -0.01818183 0.01001143
v -0.03250585 -0.01741568 0.01001152
v -0.03310085 -0.01664173 0.01001161
v -0.03368808 -0.01585999 0.01001172
v -0.03426754 -0.01507049 0.01001183
v -0.03483922 -0.01427323 0.01001194
v -0.03540312 -0.01346824 0.01001206
v -0.03595920 -0.01265553 0.01001218
v -0.03650748 -0.01183512 0.01001231
v -0.03704792 -0.01100701 0.01001244
v -0.03758053 -0.01017118 0.01001257
v -0.03810536 -0.00932752 0.01001270
v -0.03859852 -0.00851582 0.01001283
v -0.03912134 -0.00763430 0.01001296
v -0.03963527 -0.00674569 0.01001310
v -0.04014033 -0.00584998 0.01001324
v -0.04063658 -0.00494713 0.01001337
v -0.04112405 -0.00403710 0.01001350
v -0.04160279 -0.00311981 0.01001363
v -0.04207288 -0.00219509 0.01001376
v -0.04253441 -0.00126273 0.01001388
v -0.04298754 -0.00032241 0.01001400
v -0.04343231 0.00062598 0.01001412
v -0.04386878 0.00158253 0.01001424
v -0.04429699 0.00254739 0.01001435
v -0.04471707 0.00352089 0.01001445
v -0.04512930 0.00450379 0.01001455
v 0.00536270 -0.04550245 0.01000939
v 0.00441994 -0.04511711 0.01000933
v 0.00348278 -0.04472339 0.01000927
v 0.00255126 -0.04432125 0.01000920
v 0.00162537 -0.04391064 0.01000914
v 0.00070513 -0.04349151 0.01000907
v -0.00020946 -0.04306380 0.01000899
v -0.00111839 -0.04262744 0.01000892
v -0.00202165 -0.04218238 0.01000884
v -0.00291921 -0.04172855 0.01000876
v -0.00381105 -0.04126595 0.01000868
v -0.00469710 -0.04079456 0.01000860
v -0.00557735 -0.04031435 0.01000851
v -0.00645173 -0.03982529 0.01000843
v -0.00732020 -0.03932737 0.01000835
v -0.00818271 -0.03882055 0.01000826
v -0.00845762 -0.03865638 0.01000823
v -0.00928965 -0.03815160 0.01000815
v -0.01011484 -0.03763899 0.01000807
v -0.01093317 -0.03711856 0.01000798
v -0.01174463 -0.03659028 0.01000790
v -0.01254922 -0.03605417 0.01000782
v -0.01334691 -0.03551021 0.01000775
v -0.01413772 -0.03495840 0.01000767
v -0.01492163 -0.03439870 0.01000760
v -0.01569862 -0.03383111 0.01000753
v -0.01646868 -0.03325561 0.01000746
v -0.01723180 -0.03267215 0.01000740
v -0.01798798 -0.03208073 0.01000734
v -0.01873717 -0.03148130 0.01000728
v -0.01947938 -0.03087387 0.01000723
v -0.02021457 -0.03025844 0.01000719
v -0.02094272 -0.02963501 0.01000715
v -0.02166382 -0.02900358 0.01000711
v -0.02237783 -0.02836415 0.01000708
v -0.02308474 -0.02771671 0.01000706
v -0.02378451 -0.02706127 0.01000704
v -0.02447713 -0.02639781 0.01000703
v -0.02516256 -0.02572633 0.01000703
v -0.02544528 -0.02544493 0.01000702
v -0.02612953 -0.02475284 0.01000703
v -0.02680544 -0.02405344 0.01000704
v -0.02747306 -0.02334674 0.01000706
v -0.02813241 -0.02263271 0.01000708
v -0.02878356 -0.02191136 0.01000710
v -0.02942653 -0.02118266 0.01000714
v -0.03006138 -0.02044657 0.01000718
v -0.03068815 -0.01970306 0.01000722
v -0.03130691 -0.01895207 0.01000727
v -0.03191772 -0.01819349 0.01000732
v -0.03252067 -0.01742722 0.01000738
v -0.03311586 -0.01665316 0.01000745
v -0.03370329 -0.01587130 0.01000751
v -0.03428294 -0.01508167 0.01000758
v -0.03485482 -0.01428430 0.01000766
v -0.03541891 -0.01347919 0.01000773
v -0.03597519 -0.01266636 0.01000781
v -0.03652366 -0.01184582 0.01000789
v -0.03706430 -0.01101759 0.01000798
v -0.03759711 -0.01018163 0.01000806
v -0.03812213 -0.00933785 0.01000814
v -0.03861548 -0.00852602 0.01000823
v -0.03913849 -0.00764436 0.01000831
v -0.03965261 -0.00675561 0.01000840
v -0.04015787 -0.00585975 0.01000849
v -0.04065431 -0.00495676 0.01000858
v -0.04114197 -0.00404659 0.01000866
v -0.04162089 -0.00312914 0.01000874
v -0.04209116 -0.00220427 0.01000883
v -0.04255287 -0.00127175 0.01000891
v -0.04300617 -0.00033128 0.01000898
v -0.04345110 0.00061727 0.01000906
v -0.04388773 0.00157399 0.01000913
v -0.04431610 0.00253902 0.01000920
v -0.04473633 0.00351269 0.01000927
v -0.04514871 0.00449576 0.01000934
v 0.00535473 -0.04552222 0.01000529
v 0.00441179 -0.04513674 0.01000526
v 0.00347447 -0.04474288 0.01000522
v 0.00254279 -0.04434059 0.01000518
v 0.00161674 -0.04392983 0.01000515
v 0.00069634 -0.04351054 0.01000511
v -0.00021840 -0.04308266 0.01000507
v -0.00112749 -0.04264614 0.01000502
v -0.00203090 -0.04220090 0.01000498
v -0.00292862 -0.04174690 0.01000494
v -0.00382059 -0.04128412 0.01000489
v -0.00470680 -0.04081254 0.01000484
v -0.00558719 -0.04033214 0.01000480
v -0.00646170 -0.03984290 0.01000475
v -0.00733031 -0.03934478 0.01000470
v -0.00819296 -0.03883777 0.01000465
v -0.00846791 -0.03867353 0.01000464
v -0.00930008 -0.03816856 0.01000459
v -0.01012539 -0.03765576 0.01000454
v -0.01094384 -0.03713513 0.01000450
v -0.01175542 -0.03660666 0.01000445
v -0.01256013 -0.03607035 0.01000441
v -0.01335795 -0.03552619 0.01000436
v -0.01414887 -0.03497418 0.01000432
v -0.01493289 -0.03441429 0.01000428
v -0.01571000 -0.03384651 0.01000424
v -0.01648018 -0.03327081 0.01000420
v -0.01724343 -0.03268717 0.01000417
v -0.01799972 -0.03209556 0.01000414
v -0.01874903 -0.03149595 0.01000410
v -0.01949136 -0.03088834 0.01000407
v -0.02022667 -0.03027273 0.01000405
v -0.02095495 -0.02964912 0.01000403
v -0.02167617 -0.02901752 0.01000401
v -0.02239032 -0.02837792 0.01000399
v -0.02309736 -0.02773033 0.01000398
v -0.02379727 -0.02707472 0.01000397
v -0.02449002 -0.02641111 0.01000396
v -0.02517559 -0.02573948 0.01000396
v -0.02545837 -0.02545802 0.01000396
v -0.02614277 -0.02476578 0.01000396
v -0.02681884 -0.02406625 0.01000397
v -0.02748661 -0.02335940 0.01000397
v -0.02814613 -0.02264524 0.01000398
v -0.02879744 -0.02192376 0.01000400
v -0.02944059 -0.02119492 0.01000402
v -0.03007561 -0.02045871 0.01000404
v -0.03070256 -0.01971508 0.01000407
v -0.03132150 -0.01896396 0.01000410
v -0.03193249 -0.01820527 0.01000413
v -0.03253564 -0.01743888 0.01000416
v -0.03313102 -0.01666468 0.01000419
v -0.03371864 -0.01588271 0.01000423
v -0.03429849 -0.01509297 0.01000427
v -0.03487057 -0.01429547 0.01000431
v -0.03543485 -0.01349024 0.01000436
v -0.03599134 -0.01267729 0.01000440
v -0.03654001 -0.01185663 0.01000445
v -0.03708085 -0.01102827 0.01000449
v -0.03761385 -0.01019219 0.01000454
v -0.03813908 -0.00934827 0.01000459
v -0.03863261 -0.00853632 0.01000463
v -0.03915583 -0.00765453 0.01000468
v -0.03967015 -0.00676564 0.01000473
v -0.04017561 -0.00586964 0.01000478
v -0.04067223 -0.00496650 0.01000483
v -0.04116008 -0.00405618 0.01000488
v -0.04163919 -0.00313858 0.01000493
v -0.04210965 -0.00221355 0.01000497
v -0.04257153 -0.00128088 0.01000502
v -0.04302501 -0.00034024 0.01000506
v -0.04347011 0.00060847 0.01000510
v -0.04390690 0.00156535 0.01000515
v -0.04433543 0.00253055 0.01000518
v -0.04475582 0.00350439 0.01000522
v -0.04516835 0.00448763 0.01000526
v 0.00534668 -0.04554217 0.01000236
v 0.00440358 -0.04515655 0.01000234
v 0.00346610 -0.04476254 0.01000232
v 0.00253424 -0.04436010 0.01000231
v 0.00160804 -0.04394918 0.01000229
v 0.00068748 -0.04352973 0.01000227
v -0.00022743 -0.04310169 0.01000225
v -0.00113667 -0.04266499 0.01000224
v -0.00204023 -0.04221958 0.01000222
v -0.00293810 -0.04176540 0.01000220
v -0.00383023 -0.04130243 0.01000218
v -0.00471658 -0.04083067 0.01000216
v -0.00559710 -0.04035008 0.01000213
v -0.00647176 -0.03986064 0.01000211
v -0.00734051 -0.03936233 0.01000209
v -0.00820329 -0.03885512 0.01000207
v -0.00847829 -0.03869081 0.01000206
v -0.00931058 -0.03818565 0.01000204
v -0.01013601 -0.03767265 0.01000202
v -0.01095459 -0.03715182 0.01000200
v -0.01176630 -0.03662315 0.01000198
v -0.01257112 -0.03608665 0.01000196
v -0.01336906 -0.03554229 0.01000194
v -0.01416011 -0.03499008 0.01000192
v -0.01494424 -0.03443000 0.01000191
v -0.01572147 -0.03386202 0.01000189
v -0.01649177 -0.03328613 0.01000187
v -0.01725513 -0.03270229 0.01000185
v -0.01801154 -0.03211049 0.01000184
v -0.01876097 -0.03151070 0.01000183
v -0.01950342 -0.03090290 0.01000181
v -0.02023885 -0.03028711 0.01000180
v -0.02096726 -0.02966333 0.01000179
v -0.02168861 -0.02903156 0.01000178
v -0.02240288 -0.02839180 0.01000177
v -0.02311006 -0.02774403 0.01000177
v -0.02381010 -0.02708828 0.01000176
v -0.02450299 -0.02642451 0.01000176
v -0.02518871 -0.02575273 0.01000176
v -0.02547156 -0.02547120 0.01000176
v -0.02615610 -0.02477882 0.01000176
v -0.02683233 -0.02407914 0.01000176
v -0.02750026 -0.02337215 0.01000177
v -0.02815994 -0.02265786 0.01000177
v -0.02881142 -0.02193624 0.01000178
v -0.02945474 -0.02120727 0.01000179
v -0.03008994 -0.02047093 0.01000180
v -0.03071707 -0.01972718 0.01000181
v -0.03133620 -0.01897593 0.01000182
v -0.03194738 -0.01821712 0.01000183
v -0.03255072 -0.01745061 0.01000185
v -0.03314629 -0.01667630 0.01000187
v -0.03373411 -0.01589421 0.01000188
v -0.03431415 -0.01510434 0.01000190
v -0.03488643 -0.01430673 0.01000192
v -0.03545092 -0.01350137 0.01000194
v -0.03600761 -0.01268830 0.01000196
v -0.03655648 -0.01186752 0.01000198
v -0.03709752 -0.01103903 0.01000200
v -0.03763073 -0.01020283 0.01000202
v -0.03815616 -0.00935878 0.01000204
v -0.03864988 -0.00854671 0.01000206
v -0.03917330 -0.00766477 0.01000208
v -0.03968783 -0.00677574 0.01000211
v -0.04019348 -0.00587960 0.01000213
v -0.04069031 -0.00497632 0.01000215
v -0.04117835 -0.00406585 0.01000217
v -0.04165765 -0.00314809 0.01000219
v -0.04212829 -0.00222291 0.01000221
v -0.04259036 -0.00129008 0.01000223
v -0.04304401 -0.00034928 0.01000225
v -0.04348929 0.00059959 0.01000227
v -0.04392625 0.00155664 0.01000229
v -0.04435494 0.00252200 0.01000231
v -0.04477548 0.00349601 0.01000232
v -0.04518817 0.00447943 0.01000234
v 0.00533859 -0.04556223 0.01000059
v 0.00439532 -0.04517647 0.01000059
v 0.00345767 -0.04478231 0.01000058
v 0.00252565 -0.04437972 0.01000058
v 0.00159928 -0.04396864 0.01000057
v 0.00067856 -0.04354903 0.01000057
v -0.00023650 -0.04312082 0.01000056
v -0.00114590 -0.04268395 0.01000056
v -0.00204962 -0.04223836 0.01000056
v -0.00294763 -0.04178400 0.01000055
v -0.00383991 -0.04132085 0.01000055
v -0.00472640 -0.04084889 0.01000054
v -0.00560708 -0.04036811 0.01000053
v -0.00648187 -0.03987848 0.01000053
v -0.00735075 -0.03937997 0.01000052
v -0.00821367 -0.03887255 0.01000052
v -0.00848871 -0.03870819 0.01000052
v -0.00932113 -0.03820282 0.01000051
v -0.01014670 -0.03768963 0.01000051
v -0.01096540 -0.03716860 0.01000050
v -0.01177722 -0.03663973 0.01000049
v -0.01258217 -0.03610302 0.01000049
v -0.01338023 -0.03555847 0.01000048
v -0.01417139 -0.03500606 0.01000048
v -0.01495565 -0.03444578 0.01000048
v -0.01573299 -0.03387760 0.01000047
v -0.01650340 -0.03330151 0.01000047
v -0.01726689 -0.03271749 0.01000046
v -0.01802342 -0.03212549 0.01000046
v -0.01877297 -0.03152551 0.01000046
v -0.01951554 -0.03091753 0.01000045
v -0.02025109 -0.03030157 0.01000045
v -0.02097962 -0.02967761 0.01000045
v -0.02170110 -0.02904566 0.01000045
v -0.02241550 -0.02840573 0.01000044
v -0.02312281 -0.02775780 0.01000044
v -0.02382299 -0.02710188 0.01000044
v -0.02451603 -0.02643796 0.01000044
v -0.02520189 -0.02576603 0.01000044
v -0.02548479 -0.02548444 0.01000044
v -0.02616950 -0.02479191 0.01000044
v -0.02684587 -0.02409208 0.01000044
v -0.02751397 -0.02338496 0.01000044
v -0.02817382 -0.02267053 0.01000044
v -0.02882547 -0.02194877 0.01000044
v -0.02946896 -0.02121968 0.01000045
v -0.03010433 -0.02048321 0.01000045
v -0.03073165 -0.01973933 0.01000045
v -0.03135096 -0.01898797 0.01000046
v -0.03196233 -0.01822903 0.01000046
v -0.03256586 -0.01746239 0.01000046
v -0.03316163 -0.01668797 0.01000047
v -0.03374965 -0.01590575 0.01000047
v -0.03432989 -0.01511577 0.01000048
v -0.03490237 -0.01431803 0.01000048
v -0.03546706 -0.01351256 0.01000048
v -0.03602395 -0.01269937 0.01000049
v -0.03657303 -0.01187846 0.01000049
v -0.03711428 -0.01104985 0.01000050
v -0.03764769 -0.01021352 0.01000051
v -0.03817332 -0.00936934 0.01000051
v -0.03866724 -0.00855714 0.01000051
v -0.03919087 -0.00767507 0.01000052
v -0.03970560 -0.00678590 0.01000053
v -0.04021145 -0.00588962 0.01000053
v -0.04070848 -0.00498619 0.01000054
v -0.04119671 -0.00407557 0.01000054
v -0.04167621 -0.00315766 0.01000055
v -0.04214703 -0.00223233 0.01000056
v -0.04260929 -0.00129934 0.01000056
v -0.04306312 -0.00035838 0.01000056
v -0.04350857 0.00059066 0.01000057
v -0.04394570 0.00154787 0.01000057
v -0.04437456 0.00251341 0.01000058
v -0.04479527 0.00348759 0.01000058
v -0.04520811 0.00447118 0.01000059
v -0.01290455 -0.03942136 0.04203414
v -0.01290455 -0.03942136 0.04196585
v -0.01290191 -0.03942399 0.04210233
v -0.01290191 -0.03942399 0.04189767
v -0.01289665 -0.03942926 0.04182979
v -0.01288877 -0.03943714 0.04176242
v -0.01287830 -0.03944761 0.04169576
v -0.01286527 -0.03946063 0.04163000
v -0.01284972 -0.03947618 0.04156535
v -0.01283170 -0.03949420 0.04150200
v -0.01281126 -0.03951464 0.04144013
v -0.01281126 -0.03951464 0.04255987
v -0.01283170 -0.03949420 0.04249800
v -0.01284972 -0.03947618 0.04243465
v -0.01286527 -0.03946063 0.04237000
v -0.01287830 -0.03944761 0.04230424
v -0.01288877 -0.03943714 0.04223758
v -0.01289665 -0.03942926 0.04217021
v -0.03948524 -0.01284066 0.04246650
v -0.03950448 -0.01282143 0.04252913
v -0.03952611 -0.01279980 0.04259019
v -0.03944241 -0.01288350 0.04172898
v -0.03943323 -0.01289268 0.04179603
v -0.03952611 -0.01279980 0.04140981
v -0.03950448 -0.01282143 0.04147087
v -0.03948524 -0.01284066 0.04153350
v -0.03942665 -0.01289925 0.04186368
v -0.03942270 -0.01290320 0.04193174
v -0.03942138 -0.01290452 0.04200000
v -0.03942270 -0.01290320 0.04206826
v -0.03942665 -0.01289925 0.04213632
v -0.03943323 -0.01289268 0.04220397
v -0.03946845 -0.01285745 0.04159753
v -0.03945416 -0.01287175 0.04166275
v -0.03944241 -0.01288350 0.04227101
v -0.03945416 -0.01287175 0.04233725
v -0.03946845 -0.01285745 0.04240247
f 1 2 3
f 3 2 4
f 3 4 5
f 6 7 8
f 8 7 9
f 10 11 12
f 4 13 5
f 5 13 14
f 5 14 15
f 16 17 18
f 18 17 19
f 18 19 20
f 20 19 21
f 20 21 1
f 1 21 22
f 1 22 2
f 23 24 6
f 6 24 25
f 6 25 7
f 26 27 28
f 28 27 29
f 28 29 23
f 23 29 30
f 23 30 24
f 31 32 33
f 33 32 34
f 33 34 26
f 26 34 35
f 26 35 27
f 36 37 31
f 31 37 38
f 31 38 32
f 39 40 36
f 36 40 41
f 36 41 37
f 42 43 44
f 45 46 47
f 47 46 48
f 47 48 49
f 50 51 52
f 52 51 53
f 44 54 55
f 56 57 39
f 39 57 58
f 39 58 40
f 59 60 56
f 56 60 61
f 56 61 57
f 62 63 59
f 59 63 64
f 59 64 60
f 48 65 49
f 49 65 66
f 49 66 62
f 62 66 67
f 62 67 63
f 45 47 68
f 68 47 69
f 68 69 53
f 53 69 70
f 53 70 71
f 72 73 53
f 53 73 74
f 43 75 44
f 44 75 76
f 44 76 54
f 14 77 15
f 15 77 78
f 15 78 79
f 79 78 80
f 79 80 81
f 81 80 82
f 71 83 53
f 53 83 84
f 53 84 85
f 74 86 53
f 53 86 87
f 53 87 52
f 11 88 12
f 12 88 89
f 12 89 44
f 44 89 90
f 44 90 42
f 85 91 53
f 53 91 92
f 53 92 72
f 93 94 95
f 95 94 96
f 95 96 97
f 97 96 98
f 97 98 99
f 99 98 100
f 99 100 101
f 101 100 102
f 101 102 103
f 103 102 104
f 103 104 105
f 105 104 106
f 105 106 107
f 107 106 108
f 107 108 109
f 109 108 110
f 109 110 111
f 111 110 112
f 111 112 113
f 113 112 114
f 113 114 115
f 115 114 116
f 115 116 117
f 117 116 118
f 117 118 119
f 119 118 120
f 119 120 121
f 121 120 122
f 121 122 123
f 123 122 124
f 123 124 125
f 125 124 126
f 125 126 127
f 127 126 128
f 127 128 129
f 129 128 130
f 129 130 131
f 10 12 132
f 132 12 133
f 132 133 134
f 134 133 135
f 134 135 136
f 136 135 137
f 136 137 138
f 138 137 139
f 138 139 140
f 140 139 141
f 140 141 142
f 142 141 143
f 142 143 144
f 144 143 145
f 144 145 146
f 146 145 147
f 146 147 148
f 148 147 149
f 148 149 150
f 150 149 151
f 150 151 152
f 152 151 153
f 152 153 154
f 154 153 155
f 154 155 156
f 156 155 157
f 156 157 158
f 158 157 159
f 158 159 160
f 160 159 161
f 160 161 162
f 162 161 163
f 162 163 93
f 93 163 164
f 93 164 94
f 55 165 44
f 44 165 166
f 44 166 167
f 167 168 44
f 44 168 169
f 44 169 170
f 171 172 173
f 173 172 174
f 175 176 177
f 178 179 176
f 176 179 180
f 176 180 177
f 82 181 81
f 81 181 182
f 81 182 183
f 183 182 184
f 183 184 178
f 178 184 185
f 178 185 179
f 130 186 131
f 131 186 187
f 131 187 188
f 188 187 189
f 188 189 190
f 190 189 191
f 190 191 192
f 192 191 193
f 192 193 194
f 194 193 195
f 194 195 196
f 196 195 197
f 196 197 198
f 198 197 199
f 198 199 200
f 200 199 201
f 200 201 202
f 202 201 203
f 202 203 204
f 204 203 205
f 204 205 206
f 206 205 207
f 206 207 208
f 208 207 209
f 208 209 210
f 210 209 211
f 210 211 212
f 212 211 213
f 212 213 214
f 214 213 215
f 214 215 216
f 216 215 217
f 216 217 218
f 218 217 219
f 218 219 220
f 220 219 221
f 220 221 222
f 222 221 51
f 222 51 223
f 223 51 50
f 173 224 171
f 171 224 225
f 171 225 170
f 170 225 226
f 170 226 44
f 177 227 175
f 175 227 228
f 175 228 172
f 172 228 229
f 172 229 174
f 230 231 232
f 233 234 235
f 235 234 236
f 235 236 237
f 238 239 230
f 230 239 240
f 230 240 231
f 237 236 230
f 230 236 241
f 230 241 238
f 232 242 230
f 230 242 243
f 230 243 244
f 245 235 246
f 246 235 247
f 248 249 235
f 235 249 250
f 235 250 233
f 251 252 253
f 253 252 254
f 253 254 255
f 245 256 235
f 235 256 257
f 235 257 248
f 244 258 230
f 230 258 259
f 230 259 260
f 253 261 262
f 251 253 235
f 235 253 263
f 235 263 264
f 264 265 235
f 235 265 266
f 235 266 267
f 255 268 253
f 253 268 269
f 253 269 261
f 267 270 235
f 235 270 271
f 235 271 247
f 260 272 230
f 230 272 273
f 230 273 274
f 262 275 253
f 253 275 276
f 253 276 277
f 278 279 280
f 280 279 281
f 280 281 282
f 283 284 279
f 279 284 285
f 286 287 279
f 279 287 288
f 279 288 283
f 289 281 290
f 290 281 279
f 290 279 291
f 291 279 285
f 282 292 280
f 280 292 293
f 280 293 294
f 294 295 280
f 280 295 296
f 280 296 297
f 297 298 280
f 280 298 299
f 280 299 300
f 301 302 279
f 279 302 303
f 279 303 286
f 300 304 280
f 280 304 305
f 280 305 306
f 307 308 309
f 309 310 311
f 312 313 280
f 280 313 309
f 280 309 314
f 314 309 308
f 306 315 280
f 280 315 316
f 280 316 312
f 309 317 318
f 311 319 309
f 309 319 320
f 309 320 307
f 321 322 279
f 279 322 323
f 279 323 301
f 318 324 309
f 309 324 325
f 309 325 310
f 326 327 328
f 329 330 331
f 332 333 334
f 335 334 336
f 336 334 337
f 326 338 339
f 340 341 342
f 342 341 343
f 342 343 344
f 345 346 347
f 347 346 348
f 347 348 349
f 350 351 352
f 352 351 326
f 352 326 353
f 353 326 328
f 354 355 356
f 357 358 359
f 360 361 362
f 363 364 365
f 365 364 366
f 365 366 367
f 368 369 363
f 333 370 334
f 334 370 371
f 334 371 337
f 372 373 374
f 339 375 326
f 326 375 376
f 326 376 377
f 377 378 326
f 326 378 379
f 326 379 380
f 381 382 383
f 384 385 386
f 386 385 387
f 386 387 388
f 362 361 389
f 390 391 392
f 393 392 394
f 394 392 395
f 396 397 398
f 399 400 347
f 401 402 347
f 349 403 347
f 347 403 404
f 347 404 405
f 406 407 408
f 408 407 409
f 408 409 410
f 411 412 413
f 414 326 415
f 415 326 416
f 414 417 326
f 326 417 418
f 326 418 327
f 344 419 342
f 342 419 420
f 342 420 352
f 352 420 421
f 352 421 350
f 422 423 424
f 425 426 359
f 359 426 427
f 359 427 357
f 391 428 392
f 392 428 429
f 392 429 395
f 369 430 363
f 363 430 431
f 363 431 364
f 368 363 432
f 432 363 433
f 432 433 334
f 334 433 434
f 334 434 332
f 405 435 347
f 347 435 436
f 347 436 437
f 437 438 347
f 347 438 439
f 347 439 440
f 441 442 406
f 406 442 443
f 406 443 407
f 411 413 444
f 445 446 447
f 380 448 326
f 326 448 449
f 326 449 416
f 450 451 341
f 341 451 452
f 341 452 453
f 354 356 424
f 424 356 454
f 424 454 422
f 388 455 386
f 386 455 456
f 386 456 457
f 358 458 359
f 359 458 459
f 359 459 460
f 460 461 359
f 359 461 462
f 359 462 424
f 390 392 361
f 361 392 463
f 361 463 389
f 398 464 396
f 396 464 465
f 396 465 466
f 335 467 334
f 334 467 468
f 334 468 347
f 347 468 469
f 347 469 470
f 471 472 347
f 347 472 473
f 347 473 345
f 474 475 476
f 476 475 477
f 476 477 441
f 441 477 478
f 441 478 442
f 479 480 474
f 474 480 481
f 474 481 475
f 413 482 444
f 444 482 483
f 444 483 484
f 485 486 487
f 487 486 488
f 487 488 489
f 489 488 490
f 489 490 491
f 374 492 372
f 372 492 493
f 372 493 494
f 494 495 372
f 372 495 496
f 372 496 497
f 498 372 499
f 499 372 500
f 498 501 372
f 372 501 502
f 372 502 326
f 326 502 503
f 326 503 338
f 504 356 505
f 505 356 506
f 504 507 356
f 356 507 508
f 356 508 509
f 509 510 356
f 356 510 511
f 356 511 512
f 513 514 356
f 383 515 381
f 381 515 356
f 381 356 516
f 516 356 514
f 457 517 386
f 386 517 518
f 386 518 519
f 520 521 522
f 523 524 359
f 359 524 525
f 525 526 359
f 359 526 527
f 359 527 528
f 528 529 359
f 359 529 530
f 359 530 425
f 531 532 331
f 331 532 533
f 331 533 329
f 534 535 330
f 330 535 536
f 330 536 537
f 538 539 540
f 540 539 541
f 538 542 539
f 539 542 543
f 539 543 544
f 466 545 396
f 396 545 546
f 396 546 547
f 547 548 396
f 396 548 549
f 396 549 550
f 470 551 347
f 347 551 552
f 347 552 399
f 400 553 347
f 347 553 554
f 347 554 401
f 402 555 347
f 347 555 556
f 347 556 471
f 439 557 440
f 440 557 558
f 440 558 559
f 559 558 560
f 559 560 561
f 561 560 562
f 561 562 563
f 563 562 564
f 563 564 565
f 565 564 566
f 565 566 567
f 567 566 568
f 567 568 569
f 569 568 570
f 569 570 571
f 571 570 572
f 571 572 573
f 573 572 574
f 573 574 575
f 575 574 576
f 577 578 479
f 479 578 579
f 479 579 480
f 483 580 484
f 484 580 581
f 484 581 577
f 577 581 582
f 577 582 578
f 583 584 585
f 491 490 586
f 586 490 587
f 586 587 588
f 588 587 589
f 588 589 590
f 589 591 590
f 590 591 592
f 590 592 593
f 593 592 594
f 593 594 595
f 595 594 596
f 595 596 597
f 597 596 598
f 597 598 372
f 372 598 599
f 372 599 373
f 381 600 341
f 341 600 601
f 341 601 602
f 355 603 356
f 356 603 604
f 356 604 506
f 424 605 606
f 606 607 424
f 424 607 608
f 424 608 519
f 518 609 519
f 519 609 610
f 519 610 424
f 424 610 611
f 424 611 359
f 612 613 522
f 522 613 614
f 522 614 615
f 615 616 522
f 522 616 617
f 522 617 618
f 618 619 522
f 522 619 620
f 522 620 621
f 522 622 623
f 622 522 624
f 624 522 625
f 624 625 626
f 626 625 627
f 626 627 531
f 628 629 362
f 362 629 630
f 362 630 360
f 537 631 330
f 330 631 632
f 330 632 331
f 633 634 539
f 539 634 635
f 636 637 638
f 638 637 639
f 638 639 640
f 544 641 539
f 539 641 637
f 539 637 642
f 642 637 636
f 550 643 396
f 396 643 644
f 396 644 645
f 409 646 410
f 410 646 647
f 410 647 648
f 648 647 649
f 648 649 576
f 576 649 650
f 576 650 575
f 651 652 653
f 652 654 653
f 653 654 655
f 653 655 656
f 656 657 653
f 653 657 658
f 653 658 659
f 659 660 653
f 653 660 661
f 653 661 662
f 663 664 665
f 666 667 668
f 668 667 669
f 497 670 372
f 372 670 671
f 372 671 672
f 672 673 372
f 372 673 674
f 372 674 500
f 602 675 341
f 341 675 676
f 341 676 677
f 677 678 341
f 341 678 679
f 341 679 680
f 512 681 356
f 356 681 682
f 356 682 513
f 683 424 684
f 684 424 685
f 686 687 424
f 688 689 424
f 424 689 690
f 424 690 691
f 692 693 359
f 359 693 694
f 359 694 523
f 623 695 522
f 522 695 696
f 522 696 520
f 640 697 638
f 638 697 698
f 638 698 699
f 699 698 700
f 701 702 330
f 330 702 703
f 330 703 704
f 704 705 330
f 330 705 706
f 330 706 707
f 635 708 539
f 539 708 709
f 539 709 710
f 711 539 712
f 712 539 713
f 714 715 396
f 715 716 396
f 396 716 717
f 396 717 366
f 366 717 718
f 366 718 367
f 662 719 653
f 653 719 720
f 653 720 721
f 722 723 653
f 653 723 724
f 653 724 725
f 663 665 726
f 726 665 727
f 726 727 728
f 447 446 729
f 730 731 485
f 485 731 732
f 485 732 733
f 733 734 485
f 485 734 735
f 485 735 736
f 340 737 341
f 341 737 738
f 341 738 381
f 381 738 739
f 381 739 382
f 680 740 341
f 341 740 741
f 341 741 450
f 742 743 423
f 423 743 744
f 423 744 745
f 691 746 424
f 424 746 747
f 424 747 605
f 748 749 359
f 359 749 750
f 359 750 692
f 621 751 522
f 522 751 749
f 522 749 752
f 752 749 748
f 521 753 522
f 522 753 754
f 522 754 755
f 756 757 522
f 522 757 758
f 522 758 612
f 531 331 626
f 626 331 759
f 626 759 760
f 707 761 330
f 330 761 762
f 330 762 763
f 764 765 330
f 330 765 766
f 330 766 534
f 710 767 539
f 539 767 768
f 539 768 713
f 711 769 539
f 539 769 770
f 539 770 541
f 725 771 653
f 653 771 772
f 653 772 773
f 774 775 776
f 777 778 779
f 664 780 665
f 665 780 781
f 665 781 782
f 782 781 783
f 782 783 777
f 777 783 784
f 777 784 778
f 736 785 485
f 485 785 786
f 485 786 486
f 585 584 787
f 787 584 788
f 787 788 789
f 789 788 790
f 789 790 791
f 791 790 792
f 791 792 447
f 447 792 793
f 447 793 445
f 585 794 583
f 583 794 795
f 583 795 796
f 796 795 797
f 796 797 798
f 799 800 386
f 386 800 801
f 386 801 384
f 745 802 423
f 423 802 803
f 423 803 424
f 424 803 804
f 424 804 685
f 683 805 424
f 424 805 806
f 424 806 807
f 687 808 424
f 424 808 809
f 424 809 688
f 755 810 522
f 522 810 811
f 522 811 756
f 760 812 626
f 626 812 813
f 626 813 814
f 814 815 626
f 626 815 816
f 626 816 362
f 362 816 817
f 362 817 628
f 700 698 330
f 330 698 818
f 330 818 701
f 763 819 330
f 330 819 820
f 330 820 821
f 821 822 330
f 330 822 823
f 330 823 764
f 645 824 396
f 396 824 825
f 396 825 826
f 721 827 653
f 653 827 828
f 653 828 722
f 730 485 668
f 668 485 829
f 668 829 830
f 830 831 668
f 668 831 832
f 668 832 833
f 742 423 834
f 834 423 835
f 834 835 836
f 836 835 837
f 836 837 653
f 653 837 838
f 653 838 651
f 839 840 424
f 424 840 841
f 424 841 842
f 714 396 843
f 843 396 826
f 843 826 539
f 539 826 844
f 539 844 633
f 779 845 777
f 777 845 846
f 777 846 847
f 847 846 848
f 412 411 849
f 849 411 850
f 849 850 851
f 851 850 852
f 851 852 853
f 833 854 668
f 668 854 855
f 668 855 666
f 799 856 800
f 800 856 857
f 800 857 858
f 807 859 424
f 424 859 860
f 424 860 861
f 842 862 424
f 424 862 863
f 424 863 686
f 773 864 653
f 653 864 865
f 653 865 866
f 866 865 867
f 866 867 775
f 775 867 868
f 775 868 776
f 776 869 774
f 774 869 870
f 774 870 871
f 871 870 872
f 871 872 873
f 873 872 874
f 873 874 846
f 846 874 875
f 846 875 848
f 446 876 729
f 729 876 877
f 729 877 878
f 878 877 879
f 878 879 850
f 850 879 880
f 850 880 852
f 881 882 851
f 851 882 883
f 851 883 728
f 861 884 424
f 424 884 885
f 424 885 839
f 853 886 851
f 851 886 887
f 851 887 888
f 669 889 668
f 668 889 851
f 668 851 890
f 890 851 728
f 890 728 891
f 891 728 727
f 858 892 800
f 800 892 893
f 800 893 894
f 894 895 800
f 800 895 896
f 800 896 897
f 897 898 800
f 800 898 899
f 800 899 900
f 888 901 851
f 851 901 902
f 851 902 903
f 900 904 800
f 800 904 905
f 800 905 906
f 906 905 907
f 906 907 908
f 908 907 798
f 908 798 909
f 909 798 797
f 903 910 851
f 851 910 911
f 851 911 912
f 913 914 851
f 851 914 915
f 851 915 881
f 912 916 851
f 851 916 917
f 851 917 918
f 919 920 851
f 851 920 921
f 851 921 913
f 918 922 851
f 851 922 923
f 851 923 919
f 924 925 926
f 927 928 929
f 930 931 932
f 933 934 935
f 936 937 938
f 939 940 941
f 942 943 944
f 945 946 947
f 948 949 950
f 951 952 953
f 954 955 956
f 957 958 959
f 959 960 961
f 961 960 962
f 963 964 965
f 966 967 968
f 969 970 971
f 971 970 972
f 973 974 975
f 976 977 978
f 979 980 981
f 982 983 984
f 985 986 987
f 988 989 990
f 991 992 993
f 994 995 996
f 997 998 983
f 999 1000 1001
f 1002 1003 1004
f 1005 1006 1007
f 1008 1009 1010
f 1011 1012 1013
f 1014 1015 1016
f 1017 1018 1019
f 1020 1021 1022
f 1023 1024 1025
f 1026 1027 1028
f 1029 1030 1031
f 1032 1033 1034
f 1035 1036 1037
f 1038 1039 940
f 1040 1041 1042
f 1042 1041 1043
f 1044 1045 1046
f 1047 1048 1049
f 1050 956 1051
f 1052 1053 1054
f 1055 1056 1057
f 1058 1059 1060
f 1058 1060 1061
f 1062 1063 1064
f 1064 1063 1065
f 1064 1065 1066
f 1066 1065 1067
f 1066 1067 1068
f 1068 1067 1069
f 1068 1069 1070
f 1071 1072 1062
f 1062 1072 1073
f 1062 1073 1063
f 1074 1075 1076
f 1076 1075 1077
f 1076 1077 1078
f 1078 1077 1079
f 1078 1079 1071
f 1071 1079 1080
f 1071 1080 1072
f 1081 1082 1074
f 1074 1082 1083
f 1074 1083 1075
f 1084 1085 1081
f 1081 1085 1086
f 1081 1086 1082
f 1087 1088 1089
f 1089 1088 1090
f 1089 1090 1091
f 1091 1090 1092
f 1091 1092 1093
f 1094 1095 1096
f 1096 1095 1097
f 1096 1097 1098
f 1099 1100 1101
f 1101 1100 1102
f 1103 1104 1105
f 1105 1104 1106
f 1107 1108 1109
f 1109 1108 1110
f 1109 1110 1103
f 1103 1110 1111
f 1103 1111 1104
f 1112 1113 1114
f 1114 1113 1115
f 1114 1115 1107
f 1116 1117 1118
f 1118 1117 1119
f 1118 1119 1120
f 1120 1119 1112
f 1120 1112 1121
f 1121 1112 1114
f 967 966 1122
f 1122 966 1123
f 1122 1123 1124
f 1124 1123 1125
f 1124 1125 1126
f 1127 1128 1129
f 1130 1131 1132
f 1132 1131 1133
f 1132 1133 1134
f 1133 1135 1134
f 1134 1135 1136
f 1134 1136 1137
f 1137 1136 1138
f 1138 1136 1139
f 1138 1139 1140
f 1141 1142 1143
f 1143 1142 1144
f 1143 1144 1145
f 1146 1147 1141
f 1141 1147 1148
f 1141 1148 1142
f 1149 1150 1146
f 1146 1150 1151
f 1146 1151 1147
f 1152 1153 1154
f 1154 1153 1155
f 1154 1155 1149
f 1149 1155 1156
f 1149 1156 1150
f 1051 956 1049
f 1049 956 955
f 1049 955 1047
f 1045 1157 1046
f 1046 1157 1158
f 1046 1158 1159
f 1160 1161 1162
f 1162 1161 1163
f 1164 1163 1165
f 1165 1163 1161
f 1165 1161 1166
f 1166 1161 1160
f 1166 1160 1167
f 1168 1169 1170
f 1171 1172 1173
f 1173 1172 1174
f 1173 1174 1175
f 1175 1174 1034
f 1175 1034 1176
f 1176 1034 1033
f 1177 1178 1179
f 1177 1179 1180
f 1180 1179 1181
f 1180 1181 1182
f 1182 1181 1183
f 1182 1183 1184
f 1184 1183 1185
f 1184 1185 1186
f 1186 1185 1187
f 1187 1185 1188
f 1187 1188 1189
f 1189 1188 1190
f 1190 1188 1191
f 1190 1191 1192
f 1192 1191 1193
f 1192 1193 1194
f 1194 1193 1195
f 1194 1195 1196
f 1196 1195 1197
f 1196 1197 1198
f 1198 1197 1199
f 1198 1199 1200
f 1200 1199 1201
f 1201 1199 1202
f 1201 1202 1203
f 1203 1202 1204
f 1204 1202 1205
f 1204 1205 1206
f 1206 1205 1207
f 1206 1207 1208
f 1208 1207 1209
f 1209 1207 1210
f 1209 1210 1211
f 1211 1210 1212
f 1212 1210 1213
f 1212 1213 1214
f 1214 1213 1215
f 1214 1215 1216
f 1216 1215 1217
f 1217 1215 1218
f 1217 1218 1219
f 1219 1218 1220
f 1220 1218 1221
f 1220 1221 1222
f 1222 1221 1223
f 1222 1223 1224
f 1224 1223 1225
f 1225 1223 1226
f 1225 1226 1227
f 1227 1226 1228
f 1228 1226 1229
f 1228 1229 1230
f 1230 1229 1231
f 1230 1231 1232
f 1233 1234 1235
f 1236 1237 1238
f 1238 1237 1239
f 1240 1241 1236
f 1242 1243 1244
f 1245 1246 1247
f 1248 1249 1246
f 1250 1251 1252
f 1253 1254 1255
f 1256 1257 1258
f 1259 1260 1261
f 1261 1260 1262
f 1263 1264 1259
f 1259 1264 1265
f 1259 1265 1260
f 1266 1267 1263
f 1263 1267 1268
f 1263 1268 1264
f 1263 1269 1266
f 1266 1269 1270
f 1266 1270 1271
f 1271 1270 1272
f 1272 1270 1273
f 1272 1273 1274
f 1274 1273 1275
f 1275 1273 1276
f 1275 1276 1277
f 1277 1276 1278
f 1277 1278 1279
f 1279 1278 1280
f 1279 1280 1281
f 1282 1283 1284
f 1284 1283 1285
f 1284 1285 1280
f 1280 1285 1286
f 1280 1286 1281
f 1287 1288 1289
f 1289 1288 1290
f 1289 1290 1291
f 1291 1290 1292
f 1291 1292 1282
f 1282 1292 1293
f 1282 1293 1283
f 1294 1295 1287
f 1287 1295 1296
f 1287 1296 1288
f 1297 1298 1299
f 1299 1298 1300
f 1299 1300 1301
f 1301 1300 1302
f 1301 1302 1294
f 1294 1302 1303
f 1294 1303 1295
f 1304 1305 1306
f 1305 1304 1307
f 1307 1304 1308
f 1307 1308 1309
f 1309 1308 1310
f 1309 1310 1311
f 1311 1310 1312
f 1312 1310 1313
f 1312 1313 1314
f 1314 1313 1315
f 1315 1313 1316
f 1315 1316 1317
f 1317 1316 1318
f 1317 1318 1319
f 1319 1318 1320
f 1319 1320 1321
f 1012 1011 1322
f 1322 1011 1323
f 1322 1323 1324
f 1325 1326 1327
f 1327 1326 1328
f 1327 1328 1329
f 1330 1331 1332
f 1332 1331 1333
f 1332 1333 1334
f 1334 1333 1335
f 1334 1335 1336
f 1336 1335 1337
f 1336 1337 1338
f 1338 1337 1339
f 1338 1339 1340
f 1340 1339 1341
f 1340 1341 1342
f 1342 1341 1343
f 1342 1343 1344
f 1344 1343 1345
f 1344 1345 1325
f 1325 1345 1346
f 1325 1346 1326
f 1347 1330 1348
f 1348 1330 1332
f 1348 1332 1349
f 1349 1332 1350
f 1351 1352 1353
f 1008 1010 1354
f 1355 1356 1357
f 1357 1356 1358
f 1005 1007 1359
f 1360 1361 1362
f 1363 1364 1365
f 1365 1364 1366
f 1365 1366 1367
f 1367 1368 1365
f 1365 1368 1369
f 1365 1369 1370
f 1370 1371 1365
f 1365 1371 1372
f 1365 1372 1373
f 1373 1374 1365
f 1365 1374 1375
f 1365 1375 1376
f 1377 1378 1379
f 1377 1379 1376
f 1378 1380 1379
f 1379 1380 1381
f 1379 1381 1382
f 1382 1383 1379
f 1379 1383 1384
f 1384 1385 1379
f 1379 1385 1386
f 1379 1386 1387
f 1387 1388 1379
f 1379 1388 1389
f 1379 1389 1390
f 1390 1391 1379
f 1379 1391 1392
f 1379 1392 1393
f 1394 1395 1379
f 1393 1396 1379
f 1379 1396 1397
f 1379 1397 1398
f 1398 1399 1379
f 1379 1399 1400
f 1379 1400 1394
f 1401 1402 1403
f 1403 1402 1404
f 1403 1404 1405
f 1401 1406 1402
f 1402 1406 1407
f 1402 1407 1408
f 1402 1408 1409
f 1402 1409 1410
f 1410 1411 1402
f 1402 1411 1412
f 1402 1412 1413
f 1414 1415 1365
f 1365 1415 1416
f 1365 1416 1417
f 1417 1418 1365
f 1365 1418 1419
f 1365 1419 1363
f 1420 1421 1404
f 1404 1421 1422
f 1404 1422 1423
f 1423 1424 1404
f 1404 1424 1425
f 1404 1425 1426
f 1426 1427 1404
f 1404 1427 1428
f 1404 1428 1429
f 1429 1430 1404
f 1404 1430 1431
f 1404 1431 1405
f 1432 1433 1420
f 1420 1433 1434
f 1434 1435 1420
f 1420 1435 1436
f 1420 1436 1437
f 1437 1438 1420
f 1420 1438 1439
f 1420 1439 1440
f 1440 1441 1420
f 1420 1441 1442
f 1420 1442 1421
f 1443 1444 1432
f 1432 1444 1445
f 1432 1445 1433
f 1446 1447 1448
f 1448 1447 1449
f 1447 1450 1449
f 1449 1450 1451
f 1449 1451 1452
f 1453 1454 1448
f 1448 1454 1455
f 1448 1455 1446
f 1456 1457 1458
f 1456 1458 1448
f 1448 1458 1459
f 1448 1459 1453
f 1460 1461 1462
f 1462 1461 1463
f 1460 1464 1461
f 1461 1464 1465
f 1461 1465 1456
f 1456 1465 1466
f 1456 1466 1467
f 1467 1468 1456
f 1456 1468 1457
f 1469 1470 1471
f 1471 1470 1472
f 1471 1472 1473
f 1473 1474 1471
f 1471 1474 1475
f 1471 1475 1476
f 1476 1477 1471
f 1471 1477 1478
f 1471 1478 1461
f 1461 1478 1479
f 1461 1479 1463
f 1480 1481 1482
f 1481 1483 1482
f 1482 1483 1484
f 1482 1484 1485
f 1485 1486 1482
f 1482 1486 1487
f 1482 1487 1488
f 1488 1489 1482
f 1482 1489 1490
f 1482 1490 1491
f 1491 1492 1482
f 1482 1492 1493
f 1493 1494 1482
f 1482 1494 1495
f 1482 1495 1496
f 1496 1497 1482
f 1482 1497 1498
f 1482 1498 1003
f 1003 1498 1499
f 1003 1499 1004
f 1500 1501 1502
f 1502 1501 1503
f 1503 1504 1502
f 1502 1504 1505
f 1502 1505 1506
f 1506 1507 1502
f 1502 1507 1508
f 1502 1508 1509
f 1509 1510 1502
f 1502 1510 1511
f 1502 1511 1512
f 1512 1513 1502
f 1502 1513 1514
f 1502 1514 1515
f 1515 1516 1517
f 1517 1516 1518
f 1517 1518 1519
f 1517 1519 1520
f 1517 1520 1521
f 1521 1522 1517
f 1517 1522 1523
f 1517 1523 1524
f 1524 1525 1517
f 1517 1525 1526
f 1517 1526 1527
f 1527 1528 1517
f 1517 1528 1529
f 1517 1529 1482
f 1482 1529 1530
f 1482 1530 1480
f 1531 1532 1502
f 1502 1532 1533
f 1502 1533 1534
f 1534 1535 1502
f 1502 1535 1536
f 1502 1536 1500
f 1537 1538 1539
f 1540 1541 1539
f 1539 1541 1542
f 1539 1542 1543
f 1543 1544 1539
f 1539 1544 1545
f 1539 1545 1546
f 1546 1547 1539
f 1539 1547 1548
f 1539 1548 1549
f 1549 1550 1539
f 1539 1550 1551
f 1539 1551 1552
f 1552 1553 1539
f 1539 1553 1554
f 1539 1554 1555
f 1555 1556 1539
f 1539 1556 1557
f 1539 1557 1537
f 1558 1559 1560
f 1560 1559 1539
f 1560 1539 1561
f 1561 1539 1538
f 1562 1563 1564
f 1562 1564 1540
f 1540 1564 1565
f 1540 1565 1566
f 1566 1567 1540
f 1540 1567 1568
f 1540 1568 1569
f 1569 1570 1540
f 1540 1570 1571
f 1540 1571 1572
f 1572 1573 1540
f 1540 1573 1574
f 1540 1574 1541
f 1575 1576 1562
f 1562 1576 1577
f 1562 1577 1563
f 1578 1579 1580
f 1578 1580 1581
f 1581 1580 1582
f 1581 1582 1583
f 1583 1584 1581
f 1581 1584 1585
f 1581 1585 1575
f 1586 1587 1578
f 1578 1587 1588
f 1578 1588 1579
f 1589 1590 1591
f 1591 1590 1592
f 1591 1592 1593
f 1593 1594 1591
f 1591 1594 1595
f 1591 1595 1578
f 1578 1595 1596
f 1578 1596 1586
f 1000 1597 1001
f 1001 1597 1598
f 1001 1598 1599
f 1599 1600 1001
f 1001 1600 1601
f 1001 1601 1591
f 1591 1601 1602
f 1591 1602 1589
f 1603 1604 1605
f 1605 1604 1606
f 1605 1606 1607
f 1607 1608 1605
f 1605 1608 1609
f 1605 1609 1001
f 1001 1609 999
f 1610 1611 1612
f 1395 1613 1379
f 1379 1613 1614
f 1379 1614 1612
f 1612 1614 1615
f 1612 1615 1610
f 1611 1616 1612
f 1612 1616 1617
f 1612 1617 1618
f 1618 1619 1612
f 1612 1619 1620
f 1612 1620 1621
f 1621 1622 1612
f 1612 1622 1623
f 1612 1623 1624
f 1624 1625 1612
f 1612 1625 1626
f 1612 1626 1627
f 1627 1626 1628
f 1627 1628 1629
f 1630 1631 1632
f 1632 1631 1633
f 1631 1634 1633
f 1633 1634 1635
f 1633 1635 1636
f 1636 1637 1633
f 1633 1637 1638
f 1633 1638 1639
f 1639 1640 1633
f 1633 1640 1641
f 1633 1641 1642
f 1642 1643 1633
f 1633 1643 1644
f 1644 1645 1633
f 1633 1645 1646
f 1633 1646 1647
f 1647 1648 1633
f 1633 1648 1649
f 1633 1649 1650
f 1650 1651 1633
f 1633 1651 1652
f 1633 1652 1653
f 997 983 1654
f 1655 1656 983
f 1656 1657 983
f 983 1657 1658
f 983 1658 1659
f 1659 1660 983
f 983 1660 1661
f 983 1661 1662
f 1662 1663 983
f 983 1663 1664
f 983 1664 1665
f 1665 1666 983
f 983 1666 1667
f 983 1667 1654
f 1668 1669 1632
f 1669 1670 1632
f 1632 1670 1671
f 1632 1671 1672
f 1672 1673 1632
f 1632 1673 1674
f 1632 1674 1675
f 1675 1676 1632
f 1632 1676 1677
f 1632 1677 1630
f 1678 1679 1680
f 1680 1679 1681
f 1680 1681 1632
f 1632 1681 1682
f 1632 1682 1668
f 1683 1684 1685
f 1685 1684 1686
f 1685 1686 1687
f 1683 1688 1684
f 1684 1688 1689
f 1684 1689 1690
f 1690 1691 1684
f 1684 1691 1692
f 1684 1692 1693
f 1694 1695 1686
f 1696 1697 1698
f 1698 1697 1699
f 1698 1699 1686
f 1686 1699 1700
f 1686 1700 1694
f 1695 1701 1686
f 1686 1701 1702
f 1686 1702 1687
f 1703 1704 1698
f 1698 1704 1705
f 1698 1705 1696
f 1706 1707 1708
f 1708 1707 1709
f 1709 1710 1708
f 1708 1710 1711
f 1708 1711 1698
f 1698 1711 1712
f 1698 1712 1703
f 1713 1714 1715
f 1715 1714 1716
f 1715 1716 1717
f 1717 1718 1715
f 1715 1718 1719
f 1715 1719 1708
f 1708 1719 1720
f 1708 1720 1706
f 1721 1722 1723
f 1723 1722 1724
f 1723 1724 1725
f 1725 1726 1723
f 1723 1726 1727
f 1723 1727 1728
f 1728 1729 1723
f 1723 1729 1730
f 1723 1730 996
f 996 1730 1731
f 996 1731 994
f 1732 1733 1734
f 1734 1733 1735
f 1735 1736 1734
f 1734 1736 1737
f 1734 1737 1738
f 1738 1739 1734
f 1734 1739 1740
f 1734 1740 1741
f 1741 1742 1734
f 1734 1742 1743
f 1734 1743 1744
f 1744 1745 1734
f 1734 1745 1746
f 1734 1746 1747
f 1747 1748 1734
f 1734 1748 1749
f 1734 1749 1750
f 1750 1751 1734
f 1734 1751 1752
f 1734 1752 1753
f 1753 1754 1734
f 1734 1754 1755
f 1734 1755 1723
f 1723 1755 1756
f 1723 1756 1721
f 1757 1758 1759
f 1757 1759 1760
f 1758 1761 1759
f 1759 1761 1762
f 1759 1762 1763
f 1763 1762 1764
f 1765 1766 1767
f 1767 1766 1768
f 1767 1768 1769
f 1769 1770 1767
f 1767 1770 1771
f 1771 1772 1767
f 1767 1772 1773
f 1767 1773 1774
f 1774 1775 1767
f 1767 1775 1776
f 1767 1776 1777
f 1777 1778 1767
f 1767 1778 1779
f 1767 1779 1759
f 1759 1779 1780
f 1780 1781 1759
f 1759 1781 1782
f 1759 1782 1783
f 1783 1784 1759
f 1759 1784 1785
f 1759 1785 1786
f 1786 1787 1759
f 1759 1787 1788
f 1759 1788 1789
f 1789 1790 1759
f 1759 1790 1791
f 1759 1791 1792
f 1792 1793 1759
f 1759 1793 1794
f 1759 1794 1760
f 1795 1796 927
f 1795 927 1797
f 1796 1798 927
f 927 1798 1799
f 927 1799 1800
f 1800 1801 927
f 927 1801 1802
f 927 1802 1803
f 1803 1804 927
f 927 1804 1805
f 927 1805 1806
f 1806 1807 927
f 927 1807 1808
f 1808 1809 927
f 927 1809 1810
f 927 1810 1811
f 1812 1813 1814
f 1814 1813 1815
f 993 992 929
f 929 992 1816
f 929 1816 1817
f 1817 1818 929
f 929 1818 1819
f 929 1819 1820
f 1820 1821 929
f 929 1821 1822
f 929 1822 1823
f 993 1824 1825
f 1825 1826 993
f 993 1826 1827
f 993 1827 1828
f 1828 1829 993
f 993 1829 1830
f 993 1830 991
f 1831 1832 1824
f 1824 1832 1833
f 1824 1833 1825
f 1834 1835 1836
f 1836 1835 1837
f 1834 1838 1835
f 1835 1838 1839
f 1835 1839 1824
f 1824 1839 1840
f 1824 1840 1831
f 990 1841 1842
f 1842 1841 1843
f 1842 1843 1844
f 1844 1845 1842
f 1842 1845 1846
f 1842 1846 1835
f 1835 1846 1847
f 1835 1847 1837
f 989 1848 990
f 990 1848 1849
f 990 1849 1841
f 1850 1851 1852
f 1852 1853 1850
f 1850 1853 1854
f 1850 1854 1855
f 1855 1856 1850
f 1850 1856 1857
f 1850 1857 1858
f 986 1859 987
f 987 1859 1860
f 987 1860 1861
f 1861 1862 987
f 987 1862 1863
f 987 1863 1864
f 1864 1865 987
f 987 1865 1866
f 987 1866 1867
f 1867 1868 987
f 987 1868 1869
f 987 1869 1851
f 998 1870 983
f 983 1870 1871
f 983 1871 1872
f 1872 1873 983
f 983 1873 1874
f 983 1874 984
f 984 1874 1875
f 984 1875 1876
f 1876 1877 984
f 984 1877 1878
f 1878 1879 984
f 984 1879 1880
f 984 1880 1881
f 1881 1882 984
f 984 1882 1883
f 1633 1884 1632
f 1632 1884 1684
f 1632 1684 1680
f 1680 1684 1693
f 1680 1693 1678
f 1653 1655 1633
f 1633 1655 983
f 1633 983 1885
f 1885 983 982
f 1885 982 1886
f 1887 1888 1889
f 1890 1891 1892
f 1893 980 1894
f 1894 980 979
f 1894 979 1895
f 1896 1897 1898
f 1886 1899 1900
f 1900 1899 1901
f 1900 1901 1902
f 1902 1901 1903
f 1902 1903 1093
f 1093 1903 1904
f 1093 1904 1091
f 1091 1904 1095
f 1091 1095 1089
f 1089 1095 1094
f 1089 1094 1087
f 1905 1906 1907
f 1907 1906 1908
f 1907 1908 1909
f 1909 1908 1910
f 1909 1910 1911
f 1911 1910 1912
f 1911 1912 1913
f 1913 1912 1914
f 1913 1914 1915
f 1915 1914 1916
f 1915 1916 1917
f 1917 1916 1101
f 1917 1101 1918
f 1918 1101 1102
f 1918 1102 1919
f 1920 1921 1922
f 1922 1921 1923
f 1922 1923 1924
f 1924 1923 1925
f 1924 1925 1926
f 1926 1925 1927
f 1926 1927 1928
f 1928 1927 1929
f 1928 1929 1930
f 1930 1929 1931
f 1930 1931 1932
f 1932 1931 1933
f 1932 1933 1934
f 1934 1933 1935
f 1936 1896 1937
f 1937 1896 1898
f 1937 1898 1938
f 1938 1898 975
f 1938 975 978
f 978 975 974
f 978 974 976
f 1939 1940 1941
f 1941 1940 1942
f 1941 1942 1943
f 1943 1942 1944
f 1943 1944 1945
f 1946 1947 1948
f 1940 977 1942
f 1942 977 976
f 1942 976 1944
f 1944 976 974
f 1944 974 1945
f 1945 974 973
f 1945 973 1947
f 1949 1950 1951
f 1952 1953 1951
f 1951 1953 1946
f 1951 1946 1949
f 1949 1946 1948
f 1949 1948 1954
f 1955 1956 1957
f 1957 1956 1958
f 1957 1958 1959
f 1959 1958 1960
f 1959 1960 1961
f 1961 1960 1962
f 1961 1962 1963
f 1963 1962 1964
f 1963 1964 1965
f 1965 1964 1966
f 1965 1966 1967
f 1968 1969 1970
f 1970 1969 1971
f 1970 1971 1972
f 1972 1971 1973
f 1972 1973 1974
f 1105 1968 1103
f 1103 1968 1970
f 1103 1970 1109
f 1109 1970 1972
f 1109 1972 1107
f 1107 1972 1974
f 1107 1974 1114
f 1947 973 1948
f 1948 973 975
f 1948 975 1954
f 1954 975 1898
f 1954 1898 1949
f 1949 1898 1897
f 1949 1897 1950
f 1975 1976 1936
f 1977 1978 1979
f 1977 1979 1980
f 1978 1977 1981
f 1981 1977 1982
f 1981 1982 1983
f 1984 1123 1983
f 1983 1123 966
f 1983 966 1981
f 1981 966 968
f 1981 968 1978
f 1978 968 1985
f 1978 1985 1979
f 970 1986 972
f 972 1986 1987
f 972 1987 1988
f 1988 1987 1989
f 1988 1989 1990
f 1984 1983 1991
f 1991 1983 1982
f 1991 1982 1129
f 1129 1982 1977
f 1129 1977 1127
f 1127 1977 1980
f 1127 1980 1992
f 1992 1980 1993
f 1992 1993 1994
f 1985 969 1979
f 1979 969 971
f 1979 971 1980
f 1980 971 972
f 1980 972 1993
f 1993 972 1988
f 1993 1988 1994
f 1994 1988 1990
f 1994 1990 1995
f 1995 1990 1996
f 1995 1996 1997
f 1997 1996 1998
f 1997 1998 1145
f 1145 1998 1999
f 1145 1999 1143
f 1143 1999 2000
f 1143 2000 1141
f 1144 1140 1145
f 1145 1140 1139
f 1145 1139 1997
f 1997 1139 1136
f 1997 1136 1995
f 1995 1136 1135
f 1995 1135 1994
f 1994 1135 1133
f 1994 1133 1992
f 1992 1133 1131
f 1992 1131 1127
f 1127 1131 1130
f 1127 1130 1128
f 1936 1976 1896
f 1896 1976 2001
f 1896 2001 1897
f 1897 2001 2002
f 1897 2002 1950
f 1950 2002 2003
f 1950 2003 1951
f 1951 2003 965
f 1951 965 1952
f 1952 965 964
f 1952 964 2004
f 2004 964 963
f 2004 963 2005
f 1969 1939 1971
f 1971 1939 1941
f 1971 1941 1973
f 1973 1941 1943
f 1973 1943 1974
f 1974 1943 1945
f 1974 1945 1114
f 1114 1945 1947
f 1114 1947 1121
f 1121 1947 1946
f 1121 1946 1120
f 1120 1946 1953
f 1120 1953 1118
f 1118 1953 1952
f 1118 1952 1116
f 1116 1952 2004
f 1126 2005 1124
f 1124 2005 963
f 1124 963 1122
f 1122 963 965
f 1122 965 967
f 967 965 2003
f 967 2003 968
f 968 2003 2002
f 968 2002 1985
f 1985 2002 2001
f 1985 2001 969
f 969 2001 1976
f 969 1976 970
f 970 1976 1975
f 970 1975 1986
f 2000 2006 1141
f 1141 2006 2007
f 1141 2007 1146
f 1146 2007 2008
f 1146 2008 1149
f 2009 2010 2011
f 2008 2012 1149
f 1149 2012 2013
f 1149 2013 1154
f 1154 2013 2014
f 1154 2014 1152
f 1152 2014 2015
f 1152 2015 2016
f 2016 2015 2017
f 2016 2017 2018
f 1055 1153 1056
f 1056 1153 1152
f 1056 1152 1057
f 1057 1152 2016
f 1057 2016 2019
f 2019 2016 2018
f 2019 2018 962
f 2020 2021 2010
f 2010 2021 2022
f 2010 2022 2011
f 2011 2022 2023
f 2011 2023 2024
f 2025 1054 960
f 960 1054 1053
f 960 1053 962
f 962 1053 1052
f 962 1052 2019
f 2019 1052 2026
f 2019 2026 1057
f 1057 2026 2027
f 1057 2027 1055
f 2017 2009 2018
f 2018 2009 2011
f 2018 2011 962
f 962 2011 2024
f 962 2024 961
f 961 2024 2028
f 961 2028 959
f 2025 960 1050
f 1050 960 959
f 1050 959 956
f 956 959 958
f 956 958 954
f 2029 2030 2031
f 2032 952 2033
f 2033 952 951
f 2033 951 2034
f 2035 2036 2037
f 2037 2036 2038
f 2037 2038 2039
f 2039 2038 2040
f 2039 2040 2041
f 2041 2040 2042
f 2041 2042 2043
f 2043 2042 2044
f 2045 949 2046
f 2046 949 948
f 2046 948 2047
f 2048 950 2049
f 2049 950 949
f 2049 949 2050
f 2050 949 2045
f 2050 2045 2051
f 1402 2052 1404
f 1404 2052 2053
f 1404 2053 1420
f 1420 2053 1449
f 1420 1449 1432
f 1432 1449 1452
f 1432 1452 1443
f 2054 1379 2055
f 2055 1379 1612
f 2055 1612 2056
f 2056 1612 1627
f 2056 1627 1605
f 1605 1627 1629
f 1605 1629 1603
f 2057 1040 2058
f 2058 1040 1042
f 2058 1042 945
f 945 1042 1043
f 945 1043 946
f 2059 943 2060
f 2060 943 942
f 2060 942 941
f 2061 2062 2063
f 2063 2062 2048
f 2063 2048 2064
f 2064 2048 2049
f 2064 2049 2065
f 2065 2049 2050
f 2065 2050 2066
f 2066 2050 2051
f 2066 2051 2067
f 2068 2069 2070
f 2070 2069 2071
f 2070 2071 2072
f 941 940 2060
f 2060 940 1039
f 2060 1039 2059
f 2073 2061 2074
f 2074 2061 2063
f 2074 2063 2075
f 2075 2063 2064
f 2076 2073 2077
f 2077 2073 2074
f 2077 2074 2078
f 2078 2074 2075
f 2078 2075 2079
f 2079 2075 2064
f 2079 2064 2080
f 2080 2064 2065
f 2080 2065 2081
f 2081 2065 2066
f 2081 2066 1402
f 1402 2066 2067
f 1402 2067 2052
f 2082 2076 2083
f 2083 2076 2077
f 2083 2077 2084
f 2084 2077 2078
f 2084 2078 2085
f 2085 2078 2079
f 2085 2079 2086
f 2086 2079 2080
f 939 2087 2088
f 2088 2087 2089
f 2088 2089 2090
f 2090 2089 2091
f 2090 2091 1037
f 1037 2091 2092
f 1037 2092 1035
f 1035 2092 2093
f 1036 1164 1037
f 1037 1164 1165
f 1037 1165 2090
f 2090 1165 1166
f 2090 1166 2088
f 2088 1166 1167
f 2088 1167 939
f 939 1167 2094
f 939 2094 940
f 940 2094 2095
f 940 2095 1038
f 2096 2097 936
f 936 2097 2098
f 936 2098 937
f 937 2098 2093
f 937 2093 938
f 938 2093 2092
f 938 2092 2099
f 2099 2092 2091
f 2099 2091 2100
f 2100 2091 2089
f 2100 2089 2101
f 2101 2089 2087
f 2101 2087 2068
f 2068 2087 939
f 2068 939 2069
f 2069 939 941
f 2069 941 2071
f 2071 941 942
f 2071 942 2072
f 2072 942 944
f 2072 944 2102
f 2103 2082 2104
f 2104 2082 2083
f 2104 2083 2105
f 2105 2083 2084
f 2105 2084 2106
f 2106 2084 2085
f 2106 2085 2107
f 2107 2085 2086
f 2107 2086 2108
f 2108 2086 2080
f 2108 2080 2109
f 2109 2080 2081
f 2109 2081 2110
f 2110 2081 1402
f 2110 1402 1365
f 1365 1402 1413
f 1365 1413 1414
f 2111 2112 2113
f 2113 2112 2114
f 2113 2114 2115
f 2115 2114 2116
f 2115 2116 2117
f 2117 2116 2118
f 2117 2118 2119
f 2119 2118 2120
f 2119 2120 2121
f 2121 2120 2122
f 2121 2122 2123
f 2123 2122 2124
f 2123 2124 2125
f 2125 2124 2126
f 2125 2126 2127
f 2128 1171 2129
f 2129 1171 1173
f 2129 1173 2130
f 2130 1173 1175
f 2130 1175 2131
f 2131 1175 1176
f 2131 1176 2132
f 2132 1176 1033
f 2132 1033 2133
f 2133 1033 1032
f 2133 1032 2134
f 2134 1032 1168
f 2134 1168 2135
f 2135 1168 1170
f 2135 1170 2136
f 2137 2103 2138
f 2138 2103 2104
f 2138 2104 2139
f 2139 2104 2105
f 2139 2105 2140
f 2140 2105 2106
f 2140 2106 2141
f 2141 2106 2107
f 2141 2107 2142
f 2142 2107 2108
f 2142 2108 2143
f 2143 2108 2109
f 2112 2096 2114
f 2114 2096 936
f 2114 936 2116
f 2116 936 938
f 2116 938 2118
f 2118 938 2099
f 2118 2099 2120
f 2120 2099 2100
f 2120 2100 2122
f 2122 2100 2101
f 2122 2101 2124
f 2124 2101 2068
f 2124 2068 2126
f 2126 2068 2070
f 2126 2070 2127
f 2127 2070 2072
f 2127 2072 2144
f 2144 2072 2102
f 2144 2102 2145
f 2146 2111 2137
f 2137 2111 2113
f 2137 2113 2103
f 2103 2113 2115
f 2103 2115 2082
f 2082 2115 2117
f 2082 2117 2076
f 2076 2117 2119
f 2076 2119 2073
f 2073 2119 2121
f 2073 2121 2061
f 2061 2121 2123
f 2061 2123 2062
f 2062 2123 2125
f 2062 2125 2048
f 2048 2125 2127
f 2048 2127 950
f 950 2127 2144
f 950 2144 948
f 948 2144 2145
f 948 2145 2047
f 1376 1379 1365
f 1365 1379 2054
f 1365 2054 2110
f 2110 2054 2128
f 2110 2128 2109
f 2109 2128 2129
f 2109 2129 2143
f 2143 2129 2130
f 2143 2130 2142
f 2142 2130 2131
f 2142 2131 2141
f 2141 2131 2132
f 2141 2132 2140
f 2140 2132 2133
f 2140 2133 2139
f 2139 2133 2134
f 2139 2134 2138
f 2138 2134 2135
f 2138 2135 2137
f 2137 2135 2136
f 2137 2136 2146
f 2147 2148 2149
f 2149 2148 2150
f 2149 2150 2151
f 2152 2153 2147
f 2147 2149 2152
f 2152 2149 2151
f 2152 2151 2154
f 2155 2156 2157
f 2157 2156 2158
f 2157 2158 2159
f 2158 2160 2159
f 2159 2160 2161
f 2159 2161 2162
f 2150 2155 2151
f 2151 2155 2157
f 2151 2157 2154
f 2154 2157 2159
f 2154 2159 2163
f 2163 2159 2162
f 2163 2162 2164
f 2164 2162 2165
f 2164 2165 2166
f 2161 2167 2162
f 2162 2167 2168
f 2162 2168 2165
f 2165 2168 2169
f 2165 2169 2170
f 2171 1023 2148
f 2148 1023 1025
f 2148 1025 2150
f 2150 1025 2172
f 2150 2172 2155
f 2155 2172 2173
f 2155 2173 2156
f 2156 2173 2174
f 2156 2174 2158
f 2158 2174 2175
f 2158 2175 2160
f 2160 2175 2176
f 2160 2176 2161
f 2161 2176 2177
f 2161 2177 2167
f 2167 2177 2178
f 2167 2178 2168
f 2168 2178 2179
f 2168 2179 2169
f 2180 2181 2182
f 2182 2181 2183
f 957 959 2184
f 2184 959 2028
f 2184 2028 2185
f 2185 2028 2024
f 2185 2024 2186
f 2186 2024 2023
f 2186 2023 2187
f 2187 2023 2022
f 2187 2022 2188
f 2188 2022 2021
f 2188 2021 2180
f 2180 2021 2020
f 2180 2020 2181
f 2179 2189 2169
f 2169 2189 2190
f 2169 2190 2170
f 2170 2190 2191
f 2170 2191 2192
f 2166 2165 2193
f 2193 2165 2170
f 2193 2170 933
f 933 2170 2192
f 933 2192 934
f 2194 2195 2196
f 2196 2195 2197
f 2196 2197 2198
f 2198 2197 2199
f 2198 2199 2200
f 2200 2199 2201
f 2200 2201 2202
f 2202 2201 2203
f 2202 2203 2204
f 2204 2203 2205
f 2204 2205 2206
f 2206 2205 2207
f 2206 2207 2208
f 2208 2207 2209
f 2208 2209 2210
f 2210 2209 2211
f 2210 2211 2212
f 2212 2211 2213
f 2212 2213 2214
f 2214 2213 2215
f 2214 2215 2216
f 2216 2215 2217
f 2216 2217 2218
f 2218 2217 2219
f 2218 2219 2220
f 2220 2219 2221
f 2220 2221 2222
f 2222 2221 2223
f 2222 2223 2224
f 1043 1044 946
f 946 1044 1046
f 946 1046 947
f 947 1046 1159
f 947 1159 2225
f 2225 1159 2226
f 2225 2226 2227
f 2227 2226 2228
f 2227 2228 2229
f 2229 2228 2230
f 2229 2230 2231
f 2231 2230 2232
f 2231 2232 2233
f 2233 2232 2234
f 2233 2234 2235
f 2235 2234 2236
f 2235 2236 2237
f 2237 2236 2238
f 2237 2238 2239
f 2239 2238 2240
f 2239 2240 2241
f 2241 2240 2242
f 2241 2242 2224
f 2224 2242 935
f 2224 935 2222
f 2222 935 934
f 2222 934 2220
f 2220 934 2192
f 2220 2192 2218
f 2218 2192 2191
f 2218 2191 2216
f 2216 2191 2190
f 2216 2190 2214
f 2214 2190 2189
f 2214 2189 2212
f 2212 2189 2179
f 2212 2179 2210
f 2210 2179 2178
f 2210 2178 2208
f 2208 2178 2177
f 2208 2177 2206
f 2206 2177 2176
f 2206 2176 2204
f 2204 2176 2175
f 2204 2175 2202
f 2202 2175 2174
f 2202 2174 2200
f 2200 2174 2173
f 2200 2173 2198
f 2198 2173 2172
f 2198 2172 2196
f 2196 2172 1025
f 2196 1025 2194
f 2194 1025 1024
f 1157 2243 1158
f 1158 2243 1048
f 1158 1048 1159
f 1159 1048 1047
f 1159 1047 2226
f 2226 1047 955
f 2226 955 2228
f 2228 955 954
f 2228 954 2230
f 2230 954 958
f 2230 958 2232
f 2232 958 957
f 2232 957 2234
f 2234 957 2184
f 2234 2184 2236
f 2236 2184 2185
f 2236 2185 2238
f 2238 2185 2186
f 2238 2186 2240
f 2240 2186 2187
f 2240 2187 2242
f 2242 2187 2188
f 2242 2188 935
f 935 2188 2180
f 935 2180 933
f 933 2180 2182
f 933 2182 2193
f 2193 2182 2183
f 2193 2183 2166
f 1030 2244 1031
f 1031 2244 2245
f 1031 2245 2246
f 2246 2245 2247
f 2246 2247 2248
f 2248 2247 2249
f 2248 2249 2250
f 2250 2249 2251
f 2250 2251 2252
f 2252 2251 2253
f 2252 2253 2254
f 2254 2253 2255
f 2254 2255 2256
f 2256 2255 2257
f 2256 2257 2258
f 2258 2257 2259
f 2258 2259 2260
f 2260 2259 2261
f 2260 2261 2262
f 2262 2261 2263
f 2262 2263 2264
f 2264 2263 2265
f 2264 2265 2266
f 2266 2265 2267
f 2266 2267 2268
f 2268 2267 2269
f 2268 2269 2270
f 2270 2269 2271
f 2270 2271 2272
f 2272 2271 2273
f 2272 2273 2274
f 2274 2273 2275
f 2274 2275 2276
f 2277 2278 2279
f 2279 2278 2280
f 2279 2280 2281
f 2281 2280 2282
f 2281 2282 2283
f 2283 2282 2284
f 2283 2284 2285
f 2285 2284 2286
f 2285 2286 2287
f 2287 2286 2288
f 2287 2288 2289
f 2289 2288 2290
f 2289 2290 2291
f 2291 2290 2292
f 2291 2292 2293
f 2293 2292 2294
f 2293 2294 2295
f 2295 2294 2296
f 2295 2296 2297
f 2297 2296 2298
f 2297 2298 2299
f 2299 2298 2300
f 2299 2300 2301
f 2301 2300 2302
f 2301 2302 2303
f 2303 2302 1256
f 2303 1256 1253
f 1253 1256 1258
f 1253 1258 1254
f 2304 2034 2276
f 2276 2034 951
f 2276 951 2274
f 2274 951 953
f 2274 953 2272
f 2272 953 2305
f 2272 2305 2270
f 2270 2305 2306
f 2270 2306 2268
f 2268 2306 2307
f 2268 2307 2266
f 2266 2307 2308
f 2266 2308 2264
f 2264 2308 2309
f 2264 2309 2262
f 2262 2309 2310
f 2262 2310 2260
f 2260 2310 2311
f 2260 2311 2258
f 2258 2311 2312
f 2258 2312 2256
f 2256 2312 2313
f 2256 2313 2254
f 2254 2313 2314
f 2254 2314 2252
f 2252 2314 2315
f 2252 2315 2250
f 2250 2315 2316
f 2250 2316 2248
f 2248 2316 2317
f 2248 2317 2246
f 2246 2317 2318
f 2246 2318 1031
f 1031 2318 1028
f 1031 1028 1029
f 1029 1028 1027
f 2319 2277 2320
f 2320 2277 2279
f 2320 2279 2321
f 2321 2279 2281
f 2321 2281 2322
f 2322 2281 2283
f 2322 2283 2323
f 2323 2283 2285
f 2323 2285 2324
f 2324 2285 2287
f 2324 2287 2325
f 2325 2287 2289
f 2325 2289 2326
f 2326 2289 2291
f 2326 2291 2327
f 2327 2291 2293
f 2327 2293 2328
f 2328 2293 2295
f 2328 2295 2329
f 2329 2295 2297
f 2329 2297 2330
f 2330 2297 2299
f 2330 2299 2331
f 2331 2299 2301
f 2331 2301 2332
f 2332 2301 2303
f 2332 2303 2333
f 2333 2303 1253
f 2333 1253 2334
f 2334 1253 1255
f 2334 1255 2335
f 2030 2319 2031
f 2031 2319 2320
f 2031 2320 2336
f 2336 2320 2321
f 2336 2321 2337
f 2337 2321 2322
f 2337 2322 2338
f 2338 2322 2323
f 2338 2323 2339
f 2339 2323 2324
f 2339 2324 2340
f 2340 2324 2325
f 2340 2325 2341
f 2341 2325 2326
f 2341 2326 2342
f 2342 2326 2327
f 2342 2327 2343
f 2343 2327 2328
f 2343 2328 2344
f 2344 2328 2329
f 2344 2329 2345
f 2345 2329 2330
f 2345 2330 2346
f 2346 2330 2331
f 2346 2331 2347
f 2347 2331 2332
f 2347 2332 2348
f 2348 2332 2333
f 2348 2333 2349
f 2349 2333 2334
f 2349 2334 1250
f 1250 2334 2335
f 1250 2335 1251
f 1246 1245 1248
f 1248 1245 2350
f 1248 2350 2351
f 2351 2350 2352
f 2351 2352 2353
f 2353 2352 2354
f 2353 2354 2355
f 2355 2354 2356
f 2355 2356 2357
f 2357 2356 2358
f 2357 2358 2359
f 2359 2358 2360
f 2359 2360 2361
f 2361 2360 2362
f 2361 2362 2363
f 2363 2362 2364
f 2363 2364 2365
f 2365 2364 2366
f 2365 2366 2367
f 2367 2366 2368
f 2367 2368 2369
f 2369 2368 2370
f 2369 2370 2371
f 2371 2370 2372
f 2371 2372 2373
f 2373 2372 2374
f 2373 2374 2375
f 2375 2374 2376
f 2375 2376 2377
f 2377 2376 2378
f 2377 2378 2029
f 2029 2031 2377
f 2377 2031 2336
f 2377 2336 2375
f 2375 2336 2337
f 2375 2337 2373
f 2373 2337 2338
f 2373 2338 2371
f 2371 2338 2339
f 2371 2339 2369
f 2369 2339 2340
f 2369 2340 2367
f 2367 2340 2341
f 2367 2341 2365
f 2365 2341 2342
f 2365 2342 2363
f 2363 2342 2343
f 2363 2343 2361
f 2361 2343 2344
f 2361 2344 2359
f 2359 2344 2345
f 2359 2345 2357
f 2357 2345 2346
f 2357 2346 2355
f 2355 2346 2347
f 2355 2347 2353
f 2353 2347 2348
f 2353 2348 2351
f 2351 2348 2349
f 2351 2349 1248
f 1248 2349 1250
f 1248 1250 1249
f 1249 1250 1252
f 1249 1252 1246
f 2244 1257 2245
f 2245 1257 1256
f 2245 1256 2247
f 2247 1256 2302
f 2247 2302 2249
f 2249 2302 2300
f 2249 2300 2251
f 2251 2300 2298
f 2251 2298 2253
f 2253 2298 2296
f 2253 2296 2255
f 2255 2296 2294
f 2255 2294 2257
f 2257 2294 2292
f 2257 2292 2259
f 2259 2292 2290
f 2259 2290 2261
f 2261 2290 2288
f 2261 2288 2263
f 2263 2288 2286
f 2263 2286 2265
f 2265 2286 2284
f 2265 2284 2267
f 2267 2284 2282
f 2267 2282 2269
f 2269 2282 2280
f 2269 2280 2271
f 2271 2280 2278
f 2271 2278 2273
f 2273 2278 2277
f 2273 2277 2275
f 2275 2277 2319
f 2275 2319 2276
f 2276 2319 2030
f 2276 2030 2304
f 2304 2030 2029
f 2304 2029 2379
f 2379 2029 2378
f 1515 1517 1502
f 1502 1517 2380
f 1502 2380 2381
f 2381 2380 2382
f 2381 2382 2383
f 2383 2382 2384
f 2383 2384 2385
f 2385 2384 2386
f 2385 2386 2387
f 2387 2386 2388
f 2387 2388 2389
f 2389 2388 2390
f 2389 2390 2391
f 2391 2390 2392
f 2391 2392 2393
f 2393 2392 2394
f 2393 2394 2395
f 2395 2394 2396
f 2395 2396 2397
f 2397 2396 2398
f 2397 2398 2399
f 2399 2398 1238
f 2399 1238 2400
f 2400 1238 1239
f 2400 1239 1234
f 1243 1242 2401
f 2401 1242 2402
f 2401 2402 2403
f 2403 2402 2404
f 2403 2404 2405
f 2405 2404 2406
f 2405 2406 2407
f 2407 2406 2408
f 2407 2408 2409
f 2409 2408 2410
f 2409 2410 2411
f 2411 2410 2412
f 2411 2412 2413
f 2413 2412 2414
f 2413 2414 2415
f 2415 2414 2416
f 2415 2416 2417
f 2417 2416 2418
f 2417 2418 2419
f 2419 2418 2420
f 2419 2420 2421
f 2421 2420 2422
f 2421 2422 2423
f 2423 2422 2424
f 2423 2424 2425
f 2425 2424 2426
f 2425 2426 2427
f 2427 2426 2428
f 2427 2428 2429
f 2429 2428 2430
f 2429 2430 2431
f 2431 2430 2432
f 2431 2432 2433
f 2433 2432 2434
f 2433 2434 2035
f 2035 2434 2435
f 2035 2435 2036
f 1236 1238 1240
f 1240 1238 2398
f 1240 2398 2436
f 2436 2398 2396
f 2436 2396 2437
f 2437 2396 2394
f 2437 2394 2438
f 2438 2394 2392
f 2438 2392 2439
f 2439 2392 2390
f 2439 2390 2440
f 2440 2390 2388
f 2440 2388 2441
f 2441 2388 2386
f 2441 2386 2442
f 2442 2386 2384
f 2442 2384 2443
f 2443 2384 2382
f 2443 2382 2444
f 2444 2382 2380
f 2444 2380 2445
f 2445 2380 1517
f 2445 1517 2446
f 2446 1517 1482
f 2446 1482 2447
f 2447 1482 1003
f 2447 1003 1471
f 1471 1003 1002
f 1471 1002 1469
f 2047 2044 2046
f 2046 2044 2042
f 2046 2042 2045
f 2045 2042 2040
f 2045 2040 2051
f 2051 2040 2038
f 2051 2038 2067
f 2067 2038 2036
f 2067 2036 2052
f 2052 2036 2435
f 2052 2435 2053
f 2053 2435 2434
f 2053 2434 1449
f 1449 2434 2432
f 1449 2432 1448
f 1448 2432 2430
f 1448 2430 1456
f 1456 2430 2428
f 1456 2428 1461
f 1461 2428 2426
f 1461 2426 1471
f 1471 2426 2424
f 1471 2424 2447
f 2447 2424 2422
f 2447 2422 2446
f 2446 2422 2420
f 2446 2420 2445
f 2445 2420 2418
f 2445 2418 2444
f 2444 2418 2416
f 2444 2416 2443
f 2443 2416 2414
f 2443 2414 2442
f 2442 2414 2412
f 2442 2412 2441
f 2441 2412 2410
f 2441 2410 2440
f 2440 2410 2408
f 2440 2408 2439
f 2439 2408 2406
f 2439 2406 2438
f 2438 2406 2404
f 2438 2404 2437
f 2437 2404 2402
f 2437 2402 2436
f 2436 2402 1242
f 2436 1242 1240
f 1240 1242 1244
f 1240 1244 1241
f 1234 1233 2400
f 2400 1233 2448
f 2400 2448 2399
f 2399 2448 2449
f 2399 2449 2397
f 2397 2449 2450
f 2397 2450 2395
f 2395 2450 2451
f 2395 2451 2393
f 2393 2451 2452
f 2393 2452 2391
f 2391 2452 2453
f 2391 2453 2389
f 2389 2453 2454
f 2389 2454 2387
f 2387 2454 2455
f 2387 2455 2385
f 2385 2455 2456
f 2385 2456 2383
f 2383 2456 2457
f 2383 2457 2381
f 2381 2457 1559
f 2381 1559 1502
f 1502 1559 1558
f 1502 1558 1531
f 2458 1232 2459
f 2459 1232 1231
f 2459 1231 2460
f 2460 1231 1229
f 2460 1229 2461
f 2461 1229 1226
f 2461 1226 2462
f 2462 1226 1223
f 2462 1223 2463
f 2463 1223 1221
f 2463 1221 2464
f 2464 1221 1218
f 2464 1218 2465
f 2465 1218 1215
f 2465 1215 2466
f 2466 1215 1213
f 2466 1213 2467
f 2467 1213 1210
f 2467 1210 2468
f 2468 1210 1207
f 2468 1207 2469
f 2469 1207 1205
f 2469 1205 2470
f 2470 1205 1202
f 2470 1202 2471
f 2471 1202 1199
f 2471 1199 2472
f 2472 1199 1197
f 2472 1197 2473
f 2473 1197 1195
f 2473 1195 1581
f 1581 1195 1193
f 1581 1193 1578
f 1578 1193 1191
f 1578 1191 1591
f 1591 1191 1188
f 1591 1188 1001
f 1001 1188 1185
f 1001 1185 1605
f 1605 1185 1183
f 1605 1183 2056
f 2056 1183 1181
f 2056 1181 2055
f 2055 1181 1179
f 2055 1179 2054
f 2054 1179 1178
f 2054 1178 2128
f 2128 1178 2474
f 2128 2474 1171
f 1171 2474 2475
f 1171 2475 1172
f 1575 1562 1581
f 1581 1562 1540
f 1581 1540 2473
f 2473 1540 1539
f 2473 1539 2472
f 2472 1539 1559
f 2472 1559 2471
f 2471 1559 2457
f 2471 2457 2470
f 2470 2457 2456
f 2470 2456 2469
f 2469 2456 2455
f 2469 2455 2468
f 2468 2455 2454
f 2468 2454 2467
f 2467 2454 2453
f 2467 2453 2466
f 2466 2453 2452
f 2466 2452 2465
f 2465 2452 2451
f 2465 2451 2464
f 2464 2451 2450
f 2464 2450 2463
f 2463 2450 2449
f 2463 2449 2462
f 2462 2449 2448
f 2462 2448 2461
f 2461 2448 1233
f 2461 1233 2460
f 2460 1233 1235
f 2460 1235 2459
f 2043 2032 2041
f 2041 2032 2033
f 2041 2033 2039
f 2039 2033 2034
f 2039 2034 2037
f 2037 2034 2304
f 2037 2304 2035
f 2035 2304 2379
f 2035 2379 2433
f 2433 2379 2378
f 2433 2378 2431
f 2431 2378 2376
f 2431 2376 2429
f 2429 2376 2374
f 2429 2374 2427
f 2427 2374 2372
f 2427 2372 2425
f 2425 2372 2370
f 2425 2370 2423
f 2423 2370 2368
f 2423 2368 2421
f 2421 2368 2366
f 2421 2366 2419
f 2419 2366 2364
f 2419 2364 2417
f 2417 2364 2362
f 2417 2362 2415
f 2415 2362 2360
f 2415 2360 2413
f 2413 2360 2358
f 2413 2358 2411
f 2411 2358 2356
f 2411 2356 2409
f 2409 2356 2354
f 2409 2354 2407
f 2407 2354 2352
f 2407 2352 2405
f 2405 2352 2350
f 2405 2350 2403
f 2403 2350 1245
f 2403 1245 2401
f 2401 1245 1247
f 2401 1247 1243
f 1038 2057 1039
f 1039 2057 2058
f 1039 2058 2059
f 2059 2058 945
f 2059 945 943
f 943 945 947
f 943 947 944
f 944 947 2225
f 944 2225 2102
f 2102 2225 2227
f 2102 2227 2145
f 2145 2227 2229
f 2145 2229 2047
f 2047 2229 2231
f 2047 2231 2044
f 2044 2231 2233
f 2044 2233 2043
f 2043 2233 2235
f 2043 2235 2032
f 2032 2235 2237
f 2032 2237 952
f 952 2237 2239
f 952 2239 953
f 953 2239 2241
f 953 2241 2305
f 2305 2241 2224
f 2305 2224 2306
f 2306 2224 2223
f 2306 2223 2307
f 2307 2223 2221
f 2307 2221 2308
f 2308 2221 2219
f 2308 2219 2309
f 2309 2219 2217
f 2309 2217 2310
f 2310 2217 2215
f 2310 2215 2311
f 2311 2215 2213
f 2311 2213 2312
f 2312 2213 2211
f 2312 2211 2313
f 2313 2211 2209
f 2313 2209 2314
f 2314 2209 2207
f 2314 2207 2315
f 2315 2207 2205
f 2315 2205 2316
f 2316 2205 2203
f 2316 2203 2317
f 2317 2203 2201
f 2317 2201 2318
f 2318 2201 2199
f 2318 2199 1028
f 1028 2199 2197
f 1028 2197 1026
f 1026 2197 2195
f 1328 1013 1329
f 1329 1013 1012
f 1329 1012 2476
f 2476 1012 1322
f 2476 1322 2477
f 2477 1322 1324
f 2477 1324 2478
f 1352 1350 1353
f 1353 1350 1332
f 1353 1332 2479
f 2479 1332 1334
f 2479 1334 2480
f 2480 1334 1336
f 2480 1336 2481
f 2481 1336 1338
f 2481 1338 2482
f 2482 1338 1340
f 2482 1340 2483
f 2483 1340 1342
f 2483 1342 2484
f 2484 1342 1344
f 2484 1344 2485
f 2485 1344 1325
f 2485 1325 2486
f 2486 1325 1327
f 2486 1327 2487
f 2487 1327 1329
f 2487 1329 2488
f 2488 1329 2476
f 2488 2476 2489
f 2489 2476 2477
f 2489 2477 2490
f 2490 2477 2478
f 2490 2478 932
f 932 931 2490
f 2490 931 2491
f 2490 2491 2489
f 2489 2491 2492
f 2489 2492 2488
f 2488 2492 2493
f 2488 2493 2487
f 2487 2493 2494
f 2487 2494 2486
f 2486 2494 2495
f 2486 2495 2485
f 2485 2495 2496
f 2485 2496 2484
f 2484 2496 2497
f 2484 2497 2483
f 2483 2497 2498
f 2483 2498 2482
f 2482 2498 2499
f 2482 2499 2481
f 2481 2499 2500
f 2481 2500 2480
f 2480 2500 2501
f 2480 2501 2479
f 2479 2501 2502
f 2479 2502 1353
f 1353 2502 2503
f 1353 2503 1351
f 1009 1351 1010
f 1010 1351 2503
f 1010 2503 2504
f 2504 2503 2502
f 2504 2502 2505
f 2505 2502 2501
f 2505 2501 2506
f 2506 2501 2500
f 2506 2500 2507
f 2507 2500 2499
f 2507 2499 2508
f 2508 2499 2498
f 2508 2498 2509
f 2509 2498 2497
f 2509 2497 2510
f 2510 2497 2496
f 2510 2496 2511
f 2511 2496 2495
f 2511 2495 2512
f 2512 2495 2494
f 2512 2494 2513
f 2513 2494 2493
f 2513 2493 2514
f 2514 2493 2492
f 2514 2492 2515
f 2515 2492 2491
f 2515 2491 2516
f 2516 2491 931
f 2516 931 2517
f 2517 931 930
f 2517 930 2518
f 1021 1321 1022
f 1022 1321 1320
f 1022 1320 2519
f 2519 1320 1318
f 2519 1318 2520
f 2520 1318 1316
f 2520 1316 2521
f 2521 1316 1313
f 2521 1313 2522
f 2522 1313 1310
f 2522 1310 2523
f 2523 1310 1308
f 2523 1308 2524
f 2524 1308 1304
f 2524 1304 2525
f 2525 1304 1306
f 2525 1306 1297
f 1297 1306 2526
f 1297 2526 1298
f 2525 2527 2524
f 2524 2527 2528
f 2524 2528 2523
f 2523 2528 2529
f 2523 2529 2522
f 2522 2529 2530
f 2522 2530 2521
f 2521 2530 2531
f 2521 2531 2520
f 2520 2531 2532
f 2520 2532 2519
f 2519 2532 2533
f 2519 2533 1022
f 1022 2533 1019
f 1022 1019 1020
f 1020 1019 1018
f 1015 1017 1016
f 1016 1017 1019
f 1016 1019 2534
f 2534 1019 2533
f 2534 2533 2535
f 2535 2533 2532
f 2535 2532 2536
f 2536 2532 2531
f 2536 2531 2537
f 2537 2531 2530
f 2537 2530 2538
f 2538 2530 2529
f 2538 2529 2539
f 2539 2529 2528
f 2539 2528 2540
f 2540 2528 2527
f 2540 2527 2541
f 2541 2527 2525
f 1358 1354 1357
f 1357 1354 1010
f 1357 1010 2542
f 2542 1010 2504
f 2542 2504 2543
f 2543 2504 2505
f 2543 2505 2544
f 2544 2505 2506
f 2544 2506 2545
f 2545 2506 2507
f 2545 2507 2546
f 2546 2507 2508
f 2546 2508 2547
f 2547 2508 2509
f 2547 2509 2548
f 2548 2509 2510
f 2548 2510 2549
f 2549 2510 2511
f 2549 2511 2550
f 2550 2511 2512
f 2550 2512 2551
f 2551 2512 2513
f 2551 2513 2552
f 2552 2513 2514
f 2552 2514 2553
f 2553 2514 2515
f 2553 2515 2554
f 2554 2515 2516
f 2554 2516 2555
f 2555 2516 2517
f 2555 2517 2556
f 2556 2517 2518
f 2556 2518 2557
f 1355 1357 2558
f 2558 1357 2542
f 2558 2542 2559
f 2559 2542 2543
f 2559 2543 2560
f 2560 2543 2544
f 2560 2544 2561
f 2561 2544 2545
f 2561 2545 2562
f 2562 2545 2546
f 2562 2546 2563
f 2563 2546 2547
f 2563 2547 2564
f 2564 2547 2548
f 2564 2548 2565
f 2565 2548 2549
f 2565 2549 2566
f 2566 2549 2550
f 2566 2550 2567
f 2567 2550 2551
f 2567 2551 2568
f 2568 2551 2552
f 2568 2552 2569
f 2569 2552 2553
f 2569 2553 2570
f 2570 2553 2554
f 2570 2554 2571
f 2571 2554 2555
f 2571 2555 2572
f 2572 2555 2556
f 2572 2556 2573
f 2573 2556 2557
f 2573 2557 2574
f 2575 2576 2577
f 2578 2579 2580
f 2580 2579 2581
f 2580 2581 2582
f 2582 2581 2583
f 2582 2583 2584
f 2584 2583 2585
f 2584 2585 2586
f 2586 2585 2587
f 2586 2587 2588
f 2588 2587 2589
f 2588 2589 2590
f 2590 2589 2591
f 2590 2591 2592
f 2592 2591 2593
f 2592 2593 2594
f 2594 2593 2595
f 2594 2595 2596
f 2596 2595 2597
f 2596 2597 2598
f 2598 2597 2599
f 2598 2599 2600
f 2600 2599 2601
f 2600 2601 2602
f 2602 2601 2603
f 2602 2603 2604
f 2604 2603 2605
f 2604 2605 2606
f 2606 2605 2607
f 2606 2607 2608
f 2608 2607 2609
f 2608 2609 2610
f 2610 2609 2611
f 2610 2611 2612
f 2612 2611 2613
f 2612 2613 2614
f 2614 2613 2615
f 1261 2578 1259
f 1259 2578 2580
f 1259 2580 1263
f 1263 2580 2582
f 1263 2582 1269
f 1269 2582 2584
f 1269 2584 1270
f 1270 2584 2586
f 1270 2586 1273
f 1273 2586 2588
f 1273 2588 1276
f 1276 2588 2590
f 1276 2590 1278
f 1278 2590 2592
f 1278 2592 1280
f 1280 2592 2594
f 1280 2594 1284
f 1284 2594 2596
f 1284 2596 1282
f 1282 2596 2598
f 1282 2598 1291
f 1291 2598 2600
f 1291 2600 1289
f 1289 2600 2602
f 1289 2602 1287
f 1287 2602 2604
f 1287 2604 1294
f 1294 2604 2606
f 1294 2606 1301
f 1301 2606 2608
f 1301 2608 1299
f 1299 2608 2610
f 1299 2610 1297
f 1297 2610 2612
f 1297 2612 2525
f 2525 2612 2614
f 2525 2614 2541
f 1006 1356 1007
f 1007 1356 1355
f 1007 1355 2616
f 2616 1355 2558
f 2616 2558 2617
f 2617 2558 2559
f 2617 2559 2618
f 2618 2559 2560
f 2618 2560 2619
f 2619 2560 2561
f 2619 2561 2620
f 2620 2561 2562
f 2620 2562 2621
f 2621 2562 2563
f 2621 2563 2622
f 2622 2563 2564
f 2622 2564 2623
f 2623 2564 2565
f 2623 2565 2624
f 2624 2565 2566
f 2624 2566 2625
f 2625 2566 2567
f 2625 2567 2626
f 2626 2567 2568
f 2626 2568 2627
f 2627 2568 2569
f 2627 2569 2628
f 2628 2569 2570
f 2628 2570 2629
f 2629 2570 2571
f 2629 2571 2630
f 2630 2571 2572
f 2630 2572 2631
f 2631 2572 2573
f 2631 2573 2632
f 2632 2573 2574
f 2632 2574 2633
f 1361 1359 1362
f 1362 1359 1007
f 1362 1007 2634
f 2634 1007 2616
f 2634 2616 2635
f 2635 2616 2617
f 2635 2617 2636
f 2636 2617 2618
f 2636 2618 2637
f 2637 2618 2619
f 2637 2619 2638
f 2638 2619 2620
f 2638 2620 2639
f 2639 2620 2621
f 2639 2621 2640
f 2640 2621 2622
f 2640 2622 2641
f 2641 2622 2623
f 2641 2623 2642
f 2642 2623 2624
f 2642 2624 2643
f 2643 2624 2625
f 2643 2625 2644
f 2644 2625 2626
f 2644 2626 2645
f 2645 2626 2627
f 2645 2627 2646
f 2646 2627 2628
f 2646 2628 2647
f 2647 2628 2629
f 2647 2629 2648
f 2648 2629 2630
f 2648 2630 2649
f 2649 2630 2631
f 2649 2631 2650
f 2650 2631 2632
f 2650 2632 2651
f 2651 2632 2633
f 2651 2633 2576
f 1764 1732 1763
f 1763 1732 1734
f 1763 1734 2652
f 2652 1734 2653
f 2653 1734 1723
f 2653 1723 2654
f 2654 1723 996
f 2654 996 1715
f 1715 996 995
f 1715 995 1713
f 1092 2655 1093
f 1093 2655 2656
f 1093 2656 1902
f 1902 2656 2657
f 1902 2657 1900
f 1900 2657 2658
f 1900 2658 1886
f 1886 2658 1084
f 1886 1084 1885
f 1885 1084 1081
f 1885 1081 1633
f 1633 1081 1074
f 1633 1074 1884
f 1884 1074 1076
f 1884 1076 1684
f 1684 1076 1078
f 1684 1078 1686
f 1686 1078 1071
f 1686 1071 1698
f 1698 1071 1062
f 1698 1062 1708
f 1708 1062 1064
f 1708 1064 1715
f 1715 1064 1066
f 1715 1066 2654
f 2654 1066 1068
f 2654 1068 2653
f 2653 1068 1070
f 2653 1070 2652
f 1823 1815 929
f 929 1815 1813
f 929 1813 927
f 927 1813 1812
f 927 1812 1797
f 1858 988 1850
f 1850 988 990
f 1850 990 2659
f 2659 990 1842
f 2659 1842 2660
f 2660 1842 1835
f 2660 1835 2661
f 2661 1835 1824
f 2661 1824 2662
f 2662 1824 993
f 2662 993 2663
f 2663 993 929
f 2663 929 2664
f 2664 929 928
f 2664 928 2665
f 2666 2667 2668
f 2666 2668 2669
f 2669 2668 2670
f 2669 2670 2671
f 2671 2670 1889
f 2671 1889 2672
f 2672 1889 1888
f 2672 1888 2673
f 2674 2675 2676
f 2676 2675 2677
f 2676 2677 2678
f 2678 2677 2679
f 2678 2679 2680
f 2680 2679 1887
f 1887 1889 2680
f 2680 1889 2670
f 2680 2670 2678
f 2678 2670 2668
f 2678 2668 2676
f 2676 2668 2667
f 2676 2667 2674
f 926 925 2681
f 2681 925 2682
f 2681 2682 2683
f 2675 1893 2677
f 2677 1893 1894
f 2677 1894 2679
f 2679 1894 1895
f 2679 1895 1887
f 1887 1895 1892
f 1887 1892 1888
f 1888 1892 1891
f 1888 1891 2673
f 1851 1850 987
f 987 1850 2659
f 987 2659 1890
f 1890 2659 2660
f 1890 2660 1891
f 1891 2660 2661
f 1891 2661 2673
f 2673 2661 2662
f 2673 2662 2672
f 2672 2662 2663
f 2672 2663 2671
f 2671 2663 2664
f 2671 2664 2669
f 2669 2664 2665
f 2669 2665 2666
f 2576 2575 2651
f 2651 2575 2684
f 2651 2684 2650
f 2650 2684 2685
f 2650 2685 2649
f 2649 2685 2686
f 2649 2686 2648
f 2648 2686 2687
f 2648 2687 2647
f 2647 2687 2688
f 2647 2688 2646
f 2646 2688 2689
f 2646 2689 2645
f 2645 2689 2690
f 2645 2690 2644
f 2644 2690 2691
f 2644 2691 2643
f 2643 2691 2692
f 2643 2692 2642
f 2642 2692 2693
f 2642 2693 2641
f 2641 2693 2694
f 2641 2694 2640
f 2640 2694 2695
f 2640 2695 2639
f 2639 2695 2696
f 2639 2696 2638
f 2638 2696 2697
f 2638 2697 2637
f 2637 2697 2698
f 2637 2698 2636
f 2636 2698 2699
f 2636 2699 2635
f 2635 2699 2700
f 2635 2700 2634
f 2634 2700 2701
f 2634 2701 1362
f 1362 2701 2702
f 1362 2702 1360
f 2577 2703 2575
f 2575 2703 2704
f 2575 2704 2684
f 2684 2704 2705
f 2684 2705 2685
f 2685 2705 2706
f 2685 2706 2686
f 2686 2706 2707
f 2686 2707 2687
f 2687 2707 2708
f 2687 2708 2688
f 2688 2708 2709
f 2688 2709 2689
f 2689 2709 2710
f 2689 2710 2690
f 2690 2710 2711
f 2690 2711 2691
f 2691 2711 2712
f 2691 2712 2692
f 2692 2712 2713
f 2692 2713 2693
f 2693 2713 2714
f 2693 2714 2694
f 2694 2714 2715
f 2694 2715 2695
f 2695 2715 2716
f 2695 2716 2696
f 2696 2716 2717
f 2696 2717 2697
f 2697 2717 2718
f 2697 2718 2698
f 2698 2718 2719
f 2698 2719 2699
f 2699 2719 2720
f 2699 2720 2700
f 2700 2720 2721
f 2700 2721 2701
f 2701 2721 2722
f 2701 2722 2702
f 2702 2722 2723
f 2702 2723 1360
f 1360 2723 2724
f 2725 2726 2727
f 2703 2728 2704
f 2704 2728 2729
f 2704 2729 2705
f 2705 2729 2730
f 2705 2730 2706
f 2706 2730 2731
f 2706 2731 2707
f 2707 2731 2732
f 2707 2732 2708
f 2708 2732 2733
f 2708 2733 2709
f 2709 2733 2734
f 2709 2734 2710
f 2710 2734 2735
f 2710 2735 2711
f 2711 2735 2736
f 2711 2736 2712
f 2712 2736 2737
f 2712 2737 2713
f 2713 2737 2738
f 2713 2738 2714
f 2714 2738 2739
f 2714 2739 2715
f 2715 2739 2740
f 2715 2740 2716
f 2716 2740 2741
f 2716 2741 2717
f 2717 2741 2742
f 2717 2742 2718
f 2718 2742 2743
f 2718 2743 2719
f 2719 2743 2744
f 2719 2744 2720
f 2720 2744 2745
f 2720 2745 2721
f 2721 2745 2746
f 2721 2746 2722
f 2722 2746 2747
f 2722 2747 2723
f 2723 2747 1060
f 2723 1060 2724
f 2724 1060 1059
f 1323 1014 1324
f 1324 1014 1016
f 1324 1016 2478
f 2478 1016 2534
f 2478 2534 932
f 932 2534 2535
f 932 2535 930
f 930 2535 2536
f 930 2536 2518
f 2518 2536 2537
f 2518 2537 2557
f 2557 2537 2538
f 2557 2538 2574
f 2574 2538 2539
f 2574 2539 2633
f 2633 2539 2540
f 2633 2540 2576
f 2576 2540 2541
f 2576 2541 2577
f 2577 2541 2614
f 2577 2614 2703
f 2703 2614 2615
f 2703 2615 2728
f 2728 2615 2748
f 2728 2748 2729
f 2729 2748 2749
f 2729 2749 2730
f 2730 2749 2750
f 2730 2750 2731
f 2731 2750 2751
f 2731 2751 2732
f 2732 2751 2752
f 2732 2752 2733
f 2733 2752 2753
f 2733 2753 2734
f 2734 2753 2754
f 2734 2754 2735
f 2735 2754 2755
f 2735 2755 2736
f 2736 2755 2756
f 2736 2756 2737
f 2737 2756 2757
f 2737 2757 2738
f 2738 2757 2758
f 2738 2758 2739
f 2739 2758 2759
f 2739 2759 2740
f 2740 2759 2760
f 2740 2760 2741
f 2741 2760 2761
f 2741 2761 2742
f 2742 2761 2762
f 2742 2762 2743
f 2743 2762 2763
f 2743 2763 2744
f 2744 2763 1767
f 2744 1767 2745
f 2745 1767 1759
f 2745 1759 2746
f 2746 1759 1763
f 2746 1763 2747
f 2747 1763 2652
f 2747 2652 1060
f 1060 2652 1070
f 1060 1070 1061
f 1061 1070 1069
f 2764 2765 2766
f 2766 2765 2767
f 2766 2767 2768
f 2768 2767 2769
f 2768 2769 2770
f 2770 2769 2771
f 2770 2771 2772
f 2772 2771 2773
f 2772 2773 2774
f 2774 2773 2775
f 2774 2775 2776
f 2776 2775 2777
f 2776 2777 2778
f 2778 2777 2779
f 2778 2779 2780
f 2780 2779 2781
f 2780 2781 2782
f 2782 2781 2783
f 2782 2783 2784
f 2784 2783 2785
f 2784 2785 2786
f 2786 2785 2787
f 2786 2787 2788
f 2788 2787 2789
f 2788 2789 2790
f 2790 2789 2791
f 2790 2791 2792
f 2792 2791 2793
f 2792 2793 2794
f 2794 2793 2795
f 2794 2795 2796
f 2796 2795 2797
f 2796 2797 2798
f 2798 2797 2799
f 2798 2799 2727
f 2727 2799 2800
f 2727 2800 2725
f 2801 2802 2803
f 2804 2805 2806
f 2806 2805 2807
f 2806 2807 2808
f 2808 2807 2809
f 2808 2809 2810
f 2810 2809 2811
f 2810 2811 2812
f 2812 2811 2813
f 2812 2813 2814
f 2814 2813 2683
f 2814 2683 2815
f 2815 2683 2682
f 2803 2802 2816
f 2817 2818 2819
f 2819 2818 2820
f 2819 2820 2821
f 2822 1096 1919
f 1919 1096 1098
f 1919 1098 1918
f 1918 1098 1097
f 1918 1097 1917
f 1917 1097 1095
f 1917 1095 1915
f 1915 1095 1904
f 1915 1904 1913
f 1913 1904 1903
f 1913 1903 1911
f 1911 1903 1901
f 1911 1901 1909
f 1909 1901 1899
f 1909 1899 1907
f 1907 1899 1886
f 1907 1886 1905
f 1905 1886 982
f 1905 982 2823
f 2823 982 984
f 2823 984 2824
f 2824 984 2825
f 2824 2825 2826
f 2826 2825 2827
f 2826 2827 2828
f 2828 2827 2829
f 2828 2829 2830
f 2830 2829 2831
f 2830 2831 2832
f 2832 2831 2833
f 2832 2833 2834
f 2834 2833 2835
f 2834 2835 2836
f 2836 2835 2816
f 2836 2816 2817
f 2817 2816 2802
f 2817 2802 2818
f 2818 2802 2801
f 2818 2801 2820
f 1883 985 984
f 984 985 987
f 984 987 2825
f 2825 987 1890
f 2825 1890 2827
f 2827 1890 1892
f 2827 1892 2829
f 2829 1892 1895
f 2829 1895 2831
f 2831 1895 979
f 2831 979 2833
f 2833 979 981
f 2833 981 2835
f 2835 981 2837
f 2835 2837 2816
f 2816 2837 2838
f 2816 2838 2803
f 2803 2838 2839
f 2803 2839 2801
f 2840 2841 2842
f 2842 2841 2843
f 2842 2843 2844
f 2844 2843 2845
f 2844 2845 2846
f 2846 2845 2847
f 2846 2847 2848
f 2848 2847 2849
f 2848 2849 2850
f 2850 2849 2851
f 2850 2851 2852
f 2852 2851 2853
f 2852 2853 2854
f 2854 2853 2855
f 2854 2855 2856
f 2856 2855 2857
f 2856 2857 2858
f 2858 2857 1955
f 2858 1955 1920
f 1920 1955 1957
f 1920 1957 1921
f 1921 1957 1959
f 1921 1959 1923
f 1923 1959 1961
f 1923 1961 1925
f 1925 1961 1963
f 1925 1963 1927
f 1927 1963 1965
f 1927 1965 1929
f 1929 1965 1967
f 1929 1967 1931
f 1931 1967 2859
f 1931 2859 1933
f 2860 2861 2862
f 2862 2861 2863
f 2862 2863 2864
f 2864 2863 2865
f 2864 2865 2866
f 2866 2865 2867
f 2866 2867 2868
f 2868 2867 2869
f 2868 2869 2870
f 2870 2869 2871
f 2870 2871 2872
f 2872 2871 2873
f 2872 2873 2874
f 2874 2873 2875
f 2874 2875 2876
f 2876 2875 2877
f 2876 2877 2878
f 2878 2877 2879
f 2878 2879 2880
f 2880 2879 2881
f 2880 2881 2882
f 2882 2881 2883
f 2882 2883 2884
f 2884 2883 2885
f 2884 2885 2886
f 2886 2885 2887
f 2886 2887 2888
f 2888 2887 2889
f 2888 2889 2890
f 2890 2889 2841
f 2890 2841 2891
f 2891 2841 2840
f 2891 2840 2821
f 2821 2840 2819
f 2819 2840 2842
f 2819 2842 2817
f 2817 2842 2844
f 2817 2844 2836
f 2836 2844 2846
f 2836 2846 2834
f 2834 2846 2848
f 2834 2848 2832
f 2832 2848 2850
f 2832 2850 2830
f 2830 2850 2852
f 2830 2852 2828
f 2828 2852 2854
f 2828 2854 2826
f 2826 2854 2856
f 2826 2856 2824
f 2824 2856 2858
f 2824 2858 2823
f 2823 2858 1920
f 2823 1920 1905
f 1905 1920 1922
f 1905 1922 1906
f 1906 1922 1924
f 1906 1924 1908
f 1908 1924 1926
f 1908 1926 1910
f 1910 1926 1928
f 1910 1928 1912
f 1912 1928 1930
f 1912 1930 1914
f 1914 1930 1932
f 1914 1932 1916
f 1916 1932 1934
f 1916 1934 1101
f 1101 1934 1935
f 1101 1935 1099
f 2765 2860 2767
f 2767 2860 2862
f 2767 2862 2769
f 2769 2862 2864
f 2769 2864 2771
f 2771 2864 2866
f 2771 2866 2773
f 2773 2866 2868
f 2773 2868 2775
f 2775 2868 2870
f 2775 2870 2777
f 2777 2870 2872
f 2777 2872 2779
f 2779 2872 2874
f 2779 2874 2781
f 2781 2874 2876
f 2781 2876 2783
f 2783 2876 2878
f 2783 2878 2785
f 2785 2878 2880
f 2785 2880 2787
f 2787 2880 2882
f 2787 2882 2789
f 2789 2882 2884
f 2789 2884 2791
f 2791 2884 2886
f 2791 2886 2793
f 2793 2886 2888
f 2793 2888 2795
f 2795 2888 2890
f 2795 2890 2797
f 2797 2890 2891
f 2797 2891 2799
f 2799 2891 2821
f 2799 2821 2800
f 2800 2821 2820
f 2800 2820 2725
f 2725 2820 2801
f 2725 2801 2892
f 2892 2801 2839
f 2892 2839 2893
f 2893 2839 2838
f 2893 2838 2894
f 2894 2838 2837
f 2674 924 2675
f 2675 924 926
f 2675 926 1893
f 1893 926 2681
f 1893 2681 980
f 980 2681 2683
f 980 2683 981
f 981 2683 2813
f 981 2813 2837
f 2837 2813 2811
f 2837 2811 2894
f 2894 2811 2809
f 2894 2809 2893
f 2893 2809 2807
f 2893 2807 2892
f 2892 2807 2805
f 2892 2805 2725
f 2725 2805 2804
f 2725 2804 2726
f 2579 2764 2581
f 2581 2764 2766
f 2581 2766 2583
f 2583 2766 2768
f 2583 2768 2585
f 2585 2768 2770
f 2585 2770 2587
f 2587 2770 2772
f 2587 2772 2589
f 2589 2772 2774
f 2589 2774 2591
f 2591 2774 2776
f 2591 2776 2593
f 2593 2776 2778
f 2593 2778 2595
f 2595 2778 2780
f 2595 2780 2597
f 2597 2780 2782
f 2597 2782 2599
f 2599 2782 2784
f 2599 2784 2601
f 2601 2784 2786
f 2601 2786 2603
f 2603 2786 2788
f 2603 2788 2605
f 2605 2788 2790
f 2605 2790 2607
f 2607 2790 2792
f 2607 2792 2609
f 2609 2792 2794
f 2609 2794 2611
f 2611 2794 2796
f 2611 2796 2613
f 2613 2796 2798
f 2613 2798 2615
f 2615 2798 2727
f 2615 2727 2748
f 2748 2727 2726
f 2748 2726 2749
f 2749 2726 2804
f 2749 2804 2750
f 2750 2804 2806
f 2750 2806 2751
f 2751 2806 2808
f 2751 2808 2752
f 2752 2808 2810
f 2752 2810 2753
f 2753 2810 2812
f 2753 2812 2754
f 2754 2812 2814
f 2754 2814 2755
f 2755 2814 2815
f 2755 2815 2756
f 2756 2815 2682
f 2756 2682 2757
f 2757 2682 925
f 2757 925 2758
f 2758 925 924
f 2758 924 2759
f 2759 924 2674
f 2759 2674 2760
f 2760 2674 2667
f 2760 2667 2761
f 2761 2667 2666
f 2761 2666 2762
f 2762 2666 2665
f 2762 2665 2763
f 2763 2665 928
f 2763 928 1767
f 1767 928 927
f 1767 927 1765
f 1765 927 1811
f 2171 2148 2895
f 2895 2148 2147
f 2895 2147 2896
f 2896 2147 2153
f 2896 2153 1262
f 1262 2153 2152
f 1262 2152 1261
f 1261 2152 2154
f 1261 2154 2578
f 2578 2154 2163
f 2578 2163 2579
f 2579 2163 2164
f 2579 2164 2764
f 2764 2164 2166
f 2764 2166 2765
f 2765 2166 2183
f 2765 2183 2860
f 2860 2183 2181
f 2860 2181 2861
f 2861 2181 2020
f 2861 2020 2863
f 2863 2020 2010
f 2863 2010 2865
f 2865 2010 2009
f 2865 2009 2867
f 2867 2009 2017
f 2867 2017 2869
f 2869 2017 2015
f 2869 2015 2871
f 2871 2015 2014
f 2871 2014 2873
f 2873 2014 2013
f 2873 2013 2875
f 2875 2013 2012
f 2875 2012 2877
f 2877 2012 2008
f 2877 2008 2879
f 2879 2008 2007
f 2879 2007 2881
f 2881 2007 2006
f 2881 2006 2883
f 2883 2006 2000
f 2883 2000 2885
f 2885 2000 1999
f 2885 1999 2887
f 2887 1999 1998
f 2887 1998 2889
f 2889 1998 1996
f 2889 1996 2841
f 2841 1996 1990
f 2841 1990 2843
f 2843 1990 1989
f 2843 1989 2845
f 2845 1989 1987
f 2845 1987 2847
f 2847 1987 1986
f 2847 1986 2849
f 2849 1986 1975
f 2849 1975 2851
f 2851 1975 1936
f 2851 1936 2853
f 2853 1936 1937
f 2853 1937 2855
f 2855 1937 1938
f 2855 1938 2857
f 2857 1938 978
f 2857 978 1955
f 1955 978 977
f 1955 977 1956
f 1956 977 1940
f 1956 1940 1958
f 1958 1940 1939
f 1958 1939 1960
f 1960 1939 1969
f 1960 1969 1962
f 1962 1969 1968
f 1962 1968 1964
f 1964 1968 1105
f 1964 1105 1966
f 1966 1105 1106
f 1966 1106 1967
f 1967 1106 2897
f 1967 2897 2859
f 2859 2897 2898
f 2859 2898 1933
f 1933 2898 2899
f 1933 2899 1935
f 2900 2901 2902
f 2902 2901 2903
f 2902 2903 2904
f 2904 2905 2902
f 2902 2905 2906
f 2902 2906 2907
f 2908 2909 2910
f 2910 2909 2911
f 2910 2911 2912
f 2913 2914 2915
f 2915 2914 2916
f 2915 2916 2917
f 2918 2919 2910
f 2910 2919 2920
f 2910 2920 2921
f 2921 2922 2910
f 2910 2922 2923
f 2910 2923 2908
f 2917 2924 2915
f 2915 2924 2925
f 2915 2925 2926
f 2927 2928 2929
f 2929 2928 2925
f 2930 2931 2928
f 2932 2933 2910
f 2910 2933 2934
f 2910 2934 2935
f 2935 2936 2910
f 2910 2936 2937
f 2910 2937 2938
f 2912 2939 2910
f 2910 2939 2940
f 2910 2940 2902
f 2902 2940 2941
f 2902 2941 2900
f 2942 2943 2944
f 2945 2946 2902
f 2902 2947 2948
f 2938 2949 2910
f 2910 2949 2950
f 2910 2950 2918
f 2951 2952 2953
f 2953 2952 2954
f 2954 2955 2953
f 2953 2955 2956
f 2953 2956 2957
f 2958 2953 2959
f 2959 2953 2960
f 2961 2962 2902
f 2902 2962 2963
f 2902 2963 2947
f 2931 2964 2928
f 2928 2964 2965
f 2928 2965 2966
f 2957 2967 2953
f 2953 2967 2968
f 2953 2968 2969
f 2913 2915 2970
f 2970 2915 2971
f 2970 2971 2972
f 2972 2971 2973
f 2972 2973 2958
f 2958 2973 2974
f 2958 2974 2953
f 2902 2975 2976
f 2946 2977 2902
f 2902 2977 2978
f 2902 2978 2961
f 2979 2928 2980
f 2980 2928 2981
f 2927 2982 2928
f 2928 2982 2983
f 2928 2983 2930
f 2966 2984 2928
f 2928 2984 2985
f 2928 2985 2986
f 2969 2987 2953
f 2953 2987 2988
f 2953 2988 2960
f 2907 2989 2902
f 2902 2989 2990
f 2902 2990 2991
f 2992 2993 2902
f 2902 2993 2994
f 2902 2994 2975
f 2976 2995 2902
f 2902 2995 2996
f 2902 2996 2997
f 2998 2999 2902
f 2902 2999 3000
f 2902 3000 3001
f 2943 3002 2944
f 2944 3002 3003
f 2944 3003 3004
f 2944 3005 2902
f 2902 3005 3006
f 2902 3006 2945
f 3007 3008 3009
f 3009 3008 3010
f 3011 3012 2928
f 2928 3012 3013
f 3014 2925 3015
f 3015 2925 3016
f 3014 3017 2925
f 2925 3017 3018
f 2925 3018 3019
f 3019 3020 2925
f 2925 3020 3021
f 2925 3021 3022
f 3022 3023 2925
f 2925 3023 3024
f 2925 3024 3025
f 2986 3026 2928
f 2928 3026 3027
f 2928 3027 3028
f 3029 3030 2910
f 2910 3030 3031
f 2910 3031 2932
f 2991 3032 2902
f 2902 3032 3033
f 2902 3033 2992
f 2997 3034 2902
f 2902 3034 3035
f 2902 3035 2998
f 3004 3036 2944
f 2944 3036 3037
f 2944 3037 3038
f 2951 2953 3038
f 3038 2953 3039
f 3038 3039 2944
f 2902 3040 3041
f 3010 3042 3009
f 3009 3042 3043
f 3009 3043 3044
f 3013 3045 2928
f 2928 3045 3046
f 2928 3046 2981
f 2928 3047 3048
f 3049 3050 2928
f 2928 3050 3051
f 3025 3052 2925
f 2925 3052 3053
f 2925 3053 2926
f 3054 2910 3055
f 3055 2910 3056
f 3001 3057 2902
f 2902 3057 3058
f 2902 3058 3059
f 2948 3060 2902
f 2902 3060 3061
f 2902 3061 3062
f 3040 2902 3063
f 3064 3065 3009
f 3009 3065 3066
f 3009 3066 3067
f 3067 3068 3009
f 3009 3068 3069
f 3009 3069 3070
f 2979 3071 2928
f 2928 3071 3072
f 2928 3072 3047
f 3048 3073 2928
f 2928 3073 3074
f 2928 3074 3049
f 3051 3075 2928
f 2928 3075 3076
f 2928 3076 3077
f 3077 3078 2928
f 2928 3078 3079
f 2928 3079 3080
f 3081 3082 2925
f 3028 3083 2928
f 2928 3083 3084
f 2928 3084 2910
f 2910 3084 3085
f 2910 3085 3086
f 3086 3087 2910
f 2910 3087 3088
f 2910 3088 3056
f 3054 3089 2910
f 2910 3089 3090
f 2910 3090 3029
f 3059 3091 2902
f 2902 3091 3092
f 2902 3092 2944
f 2944 3092 3093
f 2944 3093 3094
f 3094 3095 2944
f 2944 3095 3096
f 2944 3096 2942
f 3070 3097 3009
f 3009 3097 3098
f 3009 3098 3099
f 3099 3100 3009
f 3009 3100 3101
f 3009 3101 3102
f 3044 3103 3009
f 3009 3103 3104
f 3009 3104 2928
f 2928 3104 3105
f 2928 3105 3011
f 3080 3106 2928
f 2928 3106 3107
f 2928 3107 3108
f 3082 3109 2925
f 2925 3109 3110
f 2925 3110 3111
f 3111 3112 2925
f 2925 3112 3113
f 2925 3113 3016
f 3062 3114 2902
f 2902 3114 3115
f 2902 3115 3063
f 3041 3116 2902
f 2902 3116 3117
f 2902 3117 3009
f 3009 3117 3118
f 3009 3118 3119
f 3120 3121 3009
f 3009 3121 3122
f 3009 3122 3123
f 3123 3124 3009
f 3009 3124 3125
f 3009 3125 3064
f 3102 3126 3009
f 3009 3126 3127
f 3009 3127 3007
f 3128 3129 2928
f 2928 3129 3130
f 2928 3130 2925
f 2925 3130 3131
f 2925 3131 3081
f 3119 3132 3009
f 3009 3132 3133
f 3009 3133 3120
f 3108 3134 2928
f 2928 3134 3135
f 2928 3135 3128
f 3136 3137 3138
f 3138 3137 3139
f 3140 3141 3142
f 3143 3144 3145
f 3144 3146 3145
f 3145 3146 3147
f 3145 3147 3148
f 3148 3147 3149
f 3149 3150 3148
f 3148 3150 3151
f 3148 3151 3152
f 3152 3153 3148
f 3148 3153 3154
f 3148 3154 3155
f 3155 3156 3148
f 3148 3156 3157
f 3148 3157 3158
f 3145 3159 3160
f 3160 3159 3161
f 3160 3162 3145
f 3145 3162 3163
f 3145 3163 3164
f 3164 3165 3145
f 3145 3165 3166
f 3145 3166 3167
f 3167 3168 3145
f 3145 3168 3169
f 3145 3169 3170
f 3170 3171 3145
f 3145 3171 3172
f 3145 3172 3173
f 3174 3175 3145
f 3145 3175 3176
f 3145 3176 3177
f 3173 3178 3145
f 3145 3178 3179
f 3145 3179 3180
f 3180 3181 3145
f 3145 3181 3182
f 3145 3182 3174
f 3177 3183 3145
f 3145 3183 3184
f 3145 3184 3143
f 3185 3186 3187
f 3187 3186 3188
f 3161 3159 3189
f 3189 3159 3190
f 3189 3190 3185
f 3191 3192 3188
f 3188 3192 3193
f 3188 3193 3187
f 3194 3195 3188
f 3188 3195 3196
f 3188 3196 3191
f 3197 3198 3188
f 3188 3198 3199
f 3188 3199 3194
f 3200 3201 3188
f 3188 3201 3202
f 3188 3202 3197
f 3188 3203 3204
f 3205 3206 3188
f 3188 3206 3207
f 3188 3207 3200
f 3204 3208 3188
f 3188 3208 3209
f 3188 3209 3210
f 3210 3211 3188
f 3188 3211 3212
f 3188 3212 3205
f 3213 3214 3215
f 3213 3215 3216
f 3217 3218 3219
f 3217 3219 3220
f 3221 3222 3219
f 3219 3222 3223
f 3219 3223 3220
f 3224 3225 3219
f 3219 3225 3226
f 3219 3226 3221
f 3218 3227 3219
f 3219 3227 3228
f 3219 3228 3215
f 3215 3228 3229
f 3215 3229 3216
f 3214 3230 3215
f 3215 3230 3231
f 3215 3231 3188
f 3188 3231 3232
f 3188 3232 3203
f 3233 3234 3235
f 3236 3237 3235
f 3235 3237 3238
f 3235 3238 3233
f 3239 3240 3235
f 3235 3240 3241
f 3235 3241 3236
f 3242 3243 3235
f 3235 3243 3244
f 3235 3244 3239
f 3245 3246 3235
f 3235 3246 3247
f 3235 3247 3242
f 3158 3248 3148
f 3148 3248 3249
f 3148 3249 3235
f 3235 3249 3250
f 3235 3250 3245
f 3234 3251 3235
f 3235 3251 3252
f 3235 3252 3253
f 3254 3219 3255
f 3255 3219 3256
f 3255 3256 3257
f 3254 3258 3219
f 3219 3258 3259
f 3219 3259 3260
f 3260 3261 3219
f 3219 3261 3262
f 3219 3262 3263
f 3263 3264 3219
f 3219 3264 3265
f 3219 3265 3266
f 3266 3267 3219
f 3219 3267 3268
f 3219 3268 3269
f 3269 3270 3219
f 3219 3270 3271
f 3219 3271 3224
f 3272 3273 3274
f 3275 3276 3274
f 3274 3276 3277
f 3274 3277 3272
f 3278 3279 3274
f 3274 3279 3280
f 3274 3280 3275
f 3281 3282 3274
f 3274 3282 3283
f 3274 3283 3278
f 3273 3284 3274
f 3274 3284 3285
f 3274 3285 3286
f 3287 3288 3289
f 3289 3288 3290
f 3289 3290 3291
f 3291 3292 3289
f 3289 3292 3293
f 3289 3293 3294
f 3294 3295 3289
f 3289 3295 3296
f 3289 3296 3297
f 3297 3298 3289
f 3289 3298 3299
f 3289 3299 3300
f 3300 3301 3289
f 3289 3301 3302
f 3289 3302 3303
f 3304 3305 3306
f 3306 3305 3307
f 3306 3307 3308
f 3307 3309 3308
f 3308 3309 3310
f 3308 3310 3311
f 3311 3312 3308
f 3308 3312 3313
f 3308 3313 3314
f 3314 3315 3308
f 3308 3315 3316
f 3308 3316 3317
f 3317 3318 3308
f 3308 3318 3319
f 3308 3319 3320
f 3320 3321 3308
f 3308 3321 3322
f 3308 3322 3274
f 3274 3322 3323
f 3274 3323 3281
f 3324 3325 3326
f 3326 3325 3327
f 3326 3327 3328
f 3329 3330 3326
f 3328 3331 3326
f 3326 3331 3332
f 3326 3332 3333
f 3334 3335 3326
f 3326 3335 3336
f 3326 3336 3329
f 3333 3337 3326
f 3326 3337 3338
f 3326 3338 3339
f 3339 3340 3326
f 3326 3340 3341
f 3326 3341 3334
f 3330 3342 3326
f 3326 3342 3343
f 3326 3343 3306
f 3306 3343 3344
f 3306 3344 3304
f 3345 3346 3347
f 3348 3349 3347
f 3347 3349 3350
f 3347 3350 3345
f 3346 3351 3347
f 3347 3351 3352
f 3347 3352 3353
f 3354 3353 3355
f 3354 3355 3326
f 3326 3355 3356
f 3326 3356 3357
f 3357 3358 3326
f 3326 3358 3359
f 3326 3359 3360
f 3360 3361 3326
f 3326 3361 3362
f 3326 3362 3324
f 3363 3364 3365
f 3366 3367 3365
f 3365 3367 3368
f 3365 3368 3363
f 3369 3370 3365
f 3365 3370 3371
f 3365 3371 3372
f 3373 3374 3365
f 3365 3374 3375
f 3365 3375 3366
f 3372 3376 3365
f 3365 3376 3377
f 3365 3377 3378
f 3378 3379 3365
f 3365 3379 3380
f 3365 3380 3373
f 3364 3381 3365
f 3365 3381 3382
f 3365 3382 3347
f 3347 3382 3383
f 3347 3383 3348
f 3384 3385 3289
f 3384 3289 3386
f 3387 3388 3289
f 3289 3388 3389
f 3289 3389 3386
f 3303 3390 3289
f 3289 3390 3391
f 3289 3391 3392
f 3392 3393 3289
f 3289 3393 3394
f 3289 3394 3387
f 3385 3395 3289
f 3289 3395 3396
f 3289 3396 3397
f 3397 3396 3398
f 3397 3398 3399
f 3399 3400 3397
f 3397 3400 3401
f 3397 3401 3365
f 3365 3401 3402
f 3365 3402 3369
f 3403 3404 3405
f 3406 3407 3405
f 3405 3407 3408
f 3409 3410 3405
f 3405 3410 3411
f 3405 3411 3403
f 3408 3412 3405
f 3405 3412 3413
f 3405 3413 3414
f 3414 3415 3405
f 3405 3415 3416
f 3405 3416 3409
f 3417 3418 3419
f 3419 3418 3405
f 3419 3405 3420
f 3420 3405 3404
f 3421 3422 3423
f 3424 3425 3423
f 3423 3425 3426
f 3423 3426 3421
f 3427 3428 3423
f 3423 3428 3429
f 3423 3429 3424
f 3430 3431 3423
f 3423 3431 3432
f 3423 3432 3427
f 3422 3433 3434
f 3434 3433 3435
f 3434 3435 3405
f 3405 3435 3436
f 3405 3436 3437
f 3437 3438 3405
f 3405 3438 3439
f 3405 3439 3440
f 3440 3441 3405
f 3405 3441 3442
f 3405 3442 3443
f 3443 3444 3405
f 3405 3444 3445
f 3405 3445 3406
f 3446 3447 3448
f 3446 3448 3449
f 3448 3450 3449
f 3449 3450 3451
f 3449 3451 3452
f 3452 3451 3453
f 3453 3454 3452
f 3452 3454 3455
f 3452 3455 3456
f 3457 3458 3452
f 3452 3458 3459
f 3452 3459 3460
f 3456 3461 3452
f 3452 3461 3462
f 3452 3462 3463
f 3463 3464 3452
f 3452 3464 3465
f 3452 3465 3457
f 3460 3466 3452
f 3452 3466 3467
f 3452 3467 3423
f 3423 3467 3468
f 3423 3468 3430
f 3469 3470 3471
f 3471 3470 3472
f 3473 3474 3471
f 3471 3474 3475
f 3471 3475 3476
f 3472 3477 3471
f 3471 3477 3478
f 3471 3478 3479
f 3479 3480 3471
f 3471 3480 3481
f 3471 3481 3473
f 3476 3482 3471
f 3471 3482 3483
f 3471 3483 3484
f 3483 3485 3484
f 3484 3485 3486
f 3484 3486 3446
f 3446 3486 3487
f 3446 3487 3447
f 3488 3489 3490
f 3491 3492 3490
f 3490 3492 3493
f 3490 3493 3488
f 3494 3495 3490
f 3490 3495 3496
f 3490 3496 3491
f 3489 3497 3490
f 3490 3497 3498
f 3490 3498 3499
f 3500 3471 3501
f 3500 3502 3471
f 3471 3502 3503
f 3471 3503 3504
f 3504 3505 3471
f 3471 3505 3506
f 3471 3506 3507
f 3507 3508 3471
f 3471 3508 3509
f 3471 3509 3510
f 3510 3511 3471
f 3471 3511 3512
f 3471 3512 3469
f 3417 3513 3418
f 3418 3513 3514
f 3418 3514 3515
f 3515 3514 3516
f 3515 3516 3517
f 3518 3519 3515
f 3515 3519 3520
f 3515 3520 3490
f 3490 3520 3521
f 3490 3521 3494
f 3517 3522 3515
f 3515 3522 3523
f 3515 3523 3524
f 3525 3526 3515
f 3515 3526 3527
f 3515 3527 3518
f 3524 3528 3515
f 3515 3528 3529
f 3515 3529 3530
f 3530 3531 3515
f 3515 3531 3532
f 3515 3532 3525
f 3533 3534 3535
f 3536 3537 3535
f 3535 3537 3538
f 3535 3538 3533
f 3534 3539 3535
f 3535 3539 3540
f 3535 3540 3541
f 3542 3543 3544
f 3544 3543 3545
f 3544 3545 3546
f 3546 3547 3544
f 3544 3547 3548
f 3544 3548 3549
f 3549 3550 3544
f 3544 3550 3551
f 3544 3551 3552
f 3142 3141 3553
f 3553 3141 3554
f 3553 3554 3555
f 3556 3557 3553
f 3553 3557 3558
f 3553 3558 3559
f 3555 3560 3553
f 3553 3560 3561
f 3553 3561 3562
f 3563 3564 3553
f 3553 3564 3565
f 3553 3565 3556
f 3562 3566 3553
f 3553 3566 3567
f 3553 3567 3568
f 3568 3569 3553
f 3553 3569 3570
f 3553 3570 3563
f 3559 3571 3553
f 3553 3571 3572
f 3553 3572 3535
f 3535 3572 3573
f 3535 3573 3536
f 3574 3575 3576
f 3574 3576 3577
f 3578 3579 3576
f 3576 3579 3580
f 3576 3580 3577
f 3581 3582 3576
f 3576 3582 3583
f 3583 3584 3576
f 3576 3584 3585
f 3576 3585 3578
f 3575 3586 3576
f 3576 3586 3587
f 3576 3587 3142
f 3142 3587 3588
f 3142 3588 3140
f 3589 3590 3591
f 3592 3593 3591
f 3591 3593 3594
f 3591 3594 3589
f 3595 3596 3591
f 3591 3596 3597
f 3591 3597 3592
f 3598 3599 3591
f 3591 3599 3600
f 3591 3600 3595
f 3590 3601 3591
f 3591 3601 3602
f 3591 3602 3603
f 3604 3603 3605
f 3604 3605 3576
f 3576 3605 3606
f 3576 3606 3607
f 3607 3608 3576
f 3576 3608 3609
f 3576 3609 3610
f 3610 3611 3576
f 3576 3611 3612
f 3576 3612 3613
f 3613 3614 3576
f 3576 3614 3615
f 3576 3615 3616
f 3616 3617 3576
f 3576 3617 3618
f 3576 3618 3581
f 3619 3620 3621
f 3619 3621 3622
f 3621 3623 3622
f 3622 3623 3624
f 3622 3624 3625
f 3625 3626 3622
f 3622 3626 3627
f 3622 3627 3628
f 3629 3630 3622
f 3622 3630 3631
f 3622 3631 3591
f 3591 3631 3632
f 3591 3632 3598
f 3628 3633 3622
f 3622 3633 3634
f 3622 3634 3635
f 3635 3636 3622
f 3622 3636 3637
f 3622 3637 3629
f 3552 3638 3544
f 3544 3638 3639
f 3544 3639 3640
f 3641 3642 3544
f 3640 3643 3544
f 3544 3643 3644
f 3544 3644 3645
f 3646 3647 3544
f 3544 3647 3648
f 3544 3648 3641
f 3645 3649 3544
f 3544 3649 3650
f 3544 3650 3651
f 3651 3652 3544
f 3544 3652 3653
f 3544 3653 3646
f 3642 3654 3544
f 3544 3654 3655
f 3544 3655 3619
f 3619 3655 3656
f 3619 3656 3620
f 3657 3658 3659
f 3658 3660 3659
f 3659 3660 3661
f 3659 3661 3662
f 3662 3661 3663
f 3663 3664 3662
f 3662 3664 3665
f 3662 3665 3666
f 3666 3667 3662
f 3662 3667 3668
f 3662 3668 3669
f 3669 3670 3662
f 3662 3670 3671
f 3662 3671 3672
f 3673 3674 3675
f 3675 3674 3676
f 3676 3677 3675
f 3675 3677 3678
f 3675 3678 3659
f 3659 3678 3679
f 3659 3679 3680
f 3680 3681 3659
f 3659 3681 3682
f 3659 3682 3683
f 3683 3684 3659
f 3659 3684 3685
f 3659 3685 3686
f 3686 3687 3659
f 3659 3687 3688
f 3659 3688 3689
f 3690 3691 3659
f 3659 3691 3692
f 3659 3692 3693
f 3689 3694 3659
f 3659 3694 3695
f 3659 3695 3696
f 3696 3697 3659
f 3659 3697 3698
f 3659 3698 3690
f 3693 3699 3659
f 3659 3699 3700
f 3659 3700 3657
f 3701 3702 3703
f 3703 3702 3704
f 3705 3706 3704
f 3704 3706 3707
f 3704 3707 3703
f 3708 3709 3704
f 3704 3709 3710
f 3704 3710 3705
f 3711 3712 3704
f 3704 3712 3713
f 3704 3713 3708
f 3714 3715 3704
f 3704 3715 3716
f 3704 3716 3711
f 3704 3717 3718
f 3719 3720 3704
f 3704 3720 3721
f 3704 3721 3714
f 3718 3722 3704
f 3704 3722 3723
f 3704 3723 3724
f 3724 3725 3704
f 3704 3725 3726
f 3704 3726 3719
f 3727 3728 3729
f 3727 3729 3730
f 3731 3732 3733
f 3731 3733 3734
f 3735 3736 3733
f 3733 3736 3737
f 3733 3737 3734
f 3738 3739 3733
f 3733 3739 3740
f 3733 3740 3735
f 3732 3741 3733
f 3733 3741 3742
f 3733 3742 3729
f 3729 3742 3743
f 3729 3743 3730
f 3728 3744 3729
f 3729 3744 3745
f 3729 3745 3704
f 3704 3745 3746
f 3704 3746 3717
f 3747 3748 3749
f 3750 3751 3749
f 3749 3751 3752
f 3749 3752 3747
f 3753 3754 3749
f 3749 3754 3755
f 3749 3755 3750
f 3756 3757 3749
f 3749 3757 3758
f 3749 3758 3753
f 3759 3760 3749
f 3749 3760 3761
f 3749 3761 3756
f 3672 3762 3662
f 3662 3762 3763
f 3662 3763 3749
f 3749 3763 3764
f 3749 3764 3759
f 3748 3765 3749
f 3749 3765 3766
f 3749 3766 3767
f 3768 3767 3769
f 3768 3769 3733
f 3733 3769 3770
f 3733 3770 3771
f 3771 3772 3733
f 3733 3772 3773
f 3733 3773 3774
f 3774 3775 3733
f 3733 3775 3776
f 3733 3776 3777
f 3777 3778 3733
f 3733 3778 3779
f 3733 3779 3780
f 3780 3781 3733
f 3733 3781 3782
f 3733 3782 3783
f 3783 3784 3733
f 3733 3784 3785
f 3733 3785 3738
f 3786 3787 3788
f 3789 3790 3788
f 3788 3790 3791
f 3788 3791 3786
f 3792 3793 3788
f 3788 3793 3794
f 3788 3794 3789
f 3795 3796 3788
f 3788 3796 3797
f 3788 3797 3792
f 3798 3799 3788
f 3788 3799 3800
f 3788 3800 3795
f 3801 3802 3788
f 3788 3802 3803
f 3788 3803 3804
f 3804 3805 3788
f 3788 3805 3806
f 3788 3806 3798
f 3787 3807 3788
f 3788 3807 3808
f 3788 3808 3809
f 3810 3811 3812
f 3812 3811 3813
f 3812 3813 3814
f 3813 3815 3814
f 3814 3815 3816
f 3814 3816 3817
f 3817 3818 3814
f 3814 3818 3819
f 3814 3819 3820
f 3820 3821 3814
f 3814 3821 3822
f 3814 3822 3823
f 3823 3824 3814
f 3814 3824 3825
f 3814 3825 3826
f 3827 3828 3814
f 3826 3829 3814
f 3814 3829 3830
f 3814 3830 3831
f 3831 3832 3814
f 3814 3832 3833
f 3814 3833 3827
f 3834 3835 3836
f 3836 3835 3837
f 3836 3837 3838
f 3839 3840 3841
f 3841 3840 3842
f 3841 3842 3843
f 3844 3845 3841
f 3841 3845 3846
f 3841 3846 3839
f 3843 3847 3841
f 3841 3847 3848
f 3841 3848 3836
f 3836 3848 3849
f 3836 3849 3834
f 3838 3850 3836
f 3836 3850 3851
f 3836 3851 3788
f 3788 3851 3852
f 3788 3852 3801
f 3853 3854 3855
f 3855 3854 3856
f 3855 3856 3857
f 3858 3859 3855
f 3855 3859 3860
f 3855 3860 3853
f 3861 3862 3855
f 3855 3862 3863
f 3855 3863 3858
f 3864 3865 3855
f 3855 3865 3866
f 3855 3866 3861
f 3867 3868 3855
f 3855 3868 3869
f 3855 3869 3864
f 3857 3870 3855
f 3855 3870 3871
f 3855 3871 3872
f 3872 3873 3874
f 3874 3873 3875
f 3874 3875 3841
f 3875 3876 3841
f 3841 3876 3877
f 3841 3877 3878
f 3878 3879 3841
f 3841 3879 3880
f 3841 3880 3881
f 3881 3882 3841
f 3841 3882 3883
f 3841 3883 3884
f 3884 3885 3841
f 3841 3885 3886
f 3841 3886 3887
f 3887 3888 3841
f 3841 3888 3889
f 3841 3889 3890
f 3890 3891 3841
f 3841 3891 3892
f 3841 3892 3844
f 3828 3893 3814
f 3814 3893 3894
f 3814 3894 3895
f 3895 3896 3814
f 3814 3896 3897
f 3814 3897 3898
f 3898 3899 3814
f 3814 3899 3900
f 3814 3900 3901
f 3901 3900 3902
f 3901 3902 3903
f 3903 3904 3901
f 3901 3904 3905
f 3901 3905 3906
f 3906 3907 3901
f 3901 3907 3908
f 3901 3908 3909
f 3909 3910 3901
f 3901 3910 3911
f 3901 3911 3855
f 3855 3911 3912
f 3855 3912 3867
f 3913 3914 3915
f 3915 3914 3916
f 3916 3917 3915
f 3915 3917 3918
f 3915 3918 3919
f 3919 3920 3915
f 3915 3920 3921
f 3915 3921 3922
f 3921 3923 3922
f 3922 3923 3924
f 3922 3924 3925
f 3925 3926 3922
f 3922 3926 3927
f 3922 3927 3928
f 3929 3930 3931
f 3932 3933 3931
f 3931 3933 3934
f 3931 3934 3929
f 3935 3936 3931
f 3931 3936 3937
f 3931 3937 3932
f 3938 3939 3931
f 3931 3939 3940
f 3931 3940 3935
f 3941 3942 3931
f 3931 3942 3943
f 3931 3943 3938
f 3944 3945 3931
f 3931 3945 3946
f 3931 3946 3941
f 3947 3948 3931
f 3931 3948 3949
f 3931 3949 3944
f 3950 3951 3952
f 3950 3952 3953
f 3953 3952 3954
f 3953 3954 3915
f 3915 3954 3955
f 3915 3955 3956
f 3956 3957 3915
f 3915 3957 3958
f 3915 3958 3959
f 3959 3960 3915
f 3915 3960 3961
f 3915 3961 3962
f 3962 3963 3915
f 3915 3963 3964
f 3915 3964 3965
f 3965 3966 3915
f 3915 3966 3967
f 3915 3967 3968
f 3968 3969 3915
f 3915 3969 3970
f 3915 3970 3971
f 3971 3972 3915
f 3915 3972 3973
f 3915 3973 3913
f 3974 3975 3976
f 3977 3978 3976
f 3976 3978 3979
f 3976 3979 3974
f 3980 3981 3982
f 3982 3981 3983
f 3982 3983 3984
f 3984 3985 3982
f 3982 3985 3986
f 3982 3986 3976
f 3976 3986 3987
f 3976 3987 3977
f 3975 3988 3976
f 3976 3988 3989
f 3976 3989 3931
f 3931 3989 3990
f 3931 3990 3947
f 3991 3992 3993
f 3994 3995 3993
f 3993 3995 3996
f 3993 3996 3991
f 3997 3998 3993
f 3993 3998 3999
f 3993 3999 3994
f 4000 4001 3993
f 3993 4001 4002
f 3993 4002 3997
f 4003 4004 3993
f 3993 4004 4005
f 3993 4005 4000
f 3928 4006 3922
f 3922 4006 4007
f 3922 4007 4008
f 4008 4007 4009
f 4008 4009 3993
f 3993 4009 4010
f 3993 4010 4011
f 4011 4012 3993
f 3993 4012 4013
f 3993 4013 4003
f 3992 4014 3993
f 3993 4014 4015
f 3993 4015 4016
f 4016 4017 4018
f 4018 4017 4019
f 4018 4019 3982
f 4019 4020 3982
f 3982 4020 4021
f 3982 4021 4022
f 4022 4023 3982
f 3982 4023 4024
f 3982 4024 4025
f 4026 4027 3982
f 3982 4027 4028
f 3982 4028 3980
f 4025 4029 3982
f 3982 4029 4030
f 3982 4030 4031
f 4031 4032 3982
f 3982 4032 4033
f 3982 4033 4034
f 4034 4035 3982
f 3982 4035 4036
f 3982 4036 4037
f 4037 4038 3982
f 3982 4038 4039
f 3982 4039 4026
f 4040 4041 4042
f 4042 4041 4043
f 4042 4043 4044
f 4045 4046 4042
f 4042 4046 4047
f 4042 4047 4040
f 4048 4049 4042
f 4042 4049 4050
f 4042 4050 4045
f 4051 4052 4042
f 4042 4052 4053
f 4042 4053 4048
f 4054 4055 4042
f 4042 4055 4056
f 4042 4056 4051
f 4044 4057 4042
f 4042 4057 4058
f 4042 4058 4059
f 4060 4061 4062
f 4062 4061 4063
f 4062 4064 4060
f 4060 4064 4065
f 4060 4065 4066
f 4066 4067 4060
f 4060 4067 4068
f 4060 4068 4069
f 4069 4070 4060
f 4060 4070 4071
f 4060 4071 4072
f 4072 4073 4060
f 4060 4073 4074
f 4060 4074 4075
f 4075 4076 4060
f 4060 4076 4077
f 4060 4077 4078
f 4078 4079 4060
f 4060 4079 4080
f 4060 4080 4081
f 4082 4083 4084
f 4084 4083 4085
f 4084 4085 4086
f 4086 4087 4084
f 4084 4087 4088
f 4084 4088 4089
f 4089 4088 4090
f 4089 4090 4091
f 4091 4092 4089
f 4089 4092 4093
f 4089 4093 4094
f 4094 4095 4089
f 4089 4095 4096
f 4089 4096 4097
f 4097 4098 4089
f 4089 4098 4099
f 4089 4099 4042
f 4042 4099 4100
f 4042 4100 4054
f 4101 4102 4103
f 4101 4103 4104
f 4105 4106 4103
f 4103 4106 4107
f 4103 4107 4104
f 4108 4109 4103
f 4103 4109 4110
f 4103 4110 4105
f 4111 4112 4103
f 4103 4112 4113
f 4103 4113 4108
f 4114 4115 4103
f 4103 4115 4116
f 4103 4116 4111
f 4117 4118 4103
f 4103 4118 4119
f 4119 4120 4103
f 4103 4120 4121
f 4103 4121 4114
f 4102 4122 4103
f 4103 4122 4123
f 4103 4123 4124
f 4124 4125 4126
f 4126 4125 4127
f 4126 4127 4084
f 4127 4128 4084
f 4084 4128 4129
f 4084 4129 4130
f 4130 4131 4084
f 4084 4131 4132
f 4084 4132 4133
f 4133 4134 4084
f 4084 4134 4135
f 4084 4135 4136
f 4136 4137 4084
f 4084 4137 4138
f 4084 4138 4139
f 4140 4141 4084
f 4139 4142 4084
f 4084 4142 4143
f 4084 4143 4144
f 4144 4145 4084
f 4084 4145 4146
f 4084 4146 4140
f 4141 4147 4084
f 4084 4147 4148
f 4084 4148 4082
f 4149 4150 4151
f 4151 4150 4152
f 4151 4152 4153
f 4154 4155 4060
f 4156 4157 4060
f 4060 4157 4158
f 4060 4158 4154
f 4081 4159 4060
f 4060 4159 4160
f 4060 4160 4156
f 4155 4161 4060
f 4060 4161 4162
f 4060 4162 4151
f 4151 4162 4163
f 4151 4163 4149
f 4153 4164 4151
f 4151 4164 4165
f 4151 4165 4103
f 4103 4165 4166
f 4103 4166 4117
f 3603 3604 3591
f 3591 3604 4167
f 3591 4167 4168
f 4168 4167 4169
f 4168 4169 4170
f 4170 4169 4171
f 4170 4171 4172
f 4172 4171 4173
f 4172 4173 4174
f 4174 4173 4175
f 4174 4175 4176
f 4176 4175 4177
f 4176 4177 4178
f 4178 4177 4179
f 4178 4179 4180
f 4180 4179 4181
f 4180 4181 4182
f 4182 4181 4183
f 4182 4183 4184
f 4184 4183 4185
f 4184 4185 4186
f 4186 4185 3490
f 4186 3490 3501
f 3501 3490 3499
f 3501 3499 3500
f 3767 3768 3749
f 3749 3768 4187
f 3749 4187 4188
f 4188 4187 4189
f 4188 4189 4190
f 4190 4189 4191
f 4190 4191 4192
f 4192 4191 4193
f 4192 4193 4194
f 4194 4193 4195
f 4194 4195 4196
f 4196 4195 4197
f 4196 4197 4198
f 4198 4197 4199
f 4198 4199 4200
f 4200 4199 4201
f 4200 4201 4202
f 4202 4201 4203
f 4202 4203 4204
f 4204 4203 4205
f 4204 4205 4206
f 4206 4205 3535
f 4206 3535 3542
f 3542 3535 3541
f 3542 3541 3543
f 3872 3874 3855
f 3855 3874 4207
f 3855 4207 4208
f 4208 4207 4209
f 4208 4209 4210
f 4210 4209 4211
f 4210 4211 4212
f 4212 4211 4213
f 4212 4213 4214
f 4214 4213 4215
f 4214 4215 4216
f 4216 4215 4217
f 4216 4217 4218
f 4218 4217 4219
f 4218 4219 4220
f 4220 4219 4221
f 4220 4221 4222
f 4222 4221 4223
f 4222 4223 4224
f 4224 4223 4225
f 4224 4225 4226
f 4226 4225 3702
f 4226 3702 3673
f 3673 3702 3701
f 3673 3701 3674
f 4016 4018 3993
f 3993 4018 4227
f 3993 4227 4228
f 4228 4227 4229
f 4228 4229 4230
f 4230 4229 4231
f 4230 4231 4232
f 4232 4231 4233
f 4232 4233 4234
f 4234 4233 4235
f 4234 4235 4236
f 4236 4235 4237
f 4236 4237 4238
f 4238 4237 4239
f 4238 4239 4240
f 4240 4239 4241
f 4240 4241 4242
f 4242 4241 4243
f 4242 4243 4244
f 4244 4243 4245
f 4244 4245 4246
f 4246 4245 4247
f 4246 4247 4248
f 4248 4247 3788
f 4248 3788 3812
f 3812 3788 3809
f 3812 3809 3810
f 4124 4126 4103
f 4103 4126 4249
f 4103 4249 4250
f 4250 4249 4251
f 4250 4251 4252
f 4252 4251 4253
f 4252 4253 4254
f 4254 4253 4255
f 4254 4255 4256
f 4256 4255 4257
f 4256 4257 4258
f 4258 4257 4259
f 4258 4259 4260
f 4260 4259 4261
f 4260 4261 4262
f 4262 4261 4263
f 4262 4263 4264
f 4264 4263 4265
f 4264 4265 4266
f 4266 4265 4267
f 4266 4267 4268
f 4268 4267 4269
f 4268 4269 4270
f 4270 4269 3931
f 4270 3931 3950
f 3950 3931 3930
f 3950 3930 3951
f 3185 3190 3186
f 3186 3190 4271
f 3186 4271 4272
f 4272 4271 4273
f 4272 4273 4274
f 4274 4273 4275
f 4274 4275 4276
f 4276 4275 4277
f 4276 4277 4278
f 4278 4277 4279
f 4278 4279 4280
f 4280 4279 4281
f 4280 4281 4282
f 4282 4281 4283
f 4282 4283 4284
f 4284 4283 4285
f 4284 4285 4286
f 4286 4285 4287
f 4286 4287 4288
f 4288 4287 4289
f 4288 4289 4290
f 4290 4289 4042
f 4290 4042 4061
f 4061 4042 4059
f 4061 4059 4063
f 3353 3354 3347
f 3347 3354 4291
f 3347 4291 4292
f 4292 4291 4293
f 4292 4293 4294
f 4294 4293 4295
f 4294 4295 4296
f 4296 4295 4297
f 4296 4297 4298
f 4298 4297 4299
f 4298 4299 4300
f 4300 4299 4301
f 4300 4301 4302
f 4302 4301 4303
f 4302 4303 4304
f 4304 4303 4305
f 4304 4305 4306
f 4306 4305 4307
f 4306 4307 4308
f 4308 4307 4309
f 4308 4309 4310
f 4310 4309 3235
f 4310 3235 3256
f 3256 3235 3253
f 3256 3253 3257
f 3422 3434 3423
f 3423 3434 4311
f 3423 4311 4312
f 4312 4311 4313
f 4312 4313 4314
f 4314 4313 4315
f 4314 4315 4316
f 4316 4315 4317
f 4316 4317 4318
f 4318 4317 4319
f 4318 4319 4320
f 4320 4319 4321
f 4320 4321 4322
f 4322 4321 4323
f 4322 4323 4324
f 4324 4323 4325
f 4324 4325 4326
f 4326 4325 4327
f 4326 4327 4328
f 4328 4327 4329
f 4328 4329 4330
f 4330 4329 3274
f 4330 3274 3287
f 3287 3274 3286
f 3287 3286 3288
f 4331 4332 4333
f 4333 4332 4334
f 4333 4334 4335
f 4335 4334 4336
f 4335 4336 4337
f 4337 4336 4338
f 4337 4338 4339
f 4339 4338 4340
f 4339 4340 4341
f 4341 4340 4342
f 4341 4342 4343
f 4343 4342 4344
f 4343 4344 4345
f 4346 4347 4348
f 4348 4347 4349
f 4348 4349 4350
f 4350 4349 4351
f 4350 4351 4352
f 4352 4351 4353
f 4352 4353 4354
f 4354 4353 4355
f 4354 4355 4356
f 4356 4355 4357
f 4356 4357 4358
f 4358 4357 4359
f 4358 4359 4360
f 4360 4359 4361
f 4360 4361 4362
f 4362 4361 4363
f 4362 4363 4331
f 4331 4363 4364
f 4331 4364 4332
f 4365 4366 4367
f 4367 4366 4368
f 4367 4368 4369
f 4369 4368 4370
f 4369 4370 4371
f 4371 4370 4372
f 4371 4372 4373
f 4373 4372 4374
f 4373 4374 4375
f 4375 4374 4376
f 4375 4376 4377
f 4377 4376 4378
f 4377 4378 4379
f 4379 4378 4380
f 4379 4380 4381
f 4381 4380 4382
f 4381 4382 4383
f 4383 4382 4384
f 4383 4384 4385
f 4385 4384 4386
f 4385 4386 4387
f 4387 4386 4388
f 4387 4388 4389
f 4389 4388 4390
f 4389 4390 4391
f 4391 4390 4392
f 4391 4392 4393
f 4393 4392 4394
f 4393 4394 4395
f 4395 4394 4396
f 4395 4396 4397
f 4397 4396 4398
f 4397 4398 4399
f 4399 4398 4400
f 4399 4400 4401
f 4401 4400 4402
f 4401 4402 4403
f 4403 4402 4404
f 4403 4404 4405
f 4405 4404 4406
f 4405 4406 4407
f 4407 4406 4408
f 4407 4408 4409
f 4409 4408 4410
f 4409 4410 4411
f 4411 4410 4412
f 4411 4412 4413
f 4413 4412 4414
f 4413 4414 4415
f 4415 4414 4416
f 4415 4416 4417
f 4417 4416 4418
f 4417 4418 4419
f 4419 4418 4420
f 4419 4420 4421
f 4344 4422 4345
f 4345 4422 4423
f 4345 4423 4424
f 4424 4423 4425
f 4424 4425 4426
f 4426 4425 4427
f 4426 4427 4428
f 4428 4427 4429
f 4428 4429 4430
f 4430 4429 4431
f 4430 4431 4432
f 4432 4431 4433
f 4432 4433 4434
f 4434 4433 4435
f 4434 4435 4436
f 4436 4435 4437
f 4436 4437 4438
f 4438 4437 4439
f 4438 4439 4440
f 4440 4439 4441
f 4440 4441 4442
f 4442 4441 4443
f 4442 4443 4444
f 4444 4443 4445
f 4444 4445 4446
f 4446 4445 4447
f 4446 4447 4448
f 4448 4447 4449
f 4448 4449 4450
f 4450 4449 4451
f 4450 4451 4452
f 4452 4451 4453
f 4452 4453 4454
f 4454 4453 4455
f 4454 4455 4456
f 4456 4455 4457
f 4456 4457 4458
f 4458 4457 4459
f 4458 4459 4460
f 4460 4459 4461
f 4460 4461 4462
f 4462 4461 4463
f 4462 4463 4365
f 4365 4463 4464
f 4365 4464 4366
f 4465 4466 4467
f 4468 4469 4470
f 4471 4472 4473
f 4473 4472 4474
f 4473 4474 4475
f 4475 4474 4476
f 4477 4478 4479
f 4479 4478 4480
f 4479 4480 4481
f 4481 4480 4482
f 4483 4484 4465
f 4465 4484 4485
f 4465 4485 4466
f 4486 4487 4488
f 4488 4487 4489
f 4488 4489 4490
f 4490 4489 4491
f 4490 4491 4492
f 4492 4491 4493
f 4492 4493 4494
f 4494 4493 4495
f 4494 4495 4496
f 4496 4495 4497
f 4496 4497 4498
f 4498 4497 4499
f 4498 4499 4500
f 4500 4499 4501
f 4500 4501 4502
f 4502 4501 4503
f 4502 4503 4504
f 4504 4503 4505
f 4504 4505 4506
f 4506 4505 4507
f 4506 4507 4508
f 4508 4507 4509
f 4508 4509 4510
f 4510 4509 4511
f 4510 4511 4512
f 4512 4511 4513
f 4512 4513 4514
f 4514 4513 4515
f 4514 4515 4516
f 4516 4515 4517
f 4486 4518 4487
f 4487 4518 4519
f 4487 4519 4520
f 4520 4519 4521
f 4521 4522 4520
f 4520 4522 4523
f 4520 4523 4480
f 4480 4523 4524
f 4480 4524 4482
f 4477 4525 4478
f 4478 4525 4526
f 4478 4526 4527
f 4527 4526 4528
f 4528 4529 4527
f 4527 4529 4530
f 4527 4530 4531
f 4420 4532 4421
f 4421 4532 4533
f 4421 4533 4534
f 4534 4533 4535
f 4534 4535 4536
f 4536 4535 4537
f 4536 4537 4538
f 4538 4537 4539
f 4538 4539 4540
f 4540 4539 4541
f 4540 4541 4542
f 4542 4541 4543
f 4542 4543 4544
f 4544 4543 4545
f 4544 4545 4546
f 4546 4545 4547
f 4546 4547 4548
f 4548 4547 4549
f 4548 4549 4550
f 4550 4549 4551
f 4550 4551 4552
f 4552 4551 4553
f 4552 4553 4554
f 4554 4553 4555
f 4554 4555 4556
f 4556 4555 4557
f 4556 4557 4558
f 4558 4557 4559
f 4558 4559 4560
f 4560 4559 4561
f 4560 4561 4562
f 4562 4561 4563
f 4562 4563 4564
f 4564 4563 4565
f 4564 4565 4566
f 4566 4565 4567
f 4566 4567 4568
f 4568 4567 4569
f 4568 4569 4570
f 4570 4569 4571
f 4570 4571 4572
f 4572 4571 4573
f 4572 4573 4574
f 4574 4573 4575
f 4574 4575 4576
f 4576 4575 4577
f 4576 4577 4578
f 4578 4577 4579
f 4578 4579 4580
f 4580 4579 4465
f 4580 4465 4581
f 4581 4465 4582
f 4583 4584 4347
f 4347 4584 4585
f 4347 4585 4586
f 4468 4470 4474
f 4474 4470 4587
f 4474 4587 4476
f 4530 4588 4531
f 4531 4588 4589
f 4531 4589 4483
f 4483 4589 4590
f 4483 4590 4484
f 4591 4592 4468
f 4468 4592 4593
f 4468 4593 4469
f 4471 4594 4472
f 4472 4594 4595
f 4472 4595 4515
f 4515 4595 4596
f 4515 4596 4517
f 4597 4598 4591
f 4591 4598 4599
f 4591 4599 4592
f 4586 4600 4347
f 4347 4600 4601
f 4347 4601 4597
f 4597 4601 4602
f 4597 4602 4598
f 4603 4604 4465
f 4465 4604 4605
f 4465 4605 4606
f 4346 4607 4347
f 4347 4607 4608
f 4347 4608 4609
f 4609 4610 4347
f 4347 4610 4611
f 4347 4611 4612
f 4467 4613 4465
f 4465 4613 4614
f 4465 4614 4615
f 4606 4616 4465
f 4465 4616 4617
f 4465 4617 4582
f 4615 4618 4465
f 4465 4618 4619
f 4465 4619 4620
f 4620 4621 4465
f 4465 4621 4622
f 4465 4622 4623
f 4623 4624 4465
f 4465 4624 4625
f 4465 4625 4603
f 4612 4626 4347
f 4347 4626 4627
f 4347 4627 4628
f 4628 4629 4347
f 4347 4629 4630
f 4347 4630 4631
f 4631 4632 4347
f 4347 4632 4633
f 4347 4633 4634
f 4634 4635 4347
f 4347 4635 4636
f 4347 4636 4583
f 4637 4638 4639
f 4640 4641 4642
f 4642 4643 4640
f 4640 4643 4644
f 4640 4644 4645
f 4646 4647 4648
f 4648 4647 4645
f 4648 4645 4649
f 4649 4645 4644
f 4646 4650 4647
f 4647 4650 4651
f 4647 4651 4652
f 4652 4653 4647
f 4647 4653 4654
f 4647 4654 4655
f 4655 4656 4647
f 4647 4656 4657
f 4647 4657 4658
f 4659 4660 4661
f 4662 4663 4661
f 4661 4663 4664
f 4664 4665 4661
f 4661 4665 4666
f 4661 4666 4659
f 4660 4667 4661
f 4661 4667 4668
f 4661 4668 4669
f 4669 4670 4661
f 4661 4670 4671
f 4661 4671 4672
f 4672 4673 4661
f 4661 4673 4674
f 4661 4674 4675
f 4675 4674 4676
f 4675 4676 4640
f 4640 4676 4677
f 4640 4677 4641
f 4678 4679 4680
f 4680 4679 4681
f 4680 4681 4682
f 4683 4684 4680
f 4680 4684 4685
f 4680 4685 4678
f 4682 4686 4680
f 4680 4686 4687
f 4680 4687 4688
f 4688 4689 4680
f 4680 4689 4690
f 4680 4690 4691
f 4691 4692 4680
f 4680 4692 4693
f 4680 4693 4694
f 4694 4695 4680
f 4680 4695 4696
f 4680 4696 4697
f 4698 4699 4700
f 4700 4699 4701
f 4701 4702 4700
f 4700 4702 4703
f 4700 4703 4704
f 4704 4705 4700
f 4700 4705 4706
f 4700 4706 4707
f 4707 4708 4700
f 4700 4708 4709
f 4700 4709 4710
f 4710 4711 4700
f 4700 4711 4712
f 4700 4712 4713
f 4713 4712 4714
f 4713 4714 4661
f 4714 4715 4661
f 4661 4715 4716
f 4661 4716 4717
f 4717 4718 4661
f 4661 4718 4719
f 4661 4719 4720
f 4720 4721 4661
f 4661 4721 4722
f 4661 4722 4662
f 4723 4724 4725
f 4725 4726 4723
f 4723 4726 4727
f 4723 4727 4728
f 4728 4729 4723
f 4723 4729 4730
f 4723 4730 4731
f 4731 4732 4723
f 4723 4732 4733
f 4723 4733 4734
f 4734 4735 4723
f 4723 4735 4736
f 4723 4736 4737
f 4737 4736 4738
f 4737 4738 4680
f 4680 4738 4739
f 4680 4739 4683
f 4740 4741 4742
f 4741 4743 4742
f 4742 4743 4744
f 4742 4744 4745
f 4745 4746 4742
f 4742 4746 4747
f 4742 4747 4748
f 4748 4749 4742
f 4742 4749 4750
f 4742 4750 4751
f 4751 4752 4742
f 4742 4752 4753
f 4742 4753 4754
f 4754 4755 4742
f 4742 4755 4756
f 4742 4756 4757
f 4757 4756 4758
f 4757 4758 4723
f 4723 4758 4759
f 4723 4759 4724
f 4760 4761 4762
f 4762 4761 4763
f 4763 4764 4762
f 4762 4764 4765
f 4762 4765 4766
f 4766 4767 4762
f 4762 4767 4768
f 4762 4768 4769
f 4769 4770 4762
f 4762 4770 4771
f 4762 4771 4772
f 4772 4773 4762
f 4762 4773 4774
f 4762 4774 4775
f 4775 4774 4776
f 4775 4776 4742
f 4742 4776 4777
f 4742 4777 4740
f 4778 4779 4780
f 4780 4781 4778
f 4778 4781 4782
f 4778 4782 4783
f 4783 4784 4778
f 4778 4784 4785
f 4778 4785 4786
f 4786 4787 4778
f 4778 4787 4788
f 4778 4788 4789
f 4790 4791 4792
f 4792 4791 4793
f 4792 4793 4794
f 4794 4795 4792
f 4792 4795 4796
f 4792 4796 4797
f 4797 4798 4792
f 4792 4798 4799
f 4792 4799 4800
f 4800 4801 4792
f 4792 4801 4802
f 4792 4802 4803
f 4760 4762 4804
f 4804 4762 4805
f 4804 4805 4806
f 4806 4805 4807
f 4806 4807 4808
f 4808 4807 4803
f 4803 4807 4809
f 4803 4809 4792
f 4810 4811 4812
f 4813 4814 4812
f 4812 4814 4815
f 4812 4815 4810
f 4816 4817 4812
f 4812 4817 4818
f 4812 4818 4813
f 4658 4819 4647
f 4647 4819 4820
f 4647 4820 4821
f 4821 4820 4822
f 4821 4822 4812
f 4812 4822 4823
f 4812 4823 4824
f 4824 4825 4812
f 4812 4825 4826
f 4812 4826 4816
f 4811 4827 4812
f 4812 4827 4828
f 4812 4828 4829
f 4829 4828 4830
f 4829 4830 4778
f 4778 4830 4831
f 4778 4831 4779
f 4832 4833 4834
f 4834 4833 4835
f 4836 4837 4838
f 4838 4837 4839
f 4838 4839 4840
f 4840 4839 4841
f 4840 4841 4842
f 4842 4841 4843
f 4843 4844 4842
f 4842 4844 4845
f 4842 4845 4846
f 4847 4848 4849
f 4847 4849 4850
f 4851 4852 4849
f 4849 4852 4853
f 4849 4853 4850
f 4854 4855 4849
f 4849 4855 4856
f 4849 4856 4851
f 4848 4857 4849
f 4849 4857 4858
f 4849 4858 4859
f 4859 4860 4849
f 4849 4860 4861
f 4849 4861 4862
f 4862 4863 4849
f 4849 4863 4864
f 4849 4864 4865
f 4865 4864 4833
f 4833 4864 4866
f 4833 4866 4835
f 4867 4868 4869
f 4870 4871 4869
f 4869 4871 4872
f 4872 4873 4869
f 4869 4873 4874
f 4869 4874 4875
f 4875 4876 4869
f 4869 4876 4877
f 4869 4877 4878
f 4878 4879 4869
f 4869 4879 4880
f 4869 4880 4867
f 4868 4881 4869
f 4869 4881 4882
f 4869 4882 4883
f 4883 4882 4884
f 4883 4884 4849
f 4849 4884 4885
f 4849 4885 4854
f 4886 4887 4888
f 4886 4888 4889
f 4890 4891 4892
f 4887 4893 4888
f 4888 4893 4894
f 4888 4894 4895
f 4895 4894 4896
f 4895 4896 4892
f 4892 4896 4897
f 4892 4897 4890
f 4891 4898 4892
f 4892 4898 4899
f 4892 4899 4900
f 4900 4901 4892
f 4892 4901 4902
f 4892 4902 4903
f 4903 4904 4892
f 4892 4904 4905
f 4892 4905 4906
f 4906 4905 4907
f 4906 4907 4869
f 4869 4907 4908
f 4869 4908 4870
f 4909 4910 4911
f 4912 4913 4911
f 4911 4913 4914
f 4911 4914 4909
f 4915 4916 4911
f 4911 4916 4917
f 4911 4917 4912
f 4910 4918 4911
f 4911 4918 4919
f 4911 4919 4920
f 4920 4921 4911
f 4911 4921 4922
f 4911 4922 4923
f 4923 4924 4911
f 4911 4924 4925
f 4911 4925 4926
f 4926 4927 4911
f 4911 4927 4928
f 4911 4928 4929
f 4930 4931 4932
f 4932 4933 4930
f 4930 4933 4934
f 4930 4934 4935
f 4935 4936 4930
f 4930 4936 4937
f 4930 4937 4938
f 4938 4939 4930
f 4930 4939 4940
f 4930 4940 4941
f 4941 4942 4930
f 4930 4942 4943
f 4930 4943 4944
f 4944 4943 4945
f 4944 4945 4888
f 4888 4945 4946
f 4888 4946 4947
f 4947 4948 4888
f 4888 4948 4949
f 4888 4949 4950
f 4950 4951 4888
f 4888 4951 4952
f 4888 4952 4953
f 4953 4954 4888
f 4888 4954 4955
f 4888 4955 4889
f 4956 4957 4958
f 4959 4960 4958
f 4958 4960 4961
f 4961 4962 4958
f 4958 4962 4963
f 4958 4963 4964
f 4964 4965 4958
f 4958 4965 4966
f 4958 4966 4956
f 4957 4967 4958
f 4958 4967 4968
f 4958 4968 4969
f 4969 4970 4958
f 4958 4970 4971
f 4958 4971 4972
f 4972 4971 4973
f 4972 4973 4911
f 4911 4973 4974
f 4911 4974 4915
f 4975 4976 4977
f 4977 4978 4975
f 4975 4978 4979
f 4975 4979 4980
f 4980 4981 4975
f 4975 4981 4982
f 4975 4982 4983
f 4983 4984 4975
f 4975 4984 4985
f 4975 4985 4986
f 4986 4987 4975
f 4975 4987 4988
f 4975 4988 4989
f 4988 4990 4989
f 4989 4990 4991
f 4989 4991 4992
f 4992 4991 4993
f 4993 4994 4992
f 4992 4994 4995
f 4992 4995 4996
f 4996 4995 4997
f 4996 4997 4958
f 4958 4997 4998
f 4958 4998 4959
f 4846 4999 4842
f 4842 4999 5000
f 4842 5000 5001
f 5001 5002 4842
f 4842 5002 5003
f 4842 5003 5004
f 5004 5005 4842
f 4842 5005 5006
f 4842 5006 5007
f 5007 5006 5008
f 5007 5008 4975
f 5008 5009 4975
f 4975 5009 5010
f 4975 5010 5011
f 5011 5012 4975
f 4975 5012 5013
f 4975 5013 5014
f 5014 5015 4975
f 4975 5015 5016
f 4975 5016 5017
f 5017 5018 4975
f 4975 5018 5019
f 4975 5019 4976
f 5020 5021 5022
f 5022 5021 5023
f 5023 5024 5022
f 5022 5024 5025
f 5022 5025 5026
f 5026 5027 5022
f 5022 5027 5028
f 5022 5028 5029
f 5028 5030 5029
f 5029 5030 5031
f 5029 5031 5032
f 5032 5031 5033
f 5033 5034 5032
f 5032 5034 5035
f 5032 5035 5036
f 5036 5037 5032
f 5032 5037 5038
f 5032 5038 5039
f 5040 5041 5042
f 5041 5043 5042
f 5042 5043 5044
f 5042 5044 5045
f 5045 5046 5042
f 5042 5046 5047
f 5042 5047 5048
f 5048 5049 5042
f 5042 5049 5050
f 5042 5050 5051
f 5051 5052 5042
f 5042 5052 5053
f 5042 5053 5054
f 5054 5053 5055
f 5054 5055 5022
f 5022 5055 5056
f 5022 5056 5020
f 5057 5058 5059
f 4639 4638 5060
f 5060 4638 5061
f 5060 5061 5059
f 5059 5061 5062
f 5059 5062 5057
f 5058 5063 5059
f 5059 5063 5064
f 5059 5064 5065
f 5065 5066 5059
f 5059 5066 5067
f 5059 5067 5068
f 5068 5069 5059
f 5059 5069 5070
f 5059 5070 5071
f 5071 5072 5059
f 5059 5072 5073
f 5059 5073 5074
f 5075 5076 5077
f 5077 5076 5078
f 5077 5078 5079
f 5079 5080 5077
f 5077 5080 5081
f 5077 5081 5082
f 5082 5083 5077
f 5077 5083 5084
f 5077 5084 5085
f 5085 5086 5077
f 5077 5086 5087
f 5077 5087 5088
f 5089 5090 5042
f 5088 5091 5077
f 5077 5091 5089
f 5077 5089 5092
f 5092 5089 5042
f 5090 5093 5042
f 5042 5093 5094
f 5042 5094 5095
f 5095 5096 5042
f 5042 5096 5097
f 5042 5097 5040
f 5098 5099 5100
f 5100 5099 5101
f 5100 5101 4639
f 4639 5101 5102
f 4639 5102 5103
f 5104 5105 4639
f 4639 5105 5106
f 4639 5106 4637
f 5103 5107 4639
f 4639 5107 5108
f 4639 5108 5109
f 5109 5110 4639
f 4639 5110 5111
f 4639 5111 5104
f 5112 5113 5114
f 5114 5113 5115
f 5115 5116 5114
f 5114 5116 5117
f 5114 5117 5118
f 5118 5117 5119
f 5118 5119 5098
f 5098 5119 5120
f 5098 5120 5121
f 5121 5122 5098
f 5098 5122 5123
f 5098 5123 5124
f 5124 5125 5098
f 5098 5125 5126
f 5098 5126 5127
f 5127 5128 5098
f 5098 5128 5129
f 5098 5129 5130
f 5130 5131 5098
f 5098 5131 5132
f 5098 5132 5099
f 5133 5134 5114
f 5114 5134 5135
f 5135 5136 5114
f 5114 5136 5137
f 5114 5137 5138
f 5138 5139 5114
f 5114 5139 5140
f 5114 5140 5141
f 5141 5142 5114
f 5114 5142 5143
f 5114 5143 5112
f 5144 5145 5146
f 5144 5146 5147
f 5145 5148 5146
f 5146 5148 5149
f 5146 5149 5150
f 5150 5151 5146
f 5146 5151 5152
f 5146 5152 5153
f 5153 5154 5146
f 5146 5154 5155
f 5146 5155 5156
f 5156 5157 5146
f 5146 5157 5158
f 5146 5158 5159
f 5160 5161 5162
f 5162 5161 5163
f 5162 5163 5164
f 5164 5165 5162
f 5162 5165 5166
f 5162 5166 5167
f 5167 5168 5162
f 5162 5168 5169
f 5162 5169 5170
f 5170 5171 5162
f 5162 5171 5172
f 5162 5172 5173
f 5173 5174 5162
f 5162 5174 5175
f 5162 5175 5176
f 5176 5175 5177
f 5175 5178 5177
f 5177 5178 5179
f 5177 5179 5180
f 5180 5181 5177
f 5177 5181 5182
f 5177 5182 5183
f 5183 5182 5184
f 5183 5184 5114
f 5114 5184 5185
f 5114 5185 5133
f 5039 5186 5032
f 5032 5186 5187
f 5032 5187 5188
f 5188 5187 5189
f 5188 5189 5190
f 5190 5189 5191
f 5190 5191 5192
f 5193 5194 5190
f 5190 5194 5195
f 5190 5195 5196
f 5192 5197 5190
f 5190 5197 5198
f 5190 5198 5199
f 5199 5200 5190
f 5190 5200 5201
f 5190 5201 5193
f 5196 5202 5190
f 5190 5202 5203
f 5190 5203 5204
f 5204 5203 5205
f 5204 5205 5146
f 5146 5205 5206
f 5146 5206 5147
f 5207 5208 5209
f 5207 5209 5210
f 5211 5212 5209
f 5209 5212 5213
f 5209 5213 5210
f 5214 5215 5209
f 5209 5215 5216
f 5209 5216 5211
f 5208 5217 5209
f 5209 5217 5218
f 5209 5218 5219
f 5219 5220 5209
f 5209 5220 5221
f 5209 5221 5222
f 5222 5223 5209
f 5209 5223 5224
f 5209 5224 5225
f 5225 5226 5209
f 5209 5226 5227
f 5209 5227 5228
f 5229 5230 5231
f 5231 5230 5232
f 5232 5233 5231
f 5231 5233 5234
f 5231 5234 5235
f 5235 5236 5231
f 5231 5236 5237
f 5231 5237 5238
f 5238 5239 5231
f 5231 5239 5240
f 5231 5240 5241
f 5241 5242 5231
f 5231 5242 5243
f 5231 5243 5244
f 5244 5243 5245
f 5244 5245 5246
f 5246 5245 5247
f 5247 5248 5246
f 5246 5248 5249
f 5246 5249 5250
f 5250 5251 5246
f 5246 5251 5252
f 5246 5252 5253
f 5253 5254 5246
f 5246 5254 5255
f 5246 5255 5256
f 5257 5258 5259
f 5259 5260 5261
f 5261 5262 5259
f 5259 5262 5263
f 5259 5263 5264
f 5264 5265 5259
f 5259 5265 5266
f 5259 5266 5257
f 5258 5267 5259
f 5259 5267 5268
f 5259 5268 5269
f 5269 5270 5259
f 5259 5270 5271
f 5259 5271 5272
f 5272 5271 5273
f 5272 5273 5209
f 5209 5273 5274
f 5209 5274 5214
f 5275 5276 5277
f 5278 5279 5277
f 5277 5279 5280
f 5277 5280 5281
f 5281 5282 5277
f 5277 5282 5283
f 5277 5283 5275
f 5276 5284 5277
f 5277 5284 5285
f 5277 5285 5286
f 5286 5287 5277
f 5277 5287 5288
f 5277 5288 5289
f 5289 5290 5277
f 5277 5290 5291
f 5277 5291 5292
f 5292 5291 5293
f 5292 5293 5259
f 5259 5293 5294
f 5259 5294 5260
f 5295 5296 5297
f 5295 5297 5298
f 5299 5300 5301
f 5300 5299 5297
f 5297 5299 5302
f 5297 5302 5298
f 5296 5303 5297
f 5297 5303 5304
f 5297 5304 5305
f 5305 5306 5297
f 5297 5306 5307
f 5297 5307 5308
f 5308 5309 5297
f 5297 5309 5310
f 5297 5310 5311
f 5311 5312 5297
f 5297 5312 5313
f 5297 5313 5314
f 5314 5315 5297
f 5297 5315 5316
f 5297 5316 5317
f 5317 5316 5318
f 5317 5318 5277
f 5277 5318 5319
f 5277 5319 5278
f 5320 5321 5322
f 5322 5321 5323
f 5301 5324 5325
f 5325 5324 5326
f 5325 5326 5327
f 5325 5328 5301
f 5301 5328 5329
f 5301 5329 5330
f 5330 5331 5301
f 5301 5331 5332
f 5301 5332 5333
f 5333 5334 5301
f 5301 5334 5299
f 5335 5336 5337
f 5335 5337 5338
f 5339 5340 5337
f 5337 5340 5341
f 5337 5341 5338
f 5342 5343 5337
f 5337 5343 5344
f 5337 5344 5339
f 5345 5346 5337
f 5337 5346 5347
f 5337 5347 5342
f 5336 5348 5337
f 5337 5348 5349
f 5337 5349 5350
f 5350 5351 5337
f 5337 5351 5352
f 5337 5352 5353
f 5353 5352 5354
f 5353 5354 5322
f 5322 5354 5355
f 5322 5355 5320
f 5356 5357 5358
f 5359 5360 5361
f 5359 5361 5362
f 5362 5361 5363
f 5362 5363 5358
f 5358 5363 5364
f 5358 5364 5365
f 5365 5366 5358
f 5358 5366 5367
f 5358 5367 5368
f 5368 5369 5358
f 5358 5369 5370
f 5358 5370 5371
f 5371 5372 5358
f 5358 5372 5373
f 5358 5373 5356
f 5357 5374 5358
f 5358 5374 5375
f 5358 5375 5376
f 5376 5375 5377
f 5376 5377 5337
f 5337 5377 5378
f 5337 5378 5345
f 5379 5380 5246
f 5256 5381 5246
f 5246 5381 5382
f 5246 5382 5379
f 5380 5383 5246
f 5246 5383 5384
f 5246 5384 5385
f 5385 5386 5246
f 5246 5386 5387
f 5246 5387 5388
f 5388 5389 5246
f 5246 5389 5390
f 5246 5390 5391
f 5391 5392 5246
f 5246 5392 5393
f 5246 5393 5394
f 5394 5393 5395
f 5394 5395 5359
f 5359 5395 5396
f 5359 5396 5360
f 5397 5398 5399
f 5400 5401 5399
f 5399 5401 5402
f 5399 5402 5397
f 5398 5403 5399
f 5399 5403 5404
f 5399 5404 5405
f 5405 5406 5399
f 5399 5406 5407
f 5399 5407 5408
f 5408 5409 5399
f 5399 5409 5410
f 5399 5410 5411
f 5411 5412 5399
f 5399 5412 5413
f 5399 5413 5414
f 5415 5416 5417
f 5417 5416 5418
f 5417 5418 5419
f 5419 5420 5417
f 5417 5420 5421
f 5417 5421 5422
f 5422 5423 5417
f 5417 5423 5424
f 5417 5424 5425
f 5425 5426 5417
f 5417 5426 5427
f 5417 5427 5428
f 5428 5429 5417
f 5417 5429 5430
f 5417 5430 5431
f 5431 5430 5432
f 5431 5432 5433
f 5432 5434 5433
f 5433 5434 5435
f 5433 5435 5436
f 5436 5437 5433
f 5433 5437 5438
f 5433 5438 5439
f 5440 5441 5442
f 5442 5441 5443
f 5442 5443 5444
f 5444 5445 5442
f 5442 5445 5446
f 5442 5446 5447
f 5447 5448 5442
f 5442 5448 5449
f 5442 5449 5450
f 5450 5451 5442
f 5442 5451 5452
f 5442 5452 5453
f 5453 5452 5399
f 5399 5452 5454
f 5399 5454 5400
f 5455 5456 5457
f 5455 5457 5458
f 5456 5459 5457
f 5457 5459 5460
f 5457 5460 5461
f 5461 5462 5457
f 5457 5462 5463
f 5457 5463 5464
f 5464 5463 5465
f 5464 5465 5466
f 5465 5467 5466
f 5466 5467 5468
f 5466 5468 5469
f 5469 5470 5466
f 5466 5470 5471
f 5466 5471 5472
f 5472 5473 5466
f 5466 5473 5474
f 5466 5474 5475
f 5475 5476 5466
f 5466 5476 5477
f 5466 5477 5478
f 5478 5477 5479
f 5478 5479 5442
f 5442 5479 5480
f 5442 5480 5440
f 5481 5482 5457
f 5457 5482 5483
f 5457 5483 5484
f 5484 5485 5457
f 5457 5485 5486
f 5457 5486 5487
f 5488 5489 5457
f 5487 5490 5457
f 5457 5490 5491
f 5457 5491 5488
f 5489 5492 5457
f 5457 5492 5493
f 5457 5493 5458
f 5494 5495 5496
f 5494 5496 5497
f 5495 5498 5496
f 5496 5498 5499
f 5496 5499 5500
f 5500 5501 5496
f 5496 5501 5502
f 5496 5502 5503
f 5503 5504 5496
f 5496 5504 5505
f 5496 5505 5506
f 5506 5507 5496
f 5496 5507 5508
f 5496 5508 5509
f 5509 5508 5510
f 5509 5510 5511
f 5511 5512 5509
f 5509 5512 5513
f 5509 5513 5514
f 5514 5515 5509
f 5509 5515 5516
f 5509 5516 5517
f 5517 5518 5509
f 5509 5518 5519
f 5509 5519 5520
f 5520 5521 5509
f 5509 5521 5522
f 5509 5522 5523
f 5523 5524 5509
f 5509 5524 5525
f 5509 5525 5526
f 5527 5528 5529
f 5527 5529 5530
f 5531 5532 5529
f 5529 5532 5533
f 5529 5533 5530
f 5529 5534 5535
f 5535 5536 5529
f 5529 5536 5537
f 5529 5537 5531
f 5528 5538 5529
f 5529 5538 5539
f 5529 5539 5496
f 5496 5539 5540
f 5496 5540 5497
f 5541 5542 5543
f 5543 5542 5544
f 5543 5544 5545
f 5545 5546 5543
f 5543 5546 5547
f 5543 5547 5548
f 5547 5549 5548
f 5548 5549 5550
f 5548 5550 5551
f 5550 5552 5551
f 5551 5552 5553
f 5551 5553 5554
f 5554 5555 5551
f 5551 5555 5556
f 5551 5556 5557
f 5557 5558 5551
f 5551 5558 5559
f 5551 5559 5560
f 5560 5561 5551
f 5551 5561 5562
f 5551 5562 5563
f 5563 5562 5564
f 5563 5564 5529
f 5529 5564 5565
f 5529 5565 5534
f 5566 5567 5433
f 5566 5433 5568
f 5439 5569 5433
f 5433 5569 5570
f 5433 5570 5571
f 5571 5572 5433
f 5433 5572 5573
f 5433 5573 5568
f 5567 5574 5433
f 5433 5574 5575
f 5433 5575 5576
f 5576 5577 5433
f 5433 5577 5578
f 5433 5578 5579
f 5579 5578 5580
f 5579 5580 5543
f 5543 5580 5581
f 5543 5581 5541
f 5582 5583 5584
f 5584 5583 5585
f 5586 5587 5588
f 5586 5588 5589
f 5582 5590 5583
f 5583 5590 5591
f 5583 5591 5592
f 5592 5591 5593
f 5592 5593 5588
f 5588 5593 5594
f 5588 5594 5589
f 5587 5595 5588
f 5588 5595 5596
f 5588 5596 5597
f 5597 5598 5588
f 5588 5598 5599
f 5588 5599 5600
f 5601 5602 5603
f 5604 5605 5603
f 5603 5605 5606
f 5603 5606 5601
f 5607 5608 5603
f 5603 5608 5609
f 5603 5609 5604
f 5602 5610 5603
f 5603 5610 5611
f 5603 5611 5612
f 5613 5614 5603
f 5603 5614 5615
f 5603 5615 5616
f 5616 5617 5603
f 5603 5617 5618
f 5603 5618 5619
f 5620 5621 5622
f 5622 5623 5620
f 5620 5623 5624
f 5620 5624 5625
f 5625 5626 5620
f 5620 5626 5627
f 5620 5627 5628
f 5628 5629 5620
f 5620 5629 5630
f 5620 5630 5631
f 5612 5632 5603
f 5603 5632 5633
f 5603 5633 5634
f 5634 5635 5603
f 5603 5635 5636
f 5603 5636 5613
f 5631 5637 5620
f 5620 5637 5638
f 5620 5638 5639
f 5639 5638 5640
f 5639 5640 5583
f 5583 5640 5641
f 5583 5641 5642
f 5642 5643 5583
f 5583 5643 5644
f 5583 5644 5645
f 5645 5646 5583
f 5583 5646 5647
f 5583 5647 5648
f 5648 5649 5583
f 5583 5649 5650
f 5583 5650 5585
f 5651 5652 5653
f 5653 5654 5651
f 5651 5654 5655
f 5651 5655 5656
f 5656 5655 5657
f 5656 5657 5658
f 5658 5659 5656
f 5656 5659 5660
f 5656 5660 5661
f 5661 5662 5656
f 5656 5662 5663
f 5656 5663 5664
f 5664 5665 5656
f 5656 5665 5666
f 5656 5666 5667
f 5667 5668 5656
f 5656 5668 5669
f 5656 5669 5670
f 5670 5669 5671
f 5670 5671 5603
f 5603 5671 5672
f 5603 5672 5607
f 5673 5674 5675
f 5674 5676 5675
f 5675 5676 5677
f 5675 5677 5678
f 5678 5679 5675
f 5675 5679 5680
f 5675 5680 5681
f 5681 5682 5675
f 5675 5682 5683
f 5675 5683 5684
f 5684 5685 5675
f 5675 5685 5686
f 5675 5686 5687
f 5686 5688 5687
f 5687 5688 5689
f 5687 5689 5652
f 5652 5689 5690
f 5652 5690 5653
f 5691 5692 5693
f 5691 5693 5694
f 5695 5696 5693
f 5693 5696 5697
f 5693 5697 5694
f 5698 5699 5693
f 5693 5699 5700
f 5693 5700 5695
f 5701 5702 5703
f 5703 5702 5704
f 5703 5704 5693
f 5693 5704 5705
f 5693 5705 5698
f 5692 5706 5693
f 5693 5706 5707
f 5693 5707 5708
f 5708 5709 5693
f 5693 5709 5710
f 5693 5710 5711
f 5711 5712 5693
f 5693 5712 5713
f 5693 5713 5714
f 5714 5715 5693
f 5693 5715 5716
f 5693 5716 5717
f 5718 5719 5720
f 5720 5719 5721
f 5720 5721 5722
f 5722 5723 5720
f 5720 5723 5724
f 5720 5724 5725
f 5725 5726 5720
f 5720 5726 5727
f 5720 5727 5728
f 5728 5729 5720
f 5720 5729 5730
f 5720 5730 5731
f 5731 5732 5720
f 5720 5732 5733
f 5720 5733 5734
f 5734 5733 5735
f 5734 5735 5675
f 5735 5736 5675
f 5675 5736 5737
f 5675 5737 5738
f 5738 5739 5675
f 5675 5739 5740
f 5675 5740 5741
f 5741 5742 5675
f 5675 5742 5743
f 5675 5743 5744
f 5744 5745 5675
f 5675 5745 5746
f 5675 5746 5673
f 5600 5747 5588
f 5588 5747 5748
f 5588 5748 5749
f 5749 5748 5750
f 5749 5750 5701
f 5701 5750 5751
f 5751 5752 5701
f 5701 5752 5753
f 5701 5753 5754
f 5754 5755 5701
f 5701 5755 5756
f 5701 5756 5757
f 5757 5758 5701
f 5701 5758 5759
f 5701 5759 5760
f 5760 5761 5701
f 5701 5761 5762
f 5701 5762 5763
f 5763 5764 5701
f 5701 5764 5765
f 5701 5765 5702
f 5766 5767 5768
f 5768 5767 5769
f 5769 5770 5768
f 5768 5770 5771
f 5768 5771 5772
f 5772 5773 5768
f 5768 5773 5774
f 5768 5774 5775
f 5775 5776 5768
f 5768 5776 5777
f 5768 5777 5778
f 5779 5780 5781
f 5781 5782 5779
f 5779 5782 5783
f 5779 5783 5784
f 5784 5785 5779
f 5779 5785 5786
f 5779 5786 5787
f 5787 5788 5779
f 5779 5788 5789
f 5779 5789 5790
f 5790 5791 5779
f 5779 5791 5792
f 5779 5792 5793
f 5793 5794 5779
f 5779 5794 5795
f 5779 5795 5796
f 5796 5797 5779
f 5779 5797 5798
f 5779 5798 5799
f 5800 5801 5802
f 5802 5801 5803
f 5802 5803 5804
f 5805 5806 5807
f 5807 5806 5808
f 5807 5808 5802
f 5802 5808 5809
f 5809 5810 5802
f 5802 5810 5811
f 5802 5811 5812
f 5812 5813 5802
f 5802 5813 5814
f 5802 5814 5800
f 5804 5815 5802
f 5802 5815 5816
f 5802 5816 5817
f 5817 5816 5818
f 5817 5818 5768
f 5768 5818 5819
f 5768 5819 5766
f 5820 5821 5805
f 5805 5821 5822
f 5822 5823 5805
f 5805 5823 5824
f 5805 5824 5825
f 5825 5826 5805
f 5805 5826 5827
f 5805 5827 5828
f 5828 5829 5805
f 5805 5829 5830
f 5805 5830 5831
f 5831 5832 5805
f 5805 5832 5833
f 5805 5833 5834
f 5834 5835 5805
f 5805 5835 5836
f 5805 5836 5806
f 5837 5838 5839
f 5839 5840 5837
f 5837 5840 5841
f 5837 5841 5842
f 5842 5843 5837
f 5837 5843 5844
f 5837 5844 5845
f 5845 5846 5837
f 5837 5846 5847
f 5837 5847 5848
f 5848 5849 5837
f 5837 5849 5850
f 5837 5850 5851
f 5851 5850 5852
f 5851 5852 5805
f 5805 5852 5853
f 5805 5853 5820
f 5854 5855 5856
f 5854 5856 5857
f 5858 5859 5856
f 5856 5859 5860
f 5856 5860 5857
f 5855 5861 5856
f 5856 5861 5862
f 5856 5862 5863
f 5863 5864 5856
f 5856 5864 5865
f 5856 5865 5866
f 5866 5867 5856
f 5856 5867 5868
f 5856 5868 5869
f 5869 5870 5856
f 5856 5870 5871
f 5856 5871 5872
f 5873 5874 5875
f 5875 5874 5876
f 5875 5876 5877
f 5877 5878 5875
f 5875 5878 5879
f 5875 5879 5880
f 5880 5881 5875
f 5875 5881 5882
f 5875 5882 5883
f 5883 5884 5875
f 5875 5884 5885
f 5875 5885 5886
f 5886 5885 5887
f 5885 5888 5887
f 5887 5888 5889
f 5887 5889 5890
f 5890 5891 5887
f 5887 5891 5892
f 5887 5892 5893
f 5893 5894 5887
f 5887 5894 5895
f 5887 5895 5896
f 5896 5895 5897
f 5896 5897 5837
f 5837 5897 5898
f 5837 5898 5838
f 5899 5900 5901
f 5902 5903 5901
f 5901 5903 5904
f 5901 5904 5905
f 5905 5906 5901
f 5901 5906 5907
f 5901 5907 5908
f 5908 5909 5901
f 5901 5909 5910
f 5901 5910 5899
f 5900 5911 5901
f 5901 5911 5912
f 5901 5912 5913
f 5913 5912 5914
f 5913 5914 5856
f 5856 5914 5915
f 5856 5915 5858
f 5916 5917 5918
f 5918 5919 5916
f 5916 5919 5920
f 5916 5920 5921
f 5921 5922 5916
f 5916 5922 5923
f 5916 5923 5924
f 5924 5925 5916
f 5916 5925 5926
f 5916 5926 5927
f 5926 5928 5927
f 5927 5928 5929
f 5927 5929 5930
f 5930 5929 5931
f 5930 5931 5932
f 5932 5933 5930
f 5930 5933 5934
f 5930 5934 5935
f 5935 5936 5930
f 5930 5936 5937
f 5930 5937 5938
f 5938 5937 5939
f 5938 5939 5901
f 5901 5939 5940
f 5901 5940 5902
f 5799 5798 5941
f 5941 5798 5942
f 5941 5942 5943
f 5943 5944 5941
f 5941 5944 5945
f 5941 5945 5946
f 5946 5947 5941
f 5941 5947 5948
f 5941 5948 5949
f 5949 5950 5941
f 5941 5950 5951
f 5941 5951 5952
f 5952 5953 5941
f 5941 5953 5954
f 5941 5954 5955
f 5955 5954 5956
f 5955 5956 5916
f 5916 5956 5957
f 5916 5957 5917
f 5481 5457 5958
f 5958 5457 5959
f 5958 5959 5526
f 5526 5959 5960
f 5526 5960 5509
f 5509 5960 5961
f 5509 5961 5962
f 5962 5961 5963
f 5962 5963 5964
f 5964 5963 5965
f 5964 5965 5966
f 5966 5965 5967
f 5966 5967 5968
f 5968 5967 5969
f 5968 5969 5970
f 5970 5969 5971
f 5970 5971 5972
f 5972 5971 5973
f 5972 5973 5974
f 5974 5973 5975
f 5974 5975 5976
f 5976 5975 5977
f 5976 5977 5978
f 5978 5977 5979
f 5978 5979 5980
f 5980 5979 5981
f 5980 5981 5982
f 5982 5981 5983
f 5982 5983 5984
f 5984 5983 5985
f 5984 5985 5986
f 5986 5985 5987
f 5986 5987 5988
f 5988 5987 5989
f 5988 5989 5990
f 5990 5989 5991
f 5990 5991 5992
f 5992 5991 5993
f 5992 5993 5994
f 5994 5993 5995
f 5994 5995 5996
f 5996 5995 5997
f 5996 5997 5998
f 5998 5997 5999
f 5998 5999 6000
f 6000 5999 6001
f 6000 6001 6002
f 6002 6001 6003
f 6002 6003 6004
f 6004 6003 6005
f 6004 6005 6006
f 6006 6005 6007
f 6006 6007 6008
f 6008 6007 6009
f 6008 6009 6010
f 6010 6009 6011
f 6010 6011 6012
f 6012 6011 6013
f 6012 6013 6014
f 6014 6013 6015
f 6014 6015 6016
f 6016 6015 6017
f 6016 6017 6018
f 6018 6017 6019
f 6018 6019 6020
f 6020 6019 6021
f 6020 6021 6022
f 6022 6021 6023
f 6022 6023 6024
f 6024 6023 6025
f 6024 6025 6026
f 6026 6025 6027
f 6026 6027 6028
f 6028 6027 6029
f 6028 6029 6030
f 6030 6029 6031
f 6030 6031 6032
f 6032 6031 6033
f 6032 6033 6034
f 6034 6033 6035
f 6034 6035 6036
f 6036 6035 6037
f 6036 6037 6038
f 6038 6037 6039
f 6038 6039 6040
f 6038 6040 6041
f 6041 6040 6042
f 6042 6040 6043
f 6042 6043 6044
f 6044 6043 6045
f 6044 6045 6046
f 6046 6045 6047
f 6046 6047 6048
f 6048 6047 6049
f 6048 6049 6050
f 6050 6049 6051
f 6050 6051 6052
f 6052 6051 6053
f 6052 6053 6054
f 5231 6055 6056
f 6053 6057 6054
f 6054 6057 6058
f 6054 6058 6056
f 6056 6058 5209
f 6056 5209 5231
f 5231 5209 5228
f 5231 5228 5229
f 5717 5718 5693
f 5693 5718 5720
f 5693 5720 6059
f 6059 5720 6060
f 6059 6060 6061
f 6061 6060 6062
f 6061 6062 6063
f 6063 6062 6064
f 6063 6064 6065
f 6065 6064 6066
f 6065 6066 6067
f 6067 6066 6068
f 6067 6068 6069
f 6069 6068 6070
f 6069 6070 6071
f 6071 6070 6072
f 6071 6072 6073
f 6073 6072 6074
f 6073 6074 6075
f 6075 6074 6076
f 6075 6076 6077
f 6077 6076 6078
f 6077 6078 6079
f 6079 6078 6080
f 6079 6080 6081
f 6081 6080 6082
f 6081 6082 6083
f 6083 6082 6084
f 6083 6084 6085
f 6085 6084 6086
f 6085 6086 6087
f 6087 6086 6088
f 6087 6088 6089
f 6089 6088 6090
f 6089 6090 6091
f 6091 6090 6092
f 6091 6092 6093
f 6093 6092 6094
f 6093 6094 6095
f 6095 6094 6096
f 6095 6096 5875
f 5875 6096 5856
f 5875 5856 5873
f 5873 5856 5872
f 5778 5780 5768
f 5768 5780 5779
f 5768 5779 6097
f 6097 5779 6098
f 6097 6098 6099
f 6099 6098 6100
f 6099 6100 6101
f 6101 6100 6102
f 6101 6102 6103
f 6103 6102 6104
f 6103 6104 6105
f 6105 6104 6106
f 6105 6106 6107
f 6107 6106 6108
f 6107 6108 6109
f 6109 6108 6110
f 6109 6110 6111
f 6111 6110 6112
f 6111 6112 6113
f 6113 6112 6114
f 6113 6114 6115
f 6115 6114 6116
f 6115 6116 6117
f 6117 6116 6118
f 6117 6118 6119
f 6119 6118 6120
f 6119 6120 6121
f 6121 6120 6122
f 6121 6122 6123
f 6123 6122 6124
f 6123 6124 6125
f 6125 6124 6126
f 6125 6126 6127
f 6127 6126 6128
f 6127 6128 6129
f 6129 6128 6130
f 6129 6130 4792
f 4792 6130 4778
f 4792 4778 4790
f 4790 4778 4789
f 4697 4698 4680
f 4680 4698 4700
f 4680 4700 6131
f 6131 4700 6132
f 6131 6132 6133
f 6133 6132 6134
f 6133 6134 6135
f 6135 6134 6136
f 6135 6136 6137
f 6137 6136 6138
f 6137 6138 6139
f 6139 6138 6140
f 6139 6140 6141
f 6141 6140 6142
f 6141 6142 6143
f 6143 6142 6144
f 6143 6144 6145
f 6145 6144 6146
f 6145 6146 6147
f 6147 6146 6148
f 6147 6148 6149
f 6149 6148 6150
f 6149 6150 6151
f 6151 6150 6152
f 6151 6152 6153
f 6153 6152 6154
f 6153 6154 6155
f 6155 6154 6156
f 6155 6156 6157
f 6157 6156 6158
f 6157 6158 6159
f 6159 6158 6160
f 6159 6160 6161
f 6161 6160 6162
f 6161 6162 6163
f 6163 6162 6164
f 6163 6164 6165
f 6165 6164 6166
f 6165 6166 6167
f 6167 6166 6168
f 6167 6168 4930
f 4930 6168 4911
f 4930 4911 4931
f 4931 4911 4929
f 4832 4836 4833
f 4833 4836 4838
f 4833 4838 6169
f 6169 4838 6170
f 6169 6170 6171
f 6171 6170 6172
f 6171 6172 6173
f 6173 6172 6174
f 6173 6174 6175
f 6175 6174 6176
f 6175 6176 6177
f 6177 6176 6178
f 6177 6178 6179
f 6179 6178 6180
f 6179 6180 6181
f 6181 6180 6182
f 6181 6182 6183
f 6183 6182 6184
f 6183 6184 6185
f 6185 6184 6186
f 6185 6186 6187
f 6187 6186 6188
f 6187 6188 6189
f 6189 6188 6190
f 6189 6190 6191
f 6191 6190 6192
f 6191 6192 6193
f 6193 6192 6194
f 6193 6194 6195
f 6195 6194 6196
f 6195 6196 6197
f 6197 6196 6198
f 6197 6198 6199
f 6199 6198 6200
f 6199 6200 6201
f 6201 6200 6202
f 6201 6202 5162
f 5162 6202 5146
f 5162 5146 5160
f 5160 5146 5159
f 5074 5075 5059
f 5059 5075 5077
f 5059 5077 6203
f 6203 5077 6204
f 6203 6204 6205
f 6205 6204 6206
f 6205 6206 6207
f 6207 6206 6208
f 6207 6208 6209
f 6209 6208 6210
f 6209 6210 6211
f 6211 6210 6212
f 6211 6212 6213
f 6213 6212 6214
f 6213 6214 6215
f 6215 6214 6216
f 6215 6216 6217
f 6217 6216 6218
f 6217 6218 6219
f 6219 6218 6220
f 6219 6220 6221
f 6221 6220 6222
f 6221 6222 6223
f 6223 6222 6224
f 6223 6224 6225
f 6225 6224 6226
f 6225 6226 6227
f 6227 6226 6228
f 6227 6228 6229
f 6229 6228 6230
f 6229 6230 6231
f 6231 6230 6232
f 6231 6232 6233
f 6233 6232 6234
f 6233 6234 6235
f 6235 6234 6236
f 6235 6236 5326
f 5326 6236 5322
f 5326 5322 5327
f 5327 5322 5323
f 5414 5415 5399
f 5399 5415 5417
f 5399 5417 6237
f 6237 5417 6238
f 6237 6238 6239
f 6239 6238 6240
f 6239 6240 6241
f 6241 6240 6242
f 6241 6242 6243
f 6243 6242 6244
f 6243 6244 6245
f 6245 6244 6246
f 6245 6246 6247
f 6247 6246 6248
f 6247 6248 6249
f 6249 6248 6250
f 6249 6250 6251
f 6251 6250 6252
f 6251 6252 6253
f 6253 6252 6254
f 6253 6254 6255
f 6255 6254 6256
f 6255 6256 6257
f 6257 6256 6258
f 6257 6258 6259
f 6259 6258 6260
f 6259 6260 6261
f 6261 6260 6262
f 6261 6262 6263
f 6263 6262 6264
f 6263 6264 6265
f 6265 6264 6266
f 6265 6266 6267
f 6267 6266 6268
f 6267 6268 6269
f 6269 6268 6270
f 6269 6270 6271
f 6271 6270 6272
f 6271 6272 6273
f 6273 6272 6274
f 6273 6274 5620
f 5620 6274 5603
f 5620 5603 5621
f 5621 5603 5619
f 3203 4777 4776
f 3149 3147 4644
f 4644 4643 3149
f 3149 4643 4642
f 3149 4642 3150
f 4642 4641 3150
f 3150 4641 4677
f 3150 4677 3151
f 3151 4677 4676
f 4676 4674 3151
f 3151 4674 4673
f 3151 4673 3152
f 4673 4672 3152
f 3152 4672 4671
f 3152 4671 3153
f 4671 4670 3153
f 3153 4670 4669
f 3153 4669 3154
f 3154 4669 4668
f 4664 3158 4665
f 4665 3158 3157
f 4665 3157 4666
f 4666 3157 3156
f 4666 3156 4659
f 4659 3156 3155
f 4659 3155 4660
f 4660 3155 3154
f 4660 3154 4667
f 4667 3154 4668
f 4662 3250 4663
f 4663 3250 3249
f 4663 3249 4664
f 4664 3249 3248
f 4664 3248 3158
f 4722 3246 4662
f 4662 3246 3245
f 4662 3245 3250
f 4722 4721 3246
f 3246 4721 4720
f 3246 4720 3247
f 3247 4720 4719
f 3247 4719 3242
f 3242 4719 4718
f 3242 4718 3243
f 3243 4718 4717
f 3243 4717 3244
f 3244 4717 4716
f 3244 4716 3239
f 3239 4716 4715
f 3239 4715 3240
f 3240 4715 4714
f 3240 4714 3241
f 3241 4714 4712
f 3241 4712 3236
f 3236 4712 4711
f 3236 4711 3237
f 3237 4711 4710
f 3237 4710 3238
f 4710 4709 3238
f 3238 4709 4708
f 3238 4708 3233
f 4708 4707 3233
f 3233 4707 4706
f 3233 4706 3234
f 4706 4705 3234
f 3234 4705 4704
f 3234 4704 3251
f 4704 4703 3251
f 3251 4703 4702
f 3251 4702 3252
f 4702 4701 3252
f 3252 4701 4699
f 3252 4699 3253
f 4699 4698 3253
f 3253 4698 4697
f 3253 4697 3257
f 4697 4696 3257
f 3257 4696 4695
f 3257 4695 3255
f 4695 4694 3255
f 3255 4694 4693
f 3255 4693 3254
f 4693 4692 3254
f 3254 4692 4691
f 3254 4691 3258
f 4691 4690 3258
f 3258 4690 4689
f 3258 4689 3259
f 4689 4688 3259
f 3259 4688 4687
f 3259 4687 3260
f 4687 4686 3260
f 3260 4686 4682
f 3260 4682 3261
f 3261 4682 4681
f 3261 4681 3262
f 3262 4681 4679
f 3262 4679 3263
f 3263 4679 4678
f 3263 4678 3264
f 3264 4678 4685
f 3264 4685 3265
f 3265 4685 4684
f 3265 4684 3266
f 3266 4684 4683
f 3266 4683 3267
f 3267 4683 4739
f 3267 4739 3268
f 3268 4739 4738
f 3268 4738 3269
f 3269 4738 3270
f 4738 4736 3270
f 3270 4736 4735
f 3270 4735 3271
f 3271 4735 4734
f 3271 4734 3224
f 3224 4734 4733
f 3224 4733 3225
f 3225 4733 4732
f 3225 4732 3226
f 3226 4732 4731
f 3226 4731 3221
f 3221 4731 4730
f 3221 4730 3222
f 3222 4730 4729
f 3222 4729 3223
f 3223 4729 4728
f 3223 4728 3220
f 3220 4728 3217
f 4728 4727 3217
f 3217 4727 4726
f 3217 4726 3218
f 4726 4725 3218
f 3218 4725 4724
f 3218 4724 3227
f 4724 4759 3227
f 3227 4759 4758
f 3227 4758 3228
f 3228 4758 4756
f 4756 4755 3228
f 3228 4755 4754
f 3228 4754 3229
f 4754 4753 3229
f 3229 4753 4752
f 3229 4752 3216
f 4752 4751 3216
f 3216 4751 4750
f 3216 4750 3213
f 4750 4749 3213
f 3213 4749 4748
f 3213 4748 3214
f 4748 4747 3214
f 3214 4747 4746
f 3214 4746 3230
f 4746 4745 3230
f 3230 4745 4744
f 3230 4744 3231
f 3231 4744 4743
f 3231 4743 3232
f 3232 4743 4741
f 3232 4741 3203
f 3203 4741 4740
f 3203 4740 4777
f 4774 3208 4776
f 4776 3208 3204
f 4776 3204 3203
f 4774 4773 3208
f 3208 4773 4772
f 3208 4772 3209
f 3209 4772 4771
f 3209 4771 3210
f 3210 4771 4770
f 3210 4770 3211
f 3211 4770 4769
f 3211 4769 3212
f 3212 4769 4768
f 3212 4768 3205
f 3205 4768 4767
f 3205 4767 3206
f 3206 4767 4766
f 3206 4766 3207
f 3207 4766 4765
f 3207 4765 3200
f 3200 4765 4764
f 3200 4764 3201
f 3201 4764 4763
f 3201 4763 3202
f 3202 4763 4761
f 3202 4761 3197
f 3197 4761 4760
f 3197 4760 3198
f 3198 4760 4804
f 3198 4804 3199
f 3199 4804 4806
f 3199 4806 3194
f 4806 4808 3194
f 3194 4808 4803
f 3194 4803 3195
f 3195 4803 4802
f 3195 4802 3196
f 4802 4801 3196
f 3196 4801 4800
f 3196 4800 3191
f 4800 4799 3191
f 3191 4799 4798
f 3191 4798 3192
f 4798 4797 3192
f 3192 4797 4796
f 3192 4796 3193
f 4796 4795 3193
f 3193 4795 4794
f 3193 4794 3187
f 4794 4793 3187
f 3187 4793 4791
f 3187 4791 3185
f 4791 4790 3185
f 3185 4790 4789
f 3185 4789 3189
f 4789 4788 3189
f 3189 4788 4787
f 3189 4787 3161
f 4787 4786 3161
f 3161 4786 4785
f 3161 4785 3160
f 4785 4784 3160
f 3160 4784 4783
f 3160 4783 3162
f 4783 4782 3162
f 3162 4782 4781
f 3162 4781 3163
f 4781 4780 3163
f 3163 4780 4779
f 3163 4779 3164
f 4779 4831 3164
f 3164 4831 4830
f 3164 4830 3165
f 3165 4830 4828
f 3165 4828 3166
f 4828 4827 3166
f 3166 4827 4811
f 3166 4811 3167
f 3167 4811 4810
f 3167 4810 3168
f 3168 4810 4815
f 3168 4815 3169
f 3169 4815 4814
f 3169 4814 3170
f 3170 4814 4813
f 3170 4813 3171
f 3171 4813 4818
f 3171 4818 3172
f 3172 4818 4817
f 3172 4817 3173
f 3173 4817 4816
f 3173 4816 3178
f 3178 4816 4826
f 3178 4826 3179
f 3179 4826 4825
f 3179 4825 3180
f 3180 4825 4824
f 3180 4824 3181
f 3181 4824 4823
f 3181 4823 3182
f 3182 4823 4822
f 3182 4822 3174
f 3174 4822 4820
f 3174 4820 3175
f 4820 4819 3175
f 3175 4819 4658
f 3175 4658 3176
f 3176 4658 3177
f 4658 4657 3177
f 3177 4657 4656
f 3177 4656 3183
f 4656 4655 3183
f 3183 4655 4654
f 3183 4654 3184
f 3184 4654 4653
f 3184 4653 3143
f 3143 4653 4652
f 3143 4652 3144
f 4652 4651 3144
f 3144 4651 4650
f 3144 4650 3146
f 4650 4646 3146
f 3146 4646 4648
f 3146 4648 3147
f 3147 4648 4649
f 3147 4649 4644
f 3288 3286 4837
f 4837 4836 3288
f 3288 4836 4832
f 3288 4832 3290
f 4866 3291 4835
f 4835 3291 3290
f 4835 3290 4834
f 4834 3290 4832
f 4866 4864 3291
f 3291 4864 3292
f 4864 4863 3292
f 3292 4863 4862
f 3292 4862 3293
f 4862 4861 3293
f 3293 4861 4860
f 3293 4860 3294
f 4851 3301 4852
f 4852 3301 3300
f 4852 3300 4853
f 4853 3300 3299
f 4853 3299 4850
f 4850 3299 3298
f 4850 3298 4847
f 4847 3298 3297
f 4847 3297 4848
f 4848 3297 3296
f 4848 3296 4857
f 4857 3296 3295
f 4857 3295 4858
f 4858 3295 3294
f 4858 3294 4859
f 4859 3294 4860
f 3384 3386 4867
f 4867 3386 3389
f 4867 3389 4868
f 4868 3389 3388
f 4868 3388 4881
f 4881 3388 3387
f 4881 3387 4882
f 4882 3387 3394
f 4882 3394 4884
f 4884 3394 3393
f 4884 3393 4885
f 4885 3393 3392
f 4885 3392 4854
f 4854 3392 3391
f 4854 3391 4855
f 4855 3391 3390
f 4855 3390 4856
f 4856 3390 3303
f 4856 3303 4851
f 4851 3303 3302
f 4851 3302 3301
f 4867 4880 3384
f 3384 4880 4879
f 3384 4879 3385
f 4879 4878 3385
f 3385 4878 4877
f 3385 4877 3395
f 4877 4876 3395
f 3395 4876 4875
f 3395 4875 3396
f 4875 4874 3396
f 3396 4874 4873
f 3396 4873 3398
f 4873 4872 3398
f 3398 4872 4871
f 3398 4871 3399
f 4871 4870 3399
f 3399 4870 4908
f 3399 4908 3400
f 3400 4908 4907
f 4907 4905 3400
f 3400 4905 4904
f 3400 4904 3401
f 3401 4904 4903
f 3401 4903 3402
f 3402 4903 4902
f 3402 4902 3369
f 4902 4901 3369
f 3369 4901 4900
f 3369 4900 3370
f 4900 4899 3370
f 3370 4899 4898
f 3370 4898 3371
f 4898 4891 3371
f 3371 4891 4890
f 3371 4890 3372
f 3372 4890 4897
f 4889 3379 4886
f 4886 3379 3378
f 4886 3378 4887
f 4887 3378 3377
f 4887 3377 4893
f 4893 3377 3376
f 4893 3376 4894
f 4894 3376 3372
f 4894 3372 4896
f 4896 3372 4897
f 4955 3373 4889
f 4889 3373 3380
f 4889 3380 3379
f 4946 3364 4947
f 4947 3364 3363
f 4947 3363 4948
f 4948 3363 3368
f 4948 3368 4949
f 4949 3368 3367
f 4949 3367 4950
f 4950 3367 3366
f 4950 3366 4951
f 4951 3366 3375
f 4951 3375 4952
f 4952 3375 3374
f 4952 3374 4953
f 4953 3374 3373
f 4953 3373 4954
f 4954 3373 4955
f 3383 3382 4946
f 4946 3382 3381
f 4946 3381 3364
f 4946 4945 3383
f 3383 4945 4943
f 3383 4943 3348
f 3348 4943 4942
f 3348 4942 3349
f 3349 4942 4941
f 3349 4941 3350
f 4941 4940 3350
f 3350 4940 4939
f 3350 4939 3345
f 4939 4938 3345
f 3345 4938 4937
f 3345 4937 3346
f 4937 4936 3346
f 3346 4936 4935
f 3346 4935 3351
f 4935 4934 3351
f 3351 4934 4933
f 3351 4933 3352
f 4933 4932 3352
f 3352 4932 4931
f 3352 4931 3353
f 4931 4929 3353
f 3353 4929 4928
f 3353 4928 3355
f 4928 4927 3355
f 3355 4927 4926
f 3355 4926 3356
f 4926 4925 3356
f 3356 4925 4924
f 3356 4924 3357
f 4924 4923 3357
f 3357 4923 4922
f 3357 4922 3358
f 4922 4921 3358
f 3358 4921 4920
f 3358 4920 3359
f 4910 3360 4918
f 4918 3360 3359
f 4918 3359 4919
f 4919 3359 4920
f 3324 3362 4910
f 4910 3362 3361
f 4910 3361 3360
f 4910 4909 3324
f 3324 4909 4914
f 3324 4914 3325
f 3325 4914 4913
f 3325 4913 3327
f 3327 4913 4912
f 3327 4912 3328
f 3328 4912 4917
f 3328 4917 3331
f 3331 4917 4916
f 3331 4916 3332
f 3332 4916 4915
f 3332 4915 3333
f 3333 4915 4974
f 3333 4974 3337
f 3337 4974 4973
f 3337 4973 3338
f 3338 4973 4971
f 3338 4971 3339
f 4971 4970 3339
f 3339 4970 4969
f 3339 4969 3340
f 3340 4969 4968
f 3340 4968 3341
f 3341 4968 4967
f 3341 4967 3334
f 3334 4967 4957
f 3334 4957 3335
f 3335 4957 4956
f 3335 4956 3336
f 3336 4956 3329
f 4956 4966 3329
f 3329 4966 4965
f 3329 4965 3330
f 4965 4964 3330
f 3330 4964 4963
f 3330 4963 3342
f 4963 4962 3342
f 3342 4962 4961
f 3342 4961 3343
f 4961 4960 3343
f 3343 4960 4959
f 3343 4959 3344
f 3344 4959 4998
f 3344 4998 3304
f 3304 4998 4997
f 3304 4997 3305
f 3305 4997 4995
f 4995 4994 3305
f 3305 4994 4993
f 3305 4993 3307
f 4993 4991 3307
f 3307 4991 4990
f 3307 4990 3309
f 4990 4988 3309
f 3309 4988 4987
f 3309 4987 3310
f 4987 4986 3310
f 3310 4986 4985
f 3310 4985 3311
f 4985 4984 3311
f 3311 4984 4983
f 3311 4983 3312
f 4983 4982 3312
f 3312 4982 4981
f 3312 4981 3313
f 3313 4981 4980
f 4980 4979 3313
f 3313 4979 4978
f 3313 4978 3314
f 3314 4978 4977
f 3314 4977 3315
f 3315 4977 4976
f 3315 4976 3316
f 3316 4976 5019
f 3316 5019 3317
f 3317 5019 5018
f 3317 5018 3318
f 3318 5018 5017
f 3318 5017 3319
f 3319 5017 5016
f 3319 5016 3320
f 3320 5016 5015
f 3320 5015 3321
f 3321 5015 3322
f 3322 5015 5014
f 3322 5014 3323
f 3323 5014 5013
f 3323 5013 3281
f 3281 5013 5012
f 3281 5012 3282
f 3282 5012 5011
f 3282 5011 3283
f 3283 5011 5010
f 3283 5010 3278
f 3278 5010 5009
f 3278 5009 3279
f 3279 5009 5008
f 3279 5008 3280
f 3280 5008 5006
f 3280 5006 3275
f 3275 5006 5005
f 3275 5005 3276
f 3276 5005 5004
f 3276 5004 3277
f 5004 5003 3277
f 3277 5003 5002
f 3277 5002 3272
f 5002 5001 3272
f 3272 5001 5000
f 3272 5000 3273
f 5000 4999 3273
f 3273 4999 4846
f 3273 4846 3284
f 4846 4845 3284
f 3284 4845 4844
f 3284 4844 3285
f 4844 4843 3285
f 3285 4843 4841
f 3285 4841 3286
f 3286 4841 4839
f 3286 4839 4837
f 3514 3513 5030
f 5030 5028 3514
f 3514 5028 5027
f 3514 5027 3516
f 5027 5026 3516
f 3516 5026 5025
f 3516 5025 3517
f 5025 5024 3517
f 3517 5024 5023
f 3517 5023 3522
f 5023 5021 3522
f 3522 5021 5020
f 3522 5020 3523
f 3523 5020 5056
f 5056 5055 3523
f 3523 5055 5053
f 3523 5053 3524
f 3524 5053 5052
f 5052 5051 3524
f 3524 5051 5050
f 3524 5050 3528
f 3528 5050 5049
f 3528 5049 3529
f 3529 5049 5048
f 3529 5048 3530
f 3530 5048 5047
f 3530 5047 3531
f 3531 5047 5046
f 3531 5046 3532
f 3532 5046 5045
f 3532 5045 3525
f 3525 5045 5044
f 3525 5044 3526
f 3526 5044 5043
f 3526 5043 3527
f 3527 5043 5041
f 3527 5041 3518
f 3518 5041 5040
f 3518 5040 3519
f 3519 5040 5097
f 3519 5097 3520
f 5097 5096 3520
f 3520 5096 5095
f 3520 5095 3521
f 3521 5095 5094
f 3521 5094 3494
f 3494 5094 5093
f 3494 5093 3495
f 3495 5093 5090
f 3495 5090 3496
f 3496 5090 5089
f 3496 5089 3491
f 3491 5089 5091
f 3491 5091 3492
f 3492 5091 5088
f 3492 5088 3493
f 5088 5087 3493
f 3493 5087 5086
f 3493 5086 3488
f 5086 5085 3488
f 3488 5085 5084
f 3488 5084 3489
f 5084 5083 3489
f 3489 5083 5082
f 3489 5082 3497
f 5082 5081 3497
f 3497 5081 5080
f 3497 5080 3498
f 5080 5079 3498
f 3498 5079 5078
f 3498 5078 3499
f 5078 5076 3499
f 3499 5076 5075
f 3499 5075 3500
f 5075 5074 3500
f 3500 5074 5073
f 3500 5073 3502
f 5073 5072 3502
f 3502 5072 5071
f 3502 5071 3503
f 5071 5070 3503
f 3503 5070 5069
f 3503 5069 3504
f 5069 5068 3504
f 3504 5068 5067
f 3504 5067 3505
f 5067 5066 3505
f 3505 5066 5065
f 3505 5065 3506
f 5061 3510 5062
f 5062 3510 3509
f 5062 3509 5057
f 5057 3509 3508
f 5057 3508 5058
f 5058 3508 3507
f 5058 3507 5063
f 5063 3507 3506
f 5063 3506 5064
f 5064 3506 5065
f 3469 3512 5061
f 5061 3512 3511
f 5061 3511 3510
f 5102 3475 5103
f 5103 3475 3474
f 5103 3474 5107
f 5107 3474 3473
f 5107 3473 5108
f 5108 3473 3481
f 5108 3481 5109
f 5109 3481 3480
f 5109 3480 5110
f 5110 3480 3479
f 5110 3479 5111
f 5111 3479 3478
f 5111 3478 5104
f 5104 3478 3477
f 5104 3477 5105
f 5105 3477 3472
f 5105 3472 5106
f 5106 3472 3470
f 5106 3470 4637
f 4637 3470 3469
f 4637 3469 4638
f 4638 3469 5061
f 5101 3482 5102
f 5102 3482 3476
f 5102 3476 3475
f 5101 5099 3482
f 3482 5099 5132
f 3482 5132 3483
f 5132 5131 3483
f 3483 5131 5130
f 3483 5130 3485
f 5130 5129 3485
f 3485 5129 5128
f 3485 5128 3486
f 5128 5127 3486
f 3486 5127 5126
f 3486 5126 3487
f 5126 5125 3487
f 3487 5125 5124
f 3487 5124 3447
f 3447 5124 5123
f 3447 5123 3448
f 3448 5123 5122
f 3448 5122 3450
f 5122 5121 3450
f 3450 5121 5120
f 3450 5120 3451
f 5120 5119 3451
f 3451 5119 5117
f 3451 5117 3453
f 5117 5116 3453
f 3453 5116 5115
f 3453 5115 3454
f 5115 5113 3454
f 3454 5113 5112
f 3454 5112 3455
f 3455 5112 5143
f 3455 5143 5142
f 5182 3460 5184
f 5184 3460 3459
f 5184 3459 5185
f 5185 3459 3458
f 5185 3458 5133
f 5133 3458 3457
f 5133 3457 5134
f 5134 3457 3465
f 5134 3465 5135
f 5135 3465 3464
f 5135 3464 5136
f 5136 3464 3463
f 5136 3463 5137
f 5137 3463 3462
f 5137 3462 5138
f 5138 3462 3461
f 5138 3461 5139
f 5139 3461 3456
f 5139 3456 5140
f 5140 3456 3455
f 5140 3455 5141
f 5141 3455 5142
f 3468 3467 5182
f 5182 3467 3466
f 5182 3466 3460
f 5182 5181 3468
f 3468 5181 5180
f 3468 5180 3430
f 3430 5180 5179
f 3430 5179 3431
f 3431 5179 5178
f 3431 5178 3432
f 3432 5178 5175
f 3432 5175 3427
f 3427 5175 5174
f 3427 5174 3428
f 3428 5174 5173
f 3428 5173 3429
f 5173 5172 3429
f 3429 5172 5171
f 3429 5171 3424
f 5171 5170 3424
f 3424 5170 5169
f 3424 5169 3425
f 5169 5168 3425
f 3425 5168 5167
f 3425 5167 3426
f 5167 5166 3426
f 3426 5166 5165
f 3426 5165 3421
f 5165 5164 3421
f 3421 5164 5163
f 3421 5163 3422
f 5163 5161 3422
f 3422 5161 5160
f 3422 5160 3433
f 5160 5159 3433
f 3433 5159 5158
f 3433 5158 3435
f 5158 5157 3435
f 3435 5157 5156
f 3435 5156 3436
f 5156 5155 3436
f 3436 5155 5154
f 3436 5154 3437
f 5154 5153 3437
f 3437 5153 5152
f 3437 5152 3438
f 5152 5151 3438
f 3438 5151 5150
f 3438 5150 3439
f 5150 5149 3439
f 3439 5149 5148
f 3439 5148 3440
f 3440 5148 5145
f 3440 5145 3441
f 3441 5145 5144
f 3441 5144 3442
f 3442 5144 5147
f 3442 5147 3443
f 3443 5147 5206
f 3443 5206 3444
f 3444 5206 5205
f 3444 5205 3445
f 3445 5205 5203
f 3445 5203 3406
f 5203 5202 3406
f 3406 5202 5196
f 3406 5196 3407
f 3407 5196 5195
f 3407 5195 3408
f 3408 5195 5194
f 3408 5194 3412
f 3412 5194 5193
f 3412 5193 3413
f 3413 5193 5201
f 3413 5201 3414
f 3414 5201 5200
f 3414 5200 3415
f 3415 5200 5199
f 3415 5199 3416
f 3416 5199 5198
f 3416 5198 3409
f 3409 5198 5197
f 3409 5197 3410
f 3410 5197 5192
f 3410 5192 3411
f 3411 5192 3403
f 5192 5191 3403
f 3403 5191 5189
f 3403 5189 3404
f 3404 5189 5187
f 5187 5186 3404
f 3404 5186 5039
f 3404 5039 3420
f 5039 5038 3420
f 3420 5038 5037
f 3420 5037 3419
f 5037 5036 3419
f 3419 5036 5035
f 3419 5035 3417
f 5035 5034 3417
f 3417 5034 5033
f 3417 5033 3513
f 3513 5033 5031
f 3513 5031 5030
f 3543 3541 5228
f 5228 5227 3543
f 3543 5227 5226
f 3543 5226 3545
f 5226 5225 3545
f 3545 5225 5224
f 3545 5224 3546
f 5224 5223 3546
f 3546 5223 5222
f 3546 5222 3547
f 5222 5221 3547
f 3547 5221 5220
f 3547 5220 3548
f 5220 5219 3548
f 3548 5219 5218
f 3548 5218 3549
f 5207 3550 5208
f 5208 3550 3549
f 5208 3549 5217
f 5217 3549 5218
f 5273 3650 5274
f 5274 3650 3649
f 5274 3649 5214
f 5214 3649 3645
f 5214 3645 5215
f 5215 3645 3644
f 5215 3644 5216
f 5216 3644 3643
f 5216 3643 5211
f 5211 3643 3640
f 5211 3640 5212
f 5212 3640 3639
f 5212 3639 5213
f 5213 3639 3638
f 5213 3638 5210
f 5210 3638 3552
f 5210 3552 5207
f 5207 3552 3551
f 5207 3551 3550
f 5271 3652 5273
f 5273 3652 3651
f 5273 3651 3650
f 5271 5270 3652
f 3652 5270 5269
f 3652 5269 3653
f 3653 5269 5268
f 3653 5268 3646
f 3646 5268 5267
f 3646 5267 3647
f 3647 5267 5258
f 3647 5258 3648
f 3648 5258 5257
f 3648 5257 3641
f 3641 5257 3642
f 5257 5266 3642
f 3642 5266 5265
f 3642 5265 3654
f 5265 5264 3654
f 3654 5264 5263
f 3654 5263 3655
f 5263 5262 3655
f 3655 5262 5261
f 3655 5261 3656
f 5261 5260 3656
f 3656 5260 5294
f 3656 5294 3620
f 3620 5294 5293
f 5293 5291 3620
f 3620 5291 5290
f 3620 5290 3621
f 5290 5289 3621
f 3621 5289 5288
f 3621 5288 3623
f 5288 5287 3623
f 3623 5287 5286
f 3623 5286 3624
f 5286 5285 3624
f 3624 5285 5284
f 3624 5284 3625
f 5284 5276 3625
f 3625 5276 5275
f 3625 5275 3626
f 5275 5283 3626
f 3626 5283 5282
f 3626 5282 3627
f 5282 5281 3627
f 3627 5281 5280
f 3627 5280 3628
f 3628 5280 5279
f 5318 3633 5319
f 5319 3633 3628
f 5319 3628 5278
f 5278 3628 5279
f 5316 3635 5318
f 5318 3635 3634
f 5318 3634 3633
f 5316 5315 3635
f 3635 5315 5314
f 3635 5314 3636
f 3636 5314 5313
f 3636 5313 3637
f 3637 5313 5312
f 3637 5312 3629
f 3629 5312 5311
f 3629 5311 3630
f 3630 5311 5310
f 3630 5310 3631
f 3631 5310 5309
f 3631 5309 3632
f 3632 5309 5308
f 3632 5308 3598
f 3598 5308 5307
f 3598 5307 3599
f 3599 5307 5306
f 3599 5306 3600
f 3600 5306 5305
f 3600 5305 3595
f 3595 5305 5304
f 3595 5304 3596
f 3596 5304 5303
f 3596 5303 3597
f 3597 5303 5296
f 3597 5296 3592
f 3592 5296 5295
f 3592 5295 3593
f 3593 5295 5298
f 3593 5298 3594
f 5334 3589 5299
f 5299 3589 3594
f 5299 3594 5302
f 5302 3594 5298
f 3589 5334 5333
f 3589 5333 3590
f 5333 5332 3590
f 3590 5332 5331
f 3590 5331 3601
f 5331 5330 3601
f 3601 5330 5329
f 3601 5329 3602
f 5329 5328 3602
f 3602 5328 5325
f 3602 5325 3603
f 5325 5327 3603
f 3603 5327 5323
f 3603 5323 3605
f 5323 5321 3605
f 3605 5321 5320
f 3605 5320 3606
f 5320 5355 3606
f 3606 5355 5354
f 3606 5354 3607
f 5354 5352 3607
f 3607 5352 5351
f 3607 5351 3608
f 5351 5350 3608
f 3608 5350 5349
f 3608 5349 3609
f 5349 5348 3609
f 3609 5348 5336
f 3609 5336 3610
f 3610 5336 5335
f 3610 5335 3611
f 3611 5335 5338
f 3611 5338 3612
f 3612 5338 5341
f 3612 5341 3613
f 3613 5341 5340
f 3613 5340 3614
f 3614 5340 5339
f 3614 5339 3615
f 3615 5339 5344
f 3615 5344 3616
f 3616 5344 5343
f 3616 5343 3617
f 3617 5343 5342
f 3617 5342 3618
f 3618 5342 5347
f 3618 5347 3581
f 3581 5347 5346
f 3581 5346 3582
f 3582 5346 5345
f 3582 5345 3583
f 3583 5345 5378
f 3583 5378 3584
f 3584 5378 5377
f 3584 5377 3585
f 3585 5377 5375
f 3585 5375 3578
f 5375 5374 3578
f 3578 5374 5357
f 3578 5357 3579
f 3579 5357 5356
f 3579 5356 3580
f 3580 5356 3577
f 5356 5373 3577
f 3577 5373 5372
f 3577 5372 3574
f 5372 5371 3574
f 3574 5371 5370
f 3574 5370 3575
f 5370 5369 3575
f 3575 5369 5368
f 3575 5368 3586
f 5368 5367 3586
f 3586 5367 5366
f 3586 5366 3587
f 5366 5365 3587
f 3587 5365 5364
f 3587 5364 3588
f 5364 5363 3588
f 3588 5363 5361
f 3588 5361 3140
f 5361 5360 3140
f 3140 5360 5396
f 3140 5396 3141
f 3141 5396 5395
f 5395 5393 3141
f 3141 5393 5392
f 3141 5392 3554
f 5392 5391 3554
f 3554 5391 5390
f 3554 5390 3555
f 5390 5389 3555
f 3555 5389 5388
f 3555 5388 3560
f 5388 5387 3560
f 3560 5387 5386
f 3560 5386 3561
f 3561 5386 5385
f 5381 3568 5382
f 5382 3568 3567
f 5382 3567 5379
f 5379 3567 3566
f 5379 3566 5380
f 5380 3566 3562
f 5380 3562 5383
f 5383 3562 3561
f 5383 3561 5384
f 5384 3561 5385
f 5256 3570 5381
f 5381 3570 3569
f 5381 3569 3568
f 5247 3559 5248
f 5248 3559 3558
f 5248 3558 5249
f 5249 3558 3557
f 5249 3557 5250
f 5250 3557 3556
f 5250 3556 5251
f 5251 3556 3565
f 5251 3565 5252
f 5252 3565 3564
f 5252 3564 5253
f 5253 3564 3563
f 5253 3563 5254
f 5254 3563 3570
f 5254 3570 5255
f 5255 3570 5256
f 3573 3572 5247
f 5247 3572 3571
f 5247 3571 3559
f 5247 5245 3573
f 3573 5245 5243
f 3573 5243 3536
f 3536 5243 5242
f 3536 5242 3537
f 3537 5242 5241
f 3537 5241 3538
f 5241 5240 3538
f 3538 5240 5239
f 3538 5239 3533
f 5239 5238 3533
f 3533 5238 5237
f 3533 5237 3534
f 5237 5236 3534
f 3534 5236 5235
f 3534 5235 3539
f 5235 5234 3539
f 3539 5234 5233
f 3539 5233 3540
f 5233 5232 3540
f 3540 5232 5230
f 3540 5230 3541
f 3541 5230 5229
f 3541 5229 5228
f 3728 6275 6276
f 3664 3663 6277
f 6277 6278 3664
f 3664 6278 6279
f 3664 6279 3665
f 3665 6279 6280
f 6280 6281 3665
f 3665 6281 6282
f 3665 6282 3666
f 3666 6282 6283
f 3666 6283 3667
f 3667 6283 6284
f 3667 6284 3668
f 3668 6284 6285
f 3668 6285 3669
f 3669 6285 6286
f 3669 6286 3670
f 3670 6286 6287
f 3670 6287 3671
f 3671 6287 6288
f 3671 6288 3672
f 3672 6288 6289
f 3672 6289 3762
f 3762 6289 3763
f 3763 6289 6290
f 3763 6290 3764
f 3764 6290 6291
f 3764 6291 3759
f 3759 6291 6292
f 3759 6292 3760
f 3760 6292 6293
f 3760 6293 3761
f 3761 6293 6294
f 3761 6294 3756
f 3756 6294 6295
f 3756 6295 3757
f 3757 6295 6296
f 3757 6296 3758
f 3758 6296 6297
f 3758 6297 3753
f 3753 6297 6298
f 3753 6298 3754
f 3754 6298 6299
f 3754 6299 3755
f 3755 6299 6300
f 3755 6300 3750
f 3750 6300 6301
f 3750 6301 3751
f 3751 6301 6302
f 3751 6302 3752
f 3752 6302 6303
f 3752 6303 3747
f 6303 6304 3747
f 3747 6304 6305
f 3747 6305 3748
f 3748 6305 6306
f 3748 6306 3765
f 6306 6307 3765
f 3765 6307 6308
f 3765 6308 3766
f 6308 6309 3766
f 3766 6309 6310
f 3766 6310 3767
f 6310 6311 3767
f 3767 6311 6312
f 3767 6312 3769
f 6312 6313 3769
f 3769 6313 6314
f 3769 6314 3770
f 6314 6315 3770
f 3770 6315 6316
f 3770 6316 3771
f 6316 6317 3771
f 3771 6317 6318
f 3771 6318 3772
f 3772 6318 6319
f 3772 6319 3773
f 3773 6319 6320
f 3773 6320 3774
f 3774 6320 6321
f 3774 6321 3775
f 3775 6321 6322
f 3775 6322 3776
f 3776 6322 6323
f 3776 6323 3777
f 3777 6323 6324
f 3777 6324 3778
f 3778 6324 6325
f 3778 6325 3779
f 3779 6325 6326
f 3779 6326 3780
f 3780 6326 6327
f 3780 6327 3781
f 3781 6327 6328
f 3781 6328 3782
f 3782 6328 6329
f 3782 6329 3783
f 3783 6329 6330
f 3783 6330 3784
f 3784 6330 3785
f 3785 6330 6331
f 3785 6331 3738
f 3738 6331 6332
f 3738 6332 3739
f 3739 6332 6333
f 3739 6333 3740
f 3740 6333 6334
f 3740 6334 3735
f 3735 6334 6335
f 3735 6335 3736
f 3736 6335 6336
f 3736 6336 3737
f 3737 6336 6337
f 3737 6337 3734
f 6337 6338 3734
f 3734 6338 6339
f 3734 6339 3731
f 3731 6339 6340
f 3731 6340 3732
f 3732 6340 6341
f 3732 6341 3741
f 3741 6341 6342
f 3741 6342 3742
f 6342 6343 3742
f 3742 6343 6344
f 3742 6344 3743
f 3743 6344 6345
f 3743 6345 3730
f 6345 6346 3730
f 3730 6346 6347
f 3730 6347 3727
f 6347 6348 3727
f 3727 6348 6349
f 3727 6349 3728
f 3728 6349 6350
f 3728 6350 6275
f 6351 3746 6352
f 6352 3746 3745
f 6352 3745 6276
f 6276 3745 3744
f 6276 3744 3728
f 6353 3718 6351
f 6351 3718 3717
f 6351 3717 3746
f 6353 6354 3718
f 3718 6354 6355
f 3718 6355 3722
f 3722 6355 6356
f 3722 6356 3723
f 3723 6356 6357
f 3723 6357 3724
f 3724 6357 6358
f 3724 6358 3725
f 3725 6358 6359
f 3725 6359 3726
f 3726 6359 6360
f 3726 6360 3719
f 3719 6360 6361
f 3719 6361 3720
f 3720 6361 6362
f 3720 6362 3721
f 3721 6362 6363
f 3721 6363 3714
f 3714 6363 6364
f 3714 6364 3715
f 3715 6364 6365
f 3715 6365 3716
f 3716 6365 6366
f 3716 6366 3711
f 3711 6366 6367
f 3711 6367 3712
f 3712 6367 6368
f 3712 6368 3713
f 3713 6368 6369
f 3713 6369 3708
f 3708 6369 6370
f 3708 6370 3709
f 3709 6370 6371
f 3709 6371 3710
f 3710 6371 6372
f 3710 6372 3705
f 3705 6372 6373
f 3705 6373 3706
f 3706 6373 6374
f 3706 6374 3707
f 6374 6375 3707
f 3707 6375 6376
f 3707 6376 3703
f 6376 6377 3703
f 3703 6377 6378
f 3703 6378 3701
f 6378 6379 3701
f 3701 6379 6380
f 3701 6380 3674
f 6380 6381 3674
f 3674 6381 6382
f 3674 6382 3676
f 6382 6383 3676
f 3676 6383 6384
f 3676 6384 3677
f 6384 6385 3677
f 3677 6385 6386
f 3677 6386 3678
f 3678 6386 6387
f 3678 6387 3679
f 3679 6387 6388
f 3679 6388 3680
f 3680 6388 6389
f 3680 6389 3681
f 3681 6389 6390
f 3681 6390 3682
f 3682 6390 6391
f 3682 6391 3683
f 3683 6391 6392
f 3683 6392 3684
f 3684 6392 6393
f 3684 6393 3685
f 3685 6393 6394
f 3685 6394 3686
f 3686 6394 6395
f 3686 6395 3687
f 3687 6395 6396
f 3687 6396 3688
f 3688 6396 6397
f 3688 6397 3689
f 3689 6397 6398
f 3689 6398 3694
f 3694 6398 6399
f 3694 6399 3695
f 3695 6399 6400
f 3695 6400 3696
f 3696 6400 6401
f 3696 6401 3697
f 3697 6401 6402
f 3697 6402 3698
f 3698 6402 6403
f 3698 6403 3690
f 3690 6403 6404
f 3690 6404 3691
f 3691 6404 6405
f 3691 6405 3692
f 6405 6406 3692
f 3692 6406 6407
f 3692 6407 3693
f 3693 6407 6408
f 3693 6408 3699
f 3699 6408 3700
f 3700 6408 6409
f 3700 6409 3657
f 3657 6409 6410
f 3657 6410 3658
f 6410 6411 3658
f 3658 6411 6412
f 3658 6412 3660
f 6412 6413 3660
f 3660 6413 6414
f 3660 6414 3661
f 3661 6414 6415
f 3661 6415 3663
f 3663 6415 6416
f 3663 6416 6277
f 3810 3809 5415
f 5415 5414 3810
f 3810 5414 5413
f 3810 5413 3811
f 5413 5412 3811
f 3811 5412 5411
f 3811 5411 3813
f 5411 5410 3813
f 3813 5410 5409
f 3813 5409 3815
f 5409 5408 3815
f 3815 5408 5407
f 3815 5407 3816
f 5407 5406 3816
f 3816 5406 5405
f 3816 5405 3817
f 5452 3824 5454
f 5454 3824 3823
f 5454 3823 5400
f 5400 3823 3822
f 5400 3822 5401
f 5401 3822 3821
f 5401 3821 5402
f 5402 3821 3820
f 5402 3820 5397
f 5397 3820 3819
f 5397 3819 5398
f 5398 3819 3818
f 5398 3818 5403
f 5403 3818 3817
f 5403 3817 5404
f 5404 3817 5405
f 5452 3826 3825
f 5452 3825 3824
f 5452 5451 3826
f 3826 5451 5450
f 3826 5450 3829
f 3829 5450 5449
f 3829 5449 3830
f 3830 5449 5448
f 3830 5448 3831
f 3831 5448 5447
f 3831 5447 3832
f 3832 5447 5446
f 3832 5446 3833
f 3833 5446 5445
f 3833 5445 3827
f 3827 5445 5444
f 3827 5444 3828
f 3828 5444 5443
f 3828 5443 3893
f 3893 5443 3894
f 3894 5443 5441
f 3894 5441 3895
f 3895 5441 5440
f 3895 5440 3896
f 5440 5480 3896
f 3896 5480 5479
f 3896 5479 3897
f 3897 5479 5477
f 5477 5476 3897
f 3897 5476 5475
f 3897 5475 3898
f 5475 5474 3898
f 3898 5474 5473
f 3898 5473 3899
f 5473 5472 3899
f 3899 5472 5471
f 3899 5471 3900
f 5471 5470 3900
f 3900 5470 5469
f 3900 5469 3902
f 5469 5468 3902
f 3902 5468 5467
f 3902 5467 3903
f 5467 5465 3903
f 3903 5465 5463
f 3903 5463 3904
f 5463 5462 3904
f 3904 5462 5461
f 3904 5461 3905
f 5461 5460 3905
f 3905 5460 5459
f 3905 5459 3906
f 5459 5456 3906
f 3906 5456 5455
f 3906 5455 3907
f 3907 5455 5458
f 3907 5458 5493
f 5493 5492 3907
f 3907 5492 5489
f 3907 5489 3908
f 3908 5489 5488
f 3908 5488 3909
f 3909 5488 5491
f 3909 5491 3910
f 3910 5491 3911
f 3911 5491 5490
f 3911 5490 3912
f 3912 5490 5487
f 3912 5487 3867
f 3867 5487 5486
f 3867 5486 3868
f 3868 5486 5485
f 3868 5485 3869
f 3869 5485 5484
f 3869 5484 3864
f 3864 5484 5483
f 3864 5483 3865
f 3865 5483 5482
f 3865 5482 3866
f 3866 5482 5481
f 3866 5481 3861
f 3861 5481 5958
f 3861 5958 3862
f 3862 5958 5526
f 3862 5526 3863
f 5526 5525 3863
f 3863 5525 5524
f 3863 5524 3858
f 3858 5524 5523
f 3858 5523 3859
f 3859 5523 5522
f 3859 5522 3860
f 3860 5522 5521
f 3860 5521 3853
f 3853 5521 5520
f 3853 5520 3854
f 5520 5519 3854
f 3854 5519 5518
f 3854 5518 3856
f 5518 5517 3856
f 3856 5517 5516
f 3856 5516 3857
f 5516 5515 3857
f 3857 5515 5514
f 3857 5514 3870
f 5514 5513 3870
f 3870 5513 5512
f 3870 5512 3871
f 5512 5511 3871
f 3871 5511 5510
f 3871 5510 3872
f 5510 5508 3872
f 3872 5508 5507
f 3872 5507 3873
f 5507 5506 3873
f 3873 5506 5505
f 3873 5505 3875
f 5505 5504 3875
f 3875 5504 5503
f 3875 5503 3876
f 5503 5502 3876
f 3876 5502 5501
f 3876 5501 3877
f 5501 5500 3877
f 3877 5500 5499
f 3877 5499 3878
f 5499 5498 3878
f 3878 5498 5495
f 3878 5495 3879
f 3879 5495 5494
f 3879 5494 3880
f 3880 5494 5497
f 3880 5497 3881
f 3881 5497 5540
f 3881 5540 3882
f 3882 5540 5539
f 3882 5539 3883
f 5536 3890 5537
f 5537 3890 3889
f 5537 3889 5531
f 5531 3889 3888
f 5531 3888 5532
f 5532 3888 3887
f 5532 3887 5533
f 5533 3887 3886
f 5533 3886 5530
f 5530 3886 3885
f 5530 3885 5527
f 5527 3885 3884
f 5527 3884 5528
f 5528 3884 3883
f 5528 3883 5538
f 5538 3883 5539
f 5564 3846 5565
f 5565 3846 3845
f 5565 3845 5534
f 5534 3845 3844
f 5534 3844 5535
f 5535 3844 3892
f 5535 3892 5536
f 5536 3892 3891
f 5536 3891 3890
f 5562 3840 5564
f 5564 3840 3839
f 5564 3839 3846
f 5562 5561 3840
f 3840 5561 5560
f 3840 5560 3842
f 5560 5559 3842
f 3842 5559 5558
f 3842 5558 3843
f 5558 5557 3843
f 3843 5557 5556
f 3843 5556 3847
f 5556 5555 3847
f 3847 5555 5554
f 3847 5554 3848
f 5554 5553 3848
f 3848 5553 5552
f 3848 5552 3849
f 5552 5550 3849
f 3849 5550 5549
f 3849 5549 3834
f 5549 5547 3834
f 3834 5547 5546
f 3834 5546 3835
f 5546 5545 3835
f 3835 5545 5544
f 3835 5544 3837
f 5544 5542 3837
f 3837 5542 5541
f 3837 5541 3838
f 3838 5541 5581
f 5581 5580 3838
f 3838 5580 5578
f 3838 5578 3850
f 5578 5577 3850
f 3850 5577 5576
f 3850 5576 3851
f 3851 5576 5575
f 3851 5575 3852
f 5575 5574 3852
f 3852 5574 5567
f 3852 5567 3801
f 3801 5567 5566
f 3801 5566 3802
f 3802 5566 5568
f 3802 5568 3803
f 3803 5568 5573
f 3803 5573 3804
f 3804 5573 5572
f 3804 5572 3805
f 3805 5572 5571
f 3805 5571 3806
f 3806 5571 5570
f 3806 5570 3798
f 3798 5570 5569
f 3798 5569 3799
f 3799 5569 5439
f 3799 5439 3800
f 3800 5439 5438
f 3800 5438 3795
f 3795 5438 5437
f 3795 5437 3796
f 3796 5437 5436
f 3796 5436 3797
f 3797 5436 5435
f 3797 5435 3792
f 3792 5435 5434
f 3792 5434 3793
f 3793 5434 5432
f 3793 5432 3794
f 3794 5432 5430
f 3794 5430 3789
f 3789 5430 5429
f 3789 5429 3790
f 3790 5429 5428
f 3790 5428 3791
f 5428 5427 3791
f 3791 5427 5426
f 3791 5426 3786
f 5426 5425 3786
f 3786 5425 5424
f 3786 5424 3787
f 5424 5423 3787
f 3787 5423 5422
f 3787 5422 3807
f 5422 5421 3807
f 3807 5421 5420
f 3807 5420 3808
f 5420 5419 3808
f 3808 5419 5418
f 3808 5418 3809
f 3809 5418 5416
f 3809 5416 5415
f 3928 5593 5591
f 3923 3921 5748
f 5748 5747 3923
f 3923 5747 5600
f 3923 5600 3924
f 5600 5599 3924
f 3924 5599 5598
f 3924 5598 3925
f 5598 5597 3925
f 3925 5597 5596
f 3925 5596 3926
f 5596 5595 3926
f 3926 5595 5587
f 3926 5587 3927
f 5587 5586 3927
f 3927 5586 5589
f 3927 5589 3928
f 3928 5589 5594
f 3928 5594 5593
f 5584 4010 5582
f 5582 4010 4009
f 5582 4009 5590
f 5590 4009 4007
f 5590 4007 5591
f 5591 4007 4006
f 5591 4006 3928
f 5585 4012 5584
f 5584 4012 4011
f 5584 4011 4010
f 5585 5650 4012
f 4012 5650 5649
f 4012 5649 4013
f 4013 5649 5648
f 4013 5648 4003
f 4003 5648 5647
f 4003 5647 4004
f 4004 5647 5646
f 4004 5646 4005
f 4005 5646 5645
f 4005 5645 4000
f 4000 5645 5644
f 4000 5644 4001
f 4001 5644 5643
f 4001 5643 4002
f 4002 5643 5642
f 4002 5642 3997
f 3997 5642 5641
f 3997 5641 3998
f 3998 5641 5640
f 3998 5640 3999
f 3999 5640 5638
f 3999 5638 3994
f 3994 5638 5637
f 3994 5637 3995
f 3995 5637 5631
f 3995 5631 3996
f 5631 5630 3996
f 3996 5630 5629
f 3996 5629 3991
f 5629 5628 3991
f 3991 5628 5627
f 3991 5627 3992
f 5627 5626 3992
f 3992 5626 5625
f 3992 5625 4014
f 5625 5624 4014
f 4014 5624 5623
f 4014 5623 4015
f 5623 5622 4015
f 4015 5622 5621
f 4015 5621 4016
f 5621 5619 4016
f 4016 5619 5618
f 4016 5618 4017
f 5618 5617 4017
f 4017 5617 5616
f 4017 5616 4019
f 5616 5615 4019
f 4019 5615 5614
f 4019 5614 4020
f 5614 5613 4020
f 4020 5613 5636
f 4020 5636 4021
f 5636 5635 4021
f 4021 5635 5634
f 4021 5634 4022
f 5634 5633 4022
f 4022 5633 5632
f 4022 5632 4023
f 5671 4037 5672
f 5672 4037 4036
f 5672 4036 5607
f 5607 4036 4035
f 5607 4035 5608
f 5608 4035 4034
f 5608 4034 5609
f 5609 4034 4033
f 5609 4033 5604
f 5604 4033 4032
f 5604 4032 5605
f 5605 4032 4031
f 5605 4031 5606
f 5606 4031 4030
f 5606 4030 5601
f 5601 4030 4029
f 5601 4029 5602
f 5602 4029 4025
f 5602 4025 5610
f 5610 4025 4024
f 5610 4024 5611
f 5611 4024 4023
f 5611 4023 5612
f 5612 4023 5632
f 5669 4039 5671
f 5671 4039 4038
f 5671 4038 4037
f 5669 5668 4039
f 4039 5668 5667
f 4039 5667 4026
f 4026 5667 5666
f 4026 5666 4027
f 4027 5666 5665
f 4027 5665 4028
f 4028 5665 5664
f 4028 5664 3980
f 3980 5664 3981
f 5664 5663 3981
f 3981 5663 5662
f 3981 5662 3983
f 5662 5661 3983
f 3983 5661 5660
f 3983 5660 3984
f 5660 5659 3984
f 3984 5659 5658
f 3984 5658 3985
f 5658 5657 3985
f 3985 5657 5655
f 3985 5655 3986
f 5655 5654 3986
f 3986 5654 5653
f 3986 5653 3987
f 5653 5690 3987
f 3987 5690 5689
f 3987 5689 3977
f 5689 5688 3977
f 3977 5688 5686
f 3977 5686 3978
f 5686 5685 3978
f 3978 5685 5684
f 3978 5684 3979
f 5684 5683 3979
f 3979 5683 5682
f 3979 5682 3974
f 5682 5681 3974
f 3974 5681 5680
f 3974 5680 3975
f 3975 5680 5679
f 5673 3990 5674
f 5674 3990 3989
f 5674 3989 5676
f 5676 3989 3988
f 5676 3988 5677
f 5677 3988 3975
f 5677 3975 5678
f 5678 3975 5679
f 5746 3948 5673
f 5673 3948 3947
f 5673 3947 3990
f 5746 5745 3948
f 3948 5745 5744
f 3948 5744 3949
f 3949 5744 5743
f 3949 5743 3944
f 3944 5743 5742
f 3944 5742 3945
f 3945 5742 5741
f 3945 5741 3946
f 3946 5741 5740
f 3946 5740 3941
f 3941 5740 5739
f 3941 5739 3942
f 3942 5739 5738
f 3942 5738 3943
f 3943 5738 5737
f 3943 5737 3938
f 3938 5737 5736
f 3938 5736 3939
f 3939 5736 5735
f 3939 5735 3940
f 3940 5735 5733
f 3940 5733 3935
f 3935 5733 5732
f 3935 5732 3936
f 3936 5732 5731
f 3936 5731 3937
f 5731 5730 3937
f 3937 5730 5729
f 3937 5729 3932
f 5729 5728 3932
f 3932 5728 5727
f 3932 5727 3933
f 5727 5726 3933
f 3933 5726 5725
f 3933 5725 3934
f 5725 5724 3934
f 3934 5724 5723
f 3934 5723 3929
f 5723 5722 3929
f 3929 5722 5721
f 3929 5721 3930
f 5721 5719 3930
f 3930 5719 5718
f 3930 5718 3951
f 5718 5717 3951
f 3951 5717 5716
f 3951 5716 3952
f 5716 5715 3952
f 3952 5715 5714
f 3952 5714 3954
f 5714 5713 3954
f 3954 5713 5712
f 3954 5712 3955
f 5712 5711 3955
f 3955 5711 5710
f 3955 5710 3956
f 5710 5709 3956
f 3956 5709 5708
f 3956 5708 3957
f 5708 5707 3957
f 3957 5707 5706
f 3957 5706 3958
f 3958 5706 5692
f 3958 5692 3959
f 3959 5692 5691
f 3959 5691 3960
f 3960 5691 5694
f 3960 5694 3961
f 3961 5694 5697
f 3961 5697 3962
f 3962 5697 5696
f 3962 5696 3963
f 3963 5696 5695
f 3963 5695 3964
f 3964 5695 5700
f 3964 5700 3965
f 3965 5700 5699
f 3965 5699 3966
f 3966 5699 5698
f 3966 5698 3967
f 3967 5698 5705
f 3967 5705 3968
f 3968 5705 5704
f 3968 5704 3969
f 3969 5704 5702
f 3969 5702 3970
f 5763 3971 5764
f 5764 3971 3970
f 5764 3970 5765
f 5765 3970 5702
f 3916 3914 5761
f 5761 3914 3913
f 5761 3913 5762
f 5762 3913 3973
f 5762 3973 5763
f 5763 3973 3972
f 5763 3972 3971
f 5761 5760 3916
f 3916 5760 5759
f 3916 5759 3917
f 5759 5758 3917
f 3917 5758 5757
f 3917 5757 3918
f 5757 5756 3918
f 3918 5756 5755
f 3918 5755 3919
f 5755 5754 3919
f 3919 5754 5753
f 3919 5753 3920
f 5753 5752 3920
f 3920 5752 5751
f 3920 5751 3921
f 3921 5751 5750
f 3921 5750 5748
f 4063 4059 5781
f 5781 5780 4063
f 4063 5780 5778
f 4063 5778 4062
f 5778 5777 4062
f 4062 5777 5776
f 4062 5776 4064
f 5776 5775 4064
f 4064 5775 5774
f 4064 5774 4065
f 5774 5773 4065
f 4065 5773 5772
f 4065 5772 4066
f 5772 5771 4066
f 4066 5771 5770
f 4066 5770 4067
f 5770 5769 4067
f 4067 5769 5767
f 4067 5767 4068
f 4068 5767 5766
f 4068 5766 4069
f 4069 5766 5819
f 4069 5819 4070
f 4070 5819 5818
f 4070 5818 4071
f 4071 5818 5816
f 4071 5816 4072
f 5816 5815 4072
f 4072 5815 5804
f 4072 5804 4073
f 4073 5804 5803
f 4073 5803 4074
f 4074 5803 5801
f 4074 5801 4075
f 4075 5801 5800
f 4075 5800 4076
f 4076 5800 5814
f 4076 5814 4077
f 4077 5814 5813
f 4077 5813 4078
f 4078 5813 5812
f 4078 5812 4079
f 4079 5812 5811
f 4079 5811 4080
f 4080 5811 4081
f 4081 5811 5810
f 4081 5810 4159
f 4159 5810 5809
f 4159 5809 4160
f 4160 5809 5808
f 4160 5808 4156
f 4156 5808 5806
f 4156 5806 4157
f 4157 5806 5836
f 4157 5836 4158
f 5836 5835 4158
f 4158 5835 5834
f 4158 5834 4154
f 5834 5833 4154
f 4154 5833 5832
f 4154 5832 4155
f 5832 5831 4155
f 4155 5831 5830
f 4155 5830 4161
f 5830 5829 4161
f 4161 5829 5828
f 4161 5828 4162
f 5828 5827 4162
f 4162 5827 5826
f 4162 5826 4163
f 5826 5825 4163
f 4163 5825 5824
f 4163 5824 4149
f 5824 5823 4149
f 4149 5823 5822
f 4149 5822 4150
f 5822 5821 4150
f 4150 5821 5820
f 4150 5820 4152
f 5820 5853 4152
f 4152 5853 5852
f 4152 5852 4153
f 4153 5852 5850
f 5850 5849 4153
f 4153 5849 5848
f 4153 5848 4164
f 5848 5847 4164
f 4164 5847 5846
f 4164 5846 4165
f 4165 5846 5845
f 4165 5845 4166
f 5845 5844 4166
f 4166 5844 5843
f 4166 5843 4117
f 4117 5843 5842
f 4117 5842 4118
f 4118 5842 5841
f 4118 5841 4119
f 4119 5841 5840
f 4119 5840 4120
f 4120 5840 5839
f 4120 5839 4121
f 4121 5839 5838
f 4121 5838 4114
f 4114 5838 5898
f 4114 5898 4115
f 4115 5898 5897
f 4115 5897 4116
f 4116 5897 5895
f 4116 5895 4111
f 5895 5894 4111
f 4111 5894 5893
f 4111 5893 4112
f 4112 5893 5892
f 4112 5892 4113
f 4113 5892 5891
f 4113 5891 4108
f 4108 5891 5890
f 4108 5890 4109
f 4109 5890 5889
f 4109 5889 4110
f 4110 5889 5888
f 4110 5888 4105
f 4105 5888 5885
f 4105 5885 4106
f 4106 5885 5884
f 4106 5884 4107
f 4107 5884 5883
f 4107 5883 4104
f 5883 5882 4104
f 4104 5882 5881
f 4104 5881 4101
f 5881 5880 4101
f 4101 5880 5879
f 4101 5879 4102
f 5879 5878 4102
f 4102 5878 5877
f 4102 5877 4122
f 5877 5876 4122
f 4122 5876 5874
f 4122 5874 4123
f 5874 5873 4123
f 4123 5873 5872
f 4123 5872 4124
f 5872 5871 4124
f 4124 5871 5870
f 4124 5870 4125
f 5870 5869 4125
f 4125 5869 5868
f 4125 5868 4127
f 5868 5867 4127
f 4127 5867 5866
f 4127 5866 4128
f 5866 5865 4128
f 4128 5865 5864
f 4128 5864 4129
f 5864 5863 4129
f 4129 5863 5862
f 4129 5862 4130
f 5862 5861 4130
f 4130 5861 5855
f 4130 5855 4131
f 4131 5855 5854
f 4131 5854 4132
f 4132 5854 5857
f 4132 5857 4133
f 4133 5857 5860
f 4133 5860 4134
f 4134 5860 5859
f 4134 5859 4135
f 4135 5859 5858
f 4135 5858 4136
f 4136 5858 5915
f 4136 5915 4137
f 4137 5915 5914
f 4137 5914 4138
f 4138 5914 5912
f 4138 5912 4139
f 5912 5911 4139
f 4139 5911 5900
f 4139 5900 4142
f 4142 5900 5899
f 4142 5899 4143
f 4143 5899 5910
f 4143 5910 4144
f 4144 5910 5909
f 4144 5909 4145
f 4145 5909 5908
f 4145 5908 4146
f 4146 5908 5907
f 4146 5907 4140
f 4140 5907 5906
f 4140 5906 4141
f 4141 5906 5905
f 4141 5905 4147
f 4147 5905 4148
f 4148 5905 5904
f 4148 5904 4082
f 4082 5904 5903
f 4082 5903 4083
f 5903 5902 4083
f 4083 5902 5940
f 4083 5940 4085
f 4085 5940 5939
f 5939 5937 4085
f 4085 5937 5936
f 4085 5936 4086
f 5936 5935 4086
f 4086 5935 5934
f 4086 5934 4087
f 5934 5933 4087
f 4087 5933 5932
f 4087 5932 4088
f 5932 5931 4088
f 4088 5931 5929
f 4088 5929 4090
f 5929 5928 4090
f 4090 5928 5926
f 4090 5926 4091
f 5926 5925 4091
f 4091 5925 5924
f 4091 5924 4092
f 5924 5923 4092
f 4092 5923 5922
f 4092 5922 4093
f 5922 5921 4093
f 4093 5921 5920
f 4093 5920 4094
f 5920 5919 4094
f 4094 5919 5918
f 4094 5918 4095
f 5918 5917 4095
f 4095 5917 5957
f 4095 5957 4096
f 4096 5957 5956
f 5956 5954 4096
f 4096 5954 5953
f 4096 5953 4097
f 4097 5953 5952
f 4097 5952 4098
f 4098 5952 4099
f 4099 5952 5951
f 4099 5951 4100
f 4100 5951 5950
f 4100 5950 4054
f 4054 5950 5949
f 4054 5949 4055
f 4055 5949 5948
f 4055 5948 4056
f 4056 5948 5947
f 4056 5947 4051
f 4051 5947 5946
f 4051 5946 4052
f 4052 5946 5945
f 4052 5945 4053
f 4053 5945 5944
f 4053 5944 4048
f 4048 5944 5943
f 4048 5943 4049
f 4049 5943 5942
f 4049 5942 4050
f 5942 5798 4050
f 4050 5798 5797
f 4050 5797 4045
f 4045 5797 5796
f 4045 5796 4046
f 4046 5796 5795
f 4046 5795 4047
f 4047 5795 5794
f 4047 5794 4040
f 4040 5794 5793
f 4040 5793 4041
f 5793 5792 4041
f 4041 5792 5791
f 4041 5791 4043
f 5791 5790 4043
f 4043 5790 5789
f 4043 5789 4044
f 5789 5788 4044
f 4044 5788 5787
f 4044 5787 4057
f 5787 5786 4057
f 4057 5786 5785
f 4057 5785 4058
f 5785 5784 4058
f 4058 5784 5783
f 4058 5783 4059
f 4059 5783 5782
f 4059 5782 5781
f 6417 6418 6419
f 6419 6418 6420
f 6421 6422 6423
f 6423 6422 6424
f 6425 6426 6427
f 6428 6429 6430
f 6430 6429 6431
f 6427 6432 6425
f 6425 6432 6433
f 6425 6433 6434
f 6434 6433 6435
f 6434 6435 6436
f 6436 6435 6437
f 6438 6439 6429
f 6429 6439 6440
f 6429 6440 6431
f 6435 6420 6437
f 6437 6420 6418
f 6437 6418 6441
f 6441 6418 6442
f 6443 6444 6441
f 6441 6444 6445
f 6441 6446 6447
f 6447 6448 6441
f 6441 6448 6449
f 6441 6449 6450
f 6450 6451 6441
f 6441 6451 6452
f 6441 6452 6453
f 6454 6455 6456
f 6456 6455 6457
f 6456 6457 6458
f 6458 6457 6459
f 6458 6459 6460
f 6460 6459 6461
f 6460 6461 6462
f 6462 6461 6463
f 6462 6463 6464
f 6464 6463 6465
f 6464 6465 6466
f 6466 6465 6467
f 6466 6467 6468
f 6468 6467 6469
f 6468 6469 6470
f 6470 6469 6471
f 6470 6471 6472
f 6472 6471 6473
f 6472 6473 6474
f 6474 6473 6475
f 6474 6475 6476
f 6476 6475 6477
f 6476 6477 6478
f 6478 6477 6441
f 6478 6441 6479
f 6479 6441 6453
f 6454 6480 6455
f 6455 6480 6481
f 6455 6481 6482
f 6482 6483 6455
f 6455 6483 6484
f 6455 6484 6485
f 6445 6486 6441
f 6441 6486 6487
f 6441 6487 6446
f 6484 6488 6485
f 6485 6488 6489
f 6485 6489 6490
f 6491 6492 6485
f 6490 6493 6485
f 6485 6493 6494
f 6485 6494 6495
f 6496 6497 6485
f 6485 6497 6424
f 6485 6424 6438
f 6438 6424 6422
f 6438 6422 6439
f 6442 6498 6441
f 6441 6498 6499
f 6441 6499 6500
f 6500 6501 6441
f 6441 6501 6502
f 6441 6502 6503
f 6495 6504 6485
f 6485 6504 6505
f 6485 6505 6506
f 6492 6507 6485
f 6485 6507 6508
f 6485 6508 6496
f 6503 6509 6441
f 6441 6509 6510
f 6441 6510 6443
f 6506 6511 6485
f 6485 6511 6512
f 6485 6512 6491
f 6283 6282 6468
f 6468 6282 6281
f 6468 6281 6280
f 6280 6279 6468
f 6468 6279 6278
f 6468 6278 6277
f 6277 6416 6468
f 6468 6416 6415
f 6468 6415 6466
f 6466 6415 6414
f 6466 6414 6413
f 6413 6412 6466
f 6466 6412 6411
f 6466 6411 6410
f 6410 6409 6466
f 6466 6409 6408
f 6466 6408 6407
f 6301 6300 6470
f 6470 6300 6299
f 6299 6298 6470
f 6470 6298 6297
f 6470 6297 6296
f 6296 6295 6470
f 6470 6295 6294
f 6470 6294 6293
f 6293 6292 6470
f 6470 6292 6291
f 6470 6291 6290
f 6290 6289 6470
f 6470 6289 6288
f 6470 6288 6287
f 6287 6286 6470
f 6470 6286 6285
f 6470 6285 6468
f 6468 6285 6284
f 6468 6284 6283
f 6317 6513 6318
f 6318 6513 6514
f 6316 6315 6472
f 6472 6315 6314
f 6314 6313 6472
f 6472 6313 6312
f 6472 6312 6311
f 6311 6310 6472
f 6472 6310 6309
f 6472 6309 6308
f 6308 6307 6472
f 6472 6307 6306
f 6472 6306 6305
f 6305 6304 6472
f 6472 6304 6303
f 6472 6303 6470
f 6470 6303 6302
f 6470 6302 6301
f 6321 6320 6514
f 6514 6320 6319
f 6514 6319 6318
f 6324 6323 6514
f 6514 6323 6322
f 6514 6322 6321
f 6327 6326 6514
f 6514 6326 6325
f 6514 6325 6324
f 6330 6329 6514
f 6514 6329 6328
f 6514 6328 6327
f 6335 6334 6514
f 6514 6334 6333
f 6333 6332 6514
f 6514 6332 6331
f 6514 6331 6330
f 6340 6339 6515
f 6351 6352 6516
f 6516 6352 6276
f 6516 6276 6275
f 6344 6343 6515
f 6275 6350 6516
f 6516 6350 6349
f 6516 6349 6348
f 6348 6347 6516
f 6516 6347 6346
f 6516 6346 6515
f 6515 6346 6345
f 6515 6345 6344
f 6343 6342 6515
f 6515 6342 6341
f 6515 6341 6340
f 6339 6338 6515
f 6515 6338 6337
f 6515 6337 6514
f 6514 6337 6336
f 6514 6336 6335
f 6369 6368 6516
f 6368 6367 6516
f 6516 6367 6366
f 6516 6366 6365
f 6365 6364 6516
f 6516 6364 6363
f 6516 6363 6362
f 6356 6355 6516
f 6362 6361 6516
f 6516 6361 6360
f 6516 6360 6359
f 6359 6358 6516
f 6516 6358 6357
f 6516 6357 6356
f 6355 6354 6516
f 6516 6354 6353
f 6516 6353 6351
f 6385 6462 6386
f 6386 6462 6464
f 6385 6384 6462
f 6462 6384 6383
f 6462 6383 6382
f 6382 6381 6462
f 6462 6381 6380
f 6462 6380 6379
f 6517 6378 6377
f 6377 6376 6517
f 6517 6376 6375
f 6517 6375 6374
f 6374 6373 6517
f 6517 6373 6372
f 6517 6372 6518
f 6518 6372 6371
f 6518 6371 6516
f 6516 6371 6370
f 6516 6370 6369
f 6389 6388 6464
f 6464 6388 6387
f 6464 6387 6386
f 6392 6391 6464
f 6464 6391 6390
f 6464 6390 6389
f 6395 6394 6464
f 6464 6394 6393
f 6464 6393 6392
f 6398 6397 6464
f 6464 6397 6396
f 6464 6396 6395
f 6407 6406 6466
f 6466 6406 6405
f 6466 6405 6464
f 6464 6405 6404
f 6404 6403 6464
f 6464 6403 6402
f 6464 6402 6401
f 6401 6400 6464
f 6464 6400 6399
f 6464 6399 6398
f 6479 6519 6478
f 6478 6519 6520
f 6478 6520 6476
f 6476 6520 6521
f 6476 6521 6474
f 6474 6521 6522
f 6474 6522 6472
f 6472 6522 6513
f 6472 6513 6316
f 6316 6513 6317
f 6379 6378 6462
f 6462 6378 6517
f 6462 6517 6460
f 6460 6517 6523
f 6460 6523 6458
f 6458 6523 6524
f 6458 6524 6456
f 6456 6524 6525
f 6456 6525 6454
f 6454 6525 6526
f 6527 4264 4266
f 3950 6528 6529
f 6530 3993 6531
f 6531 3993 6532
f 3953 6533 3950
f 3950 6533 6534
f 3950 6534 6528
f 6529 6535 3950
f 3950 6535 6536
f 3950 6536 6537
f 6538 4270 6539
f 6539 4270 3950
f 6539 3950 6540
f 6540 3950 6537
f 4266 4268 6527
f 6527 4268 4270
f 6527 4270 6541
f 6541 4270 6538
f 4228 6542 3993
f 3993 6542 6543
f 3993 6543 6532
f 6544 6545 6546
f 6547 6548 6549
f 6530 6550 3993
f 3993 6550 6551
f 3993 6551 6552
f 6552 6553 3993
f 3993 6553 6554
f 3993 6554 4008
f 6555 6556 6557
f 6558 6559 6548
f 6548 6559 6560
f 6548 6560 6549
f 6549 6561 6547
f 6547 6561 6562
f 6547 6562 6563
f 6563 6562 6564
f 6565 3449 3452
f 6566 6567 6568
f 6568 6567 6555
f 6568 6555 6569
f 6569 6555 6557
f 6570 6571 6572
f 6572 6571 6573
f 6572 6573 6574
f 6544 6546 6575
f 6576 6577 6578
f 6578 6577 6579
f 6579 6577 6580
f 6579 6580 6581
f 6582 6583 6584
f 6585 6586 6587
f 6588 6589 6590
f 6590 6589 6591
f 6590 6591 6555
f 6555 6591 6592
f 6555 6592 6556
f 6573 6593 6574
f 6574 6593 6594
f 6574 6594 6544
f 6544 6594 6595
f 6544 6595 6545
f 6596 6597 6598
f 6598 6597 6599
f 6599 6597 6600
f 6599 6600 6601
f 6601 6600 6602
f 6601 6602 6603
f 6580 6604 6581
f 6581 6604 6605
f 6581 6605 6606
f 6606 6605 6607
f 6606 6607 6608
f 6608 6607 6609
f 6608 6609 6558
f 6558 6609 6610
f 6558 6610 6559
f 6611 6612 6613
f 6584 6614 6582
f 6582 6614 6615
f 6582 6615 6616
f 6616 6615 6617
f 6616 6617 6618
f 6618 6617 6619
f 6618 6619 6620
f 6619 6621 6620
f 6620 6621 6622
f 6620 6622 6623
f 6623 6622 6624
f 6623 6624 6625
f 6625 6624 6626
f 6625 6626 6627
f 6627 6626 6628
f 6629 6630 3423
f 6631 6632 6633
f 6634 6635 6636
f 6566 6637 6567
f 6567 6637 6638
f 6567 6638 6572
f 6572 6638 6639
f 6572 6639 6570
f 3484 6640 3471
f 3471 6640 6641
f 3471 6641 6642
f 6643 6644 6645
f 6645 6644 6646
f 6645 6646 6647
f 6647 6646 6648
f 6647 6648 6649
f 6587 6586 6634
f 6634 6586 6650
f 6634 6650 6635
f 6546 6651 6575
f 6575 6651 6652
f 6575 6652 6653
f 6653 6652 6654
f 6653 6654 6655
f 6656 3501 6657
f 6657 3501 3471
f 6657 3471 6658
f 6658 3471 6642
f 6659 6660 6583
f 6583 6660 6661
f 6583 6661 6584
f 6662 6663 3452
f 3452 6663 6664
f 3452 6664 6565
f 6665 6666 6667
f 6667 6666 6668
f 6665 6669 6666
f 6666 6669 6670
f 6666 6670 6671
f 6670 6672 6671
f 6671 6672 6673
f 6671 6673 6674
f 6674 6673 6675
f 6674 6675 6676
f 6636 6677 6634
f 6634 6677 6678
f 6634 6678 6590
f 6590 6678 6679
f 6590 6679 6588
f 6598 6680 6596
f 6596 6680 6681
f 6596 6681 6682
f 6682 6681 6683
f 6682 6683 6684
f 6684 6683 6685
f 6684 6685 6686
f 6686 6685 6687
f 6686 6687 6688
f 6688 6687 6689
f 6688 6689 6690
f 6690 6689 6691
f 6690 6691 6692
f 6692 6691 6693
f 6692 6693 6694
f 6694 6693 6655
f 6694 6655 6695
f 6695 6655 6654
f 6696 4182 4184
f 4184 4186 6696
f 6696 4186 3501
f 6696 3501 6697
f 6697 3501 6656
f 6696 6698 4182
f 4182 6698 6699
f 4182 6699 6700
f 6701 6702 6703
f 6703 6702 6563
f 6703 6563 6704
f 6704 6563 6564
f 6705 6706 6707
f 6707 6706 6708
f 6707 6708 6709
f 6709 6708 6710
f 6709 6710 6711
f 6676 6712 6674
f 6674 6712 6713
f 6674 6713 6587
f 6587 6713 6714
f 6587 6714 6585
f 6603 6602 6715
f 6715 6602 6716
f 6715 6716 6717
f 6718 6719 6720
f 6720 6719 6721
f 6720 6721 6722
f 6701 6723 6702
f 6702 6723 6724
f 6702 6724 6707
f 6707 6724 6725
f 6707 6725 6705
f 6711 6726 6709
f 6709 6726 6727
f 6709 6727 6611
f 6611 6727 6728
f 6611 6728 6612
f 6729 6730 6731
f 3423 6732 6733
f 6630 6734 3423
f 3423 6734 6735
f 3423 6735 3452
f 3452 6735 6736
f 3452 6736 6662
f 6633 6632 6737
f 6737 6632 6738
f 6737 6738 6668
f 6668 6738 6739
f 6668 6739 6667
f 6740 6741 6742
f 6742 6741 6743
f 6742 6743 6744
f 6740 6745 6741
f 6741 6745 6746
f 6741 6746 6659
f 6659 6746 6747
f 6659 6747 6660
f 6733 6748 3423
f 3423 6748 6749
f 3423 6749 6629
f 6631 6633 6750
f 6750 6633 6751
f 6750 6751 6752
f 6752 6751 6753
f 6752 6753 6754
f 6754 6753 6755
f 6754 6755 6756
f 6756 6755 6757
f 6756 6757 6758
f 6758 6757 6759
f 6758 6759 6760
f 6760 6759 6761
f 6760 6761 6643
f 6643 6761 6762
f 6643 6762 6644
f 4230 4232 6716
f 6578 6763 6576
f 6576 6763 6764
f 6576 6764 6765
f 6765 6764 6766
f 6765 6766 6767
f 6767 6766 6768
f 6767 6768 6718
f 6718 6768 6769
f 6718 6769 6719
f 6613 6770 6611
f 6611 6770 6771
f 6611 6771 6772
f 6772 6771 6773
f 6772 6773 6774
f 6774 6775 6772
f 6772 6775 6776
f 6772 6776 6777
f 6777 6776 6778
f 6777 6778 6779
f 6731 6730 6780
f 6780 6730 6781
f 6780 6781 6782
f 6648 6783 6649
f 6649 6783 6784
f 6649 6784 6785
f 6785 6784 6786
f 6785 6786 6787
f 6716 6788 4230
f 4230 6788 6789
f 4230 6789 4228
f 4228 6789 6790
f 4228 6790 6542
f 6779 6791 6777
f 6777 6791 6792
f 6777 6792 6743
f 6743 6792 6793
f 6743 6793 6744
f 4240 4242 6717
f 3814 6717 3812
f 3812 6717 4248
f 6731 6794 6729
f 6729 6794 6795
f 6729 6795 6796
f 6796 6795 6797
f 6796 6797 6798
f 6798 6797 6799
f 6798 6799 6628
f 6628 6799 6800
f 6628 6800 6627
f 4242 4244 6717
f 6717 4244 4246
f 6717 4246 4248
f 3814 3901 6717
f 6717 3901 3855
f 6717 3855 4208
f 4208 4210 6717
f 6717 4210 4212
f 6717 4212 6801
f 6801 4212 4214
f 6801 4214 6802
f 6802 4214 4216
f 3675 3659 6803
f 6803 3659 6804
f 6804 3659 3662
f 6804 3662 6805
f 6805 3662 3749
f 6805 3749 6806
f 6806 3749 4188
f 6806 4188 6807
f 6807 4188 4190
f 6807 4190 6808
f 6808 4190 4192
f 6808 4192 6809
f 6809 4192 4194
f 6809 4194 6810
f 6811 3542 3544
f 6810 4194 6812
f 6812 4194 4196
f 6812 4196 6813
f 6813 4196 4198
f 6813 4198 6814
f 6814 4198 4200
f 6814 4200 6815
f 6815 4200 4202
f 6815 4202 6816
f 6816 4202 4204
f 6816 4204 6811
f 6811 4204 4206
f 6811 4206 3542
f 3544 3619 6811
f 6811 3619 3622
f 6811 3622 3591
f 3591 4168 6811
f 6811 4168 4170
f 6811 4170 4172
f 4284 4286 6787
f 6787 4286 4288
f 6787 4288 4290
f 4232 4234 6716
f 6716 4234 4236
f 6716 4236 6717
f 6717 4236 4238
f 6717 4238 4240
f 6803 6817 3675
f 3675 6817 6818
f 3675 6818 3673
f 3673 6818 6819
f 3673 6819 4226
f 4226 6819 6820
f 4226 6820 4224
f 4224 6820 6821
f 4224 6821 4222
f 4222 6821 6822
f 4222 6822 4220
f 4220 6822 6823
f 4220 6823 4218
f 4218 6823 6824
f 4218 6824 4216
f 4216 6824 6825
f 4216 6825 6802
f 4172 4174 6811
f 6811 4174 4176
f 6811 4176 4178
f 6732 3423 6781
f 6781 3423 4312
f 6781 4312 4314
f 4326 6782 4324
f 4324 6782 4322
f 3186 6826 3188
f 3188 6826 6827
f 3188 6827 3215
f 3215 6827 6828
f 3215 6828 3219
f 3219 6828 6829
f 3219 6829 3256
f 3256 6829 6830
f 3256 6830 4310
f 4310 6830 6831
f 4310 6831 4308
f 4308 6831 6832
f 4308 6832 4306
f 4290 4061 6787
f 6787 4061 4060
f 6787 4060 4151
f 6700 6833 4182
f 4182 6833 6834
f 4182 6834 4180
f 4180 6834 6722
f 4314 4316 6781
f 6781 4316 4318
f 6781 4318 6782
f 6782 4318 4320
f 6782 4320 4322
f 4326 4328 6782
f 6782 4328 4330
f 6782 4330 3287
f 3287 3289 6782
f 6782 3289 3397
f 6782 3397 3365
f 6721 6835 6722
f 6722 6835 6811
f 6722 6811 4180
f 4180 6811 4178
f 3365 3347 6782
f 6782 3347 4292
f 6782 4292 6836
f 6836 4292 4294
f 6836 4294 6837
f 6837 4294 4296
f 6837 4296 6838
f 6838 4296 4298
f 6838 4298 6839
f 6839 4298 4300
f 6839 4300 6840
f 6840 4300 4302
f 6840 4302 6841
f 6841 4302 4304
f 6841 4304 6842
f 6842 4304 4306
f 6842 4306 6843
f 6843 4306 6832
f 6787 6844 4284
f 4284 6844 6845
f 4284 6845 4282
f 4282 6845 6846
f 4282 6846 4280
f 4280 6846 6847
f 4280 6847 4278
f 4278 6847 6848
f 4278 6848 4276
f 4276 6848 6849
f 4276 6849 4274
f 4274 6849 6850
f 4274 6850 4272
f 4272 6850 6851
f 4272 6851 3186
f 3186 6851 6852
f 3186 6852 6826
f 4151 4103 6787
f 6787 4103 4250
f 6787 4250 4252
f 6527 6853 4264
f 4264 6853 6785
f 4264 6785 4262
f 4262 6785 6787
f 4262 6787 4260
f 4260 6787 4258
f 4252 4254 6787
f 6787 4254 4256
f 6787 4256 4258
f 6854 6855 6856
f 6857 6858 6859
f 6859 6858 6860
f 6859 6860 6861
f 6861 6860 6862
f 6861 6862 16
f 6857 6859 6863
f 6863 6859 6864
f 6863 6864 6865
f 6866 6867 6868
f 6868 6867 6869
f 6868 6869 6864
f 6864 6869 6870
f 6864 6870 6865
f 6866 6868 6871
f 6871 6868 6872
f 6871 6872 6873
f 6874 6875 6876
f 6876 6875 6877
f 6876 6877 6872
f 6872 6877 6878
f 6872 6878 6873
f 6879 6880 6881
f 6881 6880 6882
f 6881 6882 6876
f 6876 6882 6883
f 6876 6883 6874
f 6884 6885 6886
f 6886 6885 6887
f 6886 6887 6881
f 6881 6887 6888
f 6881 6888 6879
f 6884 6886 6889
f 6889 6886 6890
f 6889 6890 6891
f 6892 6893 6894
f 6892 6894 6890
f 6890 6894 6895
f 6890 6895 6891
f 6896 6897 6898
f 6896 6898 6892
f 6892 6898 6899
f 6892 6899 6893
f 6900 6901 6902
f 6900 6902 6896
f 6896 6902 6903
f 6896 6903 6897
f 6904 6905 6906
f 6906 6905 6907
f 6906 6907 6900
f 6900 6907 6908
f 6900 6908 6901
f 6909 6910 6911
f 6911 6910 6912
f 6911 6912 6906
f 6906 6912 6913
f 6906 6913 6904
f 6914 6915 6916
f 6916 6915 6917
f 6916 6917 6911
f 6911 6917 6918
f 6911 6918 6909
f 6914 6916 6919
f 6919 6916 6920
f 6919 6920 6921
f 6922 6923 6924
f 6922 6924 6920
f 6920 6924 6925
f 6920 6925 6921
f 6855 6926 6856
f 6856 6926 6927
f 6856 6927 6922
f 6922 6927 6928
f 6922 6928 6923
f 6854 6856 6929
f 6929 6856 6930
f 6929 6930 6931
f 6932 6933 6930
f 6930 6933 6934
f 6930 6934 6931
f 6935 6936 6932
f 6932 6936 6937
f 6932 6937 6933
f 6935 6932 6938
f 6938 6932 6939
f 6938 6939 6940
f 6941 6942 6939
f 6939 6942 6943
f 6939 6943 6940
f 6944 6945 6941
f 6941 6945 6946
f 6941 6946 6942
f 16 18 6861
f 6861 18 20
f 6861 20 6947
f 6947 20 1
f 6947 1 6948
f 6948 1 3
f 6948 3 6949
f 6949 3 5
f 6949 5 6950
f 6950 5 15
f 6950 15 6951
f 6951 15 79
f 6951 79 6952
f 6952 79 81
f 6952 81 6953
f 6953 81 183
f 6953 183 6954
f 6954 183 178
f 6954 178 6955
f 6955 178 176
f 6955 176 6956
f 6956 176 175
f 6956 175 6957
f 6957 175 172
f 6957 172 6958
f 6958 172 171
f 6958 171 6959
f 6959 171 170
f 6959 170 6960
f 6960 170 169
f 6960 169 6961
f 6961 169 168
f 6961 168 6962
f 6962 168 167
f 6962 167 6963
f 6963 167 166
f 6963 166 6964
f 6964 166 165
f 6964 165 6965
f 6965 165 55
f 6965 55 6966
f 6966 55 54
f 6966 54 6967
f 6967 54 76
f 6967 76 6968
f 6968 76 75
f 6968 75 6969
f 6969 75 43
f 6969 43 6970
f 6970 43 42
f 6970 42 6971
f 6971 42 90
f 6971 90 6972
f 6972 90 89
f 6972 89 6973
f 6973 89 88
f 6973 88 6974
f 6974 88 11
f 6974 11 6975
f 6975 11 10
f 6975 10 6976
f 6976 10 132
f 6976 132 6977
f 6977 132 134
f 6977 134 6978
f 6978 134 136
f 6978 136 6979
f 6979 136 138
f 6979 138 6980
f 6980 138 140
f 6980 140 6981
f 6981 140 142
f 6981 142 6982
f 6982 142 144
f 6982 144 6983
f 6983 144 146
f 6983 146 6984
f 6984 146 148
f 6984 148 6985
f 6985 148 150
f 6985 150 6986
f 6986 150 152
f 6986 152 6987
f 6987 152 154
f 6987 154 6988
f 6988 154 156
f 6988 156 6989
f 6989 156 158
f 6989 158 6990
f 6990 158 160
f 6990 160 6991
f 6991 160 162
f 6991 162 6992
f 6992 162 93
f 6992 93 6993
f 6993 93 95
f 6993 95 6994
f 6994 95 97
f 6994 97 6995
f 6995 97 99
f 6995 99 6996
f 6996 99 101
f 6996 101 6997
f 6997 101 103
f 6997 103 6998
f 6998 103 105
f 6998 105 6999
f 6999 105 107
f 6999 107 7000
f 7000 107 109
f 7000 109 7001
f 7001 109 111
f 7001 111 7002
f 7002 111 113
f 7002 113 7003
f 7003 113 115
f 7003 115 7004
f 7004 115 117
f 7004 117 7005
f 7005 117 119
f 7005 119 7006
f 7006 119 121
f 7006 121 7007
f 7007 121 123
f 7007 123 7008
f 7008 123 125
f 7008 125 7009
f 7009 125 127
f 7009 127 7010
f 7010 127 129
f 7010 129 7011
f 7011 129 131
f 7011 131 7012
f 7012 131 188
f 7012 188 7013
f 7013 188 190
f 7013 190 7014
f 7014 190 192
f 7014 192 7015
f 7015 192 194
f 7015 194 7016
f 7016 194 196
f 7016 196 7017
f 7017 196 198
f 7017 198 7018
f 7018 198 200
f 7018 200 7019
f 7019 200 202
f 7019 202 7020
f 7020 202 204
f 7020 204 7021
f 7021 204 206
f 7021 206 7022
f 7022 206 208
f 7022 208 7023
f 7023 208 210
f 7023 210 7024
f 7024 210 212
f 7024 212 7025
f 7025 212 214
f 7025 214 7026
f 7026 214 216
f 7026 216 7027
f 7027 216 218
f 7027 218 7028
f 7028 218 220
f 7028 220 7029
f 7029 220 222
f 7029 222 7030
f 7030 222 223
f 7030 223 7031
f 7031 223 50
f 7031 50 7032
f 7032 50 52
f 7032 52 7033
f 7033 52 87
f 7033 87 7034
f 7034 87 86
f 7034 86 7035
f 7035 86 74
f 7035 74 7036
f 7036 74 73
f 7036 73 7037
f 7037 73 72
f 7037 72 7038
f 7038 72 92
f 7038 92 7039
f 7039 92 91
f 7039 91 7040
f 7040 91 85
f 7040 85 7041
f 7041 85 84
f 7041 84 7042
f 7042 84 83
f 7042 83 7043
f 7043 83 71
f 7043 71 7044
f 7044 71 70
f 7044 70 7045
f 7045 70 69
f 7045 69 7046
f 7046 69 47
f 7046 47 7047
f 7047 47 49
f 7047 49 7048
f 7048 49 62
f 7048 62 7049
f 7049 62 59
f 7049 59 7050
f 7050 59 56
f 7050 56 7051
f 7051 56 39
f 7051 39 7052
f 7052 39 36
f 7052 36 7053
f 7053 36 31
f 7053 31 7054
f 7054 31 33
f 7054 33 7055
f 7055 33 26
f 7055 26 7056
f 7056 26 28
f 7056 28 7057
f 7057 28 23
f 7057 23 7058
f 7058 23 6
f 7058 6 7059
f 7059 6 8
f 7059 8 6944
f 6944 8 9
f 6944 9 6945
f 6056 6055 7060
f 7060 6055 7061
f 7060 7061 7062
f 7062 7061 7063
f 7063 7061 7064
f 7063 7064 7065
f 7065 7064 7066
f 7066 7064 7067
f 7066 7067 7068
f 7068 7067 7069
f 7069 7067 7070
f 7069 7070 7071
f 7071 7070 7072
f 7072 7070 7073
f 7072 7073 7074
f 7074 7073 7075
f 7075 7073 7076
f 7075 7076 7077
f 7077 7076 7078
f 7078 7076 7079
f 7078 7079 7080
f 7080 7079 7081
f 7081 7079 7082
f 7081 7082 7083
f 7083 7082 7084
f 7084 7082 7085
f 7084 7085 7086
f 7086 7085 7087
f 7087 7085 7088
f 7087 7088 7089
f 7090 7091 7088
f 7088 7091 7092
f 7088 7092 7089
f 6427 6426 7093
f 7093 6426 7094
f 7093 7094 7090
f 7090 7094 7095
f 7090 7095 7091
f 7093 7096 6427
f 6427 7096 7097
f 6427 7097 6432
f 6432 7097 7098
f 6432 7098 6433
f 6433 7098 7099
f 6433 7099 6435
f 6435 7099 6419
f 6435 6419 6420
f 6418 6417 6442
f 6442 6417 7100
f 6442 7100 6498
f 6498 7100 7101
f 6498 7101 6499
f 6499 7101 7102
f 6499 7102 6500
f 6500 7102 7103
f 6500 7103 6501
f 6501 7103 7104
f 6501 7104 6502
f 6502 7104 7105
f 6502 7105 6503
f 6503 7105 7106
f 6503 7106 6509
f 6509 7106 7107
f 6509 7107 6510
f 6510 7107 7108
f 6510 7108 6443
f 6443 7108 7109
f 6443 7109 6444
f 6444 7109 7110
f 6444 7110 6445
f 6445 7110 7111
f 6445 7111 6486
f 6486 7111 7112
f 6486 7112 6487
f 6487 7112 7113
f 6487 7113 6446
f 6446 7113 7114
f 6446 7114 6447
f 6447 7114 7115
f 6447 7115 6448
f 6448 7115 7116
f 6448 7116 6449
f 6449 7116 7117
f 6449 7117 6450
f 6450 7117 7118
f 6450 7118 6451
f 6451 7118 7119
f 6451 7119 6452
f 6452 7119 7120
f 6452 7120 6453
f 6453 7120 7121
f 6453 7121 6479
f 6479 7121 6519
f 6454 6526 6480
f 6480 6526 7122
f 6480 7122 6481
f 6481 7122 7123
f 6481 7123 6482
f 6482 7123 7124
f 6482 7124 6483
f 6483 7124 7125
f 6483 7125 6484
f 6484 7125 7126
f 6484 7126 6488
f 6488 7126 7127
f 6488 7127 6489
f 6489 7127 7128
f 6489 7128 6490
f 6490 7128 7129
f 6490 7129 6493
f 6493 7129 7130
f 6493 7130 6494
f 6494 7130 7131
f 6494 7131 6495
f 6495 7131 7132
f 6495 7132 6504
f 6504 7132 7133
f 6504 7133 6505
f 6505 7133 7134
f 6505 7134 6506
f 6506 7134 7135
f 6506 7135 6511
f 6511 7135 7136
f 6511 7136 6512
f 6512 7136 7137
f 6512 7137 6491
f 6491 7137 7138
f 6491 7138 6492
f 6492 7138 7139
f 6492 7139 6507
f 6507 7139 7140
f 6507 7140 6508
f 6508 7140 7141
f 6508 7141 6496
f 6496 7141 7142
f 6496 7142 6497
f 6497 7142 7143
f 6497 7143 6424
f 6424 7143 6423
f 7144 6431 7145
f 7145 6431 6440
f 7145 6440 7146
f 7146 6440 6439
f 7146 6439 7147
f 7147 6439 6422
f 7147 6422 6421
f 7148 6428 7144
f 7144 6428 6430
f 7144 6430 6431
f 7149 7150 7148
f 7148 7150 7151
f 7148 7151 6428
f 7152 7153 7149
f 7149 7153 7154
f 7149 7154 7150
f 7155 7156 7152
f 7152 7156 7157
f 7152 7157 7153
f 7158 7159 7155
f 7155 7159 7160
f 7155 7160 7156
f 7161 7162 7158
f 7158 7162 7163
f 7158 7163 7159
f 7164 7165 7161
f 7161 7165 7166
f 7161 7166 7162
f 7167 7168 7169
f 7169 7168 7170
f 7169 7170 7164
f 7164 7170 7171
f 7164 7171 7165
f 7167 7169 7172
f 7172 7169 7173
f 7172 7173 7174
f 7174 7173 7175
f 7175 7173 7176
f 7175 7176 7177
f 7177 7176 7178
f 7178 7176 7179
f 7178 7179 7180
f 7180 7179 7181
f 7181 7179 7182
f 7181 7182 7183
f 7183 7182 7184
f 7184 7182 5496
f 7184 5496 5509
f 2901 2900 7185
f 7185 2900 2941
f 7185 2941 7186
f 7186 2941 2940
f 7186 2940 7187
f 7187 2940 2939
f 7187 2939 7188
f 7188 2939 2912
f 7188 2912 7189
f 7189 2912 2911
f 7189 2911 7190
f 7190 2911 2909
f 7190 2909 7191
f 7191 2909 2908
f 7191 2908 7192
f 7192 2908 2923
f 7192 2923 7193
f 7193 2923 2922
f 7193 2922 7194
f 7194 2922 2921
f 7194 2921 7195
f 7195 2921 2920
f 7195 2920 7196
f 7196 2920 2919
f 7196 2919 7197
f 7197 2919 2918
f 7197 2918 7198
f 7198 2918 2950
f 7198 2950 7199
f 7199 2950 2949
f 7199 2949 7200
f 7200 2949 2938
f 7200 2938 7201
f 7201 2938 2937
f 7201 2937 7202
f 7202 2937 2936
f 7202 2936 7203
f 7203 2936 2935
f 7203 2935 7204
f 7204 2935 2934
f 7204 2934 7205
f 7205 2934 2933
f 7205 2933 7206
f 7206 2933 2932
f 7206 2932 7207
f 7207 2932 3031
f 7207 3031 7208
f 7208 3031 3030
f 7208 3030 7209
f 7209 3030 3029
f 7209 3029 7210
f 7210 3029 3090
f 7210 3090 7211
f 7211 3090 3089
f 7211 3089 7212
f 7212 3089 3054
f 7212 3054 7213
f 7213 3054 3055
f 7213 3055 7214
f 7214 3055 3056
f 7214 3056 7215
f 7215 3056 3088
f 7215 3088 7216
f 7216 3088 3087
f 7216 3087 7217
f 7217 3087 3086
f 7217 3086 7218
f 7218 3086 3085
f 7218 3085 7219
f 7219 3085 3084
f 7219 3084 7220
f 7220 3084 3083
f 7220 3083 7221
f 7221 3083 3028
f 7221 3028 7222
f 7222 3028 3027
f 7222 3027 7223
f 7223 3027 3026
f 7223 3026 7224
f 7224 3026 2986
f 7224 2986 7225
f 7225 2986 2985
f 7225 2985 7226
f 7226 2985 2984
f 7226 2984 7227
f 7227 2984 2966
f 7227 2966 7228
f 7228 2966 2965
f 7228 2965 7229
f 7229 2965 2964
f 7229 2964 7230
f 7230 2964 2931
f 7230 2931 7231
f 7231 2931 2930
f 7231 2930 7232
f 7232 2930 2983
f 7232 2983 7233
f 7233 2983 2982
f 7233 2982 7234
f 7234 2982 2927
f 7234 2927 7235
f 7235 2927 2929
f 7235 2929 7236
f 7236 2929 2925
f 7236 2925 7237
f 7237 2925 2924
f 7237 2924 7238
f 7238 2924 2917
f 7238 2917 7239
f 7239 2917 2916
f 7239 2916 7240
f 7240 2916 2914
f 7240 2914 7241
f 7241 2914 2913
f 7241 2913 7242
f 7242 2913 2970
f 7242 2970 7243
f 7243 2970 2972
f 7243 2972 7244
f 7244 2972 2958
f 7244 2958 7245
f 7245 2958 2959
f 7245 2959 7246
f 7246 2959 2960
f 7246 2960 7247
f 7247 2960 2988
f 7247 2988 7248
f 7248 2988 2987
f 7248 2987 7249
f 7249 2987 2969
f 7249 2969 7250
f 7250 2969 2968
f 7250 2968 7251
f 7251 2968 2967
f 7251 2967 7252
f 7252 2967 2957
f 7252 2957 7253
f 7253 2957 2956
f 7253 2956 7254
f 7254 2956 2955
f 7254 2955 7255
f 7255 2955 2954
f 7255 2954 7256
f 7256 2954 2952
f 7256 2952 7257
f 7257 2952 2951
f 7257 2951 7258
f 7258 2951 3038
f 7258 3038 7259
f 7259 3038 3037
f 7259 3037 7260
f 7260 3037 3036
f 7260 3036 7261
f 7261 3036 3004
f 7261 3004 7262
f 7262 3004 3003
f 7262 3003 7263
f 7263 3003 3002
f 7263 3002 7264
f 7264 3002 2943
f 7264 2943 7265
f 7265 2943 2942
f 7265 2942 7266
f 7266 2942 3096
f 7266 3096 7267
f 7267 3096 3095
f 7267 3095 7268
f 7268 3095 3094
f 7268 3094 7269
f 7269 3094 3093
f 7269 3093 7270
f 7270 3093 3092
f 7270 3092 7271
f 7271 3092 3091
f 7271 3091 7272
f 7272 3091 3059
f 7272 3059 7273
f 7273 3059 3058
f 7273 3058 7274
f 7274 3058 3057
f 7274 3057 7275
f 7275 3057 3001
f 7275 3001 7276
f 7276 3001 3000
f 7276 3000 7277
f 7277 3000 2999
f 7277 2999 7278
f 7278 2999 2998
f 7278 2998 7279
f 7279 2998 3035
f 7279 3035 7280
f 7280 3035 3034
f 7280 3034 7281
f 7281 3034 2997
f 7281 2997 7282
f 7282 2997 2996
f 7282 2996 7283
f 7283 2996 2995
f 7283 2995 7284
f 7284 2995 2976
f 7284 2976 7285
f 7285 2976 2975
f 7285 2975 7286
f 7286 2975 2994
f 7286 2994 7287
f 7287 2994 2993
f 7287 2993 7288
f 7288 2993 2992
f 7288 2992 7289
f 7289 2992 3033
f 7289 3033 7290
f 7290 3033 3032
f 7290 3032 7291
f 7291 3032 2991
f 7291 2991 7292
f 7292 2991 2990
f 7292 2990 7293
f 7293 2990 2989
f 7293 2989 7294
f 7294 2989 2907
f 7294 2907 7295
f 7295 2907 2906
f 7295 2906 7296
f 7296 2906 2905
f 7296 2905 7297
f 7297 2905 2904
f 7297 2904 7298
f 7298 2904 2903
f 7298 2903 7299
f 7299 2903 2901
f 7299 2901 7185
f 7271 7300 7270
f 7270 7300 7301
f 7270 7301 7269
f 7269 7301 7302
f 7269 7302 7268
f 7268 7302 7303
f 7268 7303 7267
f 7267 7303 7304
f 7267 7304 7266
f 7266 7304 7305
f 7266 7305 7265
f 7265 7305 7306
f 7265 7306 7264
f 7264 7306 7307
f 7264 7307 7263
f 7263 7307 7308
f 7263 7308 7262
f 7262 7308 7309
f 7262 7309 7261
f 7261 7309 7310
f 7261 7310 7260
f 7260 7310 7311
f 7260 7311 7259
f 7259 7311 7312
f 7259 7312 7258
f 7258 7312 7313
f 7258 7313 7257
f 7257 7313 7314
f 7257 7314 7256
f 7256 7314 7315
f 7256 7315 7255
f 7255 7315 7316
f 7255 7316 7254
f 7254 7316 7317
f 7254 7317 7253
f 7253 7317 7318
f 7253 7318 7252
f 7252 7318 7319
f 7252 7319 7251
f 7251 7319 7320
f 7251 7320 7250
f 7250 7320 7321
f 7250 7321 7249
f 7249 7321 7322
f 7249 7322 7248
f 7248 7322 7323
f 7248 7323 7247
f 7247 7323 7324
f 7247 7324 7246
f 7246 7324 7325
f 7246 7325 7245
f 7245 7325 7326
f 7245 7326 7244
f 7244 7326 7327
f 7244 7327 7243
f 7243 7327 7328
f 7243 7328 7242
f 7242 7328 7329
f 7242 7329 7241
f 7241 7329 7330
f 7241 7330 7240
f 7240 7330 7331
f 7240 7331 7239
f 7239 7331 7332
f 7239 7332 7238
f 7238 7332 7333
f 7238 7333 7237
f 7237 7333 7334
f 7237 7334 7236
f 7236 7334 7335
f 7236 7335 7235
f 7235 7335 7336
f 7235 7336 7234
f 7234 7336 7337
f 7234 7337 7233
f 7233 7337 7338
f 7233 7338 7232
f 7232 7338 7339
f 7232 7339 7231
f 7231 7339 7340
f 7231 7340 7230
f 7230 7340 7341
f 7230 7341 7229
f 7229 7341 7342
f 7229 7342 7228
f 7228 7342 7343
f 7228 7343 7227
f 7227 7343 7344
f 7227 7344 7226
f 7226 7344 7345
f 7226 7345 7225
f 7225 7345 7346
f 7225 7346 7224
f 7224 7346 7347
f 7224 7347 7223
f 7223 7347 7348
f 7223 7348 7222
f 7222 7348 7349
f 7222 7349 7221
f 7221 7349 7350
f 7221 7350 7220
f 7220 7350 7351
f 7220 7351 7219
f 7219 7351 7352
f 7219 7352 7218
f 7218 7352 7353
f 7218 7353 7217
f 7217 7353 7354
f 7217 7354 7216
f 7216 7354 7355
f 7216 7355 7215
f 7215 7355 7356
f 7215 7356 7214
f 7214 7356 7357
f 7214 7357 7213
f 7213 7357 7358
f 7213 7358 7212
f 7212 7358 7359
f 7212 7359 7211
f 7211 7359 7360
f 7211 7360 7210
f 7210 7360 7361
f 7210 7361 7209
f 7209 7361 7362
f 7209 7362 7208
f 7208 7362 7363
f 7208 7363 7207
f 7207 7363 7364
f 7207 7364 7206
f 7206 7364 7365
f 7206 7365 7205
f 7205 7365 7366
f 7205 7366 7204
f 7204 7366 7367
f 7204 7367 7203
f 7203 7367 7368
f 7203 7368 7202
f 7202 7368 7369
f 7202 7369 7201
f 7201 7369 7370
f 7201 7370 7200
f 7200 7370 7371
f 7200 7371 7199
f 7199 7371 7372
f 7199 7372 7198
f 7198 7372 7373
f 7198 7373 7197
f 7197 7373 7374
f 7197 7374 7196
f 7196 7374 7375
f 7196 7375 7195
f 7195 7375 7376
f 7195 7376 7194
f 7194 7376 7377
f 7194 7377 7193
f 7193 7377 7378
f 7193 7378 7192
f 7192 7378 7379
f 7192 7379 7191
f 7191 7379 7380
f 7191 7380 7190
f 7190 7380 7381
f 7190 7381 7189
f 7189 7381 7382
f 7189 7382 7188
f 7188 7382 7383
f 7188 7383 7187
f 7187 7383 7384
f 7187 7384 7186
f 7186 7384 7385
f 7186 7385 7185
f 7185 7385 7386
f 7185 7386 7299
f 7299 7386 7387
f 7299 7387 7298
f 7298 7387 7388
f 7298 7388 7297
f 7297 7388 7389
f 7297 7389 7296
f 7296 7389 7390
f 7296 7390 7295
f 7295 7390 7391
f 7295 7391 7294
f 7294 7391 7392
f 7294 7392 7293
f 7293 7392 7393
f 7293 7393 7292
f 7292 7393 7394
f 7292 7394 7291
f 7291 7394 7395
f 7291 7395 7290
f 7290 7395 7396
f 7290 7396 7289
f 7289 7396 7397
f 7289 7397 7288
f 7288 7397 7398
f 7288 7398 7287
f 7287 7398 7399
f 7287 7399 7286
f 7286 7399 7400
f 7286 7400 7285
f 7285 7400 7401
f 7285 7401 7284
f 7284 7401 7402
f 7284 7402 7283
f 7283 7402 7403
f 7283 7403 7282
f 7282 7403 7404
f 7282 7404 7281
f 7281 7404 7405
f 7281 7405 7280
f 7280 7405 7406
f 7280 7406 7279
f 7279 7406 7407
f 7279 7407 7278
f 7278 7407 7408
f 7278 7408 7277
f 7277 7408 7409
f 7277 7409 7276
f 7276 7409 7410
f 7276 7410 7275
f 7275 7410 7411
f 7275 7411 7274
f 7274 7411 7412
f 7274 7412 7273
f 7273 7412 7413
f 7273 7413 7272
f 7272 7413 7414
f 7272 7414 7271
f 7271 7414 7300
f 7415 7313 7312
f 7311 7416 7312
f 7312 7416 7417
f 7312 7417 7415
f 7310 7418 7311
f 7311 7418 7419
f 7311 7419 7416
f 7309 7420 7310
f 7310 7420 7421
f 7310 7421 7418
f 7307 7422 7308
f 7308 7422 7423
f 7308 7423 7309
f 7309 7423 7424
f 7309 7424 7420
f 7425 7426 7307
f 7307 7426 7427
f 7307 7427 7422
f 7307 7306 7425
f 7425 7306 7305
f 7425 7305 7428
f 7304 7429 7305
f 7305 7429 7430
f 7305 7430 7428
f 7303 7302 7431
f 7431 7432 7303
f 7303 7432 7433
f 7303 7433 7304
f 7304 7433 7434
f 7304 7434 7429
f 7301 7300 7435
f 7435 7436 7301
f 7301 7436 7437
f 7301 7437 7302
f 7302 7437 7438
f 7302 7438 7431
f 7413 7439 7414
f 7414 7439 7440
f 7414 7440 7300
f 7300 7440 7441
f 7300 7441 7435
f 7412 7442 7413
f 7413 7442 7443
f 7413 7443 7439
f 7411 7444 7412
f 7412 7444 7445
f 7412 7445 7442
f 7410 7446 7411
f 7411 7446 7447
f 7411 7447 7444
f 7409 7448 7410
f 7410 7448 7449
f 7410 7449 7446
f 7408 7450 7409
f 7409 7450 7451
f 7409 7451 7448
f 7408 7452 7453
f 7408 7453 7450
f 7405 7454 7406
f 7406 7454 7452
f 7406 7452 7407
f 7407 7452 7408
f 7404 7455 7405
f 7405 7455 7456
f 7405 7456 7454
f 7403 7457 7404
f 7404 7457 7458
f 7404 7458 7455
f 7402 7459 7403
f 7403 7459 7460
f 7403 7460 7457
f 7401 7461 7402
f 7402 7461 7462
f 7402 7462 7459
f 7400 397 7401
f 7401 397 7463
f 7401 7463 7461
f 7415 7464 7313
f 7313 7464 393
f 7313 393 7314
f 7314 393 394
f 7314 394 7315
f 7315 394 395
f 7315 395 7316
f 7316 395 429
f 7316 429 7317
f 7317 429 428
f 7317 428 7318
f 7318 428 391
f 7318 391 7319
f 7319 391 390
f 7319 390 7320
f 7320 390 361
f 7320 361 7321
f 7321 361 360
f 7321 360 7322
f 7322 360 630
f 7322 630 7323
f 7323 630 629
f 7323 629 7324
f 7324 629 628
f 7324 628 7325
f 7325 628 817
f 7325 817 7326
f 7326 817 816
f 7326 816 7327
f 7327 816 815
f 7327 815 7328
f 7328 815 814
f 7328 814 7329
f 7329 814 813
f 7329 813 7330
f 7330 813 812
f 7330 812 7331
f 7331 812 760
f 7331 760 7332
f 7332 760 759
f 7332 759 7333
f 7333 759 331
f 7333 331 7334
f 7334 331 632
f 7334 632 7335
f 7335 632 631
f 7335 631 7336
f 7336 631 537
f 7336 537 7337
f 7337 537 536
f 7337 536 7338
f 7338 536 535
f 7338 535 7339
f 7339 535 534
f 7339 534 7340
f 7340 534 766
f 7340 766 7341
f 7341 766 765
f 7341 765 7342
f 7342 765 764
f 7342 764 7343
f 7343 764 823
f 7343 823 7344
f 7344 823 822
f 7344 822 7345
f 7345 822 821
f 7345 821 7346
f 7346 821 820
f 7346 820 7347
f 7347 820 819
f 7347 819 7348
f 7348 819 763
f 7348 763 7349
f 7349 763 762
f 7349 762 7350
f 7350 762 761
f 7350 761 7351
f 7351 761 707
f 7351 707 7352
f 7352 707 706
f 7352 706 7353
f 7353 706 705
f 7353 705 7354
f 7354 705 704
f 7354 704 7355
f 7355 704 703
f 7355 703 7356
f 7356 703 702
f 7356 702 7357
f 7357 702 701
f 7357 701 7358
f 7358 701 818
f 7358 818 7359
f 7359 818 698
f 7359 698 7360
f 7360 698 697
f 7360 697 7361
f 7361 697 640
f 7361 640 7362
f 7362 640 639
f 7362 639 7363
f 7363 639 637
f 7363 637 7364
f 7364 637 641
f 7364 641 7365
f 7365 641 544
f 7365 544 7366
f 7366 544 543
f 7366 543 7367
f 7367 543 542
f 7367 542 7368
f 7368 542 538
f 7368 538 7369
f 7369 538 540
f 7369 540 7370
f 7370 540 541
f 7370 541 7371
f 7371 541 770
f 7371 770 7372
f 7372 770 769
f 7372 769 7373
f 7373 769 711
f 7373 711 7374
f 7374 711 712
f 7374 712 7375
f 7375 712 713
f 7375 713 7376
f 7376 713 768
f 7376 768 7377
f 7377 768 767
f 7377 767 7378
f 7378 767 710
f 7378 710 7379
f 7379 710 709
f 7379 709 7380
f 7380 709 708
f 7380 708 7381
f 7381 708 635
f 7381 635 7382
f 7382 635 634
f 7382 634 7383
f 7383 634 633
f 7383 633 7384
f 7384 633 844
f 7384 844 7385
f 7385 844 826
f 7385 826 7386
f 7386 826 825
f 7386 825 7387
f 7387 825 824
f 7387 824 7388
f 7388 824 645
f 7388 645 7389
f 7389 645 644
f 7389 644 7390
f 7390 644 643
f 7390 643 7391
f 7391 643 550
f 7391 550 7392
f 7392 550 549
f 7392 549 7393
f 7393 549 548
f 7393 548 7394
f 7394 548 547
f 7394 547 7395
f 7395 547 546
f 7395 546 7396
f 7396 546 545
f 7396 545 7397
f 7397 545 466
f 7397 466 7398
f 7398 466 465
f 7398 465 7399
f 7399 465 464
f 7399 464 7400
f 7400 464 398
f 7400 398 397
f 2953 2974 7465
f 7465 2974 2973
f 7465 2973 7466
f 7466 2973 2971
f 7466 2971 7467
f 7467 2971 2915
f 7467 2915 7468
f 7468 2915 2926
f 7468 2926 7469
f 7469 2926 3053
f 7469 3053 7470
f 7470 3053 3052
f 7470 3052 7471
f 7471 3052 3025
f 7471 3025 7472
f 7472 3025 3024
f 7472 3024 7473
f 7473 3024 3023
f 7473 3023 7474
f 7474 3023 3022
f 7474 3022 7475
f 7475 3022 3021
f 7475 3021 7476
f 7476 3021 3020
f 7476 3020 7477
f 7477 3020 3019
f 7477 3019 7478
f 7478 3019 3018
f 7478 3018 7479
f 7479 3018 3017
f 7479 3017 7480
f 7480 3017 3014
f 7480 3014 7481
f 7481 3014 3015
f 7481 3015 7482
f 7482 3015 3016
f 7482 3016 7483
f 7483 3016 3113
f 7483 3113 7484
f 7484 3113 3112
f 7484 3112 7485
f 7485 3112 3111
f 7485 3111 7486
f 7486 3111 3110
f 7486 3110 7487
f 7487 3110 3109
f 7487 3109 7488
f 7488 3109 3082
f 7488 3082 7489
f 7489 3082 3081
f 7489 3081 7490
f 7490 3081 3131
f 7490 3131 7491
f 7491 3131 3130
f 7491 3130 7492
f 7492 3130 3129
f 7492 3129 7493
f 7493 3129 3128
f 7493 3128 7494
f 7494 3128 3135
f 7494 3135 7495
f 7495 3135 3134
f 7495 3134 7496
f 7496 3134 3108
f 7496 3108 7497
f 7497 3108 3107
f 7497 3107 7498
f 7498 3107 3106
f 7498 3106 7499
f 7499 3106 3080
f 7499 3080 7500
f 7500 3080 3079
f 7500 3079 7501
f 7501 3079 3078
f 7501 3078 7502
f 7502 3078 3077
f 7502 3077 7503
f 7503 3077 3076
f 7503 3076 7504
f 7504 3076 3075
f 7504 3075 7505
f 7505 3075 3051
f 7505 3051 7506
f 7506 3051 3050
f 7506 3050 7507
f 7507 3050 3049
f 7507 3049 7508
f 7508 3049 3074
f 7508 3074 7509
f 7509 3074 3073
f 7509 3073 7510
f 7510 3073 3048
f 7510 3048 7511
f 7511 3048 3047
f 7511 3047 7512
f 7512 3047 3072
f 7512 3072 7513
f 7513 3072 3071
f 7513 3071 7514
f 7514 3071 2979
f 7514 2979 7515
f 7515 2979 2980
f 7515 2980 7516
f 7516 2980 2981
f 7516 2981 7517
f 7517 2981 3046
f 7517 3046 7518
f 7518 3046 3045
f 7518 3045 7519
f 7519 3045 3013
f 7519 3013 7520
f 7520 3013 3012
f 7520 3012 7521
f 7521 3012 3011
f 7521 3011 7522
f 7522 3011 3105
f 7522 3105 7523
f 7523 3105 3104
f 7523 3104 7524
f 7524 3104 3103
f 7524 3103 7525
f 7525 3103 3044
f 7525 3044 7526
f 7526 3044 3043
f 7526 3043 7527
f 7527 3043 3042
f 7527 3042 7528
f 7528 3042 3010
f 7528 3010 7529
f 7529 3010 3008
f 7529 3008 7530
f 7530 3008 3007
f 7530 3007 7531
f 7531 3007 3127
f 7531 3127 7532
f 7532 3127 3126
f 7532 3126 7533
f 7533 3126 3102
f 7533 3102 7534
f 7534 3102 3101
f 7534 3101 7535
f 7535 3101 3100
f 7535 3100 7536
f 7536 3100 3099
f 7536 3099 7537
f 7537 3099 3098
f 7537 3098 7538
f 7538 3098 3097
f 7538 3097 7539
f 7539 3097 3070
f 7539 3070 7540
f 7540 3070 3069
f 7540 3069 7541
f 7541 3069 3068
f 7541 3068 7542
f 7542 3068 3067
f 7542 3067 7543
f 7543 3067 3066
f 7543 3066 7544
f 7544 3066 3065
f 7544 3065 7545
f 7545 3065 3064
f 7545 3064 7546
f 7546 3064 3125
f 7546 3125 7547
f 7547 3125 3124
f 7547 3124 7548
f 7548 3124 3123
f 7548 3123 7549
f 7549 3123 3122
f 7549 3122 7550
f 7550 3122 3121
f 7550 3121 7551
f 7551 3121 3120
f 7551 3120 7552
f 7552 3120 3133
f 7552 3133 7553
f 7553 3133 3132
f 7553 3132 7554
f 7554 3132 3119
f 7554 3119 7555
f 7555 3119 3118
f 7555 3118 7556
f 7556 3118 3117
f 7556 3117 7557
f 7557 3117 3116
f 7557 3116 7558
f 7558 3116 3041
f 7558 3041 7559
f 7559 3041 3040
f 7559 3040 7560
f 7560 3040 3063
f 7560 3063 7561
f 7561 3063 3115
f 7561 3115 7562
f 7562 3115 3114
f 7562 3114 7563
f 7563 3114 3062
f 7563 3062 7564
f 7564 3062 3061
f 7564 3061 7565
f 7565 3061 3060
f 7565 3060 7566
f 7566 3060 2948
f 7566 2948 7567
f 7567 2948 2947
f 7567 2947 7568
f 7568 2947 2963
f 7568 2963 7569
f 7569 2963 2962
f 7569 2962 7570
f 7570 2962 2961
f 7570 2961 7571
f 7571 2961 2978
f 7571 2978 7572
f 7572 2978 2977
f 7572 2977 7573
f 7573 2977 2946
f 7573 2946 7574
f 7574 2946 2945
f 7574 2945 7575
f 7575 2945 3006
f 7575 3006 7576
f 7576 3006 3005
f 7576 3005 7577
f 7577 3005 2944
f 7577 2944 7578
f 7578 2944 3039
f 7578 3039 7579
f 7579 3039 2953
f 7579 2953 7465
f 7544 7580 7543
f 7543 7580 7581
f 7543 7581 7542
f 7542 7581 7582
f 7542 7582 7541
f 7541 7582 7583
f 7541 7583 7540
f 7540 7583 7584
f 7540 7584 7539
f 7539 7584 7585
f 7539 7585 7538
f 7538 7585 7586
f 7538 7586 7537
f 7537 7586 7587
f 7537 7587 7536
f 7536 7587 7588
f 7536 7588 7535
f 7535 7588 7589
f 7535 7589 7534
f 7534 7589 7590
f 7534 7590 7533
f 7533 7590 7591
f 7533 7591 7532
f 7532 7591 7592
f 7532 7592 7531
f 7531 7592 7593
f 7531 7593 7530
f 7530 7593 7594
f 7530 7594 7529
f 7529 7594 7595
f 7529 7595 7528
f 7528 7595 7596
f 7528 7596 7527
f 7527 7596 7597
f 7527 7597 7526
f 7526 7597 7598
f 7526 7598 7525
f 7525 7598 7599
f 7525 7599 7524
f 7524 7599 7600
f 7524 7600 7523
f 7523 7600 7601
f 7523 7601 7522
f 7522 7601 7602
f 7522 7602 7521
f 7521 7602 7603
f 7521 7603 7520
f 7520 7603 7604
f 7520 7604 7519
f 7519 7604 7605
f 7519 7605 7518
f 7518 7605 7606
f 7518 7606 7517
f 7517 7606 7607
f 7517 7607 7516
f 7516 7607 7608
f 7516 7608 7515
f 7515 7608 7609
f 7515 7609 7514
f 7514 7609 7610
f 7514 7610 7513
f 7513 7610 7611
f 7513 7611 7512
f 7512 7611 7612
f 7512 7612 7511
f 7511 7612 7613
f 7511 7613 7510
f 7510 7613 7614
f 7510 7614 7509
f 7509 7614 7615
f 7509 7615 7508
f 7508 7615 7616
f 7508 7616 7507
f 7507 7616 7617
f 7507 7617 7506
f 7506 7617 7618
f 7506 7618 7505
f 7505 7618 7619
f 7505 7619 7504
f 7504 7619 7620
f 7504 7620 7503
f 7503 7620 7621
f 7503 7621 7502
f 7502 7621 7622
f 7502 7622 7501
f 7501 7622 7623
f 7501 7623 7500
f 7500 7623 7624
f 7500 7624 7499
f 7499 7624 7625
f 7499 7625 7498
f 7498 7625 7626
f 7498 7626 7497
f 7497 7626 7627
f 7497 7627 7496
f 7496 7627 7628
f 7496 7628 7495
f 7495 7628 7629
f 7495 7629 7494
f 7494 7629 7630
f 7494 7630 7493
f 7493 7630 7631
f 7493 7631 7492
f 7492 7631 7632
f 7492 7632 7491
f 7491 7632 7633
f 7491 7633 7490
f 7490 7633 7634
f 7490 7634 7489
f 7489 7634 7635
f 7489 7635 7488
f 7488 7635 7636
f 7488 7636 7487
f 7487 7636 7637
f 7487 7637 7486
f 7486 7637 7638
f 7486 7638 7485
f 7485 7638 7639
f 7485 7639 7484
f 7484 7639 7640
f 7484 7640 7483
f 7483 7640 7641
f 7483 7641 7482
f 7482 7641 7642
f 7482 7642 7481
f 7481 7642 7643
f 7481 7643 7480
f 7480 7643 7644
f 7480 7644 7479
f 7479 7644 7645
f 7479 7645 7478
f 7478 7645 7646
f 7478 7646 7477
f 7477 7646 7647
f 7477 7647 7476
f 7476 7647 7648
f 7476 7648 7475
f 7475 7648 7649
f 7475 7649 7474
f 7474 7649 7650
f 7474 7650 7473
f 7473 7650 7651
f 7473 7651 7472
f 7472 7651 7652
f 7472 7652 7471
f 7471 7652 7653
f 7471 7653 7470
f 7470 7653 7654
f 7470 7654 7469
f 7469 7654 7655
f 7469 7655 7468
f 7468 7655 7656
f 7468 7656 7467
f 7467 7656 7657
f 7467 7657 7466
f 7466 7657 7658
f 7466 7658 7465
f 7465 7658 7659
f 7465 7659 7579
f 7579 7659 7660
f 7579 7660 7578
f 7578 7660 7661
f 7578 7661 7577
f 7577 7661 7662
f 7577 7662 7576
f 7576 7662 7663
f 7576 7663 7575
f 7575 7663 7664
f 7575 7664 7574
f 7574 7664 7665
f 7574 7665 7573
f 7573 7665 7666
f 7573 7666 7572
f 7572 7666 7667
f 7572 7667 7571
f 7571 7667 7668
f 7571 7668 7570
f 7570 7668 7669
f 7570 7669 7569
f 7569 7669 7670
f 7569 7670 7568
f 7568 7670 7671
f 7568 7671 7567
f 7567 7671 7672
f 7567 7672 7566
f 7566 7672 7673
f 7566 7673 7565
f 7565 7673 7674
f 7565 7674 7564
f 7564 7674 7675
f 7564 7675 7563
f 7563 7675 7676
f 7563 7676 7562
f 7562 7676 7677
f 7562 7677 7561
f 7561 7677 7678
f 7561 7678 7560
f 7560 7678 7679
f 7560 7679 7559
f 7559 7679 7680
f 7559 7680 7558
f 7558 7680 7681
f 7558 7681 7557
f 7557 7681 7682
f 7557 7682 7556
f 7556 7682 7683
f 7556 7683 7555
f 7555 7683 7684
f 7555 7684 7554
f 7554 7684 7685
f 7554 7685 7553
f 7553 7685 7686
f 7553 7686 7552
f 7552 7686 7687
f 7552 7687 7551
f 7551 7687 7688
f 7551 7688 7550
f 7550 7688 7689
f 7550 7689 7549
f 7549 7689 7690
f 7549 7690 7548
f 7548 7690 7691
f 7548 7691 7547
f 7547 7691 7692
f 7547 7692 7546
f 7546 7692 7693
f 7546 7693 7545
f 7545 7693 7694
f 7545 7694 7544
f 7544 7694 7580
f 7695 7586 7585
f 7584 7696 7585
f 7585 7696 7697
f 7585 7697 7695
f 7583 7698 7584
f 7584 7698 7699
f 7584 7699 7696
f 7582 7700 7583
f 7583 7700 7701
f 7583 7701 7698
f 7580 7702 7581
f 7581 7702 7703
f 7581 7703 7582
f 7582 7703 7704
f 7582 7704 7700
f 7705 7706 7580
f 7580 7706 7707
f 7580 7707 7702
f 7580 7694 7705
f 7705 7694 7693
f 7705 7693 7708
f 7692 7709 7693
f 7693 7709 7710
f 7693 7710 7708
f 7691 7690 7711
f 7711 7712 7691
f 7691 7712 7713
f 7691 7713 7692
f 7692 7713 7714
f 7692 7714 7709
f 7689 7688 7715
f 7715 7716 7689
f 7689 7716 7717
f 7689 7717 7690
f 7690 7717 7718
f 7690 7718 7711
f 7686 7719 7687
f 7687 7719 7720
f 7687 7720 7688
f 7688 7720 7721
f 7688 7721 7715
f 7685 7722 7686
f 7686 7722 7723
f 7686 7723 7719
f 7684 7724 7685
f 7685 7724 7725
f 7685 7725 7722
f 7683 7726 7684
f 7684 7726 7727
f 7684 7727 7724
f 7682 7728 7683
f 7683 7728 7729
f 7683 7729 7726
f 7681 7730 7682
f 7682 7730 7731
f 7682 7731 7728
f 7681 7732 7733
f 7681 7733 7730
f 7678 7734 7679
f 7679 7734 7732
f 7679 7732 7680
f 7680 7732 7681
f 7677 7735 7678
f 7678 7735 7736
f 7678 7736 7734
f 7676 7737 7677
f 7677 7737 7738
f 7677 7738 7735
f 7675 7739 7676
f 7676 7739 7740
f 7676 7740 7737
f 7674 7741 7675
f 7675 7741 7742
f 7675 7742 7739
f 7673 392 7674
f 7674 392 7743
f 7674 7743 7741
f 7695 7744 7586
f 7586 7744 453
f 7586 453 7587
f 7587 453 452
f 7587 452 7588
f 7588 452 451
f 7588 451 7589
f 7589 451 450
f 7589 450 7590
f 7590 450 741
f 7590 741 7591
f 7591 741 740
f 7591 740 7592
f 7592 740 680
f 7592 680 7593
f 7593 680 679
f 7593 679 7594
f 7594 679 678
f 7594 678 7595
f 7595 678 677
f 7595 677 7596
f 7596 677 676
f 7596 676 7597
f 7597 676 675
f 7597 675 7598
f 7598 675 602
f 7598 602 7599
f 7599 602 601
f 7599 601 7600
f 7600 601 600
f 7600 600 7601
f 7601 600 381
f 7601 381 7602
f 7602 381 516
f 7602 516 7603
f 7603 516 514
f 7603 514 7604
f 7604 514 513
f 7604 513 7605
f 7605 513 682
f 7605 682 7606
f 7606 682 681
f 7606 681 7607
f 7607 681 512
f 7607 512 7608
f 7608 512 511
f 7608 511 7609
f 7609 511 510
f 7609 510 7610
f 7610 510 509
f 7610 509 7611
f 7611 509 508
f 7611 508 7612
f 7612 508 507
f 7612 507 7613
f 7613 507 504
f 7613 504 7614
f 7614 504 505
f 7614 505 7615
f 7615 505 506
f 7615 506 7616
f 7616 506 604
f 7616 604 7617
f 7617 604 603
f 7617 603 7618
f 7618 603 355
f 7618 355 7619
f 7619 355 354
f 7619 354 7620
f 7620 354 424
f 7620 424 7621
f 7621 424 462
f 7621 462 7622
f 7622 462 461
f 7622 461 7623
f 7623 461 460
f 7623 460 7624
f 7624 460 459
f 7624 459 7625
f 7625 459 458
f 7625 458 7626
f 7626 458 358
f 7626 358 7627
f 7627 358 357
f 7627 357 7628
f 7628 357 427
f 7628 427 7629
f 7629 427 426
f 7629 426 7630
f 7630 426 425
f 7630 425 7631
f 7631 425 530
f 7631 530 7632
f 7632 530 529
f 7632 529 7633
f 7633 529 528
f 7633 528 7634
f 7634 528 527
f 7634 527 7635
f 7635 527 526
f 7635 526 7636
f 7636 526 525
f 7636 525 7637
f 7637 525 524
f 7637 524 7638
f 7638 524 523
f 7638 523 7639
f 7639 523 694
f 7639 694 7640
f 7640 694 693
f 7640 693 7641
f 7641 693 692
f 7641 692 7642
f 7642 692 750
f 7642 750 7643
f 7643 750 749
f 7643 749 7644
f 7644 749 751
f 7644 751 7645
f 7645 751 621
f 7645 621 7646
f 7646 621 620
f 7646 620 7647
f 7647 620 619
f 7647 619 7648
f 7648 619 618
f 7648 618 7649
f 7649 618 617
f 7649 617 7650
f 7650 617 616
f 7650 616 7651
f 7651 616 615
f 7651 615 7652
f 7652 615 614
f 7652 614 7653
f 7653 614 613
f 7653 613 7654
f 7654 613 612
f 7654 612 7655
f 7655 612 758
f 7655 758 7656
f 7656 758 757
f 7656 757 7657
f 7657 757 756
f 7657 756 7658
f 7658 756 811
f 7658 811 7659
f 7659 811 810
f 7659 810 7660
f 7660 810 755
f 7660 755 7661
f 7661 755 754
f 7661 754 7662
f 7662 754 753
f 7662 753 7663
f 7663 753 521
f 7663 521 7664
f 7664 521 520
f 7664 520 7665
f 7665 520 696
f 7665 696 7666
f 7666 696 695
f 7666 695 7667
f 7667 695 623
f 7667 623 7668
f 7668 623 622
f 7668 622 7669
f 7669 622 624
f 7669 624 7670
f 7670 624 626
f 7670 626 7671
f 7671 626 362
f 7671 362 7672
f 7672 362 389
f 7672 389 7673
f 7673 389 463
f 7673 463 392
f 2928 7745 7746
f 7747 7748 2928
f 2928 7748 7749
f 2928 7749 7745
f 2910 7750 7751
f 7752 7753 7754
f 7755 7756 2910
f 2910 7756 7757
f 2910 7757 7750
f 7758 7759 2928
f 7754 7753 7760
f 7746 7761 2928
f 2928 7761 7762
f 2928 7762 7763
f 7763 7764 2928
f 2928 7764 7765
f 2928 7765 7766
f 7766 7767 2928
f 2928 7767 7768
f 2928 7768 7758
f 7753 7769 7760
f 7760 7769 7770
f 7760 7770 7771
f 7759 7772 2928
f 2928 7772 7773
f 2928 7773 7774
f 7775 7776 7777
f 7778 7779 7780
f 7780 7779 7781
f 7782 7783 2928
f 2928 7783 7784
f 2928 7784 7747
f 7785 7786 2910
f 2910 7786 7787
f 2910 7787 7788
f 7774 7789 2928
f 2928 7789 7790
f 2928 7790 7791
f 7792 7793 2928
f 2928 7793 7794
f 7777 7795 7775
f 7775 7795 7796
f 7775 7796 7797
f 7798 7799 7800
f 7800 7799 7801
f 7800 7801 7802
f 7751 7803 2910
f 2910 7803 7804
f 2910 7804 7805
f 7781 7806 7780
f 7780 7806 7807
f 7780 7807 7808
f 7809 7810 2928
f 2928 7810 7811
f 2928 7811 7782
f 7812 7813 7814
f 7815 7816 2910
f 7817 7818 2910
f 2910 7818 7819
f 2910 7819 7755
f 7791 7820 2928
f 2928 7820 7821
f 2928 7821 7822
f 7822 7823 2928
f 2928 7823 7824
f 2928 7824 7825
f 7825 7826 2928
f 2928 7826 7827
f 2928 7827 7792
f 7828 7829 7775
f 7775 7829 7830
f 7775 7830 7776
f 7770 7831 7771
f 7771 7831 7832
f 7771 7832 7833
f 7833 7832 7834
f 7809 2928 7835
f 7835 2928 2910
f 7835 2910 7780
f 7780 2910 7805
f 7780 7805 7778
f 7836 7837 7838
f 7838 7837 7839
f 7838 7839 7840
f 7788 7841 2910
f 2910 7841 7842
f 2910 7842 7817
f 7843 7844 7775
f 7775 7844 7845
f 7775 7845 7846
f 7846 7847 7775
f 7775 7847 7848
f 7775 7848 7828
f 7797 7849 7775
f 7775 7849 7850
f 7775 7850 7851
f 7834 7852 7833
f 7833 7852 7853
f 7833 7853 7801
f 7801 7853 7854
f 7801 7854 7802
f 7855 7856 7857
f 7858 7859 7807
f 7860 7861 7862
f 7863 7864 7813
f 7813 7864 7865
f 7813 7865 7814
f 7794 7866 2928
f 2928 7866 7867
f 2928 7867 7775
f 7775 7867 7868
f 7775 7868 7843
f 7869 7870 7807
f 7807 7870 7871
f 7807 7871 7808
f 7861 7872 7862
f 7862 7872 7873
f 7862 7873 7874
f 7874 7875 7862
f 7862 7875 7876
f 7862 7876 7877
f 7878 7879 7862
f 7862 7879 7880
f 7881 7882 7883
f 7883 7882 7837
f 7883 7837 7884
f 7884 7837 7836
f 7885 7886 7887
f 7887 7886 7888
f 7888 7889 7887
f 7887 7889 7890
f 7887 7890 7891
f 7892 7893 2910
f 2910 7893 7894
f 2910 7894 7895
f 7895 7896 2910
f 2910 7896 7897
f 2910 7897 7898
f 7898 7899 2910
f 2910 7899 7900
f 2910 7900 7815
f 7816 7901 2910
f 2910 7901 7902
f 2910 7902 7903
f 7903 7904 2910
f 2910 7904 7905
f 2910 7905 7906
f 7752 7754 7851
f 7851 7754 7907
f 7851 7907 7775
f 7908 7909 7910
f 7910 7909 7911
f 7877 7912 7862
f 7862 7912 7913
f 7862 7913 7914
f 7914 7915 7862
f 7862 7915 7916
f 7862 7916 7878
f 7917 7918 7919
f 7920 7921 7922
f 7922 7921 7923
f 7922 7923 7924
f 7920 7925 7921
f 7921 7925 7926
f 7921 7926 7927
f 7927 7926 7928
f 7881 7929 7882
f 7882 7929 7930
f 7882 7930 7863
f 7863 7930 7931
f 7863 7931 7864
f 7891 7932 7887
f 7887 7932 7933
f 7887 7933 7934
f 7906 7935 2910
f 2910 7935 7936
f 2910 7936 7785
f 7857 7856 7911
f 7911 7856 7937
f 7911 7937 7910
f 7938 7939 7862
f 7862 7939 7940
f 7862 7940 7860
f 7941 7807 7942
f 7942 7807 7943
f 7941 7944 7807
f 7807 7944 7945
f 7807 7945 7858
f 7859 7946 7807
f 7807 7946 7947
f 7807 7947 7948
f 7948 7949 7807
f 7807 7949 7950
f 7807 7950 7869
f 7880 7951 7862
f 7862 7951 7952
f 7862 7952 7953
f 7919 7954 7917
f 7917 7954 7955
f 7917 7955 7923
f 7923 7955 7956
f 7923 7956 7924
f 7928 7957 7927
f 7927 7957 7958
f 7927 7958 7839
f 7839 7958 7959
f 7839 7959 7840
f 7934 7960 7887
f 7887 7960 7961
f 7887 7961 7962
f 7962 7963 7887
f 7887 7963 7964
f 7887 7964 7965
f 7798 7966 7799
f 7799 7966 7967
f 7799 7967 7968
f 7968 7967 7969
f 7969 7970 7968
f 7968 7970 7971
f 7968 7971 7857
f 7857 7971 7972
f 7857 7972 7855
f 7908 7973 7909
f 7909 7973 7974
f 7909 7974 7975
f 7975 7974 7976
f 7975 7976 7977
f 7953 7978 7862
f 7862 7978 7979
f 7862 7979 7980
f 7980 7981 7862
f 7862 7981 7982
f 7862 7982 7918
f 7918 7982 7983
f 7918 7983 7919
f 7814 7984 7812
f 7812 7984 7985
f 7812 7985 7887
f 7887 7985 7986
f 7887 7986 7885
f 7965 7987 7887
f 7887 7987 7988
f 7887 7988 2910
f 2910 7988 7989
f 2910 7989 7892
f 7990 7991 7807
f 7807 7991 7992
f 7807 7992 7943
f 7976 7993 7977
f 7977 7993 7994
f 7977 7994 7995
f 7995 7994 7996
f 7995 7996 7997
f 7997 7996 7998
f 7997 7998 7999
f 7999 7998 8000
f 7999 8000 8001
f 8001 8000 8002
f 8001 8002 8003
f 8003 8002 8004
f 8005 8006 8004
f 8004 8006 8007
f 8004 8007 8003
f 8008 8009 8010
f 8010 8009 8011
f 8010 8011 8005
f 8005 8011 8012
f 8005 8012 8006
f 8013 8014 7807
f 7807 8014 8015
f 7807 8015 8016
f 8016 8017 7807
f 7807 8017 8018
f 7807 8018 7990
f 7990 8018 8019
f 7990 8019 8010
f 8019 8020 8010
f 8010 8020 8021
f 8010 8021 8022
f 8023 8024 8010
f 8010 8024 8025
f 8010 8025 8026
f 8022 8027 8010
f 8010 8027 8028
f 8010 8028 8023
f 8029 8030 7807
f 7807 8030 8031
f 7807 8031 8013
f 8026 8032 8010
f 8010 8032 8033
f 8010 8033 8034
f 8034 8035 8010
f 8010 8035 8036
f 8010 8036 8008
f 8037 8038 7807
f 7807 8038 8039
f 7807 8039 8029
f 8040 8041 7807
f 7807 8041 8042
f 7807 8042 8037
f 8043 8044 7807
f 7807 8044 8045
f 7807 8045 8040
f 8046 8047 7807
f 7807 8047 8048
f 7807 8048 8043
f 7862 8049 7938
f 7938 8049 8050
f 7938 8050 7807
f 7807 8050 8051
f 7807 8051 8052
f 8052 8053 7807
f 7807 8053 8054
f 7807 8054 8046
f 8055 8056 8057
f 8055 8057 8058
f 8058 8057 8059
f 8058 8059 8060
f 8060 8059 8061
f 8060 8061 8062
f 8062 8061 8063
f 8062 8063 8064
f 8064 8063 8065
f 8064 8065 8066
f 8066 8065 8067
f 8066 8067 8068
f 8068 8067 8069
f 8068 8069 8070
f 8070 8069 8071
f 8070 8071 8072
f 8072 8071 8073
f 8072 8073 8074
f 8074 8073 8075
f 8074 8075 8076
f 8076 8075 8077
f 8076 8077 8078
f 8078 8077 8079
f 8078 8079 8080
f 8080 8079 8081
f 8080 8081 8082
f 8082 8081 8083
f 8082 8083 8084
f 8084 8083 8085
f 8084 8085 8086
f 8086 8085 8087
f 8086 8087 8088
f 8088 8087 8089
f 8088 8089 8090
f 8090 8089 8091
f 8090 8091 8092
f 8092 8091 8093
f 8092 8093 8094
f 8094 8093 8095
f 8094 8095 8096
f 8096 8095 8097
f 8096 8097 8098
f 8098 8097 8099
f 8098 8099 8100
f 8100 8099 8101
f 8100 8101 8102
f 8102 8101 8103
f 8102 8103 8104
f 8104 8103 8105
f 8104 8105 8106
f 8106 8105 8107
f 8106 8107 8108
f 8108 8107 8109
f 8108 8109 8110
f 8110 8109 8111
f 8110 8111 8112
f 8112 8111 8113
f 8112 8113 8114
f 8114 8113 8115
f 8114 8115 8116
f 8116 8115 8117
f 8116 8117 8118
f 8118 8117 8119
f 8118 8119 8120
f 8120 8119 8121
f 8120 8121 8122
f 8122 8121 8123
f 8122 8123 8124
f 8124 8123 8125
f 8124 8125 8126
f 8126 8125 8127
f 8126 8127 8128
f 8128 8127 8129
f 8128 8129 8130
f 8130 8129 8131
f 8130 8131 8132
f 8132 8131 8133
f 8132 8133 8134
f 8134 8133 8135
f 8134 8135 8136
f 8136 8135 8137
f 8136 8137 8138
f 8138 8137 8139
f 8138 8139 8140
f 8140 8139 8141
f 8140 8141 8142
f 8142 8141 8143
f 8142 8143 8144
f 8144 8143 8145
f 8144 8145 8146
f 8146 8145 8147
f 8146 8147 8148
f 8148 8147 8149
f 8148 8149 8150
f 8150 8149 8151
f 8150 8151 8152
f 8152 8151 8153
f 8152 8153 8154
f 8154 8153 8155
f 8154 8155 8156
f 8156 8155 8157
f 8156 8157 8158
f 8158 8157 8159
f 8158 8159 8160
f 8160 8159 8161
f 8160 8161 8162
f 8162 8161 8163
f 8162 8163 8164
f 8164 8163 8165
f 8164 8165 8166
f 8166 8165 8167
f 8166 8167 8168
f 8169 8170 8171
f 8169 8171 8172
f 8168 8167 8171
f 8171 8167 8173
f 8174 8175 8171
f 8171 8175 8176
f 8173 8177 8171
f 8171 8177 8178
f 8171 8178 8179
f 8176 8180 8171
f 8171 8180 8181
f 8171 8181 8172
f 8179 8182 8171
f 8171 8182 8183
f 8171 8183 8174
f 8184 8185 8186
f 8186 8185 8187
f 8056 8055 8188
f 8188 8055 8185
f 8188 8185 8189
f 8189 8185 8190
f 8184 8191 8185
f 8185 8191 8192
f 8185 8192 8193
f 8193 8194 8185
f 8185 8194 8195
f 8185 8195 8196
f 8196 8197 8185
f 8185 8197 8198
f 8185 8198 8190
f 1446 7914 7913
f 1512 1511 7836
f 1509 1508 7884
f 1506 1505 7883
f 1500 1536 7929
f 1534 1533 7930
f 1560 1561 7864
f 1556 1555 7814
f 1543 1542 7888
f 1611 1610 7935
f 1395 1394 7785
f 1366 1364 7756
f 7756 1364 7757
f 1370 1369 7755
f 7755 1369 1368
f 7755 1368 7756
f 7756 1368 1367
f 7756 1367 1366
f 1370 7755 1371
f 1371 7755 7819
f 1371 7819 1372
f 7818 1377 1376
f 1376 1375 7818
f 7818 1375 1374
f 7818 1374 7819
f 7819 1374 1373
f 7819 1373 1372
f 7817 1380 7818
f 7818 1380 1378
f 7818 1378 1377
f 1383 1382 7817
f 7817 1382 1381
f 7817 1381 1380
f 7841 1387 7842
f 7842 1387 1386
f 1386 1385 7842
f 7842 1385 1384
f 7842 1384 7817
f 7817 1384 1383
f 1391 1390 7788
f 7788 1390 1389
f 7788 1389 7841
f 7841 1389 1388
f 7841 1388 1387
f 1397 7787 1398
f 1398 7787 7786
f 1398 7786 1399
f 1397 1396 7787
f 7787 1396 1393
f 7787 1393 7788
f 7788 1393 1392
f 7788 1392 1391
f 7785 1394 7786
f 7786 1394 1400
f 7786 1400 1399
f 7935 1610 7936
f 1610 1615 7936
f 7936 1615 1614
f 7936 1614 7785
f 7785 1614 1613
f 7785 1613 1395
f 7906 7905 1619
f 1619 1618 7906
f 7906 1618 1617
f 7906 1617 7935
f 7935 1617 1616
f 7935 1616 1611
f 7904 7903 1623
f 1623 1622 7904
f 7904 1622 1621
f 7904 1621 7905
f 7905 1621 1620
f 7905 1620 1619
f 7902 7901 1628
f 1628 1626 7902
f 7902 1626 1625
f 7902 1625 7903
f 7903 1625 1624
f 7903 1624 1623
f 7816 7815 1606
f 1606 1604 7816
f 7816 1604 1603
f 7816 1603 7901
f 7901 1603 1629
f 7901 1629 1628
f 7900 1609 1608
f 7900 1608 7815
f 7815 1608 1607
f 7815 1607 1606
f 7900 7899 1609
f 1609 7899 7898
f 1609 7898 999
f 1599 1598 7897
f 7897 1598 1597
f 7897 1597 7898
f 7898 1597 1000
f 7898 1000 999
f 7897 7896 1599
f 1599 7896 7895
f 1599 7895 1600
f 7894 7893 1590
f 1590 1589 7894
f 7894 1589 1602
f 7894 1602 7895
f 7895 1602 1601
f 7895 1601 1600
f 1595 1594 7892
f 7892 1594 1593
f 7892 1593 7893
f 7893 1593 1592
f 7893 1592 1590
f 7892 7989 1595
f 1595 7989 7988
f 1595 7988 1596
f 1579 1588 7987
f 7987 1588 1587
f 7987 1587 7988
f 7988 1587 1586
f 7988 1586 1596
f 7987 7965 1579
f 1579 7965 7964
f 1579 7964 1580
f 7963 1583 7964
f 7964 1583 1582
f 7964 1582 1580
f 1576 1575 7962
f 7962 1575 1585
f 7962 1585 7963
f 7963 1585 1584
f 7963 1584 1583
f 1563 1577 7960
f 7960 1577 1576
f 7960 1576 7961
f 7961 1576 7962
f 1567 1566 7934
f 7934 1566 1565
f 7934 1565 7960
f 7960 1565 1564
f 7960 1564 1563
f 7934 7933 1567
f 1567 7933 7932
f 1567 7932 1568
f 7891 7890 1572
f 1572 1571 7891
f 7891 1571 1570
f 7891 1570 7932
f 7932 1570 1569
f 7932 1569 1568
f 7888 1542 7889
f 1542 1541 7889
f 7889 1541 1574
f 7889 1574 7890
f 7890 1574 1573
f 7890 1573 1572
f 7886 7885 1547
f 1547 1546 7886
f 7886 1546 1545
f 7886 1545 7888
f 7888 1545 1544
f 7888 1544 1543
f 7986 7985 1551
f 1551 1550 7986
f 7986 1550 1549
f 7986 1549 7885
f 7885 1549 1548
f 7885 1548 1547
f 7814 1555 7984
f 1555 1554 7984
f 7984 1554 1553
f 7984 1553 7985
f 7985 1553 1552
f 7985 1552 1551
f 7864 1561 7865
f 1561 1538 7865
f 7865 1538 1537
f 7865 1537 7814
f 7814 1537 1557
f 7814 1557 1556
f 7930 1533 7931
f 1533 1532 7931
f 7931 1532 1531
f 7931 1531 7864
f 7864 1531 1558
f 7864 1558 1560
f 7929 1536 7930
f 7930 1536 1535
f 7930 1535 1534
f 7883 1505 7881
f 1505 1504 7881
f 7881 1504 1503
f 7881 1503 7929
f 7929 1503 1501
f 7929 1501 1500
f 7884 1508 7883
f 7883 1508 1507
f 7883 1507 1506
f 7836 1511 7884
f 7884 1511 1510
f 7884 1510 1509
f 1512 7836 1513
f 1513 7836 7838
f 1513 7838 1514
f 7959 1518 7840
f 7840 1518 1516
f 7840 1516 7838
f 7838 1516 1515
f 7838 1515 1514
f 1521 1520 7958
f 7958 1520 1519
f 7958 1519 7959
f 7959 1519 1518
f 1521 7958 1522
f 1522 7958 7957
f 1522 7957 1523
f 1527 1526 7928
f 7928 1526 1525
f 7928 1525 7957
f 7957 1525 1524
f 7957 1524 1523
f 1481 1480 7925
f 7925 1480 1530
f 7925 1530 7926
f 7926 1530 1529
f 7926 1529 7928
f 7928 1529 1528
f 7928 1528 1527
f 1487 1486 7922
f 7922 1486 1485
f 7922 1485 7920
f 7920 1485 1484
f 7920 1484 7925
f 7925 1484 1483
f 7925 1483 1481
f 7956 1490 7924
f 7924 1490 1489
f 7924 1489 7922
f 7922 1489 1488
f 7922 1488 1487
f 7955 1493 1492
f 7955 1492 7956
f 7956 1492 1491
f 7956 1491 1490
f 7919 1496 7954
f 7954 1496 1495
f 7954 1495 7955
f 7955 1495 1494
f 7955 1494 1493
f 7983 1498 7919
f 7919 1498 1497
f 7919 1497 1496
f 7982 1004 7983
f 7983 1004 1499
f 7983 1499 1498
f 1470 1469 7982
f 7982 1469 1002
f 7982 1002 1004
f 1470 7982 1472
f 1472 7982 7981
f 1472 7981 1473
f 1473 7981 1474
f 1474 7981 7980
f 1474 7980 1475
f 1475 7980 1476
f 1476 7980 7979
f 1476 7979 1477
f 1477 7979 7978
f 1477 7978 1478
f 1478 7978 1479
f 1479 7978 7953
f 1479 7953 1463
f 1463 7953 1462
f 1462 7953 7952
f 1462 7952 1460
f 1467 1466 7951
f 7951 1466 1465
f 7951 1465 7952
f 7952 1465 1464
f 7952 1464 1460
f 7951 7880 1467
f 1467 7880 7879
f 1467 7879 1468
f 1468 7879 7878
f 1468 7878 1457
f 1457 7878 1458
f 1458 7878 7916
f 1458 7916 1459
f 1459 7916 1453
f 1453 7916 7915
f 1453 7915 1454
f 7914 1446 7915
f 7915 1446 1455
f 7915 1455 1454
f 7912 1450 7913
f 7913 1450 1447
f 7913 1447 1446
f 1443 1452 7912
f 7912 1452 1451
f 7912 1451 1450
f 7912 7877 1443
f 1443 7877 7876
f 1443 7876 1444
f 1444 7876 1445
f 1445 7876 7875
f 1445 7875 1433
f 1433 7875 1434
f 1434 7875 7874
f 1434 7874 1435
f 1435 7874 1436
f 1436 7874 7873
f 1436 7873 1437
f 1437 7873 1438
f 1438 7873 7872
f 1438 7872 1439
f 1439 7872 7861
f 1439 7861 1440
f 1440 7861 1441
f 1441 7861 7860
f 1441 7860 1442
f 1442 7860 1421
f 1421 7860 7940
f 1421 7940 1422
f 1422 7940 1423
f 1423 7940 7939
f 1423 7939 1424
f 1424 7939 7938
f 1424 7938 1425
f 1425 7938 1426
f 1426 7938 7807
f 1426 7807 1427
f 1427 7807 1428
f 1428 7807 7806
f 1428 7806 1429
f 1429 7806 1430
f 1430 7806 7781
f 1430 7781 1431
f 1431 7781 1405
f 1405 7781 7779
f 1405 7779 1403
f 1403 7779 1401
f 1401 7779 7778
f 1401 7778 1406
f 1406 7778 1407
f 1407 7778 7805
f 1407 7805 1408
f 1408 7805 7804
f 1408 7804 1409
f 7803 1411 7804
f 7804 1411 1410
f 7804 1410 1409
f 1415 1414 7751
f 7751 1414 1413
f 7751 1413 7803
f 7803 1413 1412
f 7803 1412 1411
f 1415 7751 1416
f 1416 7751 7750
f 1416 7750 1417
f 1364 1363 7757
f 7757 1363 1419
f 7757 1419 7750
f 7750 1419 1418
f 7750 1418 1417
f 1711 7868 7867
f 1781 1780 7966
f 1778 1777 7967
f 1765 1811 7855
f 1827 8010 8005
f 1870 998 7748
f 7748 998 7749
f 1874 1873 7747
f 7747 1873 1872
f 7747 1872 7748
f 7748 1872 1871
f 7748 1871 1870
f 7783 1878 7784
f 1878 1877 7784
f 7784 1877 1876
f 7784 1876 7747
f 7747 1876 1875
f 7747 1875 1874
f 7811 1882 7782
f 1882 1881 7782
f 7782 1881 1880
f 7782 1880 7783
f 7783 1880 1879
f 7783 1879 1878
f 7810 985 7811
f 7811 985 1883
f 7811 1883 1882
f 7809 7835 1861
f 1861 1860 7809
f 7809 1860 1859
f 7809 1859 7810
f 7810 1859 986
f 7810 986 985
f 7780 7808 1865
f 1865 1864 7780
f 7780 1864 1863
f 7780 1863 7835
f 7835 1863 1862
f 7835 1862 1861
f 7871 7870 1869
f 1869 1868 7871
f 7871 1868 1867
f 7871 1867 7808
f 7808 1867 1866
f 7808 1866 1865
f 1854 1853 7869
f 7869 1853 1852
f 7869 1852 7870
f 7870 1852 1851
f 7870 1851 1869
f 7869 7950 1854
f 1854 7950 7949
f 1854 7949 1855
f 7948 1857 7949
f 7949 1857 1856
f 7949 1856 1855
f 1848 989 7947
f 7947 989 988
f 7947 988 7948
f 7948 988 1858
f 7948 1858 1857
f 7947 7946 1848
f 1848 7946 7859
f 1848 7859 1849
f 7858 7945 1845
f 1845 1844 7858
f 7858 1844 1843
f 7858 1843 7859
f 7859 1843 1841
f 7859 1841 1849
f 1836 1837 7944
f 7944 1837 1847
f 7944 1847 7945
f 7945 1847 1846
f 7945 1846 1845
f 7944 7941 1836
f 1836 7941 7942
f 1836 7942 1834
f 1831 1840 7943
f 7943 1840 1839
f 7943 1839 7942
f 7942 1839 1838
f 7942 1838 1834
f 7943 7992 1831
f 1831 7992 7991
f 1831 7991 1832
f 8010 1827 7990
f 1827 1826 7990
f 7990 1826 1825
f 7990 1825 7991
f 7991 1825 1833
f 7991 1833 1832
f 8004 991 8005
f 8005 991 1830
f 1830 1829 8005
f 8005 1829 1828
f 8005 1828 1827
f 1818 1817 8002
f 8002 1817 1816
f 8002 1816 8004
f 8004 1816 992
f 8004 992 991
f 8002 8000 1818
f 1818 8000 7998
f 1818 7998 1819
f 7996 7994 1823
f 1823 1822 7996
f 7996 1822 1821
f 7996 1821 7998
f 7998 1821 1820
f 7998 1820 1819
f 7976 1795 7993
f 7993 1795 1797
f 1797 1812 7993
f 7993 1812 1814
f 7993 1814 7994
f 7994 1814 1815
f 7994 1815 1823
f 7974 7973 1800
f 1800 1799 7974
f 7974 1799 1798
f 7974 1798 7976
f 7976 1798 1796
f 7976 1796 1795
f 1804 7908 1805
f 1805 7908 7910
f 1805 7910 1806
f 1804 1803 7908
f 7908 1803 1802
f 7908 1802 7973
f 7973 1802 1801
f 7973 1801 1800
f 7937 1807 7910
f 7910 1807 1806
f 7855 1811 7856
f 1811 1810 7856
f 7856 1810 1809
f 7856 1809 7937
f 7937 1809 1808
f 7937 1808 1807
f 7972 1768 7855
f 7855 1768 1766
f 7855 1766 1765
f 1771 7971 1772
f 1772 7971 7970
f 1772 7970 1773
f 1771 1770 7971
f 7971 1770 7972
f 7972 1770 1769
f 7972 1769 1768
f 7967 1777 7969
f 1777 1776 7969
f 7969 1776 1775
f 7969 1775 7970
f 7970 1775 1774
f 7970 1774 1773
f 7966 1780 7967
f 7967 1780 1779
f 7967 1779 1778
f 1781 7966 1782
f 1782 7966 7798
f 1782 7798 1783
f 1788 1787 7802
f 7802 1787 1786
f 7802 1786 7800
f 7800 1786 1785
f 7800 1785 7798
f 7798 1785 1784
f 7798 1784 1783
f 1788 7802 1789
f 1789 7802 7854
f 1789 7854 1790
f 1790 7854 1791
f 1791 7854 7853
f 1791 7853 1792
f 1757 1760 7852
f 7852 1760 1794
f 7852 1794 7853
f 7853 1794 1793
f 7853 1793 1792
f 1732 1764 7832
f 7832 1764 1762
f 7832 1762 7834
f 7834 1762 1761
f 7834 1761 7852
f 7852 1761 1758
f 7852 1758 1757
f 1738 1737 7770
f 7770 1737 1736
f 7770 1736 7831
f 7831 1736 1735
f 7831 1735 7832
f 7832 1735 1733
f 7832 1733 1732
f 7753 1741 7769
f 7769 1741 1740
f 7769 1740 7770
f 7770 1740 1739
f 7770 1739 1738
f 7752 1743 7753
f 7753 1743 1742
f 7753 1742 1741
f 7851 1745 7752
f 7752 1745 1744
f 7752 1744 1743
f 1748 1747 7851
f 7851 1747 1746
f 7851 1746 1745
f 1748 7851 1749
f 1749 7851 7850
f 1749 7850 1750
f 1750 7850 7849
f 1750 7849 1751
f 1751 7849 1752
f 1752 7849 7797
f 1752 7797 1753
f 1753 7797 1754
f 1754 7797 7796
f 1754 7796 1755
f 1755 7796 1756
f 1756 7796 7795
f 1756 7795 1721
f 1721 7795 1722
f 1722 7795 7777
f 1722 7777 1724
f 1724 7777 1725
f 1725 7777 7776
f 1725 7776 1726
f 1726 7776 1727
f 1727 7776 7830
f 1727 7830 1728
f 1728 7830 1729
f 1729 7830 7829
f 1729 7829 1730
f 1730 7829 1731
f 1731 7829 7828
f 1731 7828 994
f 994 7828 995
f 995 7828 7848
f 995 7848 1713
f 1718 1717 7847
f 7847 1717 1716
f 7847 1716 7848
f 7848 1716 1714
f 7848 1714 1713
f 7847 7846 1718
f 1718 7846 7845
f 1718 7845 1719
f 1719 7845 1720
f 1720 7845 7844
f 1720 7844 1706
f 1706 7844 1707
f 1707 7844 7843
f 1707 7843 1709
f 7868 1711 7843
f 7843 1711 1710
f 7843 1710 1709
f 7866 1703 7867
f 7867 1703 1712
f 7867 1712 1711
f 1696 1705 7866
f 7866 1705 1704
f 7866 1704 1703
f 7866 7794 1696
f 1696 7794 7793
f 1696 7793 1697
f 1697 7793 1699
f 1699 7793 7792
f 1699 7792 1700
f 1700 7792 1694
f 1694 7792 7827
f 1694 7827 1695
f 1695 7827 7826
f 1695 7826 1701
f 1701 7826 1702
f 1702 7826 7825
f 1702 7825 1687
f 1687 7825 1685
f 1685 7825 7824
f 1685 7824 1683
f 1683 7824 7823
f 1683 7823 1688
f 1688 7823 1689
f 1689 7823 7822
f 1689 7822 1690
f 1690 7822 1691
f 1691 7822 7821
f 1691 7821 1692
f 1692 7821 1693
f 1693 7821 7820
f 1693 7820 1678
f 1678 7820 7791
f 1678 7791 1679
f 1679 7791 1681
f 1681 7791 7790
f 1681 7790 1682
f 1682 7790 1668
f 1668 7790 7789
f 1668 7789 1669
f 1669 7789 1670
f 1670 7789 7774
f 1670 7774 1671
f 7773 1673 7774
f 7774 1673 1672
f 7774 1672 1671
f 7772 1675 7773
f 7773 1675 1674
f 7773 1674 1673
f 1631 1630 7759
f 7759 1630 1677
f 7759 1677 7772
f 7772 1677 1676
f 7772 1676 1675
f 1631 7759 1634
f 1634 7759 7758
f 1634 7758 1635
f 1635 7758 1636
f 1636 7758 7768
f 1636 7768 1637
f 1641 1640 7767
f 7767 1640 1639
f 7767 1639 7768
f 7768 1639 1638
f 7768 1638 1637
f 1641 7767 1642
f 1642 7767 7766
f 1642 7766 1643
f 7765 1644 7766
f 7766 1644 1643
f 7764 1649 1648
f 1648 1647 7764
f 7764 1647 1646
f 7764 1646 7765
f 7765 1646 1645
f 7765 1645 1644
f 1649 7764 1650
f 1650 7764 7763
f 1650 7763 1651
f 1656 1655 7762
f 7762 1655 1653
f 7762 1653 7763
f 7763 1653 1652
f 7763 1652 1651
f 7761 1660 7762
f 7762 1660 1659
f 1659 1658 7762
f 7762 1658 1657
f 7762 1657 1656
f 1664 1663 7746
f 7746 1663 1662
f 7746 1662 7761
f 7761 1662 1661
f 7761 1661 1660
f 1664 7746 1665
f 1665 7746 7745
f 1665 7745 1666
f 998 997 7749
f 7749 997 1654
f 7749 1654 7745
f 7745 1654 1667
f 7745 1667 1666
f 8199 8200 8201
f 8202 8203 236
f 236 8203 8204
f 236 8204 241
f 8205 8206 8207
f 8207 8206 8208
f 8207 8208 8202
f 8202 8208 8209
f 8202 8209 8203
f 8210 8211 8212
f 8212 8211 8213
f 8212 8213 8205
f 8205 8213 8214
f 8205 8214 8206
f 8201 8200 8215
f 8215 8200 8216
f 8215 8216 8217
f 8216 8218 8217
f 8217 8218 8219
f 8217 8219 8220
f 8220 8219 8221
f 8220 8221 8210
f 8210 8221 8222
f 8210 8222 8211
f 8199 8201 8223
f 8223 8201 8224
f 8223 8224 8225
f 8226 8171 8170
f 8170 8227 8226
f 8226 8227 8228
f 8226 8228 8225
f 8225 8228 8229
f 8225 8229 8223
f 8187 8185 8230
f 8230 8185 8231
f 8232 8233 8234
f 8234 8233 8235
f 8234 8235 8236
f 8236 8235 8237
f 8236 8237 8238
f 8238 8237 8239
f 8238 8239 8231
f 8231 8239 8240
f 8231 8240 8230
f 8241 8242 8243
f 8243 8242 8244
f 8232 8234 8241
f 8241 8234 8245
f 8241 8245 8242
f 8246 8247 8248
f 8248 8247 8249
f 8244 8242 8249
f 8249 8242 8250
f 8249 8250 8248
f 8251 8252 8253
f 8253 8252 8254
f 8246 8248 8254
f 8254 8248 8255
f 8254 8255 8253
f 8256 8257 8258
f 8258 8257 8259
f 8251 8253 8259
f 8259 8253 8260
f 8259 8260 8258
f 8256 8258 8261
f 8261 8258 281
f 8261 281 289
f 6867 8262 8263
f 6904 6913 8264
f 6925 6924 8265
f 9 8266 6945
f 6945 8266 8267
f 6945 8267 6946
f 6946 8267 8268
f 6946 8268 6942
f 6935 6938 8269
f 8269 6938 6940
f 8270 6934 8271
f 8271 6934 6933
f 8271 6933 6937
f 6855 6854 8272
f 8272 6854 6929
f 8272 6929 8270
f 8270 6929 6931
f 8270 6931 6934
f 8273 6928 8274
f 8274 6928 6927
f 8265 6924 8273
f 8273 6924 6923
f 8273 6923 6928
f 8275 6919 8265
f 8265 6919 6921
f 8265 6921 6925
f 6918 6917 8276
f 8276 6917 6915
f 8276 6915 8275
f 8275 6915 6914
f 8275 6914 6919
f 8264 6913 8277
f 8277 6913 6912
f 8277 6912 6910
f 6902 6901 8278
f 8278 6901 6908
f 8278 6908 8279
f 8279 6908 6907
f 8279 6907 8264
f 8264 6907 6905
f 8264 6905 6904
f 6902 8278 6903
f 6903 8278 8280
f 6903 8280 6897
f 8281 6899 8280
f 8280 6899 6898
f 8280 6898 6897
f 8282 6894 8281
f 8281 6894 6893
f 8281 6893 6899
f 6889 6891 8283
f 8283 6891 6895
f 8283 6895 8284
f 8285 6885 8283
f 8283 6885 6884
f 8283 6884 6889
f 6880 6879 8286
f 8286 6879 6888
f 8286 6888 8285
f 8285 6888 6887
f 8285 6887 6885
f 6880 8286 6882
f 6882 8286 8287
f 6882 8287 6883
f 8288 6875 8287
f 8287 6875 6874
f 8287 6874 6883
f 8289 8290 6877
f 6877 8290 6878
f 6867 6866 8262
f 8262 6866 6871
f 8262 6871 8290
f 8290 6871 6873
f 8290 6873 6878
f 8291 6865 8292
f 8292 6865 6870
f 8292 6870 6869
f 8293 6857 8291
f 8291 6857 6863
f 8291 6863 6865
f 8294 6862 8295
f 8295 6862 6860
f 8295 6860 6858
f 8296 8297 44
f 8298 8299 2822
f 8300 8301 8302
f 8302 8301 68
f 8302 68 53
f 8303 8304 8305
f 9 7 8266
f 8266 7 25
f 8266 25 8306
f 8306 25 24
f 8306 24 8307
f 8307 24 30
f 8307 30 8308
f 8308 30 29
f 8308 29 8309
f 8309 29 27
f 8309 27 8310
f 8310 27 35
f 8310 35 8311
f 8311 35 34
f 8311 34 8312
f 8312 34 32
f 8312 32 8313
f 8313 32 38
f 8313 38 8314
f 8314 38 37
f 8314 37 8315
f 8315 37 41
f 8315 41 8316
f 8316 41 40
f 8316 40 8317
f 8317 40 58
f 8317 58 8318
f 8318 58 57
f 8318 57 8319
f 8319 57 61
f 8319 61 8320
f 8320 61 60
f 8320 60 8321
f 8321 60 64
f 8321 64 8322
f 8322 64 63
f 8322 63 8323
f 8323 63 67
f 8323 67 8324
f 8324 67 66
f 8324 66 8325
f 8325 66 65
f 8325 65 8326
f 8326 65 48
f 8326 48 8327
f 8327 48 46
f 8327 46 8328
f 8328 46 45
f 8328 45 8329
f 6940 6943 8269
f 8269 6943 6942
f 8269 6942 8330
f 8330 6942 8268
f 8330 8268 8331
f 8331 8268 8267
f 8331 8267 8332
f 8332 8267 8266
f 8332 8266 8333
f 8333 8266 8306
f 8333 8306 8334
f 8334 8306 8307
f 8334 8307 8335
f 8335 8307 8308
f 8335 8308 8336
f 8336 8308 8309
f 8336 8309 8337
f 8337 8309 8310
f 8337 8310 8338
f 8338 8310 8311
f 8338 8311 8339
f 8339 8311 8312
f 8339 8312 8340
f 8340 8312 8313
f 8340 8313 8341
f 8341 8313 8314
f 8341 8314 8342
f 8342 8314 8315
f 8342 8315 8343
f 8343 8315 8316
f 8343 8316 8344
f 8344 8316 8317
f 8344 8317 8345
f 8345 8317 8318
f 8345 8318 8346
f 8346 8318 8319
f 8346 8319 8347
f 8347 8319 8320
f 8347 8320 8348
f 8348 8320 8321
f 8348 8321 8349
f 8349 8321 8322
f 8349 8322 8350
f 8350 8322 8323
f 8350 8323 8351
f 8351 8323 8324
f 8351 8324 8352
f 8352 8324 8325
f 8352 8325 8353
f 8353 8325 8326
f 8353 8326 8354
f 8354 8326 8327
f 8354 8327 8355
f 8355 8327 8328
f 8355 8328 8356
f 8356 8328 8329
f 6937 6936 8271
f 8271 6936 6935
f 8271 6935 8357
f 8357 6935 8269
f 8357 8269 8358
f 8358 8269 8330
f 8358 8330 8359
f 8359 8330 8331
f 8359 8331 8360
f 8360 8331 8332
f 8360 8332 8361
f 8361 8332 8333
f 8361 8333 8362
f 8362 8333 8334
f 8362 8334 8363
f 8363 8334 8335
f 8363 8335 8364
f 8364 8335 8336
f 8364 8336 8365
f 8365 8336 8337
f 8365 8337 8366
f 8366 8337 8338
f 8366 8338 8367
f 8367 8338 8339
f 8367 8339 8368
f 8368 8339 8340
f 8368 8340 8369
f 8369 8340 8341
f 8369 8341 8370
f 8370 8341 8342
f 8370 8342 8371
f 8371 8342 8343
f 8371 8343 8372
f 8372 8343 8344
f 8372 8344 8373
f 8373 8344 8345
f 8373 8345 8374
f 8374 8345 8346
f 8374 8346 8375
f 8375 8346 8347
f 8375 8347 8376
f 8376 8347 8348
f 8376 8348 8377
f 8377 8348 8349
f 8377 8349 8378
f 8378 8349 8350
f 8378 8350 8379
f 8379 8350 8351
f 8379 8351 8380
f 8380 8351 8352
f 8380 8352 8381
f 8381 8352 8353
f 8381 8353 8382
f 8382 8353 8354
f 8382 8354 8383
f 8383 8354 8355
f 8383 8355 8305
f 8305 8355 8356
f 8305 8356 8303
f 8303 8356 8329
f 6927 6926 8274
f 8274 6926 6855
f 8274 6855 8384
f 8384 6855 8272
f 8384 8272 8385
f 8385 8272 8270
f 8385 8270 8386
f 8386 8270 8271
f 8386 8271 8387
f 8387 8271 8357
f 8387 8357 8388
f 8388 8357 8358
f 8388 8358 8389
f 8389 8358 8359
f 8389 8359 8390
f 8390 8359 8360
f 8390 8360 8391
f 8391 8360 8361
f 8391 8361 8392
f 8392 8361 8362
f 8392 8362 8393
f 8393 8362 8363
f 8393 8363 8394
f 8394 8363 8364
f 8394 8364 8395
f 8395 8364 8365
f 8395 8365 8396
f 8396 8365 8366
f 8396 8366 8397
f 8397 8366 8367
f 8397 8367 8398
f 8398 8367 8368
f 8398 8368 8399
f 8399 8368 8369
f 8399 8369 8400
f 8400 8369 8370
f 8400 8370 8401
f 8401 8370 8371
f 8401 8371 8402
f 8402 8371 8372
f 8402 8372 8403
f 8403 8372 8373
f 8403 8373 8404
f 8404 8373 8374
f 8404 8374 8405
f 8405 8374 8375
f 8405 8375 8406
f 8406 8375 8376
f 8406 8376 8407
f 8407 8376 8377
f 8407 8377 8408
f 8408 8377 8378
f 8408 8378 8409
f 8409 8378 8379
f 8409 8379 8410
f 8410 8379 8380
f 8410 8380 8411
f 8411 8380 8381
f 8411 8381 8412
f 8412 8381 8382
f 8412 8382 8413
f 8413 8382 8383
f 8413 8383 8414
f 8414 8383 8305
f 8414 8305 8415
f 8415 8305 8304
f 8415 8304 8300
f 8300 8304 8303
f 8300 8303 8301
f 8301 8303 8329
f 8301 8329 68
f 68 8329 45
f 6910 6909 8277
f 8277 6909 6918
f 8277 6918 8416
f 8416 6918 8276
f 8416 8276 8417
f 8417 8276 8275
f 8417 8275 8418
f 8418 8275 8265
f 8418 8265 8419
f 8419 8265 8273
f 8419 8273 8420
f 8420 8273 8274
f 8420 8274 8421
f 8421 8274 8384
f 8421 8384 8422
f 8422 8384 8385
f 8422 8385 8423
f 8423 8385 8386
f 8423 8386 8424
f 8424 8386 8387
f 8424 8387 8425
f 8425 8387 8388
f 8425 8388 8426
f 8426 8388 8389
f 8426 8389 8427
f 8427 8389 8390
f 8427 8390 8428
f 8428 8390 8391
f 8428 8391 8429
f 8429 8391 8392
f 8429 8392 8430
f 8430 8392 8393
f 8430 8393 8431
f 8431 8393 8394
f 8431 8394 8432
f 8432 8394 8395
f 8432 8395 8433
f 8433 8395 8396
f 8433 8396 8434
f 8434 8396 8397
f 8434 8397 8435
f 8435 8397 8398
f 8435 8398 8436
f 8436 8398 8399
f 8436 8399 8437
f 8437 8399 8400
f 8437 8400 8438
f 8438 8400 8401
f 8438 8401 8439
f 8439 8401 8402
f 8439 8402 8440
f 8440 8402 8403
f 8440 8403 8441
f 8441 8403 8404
f 8441 8404 8442
f 8442 8404 8405
f 8442 8405 8443
f 8443 8405 8406
f 8443 8406 8444
f 8444 8406 8407
f 8444 8407 8445
f 8445 8407 8408
f 8445 8408 8446
f 8446 8408 8409
f 8446 8409 8447
f 8447 8409 8410
f 8447 8410 8448
f 8448 8410 8411
f 8448 8411 8449
f 8449 8411 8412
f 8449 8412 8450
f 8450 8412 8413
f 8450 8413 8451
f 8451 8413 8414
f 8451 8414 8452
f 8452 8414 8415
f 2822 1919 8298
f 8298 1919 1102
f 8298 1102 8453
f 8453 1102 1100
f 8453 1100 8454
f 8454 1100 1099
f 8454 1099 8455
f 8455 1099 1935
f 8455 1935 8456
f 8456 1935 2899
f 8456 2899 8457
f 8457 2899 2898
f 8457 2898 8458
f 8458 2898 2897
f 8458 2897 8459
f 8459 2897 1106
f 8459 1106 8460
f 8460 1106 1104
f 8460 1104 8461
f 8461 1104 1111
f 8461 1111 8462
f 8462 1111 1110
f 8462 1110 8463
f 8463 1110 1108
f 8463 1108 8464
f 8464 1108 1107
f 8464 1107 8465
f 8465 1107 1115
f 8465 1115 8466
f 8466 1115 1113
f 8466 1113 8467
f 8467 1113 1112
f 8467 1112 8468
f 8468 1112 1119
f 8468 1119 8469
f 8469 1119 1117
f 8469 1117 8470
f 8470 1117 1116
f 8470 1116 8471
f 8471 1116 2004
f 8471 2004 8472
f 8472 2004 2005
f 8472 2005 8473
f 8473 2005 1126
f 8473 1126 8474
f 8474 1126 1125
f 8474 1125 8475
f 8475 1125 1123
f 8475 1123 8476
f 8476 1123 1984
f 8476 1984 8477
f 8477 1984 1991
f 8477 1991 8478
f 8478 1991 1129
f 8478 1129 8479
f 8479 1129 1128
f 8479 1128 8480
f 8480 1128 1130
f 8480 1130 8481
f 8481 1130 1132
f 8481 1132 8482
f 8482 1132 1134
f 8482 1134 8483
f 8483 1134 1137
f 8483 1137 8484
f 8484 1137 1138
f 8484 1138 8485
f 8485 1138 1140
f 8485 1140 8486
f 8486 1140 1144
f 8486 1144 8487
f 8487 1144 1142
f 8487 1142 8488
f 8488 1142 1148
f 8488 1148 8489
f 8489 1148 1147
f 8489 1147 8490
f 8490 1147 1151
f 8490 1151 8491
f 8491 1151 1150
f 8491 1150 8492
f 8492 1150 1156
f 8492 1156 8493
f 8493 1156 1155
f 8493 1155 8494
f 8494 1155 1153
f 8494 1153 8495
f 8495 1153 1055
f 8495 1055 8496
f 8496 1055 2027
f 8496 2027 8497
f 8497 2027 2026
f 8497 2026 8498
f 8498 2026 1052
f 8498 1052 8499
f 8499 1052 1054
f 8499 1054 8500
f 8500 1054 2025
f 8500 2025 8501
f 8501 2025 1050
f 8501 1050 8502
f 8502 1050 1051
f 8502 1051 8503
f 8503 1051 1049
f 8503 1049 8504
f 8504 1049 1048
f 8504 1048 8505
f 8505 1048 2243
f 8505 2243 8506
f 8506 2243 1157
f 8506 1157 8507
f 8507 1157 1045
f 8507 1045 8508
f 8508 1045 1044
f 8508 1044 8509
f 8509 1044 1043
f 8509 1043 8510
f 8510 1043 1041
f 8510 1041 8511
f 8511 1041 1040
f 8511 1040 8512
f 8512 1040 2057
f 8512 2057 8513
f 8513 2057 1038
f 8513 1038 8514
f 8514 1038 2095
f 8514 2095 8515
f 8515 2095 2094
f 8515 2094 8516
f 8516 2094 1167
f 8516 1167 8517
f 8517 1167 1160
f 8517 1160 8518
f 1160 1162 8518
f 8518 1162 1163
f 8518 1163 8519
f 8519 1163 1164
f 8519 1164 8520
f 8520 1164 1036
f 8520 1036 8521
f 8521 1036 1035
f 8521 1035 8522
f 8522 1035 2093
f 8522 2093 8523
f 8523 2093 2098
f 8523 2098 8524
f 8524 2098 2097
f 8524 2097 8525
f 8525 2097 2096
f 8525 2096 8526
f 8526 2096 2112
f 8526 2112 8527
f 8527 2112 2111
f 8527 2111 8528
f 8528 2111 2146
f 8528 2146 8529
f 8529 2146 2136
f 8529 2136 8530
f 8530 2136 1170
f 8530 1170 8531
f 8531 8532 8530
f 8530 8532 8533
f 8530 8533 8529
f 8529 8533 8534
f 8529 8534 8528
f 8528 8534 8535
f 8528 8535 8527
f 8527 8535 8536
f 8527 8536 8526
f 8526 8536 8537
f 8526 8537 8525
f 8525 8537 8538
f 8525 8538 8524
f 8524 8538 8539
f 8524 8539 8523
f 8523 8539 8540
f 8523 8540 8522
f 8522 8540 8541
f 8522 8541 8521
f 8521 8541 8542
f 8521 8542 8520
f 8520 8542 8543
f 8520 8543 8519
f 8519 8543 8544
f 8519 8544 8518
f 8518 8544 8545
f 8518 8545 8517
f 8517 8545 8546
f 8517 8546 8516
f 8516 8546 8547
f 8516 8547 8515
f 8515 8547 8548
f 8515 8548 8514
f 8514 8548 8549
f 8514 8549 8513
f 8513 8549 8550
f 8513 8550 8512
f 8512 8550 8551
f 8512 8551 8511
f 8511 8551 8552
f 8511 8552 8510
f 8510 8552 8553
f 8510 8553 8509
f 8509 8553 8554
f 8509 8554 8508
f 8508 8554 8555
f 8508 8555 8507
f 8507 8555 8556
f 8507 8556 8506
f 8506 8556 8557
f 8506 8557 8505
f 8505 8557 8558
f 8505 8558 8504
f 8504 8558 8559
f 8504 8559 8503
f 8503 8559 8560
f 8503 8560 8502
f 8502 8560 8561
f 8502 8561 8501
f 8501 8561 8562
f 8501 8562 8500
f 8500 8562 8563
f 8500 8563 8499
f 8499 8563 8564
f 8499 8564 8498
f 8498 8564 8565
f 8498 8565 8497
f 8497 8565 8566
f 8497 8566 8496
f 8496 8566 8567
f 8496 8567 8495
f 8495 8567 8568
f 8495 8568 8494
f 8494 8568 8569
f 8494 8569 8493
f 8493 8569 8570
f 8493 8570 8492
f 8492 8570 8571
f 8492 8571 8491
f 8491 8571 8572
f 8491 8572 8490
f 8490 8572 8573
f 8490 8573 8489
f 8489 8573 8574
f 8489 8574 8488
f 8488 8574 8575
f 8488 8575 8487
f 8487 8575 8576
f 8487 8576 8486
f 8486 8576 8577
f 8486 8577 8485
f 8485 8577 8578
f 8485 8578 8484
f 8484 8578 8579
f 8484 8579 8483
f 8483 8579 8580
f 8483 8580 8482
f 8482 8580 8581
f 8482 8581 8481
f 8481 8581 8582
f 8481 8582 8480
f 8480 8582 8583
f 8480 8583 8479
f 8479 8583 8584
f 8479 8584 8478
f 8478 8584 8585
f 8478 8585 8477
f 8477 8585 8586
f 8477 8586 8476
f 8476 8586 8587
f 8476 8587 8475
f 8475 8587 8588
f 8475 8588 8474
f 8474 8588 8589
f 8474 8589 8473
f 8473 8589 8590
f 8473 8590 8472
f 8472 8590 8591
f 8472 8591 8471
f 8471 8591 8592
f 8471 8592 8470
f 8470 8592 8593
f 8470 8593 8469
f 8469 8593 8594
f 8469 8594 8468
f 8468 8594 8595
f 8468 8595 8467
f 8467 8595 8596
f 8467 8596 8466
f 8466 8596 8597
f 8466 8597 8465
f 8465 8597 8598
f 8465 8598 8464
f 8464 8598 8599
f 8464 8599 8463
f 8463 8599 8600
f 8463 8600 8462
f 8462 8600 8601
f 8462 8601 8461
f 8461 8601 8602
f 8461 8602 8460
f 8460 8602 8603
f 8460 8603 8459
f 8459 8603 8604
f 8459 8604 8458
f 8458 8604 8605
f 8458 8605 8457
f 8457 8605 8606
f 8457 8606 8456
f 8456 8606 8607
f 8456 8607 8455
f 8455 8607 8608
f 8455 8608 8454
f 8454 8608 8609
f 8454 8609 8453
f 8453 8609 8610
f 8453 8610 8298
f 8298 8610 8611
f 8298 8611 8299
f 8299 8611 8612
f 8532 8613 8533
f 8533 8613 8614
f 8533 8614 8534
f 8534 8614 8615
f 8534 8615 8535
f 8535 8615 8616
f 8535 8616 8536
f 8536 8616 8617
f 8536 8617 8537
f 8537 8617 8618
f 8537 8618 8538
f 8538 8618 8619
f 8538 8619 8539
f 8539 8619 8620
f 8539 8620 8540
f 8540 8620 8621
f 8540 8621 8541
f 8541 8621 8622
f 8541 8622 8542
f 8542 8622 8623
f 8542 8623 8543
f 8543 8623 8624
f 8543 8624 8544
f 8544 8624 8625
f 8544 8625 8545
f 8545 8625 8626
f 8545 8626 8546
f 8546 8626 8627
f 8546 8627 8547
f 8547 8627 8628
f 8547 8628 8548
f 8548 8628 8629
f 8548 8629 8549
f 8549 8629 8630
f 8549 8630 8550
f 8550 8630 8631
f 8550 8631 8551
f 8551 8631 8632
f 8551 8632 8552
f 8552 8632 8633
f 8552 8633 8553
f 8553 8633 8634
f 8553 8634 8554
f 8554 8634 8635
f 8554 8635 8555
f 8555 8635 8636
f 8555 8636 8556
f 8556 8636 8637
f 8556 8637 8557
f 8557 8637 8638
f 8557 8638 8558
f 8558 8638 8639
f 8558 8639 8559
f 8559 8639 8640
f 8559 8640 8560
f 8560 8640 8641
f 8560 8641 8561
f 8561 8641 8642
f 8561 8642 8562
f 8562 8642 8643
f 8562 8643 8563
f 8563 8643 8644
f 8563 8644 8564
f 8564 8644 8645
f 8564 8645 8565
f 8565 8645 8646
f 8565 8646 8566
f 8566 8646 8647
f 8566 8647 8567
f 8567 8647 8648
f 8567 8648 8568
f 8568 8648 8649
f 8568 8649 8569
f 8569 8649 8650
f 8569 8650 8570
f 8570 8650 8651
f 8570 8651 8571
f 8571 8651 8652
f 8571 8652 8572
f 8572 8652 8653
f 8572 8653 8573
f 8573 8653 8654
f 8573 8654 8574
f 8574 8654 8655
f 8574 8655 8575
f 8575 8655 8656
f 8575 8656 8576
f 8576 8656 8657
f 8576 8657 8577
f 8577 8657 8658
f 8577 8658 8578
f 8578 8658 8659
f 8578 8659 8579
f 8579 8659 8660
f 8579 8660 8580
f 8580 8660 8661
f 8580 8661 8581
f 8581 8661 8662
f 8581 8662 8582
f 8582 8662 8663
f 8582 8663 8583
f 8583 8663 8664
f 8583 8664 8584
f 8584 8664 8665
f 8584 8665 8585
f 8585 8665 8666
f 8585 8666 8586
f 8586 8666 8667
f 8586 8667 8587
f 8587 8667 8668
f 8587 8668 8588
f 8588 8668 8669
f 8588 8669 8589
f 8589 8669 8670
f 8589 8670 8590
f 8590 8670 8671
f 8590 8671 8591
f 8591 8671 8672
f 8591 8672 8592
f 8592 8672 8673
f 8592 8673 8593
f 8593 8673 8674
f 8593 8674 8594
f 8594 8674 8675
f 8594 8675 8595
f 8595 8675 8676
f 8595 8676 8596
f 8596 8676 8677
f 8596 8677 8597
f 8597 8677 8678
f 8597 8678 8598
f 8598 8678 8679
f 8598 8679 8599
f 8599 8679 8680
f 8599 8680 8600
f 8600 8680 8681
f 8600 8681 8601
f 8601 8681 8682
f 8601 8682 8602
f 8602 8682 8683
f 8602 8683 8603
f 8603 8683 8684
f 8603 8684 8604
f 8604 8684 8685
f 8604 8685 8605
f 8605 8685 8686
f 8605 8686 8606
f 8606 8686 8687
f 8606 8687 8607
f 8607 8687 8688
f 8607 8688 8608
f 8608 8688 8689
f 8608 8689 8609
f 8609 8689 8690
f 8609 8690 8610
f 8610 8690 8691
f 8610 8691 8611
f 8611 8691 8692
f 8611 8692 8612
f 8612 8692 8693
f 8613 8694 8614
f 8614 8694 8695
f 8614 8695 8615
f 8615 8695 8696
f 8615 8696 8616
f 8616 8696 8697
f 8616 8697 8617
f 8617 8697 8698
f 8617 8698 8618
f 8618 8698 8699
f 8618 8699 8619
f 8619 8699 8700
f 8619 8700 8620
f 8620 8700 8701
f 8620 8701 8621
f 8621 8701 8702
f 8621 8702 8622
f 8622 8702 8703
f 8622 8703 8623
f 8623 8703 8704
f 8623 8704 8624
f 8624 8704 8705
f 8624 8705 8625
f 8625 8705 8706
f 8625 8706 8626
f 8626 8706 8707
f 8626 8707 8627
f 8627 8707 8708
f 8627 8708 8628
f 8628 8708 8709
f 8628 8709 8629
f 8629 8709 8710
f 8629 8710 8630
f 8630 8710 8711
f 8630 8711 8631
f 8631 8711 8712
f 8631 8712 8632
f 8632 8712 8713
f 8632 8713 8633
f 8633 8713 8714
f 8633 8714 8634
f 8634 8714 8715
f 8634 8715 8635
f 8635 8715 8716
f 8635 8716 8636
f 8636 8716 8717
f 8636 8717 8637
f 8637 8717 8718
f 8637 8718 8638
f 8638 8718 8719
f 8638 8719 8639
f 8639 8719 8720
f 8639 8720 8640
f 8640 8720 8721
f 8640 8721 8641
f 8641 8721 8722
f 8641 8722 8642
f 8642 8722 8723
f 8642 8723 8643
f 8643 8723 8724
f 8643 8724 8644
f 8644 8724 8725
f 8644 8725 8645
f 8645 8725 8726
f 8645 8726 8646
f 8646 8726 8727
f 8646 8727 8647
f 8647 8727 8728
f 8647 8728 8648
f 8648 8728 8729
f 8648 8729 8649
f 8649 8729 8730
f 8649 8730 8650
f 8650 8730 8282
f 8650 8282 8651
f 8651 8282 8281
f 8651 8281 8652
f 8652 8281 8280
f 8652 8280 8653
f 8653 8280 8278
f 8653 8278 8654
f 8654 8278 8279
f 8654 8279 8655
f 8655 8279 8264
f 8655 8264 8656
f 8656 8264 8277
f 8656 8277 8657
f 8657 8277 8416
f 8657 8416 8658
f 8658 8416 8417
f 8658 8417 8659
f 8659 8417 8418
f 8659 8418 8660
f 8660 8418 8419
f 8660 8419 8661
f 8661 8419 8420
f 8661 8420 8662
f 8662 8420 8421
f 8662 8421 8663
f 8663 8421 8422
f 8663 8422 8664
f 8664 8422 8423
f 8664 8423 8665
f 8665 8423 8424
f 8665 8424 8666
f 8666 8424 8425
f 8666 8425 8667
f 8667 8425 8426
f 8667 8426 8668
f 8668 8426 8427
f 8668 8427 8669
f 8669 8427 8428
f 8669 8428 8670
f 8670 8428 8429
f 8670 8429 8671
f 8671 8429 8430
f 8671 8430 8672
f 8672 8430 8431
f 8672 8431 8673
f 8673 8431 8432
f 8673 8432 8674
f 8674 8432 8433
f 8674 8433 8675
f 8675 8433 8434
f 8675 8434 8676
f 8676 8434 8435
f 8676 8435 8677
f 8677 8435 8436
f 8677 8436 8678
f 8678 8436 8437
f 8678 8437 8679
f 8679 8437 8438
f 8679 8438 8680
f 8680 8438 8439
f 8680 8439 8681
f 8681 8439 8440
f 8681 8440 8682
f 8682 8440 8441
f 8682 8441 8683
f 8683 8441 8442
f 8683 8442 8684
f 8684 8442 8443
f 8684 8443 8685
f 8685 8443 8444
f 8685 8444 8686
f 8686 8444 8445
f 8686 8445 8687
f 8687 8445 8446
f 8687 8446 8688
f 8688 8446 8447
f 8688 8447 8689
f 8689 8447 8448
f 8689 8448 8690
f 8690 8448 8449
f 8690 8449 8691
f 8691 8449 8450
f 8691 8450 8692
f 8692 8450 8451
f 8692 8451 8693
f 8693 8451 8452
f 6895 6894 8284
f 8284 6894 8282
f 8284 8282 8283
f 8283 8282 8730
f 8283 8730 8285
f 8285 8730 8729
f 8285 8729 8286
f 8286 8729 8728
f 8286 8728 8287
f 8287 8728 8727
f 8287 8727 8288
f 8288 8727 8726
f 8288 8726 8731
f 8731 8726 8725
f 8731 8725 8732
f 8732 8725 8724
f 8732 8724 8733
f 8733 8724 8723
f 8733 8723 8734
f 8734 8723 8722
f 8734 8722 8735
f 8735 8722 8721
f 8735 8721 8736
f 8736 8721 8720
f 8736 8720 8737
f 8737 8720 8719
f 8737 8719 8738
f 8738 8719 8718
f 8738 8718 8739
f 8739 8718 8717
f 8739 8717 8740
f 8740 8717 8716
f 8740 8716 8741
f 8741 8716 8715
f 8741 8715 8742
f 8742 8715 8714
f 8742 8714 8743
f 8743 8714 8713
f 8743 8713 8744
f 8744 8713 8712
f 8744 8712 8745
f 8745 8712 8711
f 8745 8711 8746
f 8746 8711 8710
f 8746 8710 8747
f 8747 8710 8709
f 8747 8709 8748
f 8748 8709 8708
f 8748 8708 8749
f 8749 8708 8707
f 8749 8707 8750
f 8750 8707 8706
f 8750 8706 8751
f 8751 8706 8705
f 8751 8705 8752
f 8752 8705 8704
f 8752 8704 8753
f 8753 8704 8703
f 8753 8703 8754
f 8754 8703 8702
f 8754 8702 8755
f 8755 8702 8701
f 8755 8701 8756
f 8756 8701 8700
f 8756 8700 8757
f 8757 8700 8699
f 8757 8699 8758
f 8758 8699 8698
f 8758 8698 8759
f 8759 8698 8697
f 8759 8697 8760
f 8760 8697 8696
f 8760 8696 8761
f 8761 8696 8695
f 8761 8695 8762
f 8762 8695 8694
f 8762 8694 8763
f 8763 8694 8613
f 8763 8613 8764
f 8764 8613 8532
f 8764 8532 8765
f 8765 8532 8531
f 8765 8531 8766
f 8766 8531 1170
f 8766 1170 1169
f 8763 8767 8762
f 8762 8767 8768
f 8762 8768 8761
f 8761 8768 8769
f 8761 8769 8760
f 8760 8769 8770
f 8760 8770 8759
f 8759 8770 8771
f 8759 8771 8758
f 8758 8771 8772
f 8758 8772 8757
f 8757 8772 8773
f 8757 8773 8756
f 8756 8773 8774
f 8756 8774 8755
f 8755 8774 8775
f 8755 8775 8754
f 8754 8775 8776
f 8754 8776 8753
f 8753 8776 8777
f 8753 8777 8752
f 8752 8777 8778
f 8752 8778 8751
f 8751 8778 8779
f 8751 8779 8750
f 8750 8779 8780
f 8750 8780 8749
f 8749 8780 8781
f 8749 8781 8748
f 8748 8781 8782
f 8748 8782 8747
f 8747 8782 8783
f 8747 8783 8746
f 8746 8783 8784
f 8746 8784 8745
f 8745 8784 8785
f 8745 8785 8744
f 8744 8785 8786
f 8744 8786 8743
f 8743 8786 8787
f 8743 8787 8742
f 8742 8787 8788
f 8742 8788 8741
f 8741 8788 8789
f 8741 8789 8740
f 8740 8789 8790
f 8740 8790 8739
f 8739 8790 8791
f 8739 8791 8738
f 8738 8791 8792
f 8738 8792 8737
f 8737 8792 8793
f 8737 8793 8736
f 8736 8793 8794
f 8736 8794 8735
f 8735 8794 8795
f 8735 8795 8734
f 8734 8795 8796
f 8734 8796 8733
f 8733 8796 8263
f 8733 8263 8732
f 8732 8263 8262
f 8732 8262 8731
f 8731 8262 8290
f 8731 8290 8288
f 8288 8290 8289
f 8288 8289 6875
f 6875 8289 6877
f 8767 8797 8768
f 8768 8797 8798
f 8768 8798 8769
f 8769 8798 8799
f 8769 8799 8770
f 8770 8799 8800
f 8770 8800 8771
f 8771 8800 8801
f 8771 8801 8772
f 8772 8801 8802
f 8772 8802 8773
f 8773 8802 8803
f 8773 8803 8774
f 8774 8803 8804
f 8774 8804 8775
f 8775 8804 8805
f 8775 8805 8776
f 8776 8805 8806
f 8776 8806 8777
f 8777 8806 8807
f 8777 8807 8778
f 8778 8807 8808
f 8778 8808 8779
f 8779 8808 8809
f 8779 8809 8780
f 8780 8809 8810
f 8780 8810 8781
f 8781 8810 8811
f 8781 8811 8782
f 8782 8811 8812
f 8782 8812 8783
f 8783 8812 8813
f 8783 8813 8784
f 8784 8813 8814
f 8784 8814 8785
f 8785 8814 8815
f 8785 8815 8786
f 8786 8815 8816
f 8786 8816 8787
f 8787 8816 8817
f 8787 8817 8788
f 8788 8817 8818
f 8788 8818 8789
f 8789 8818 8819
f 8789 8819 8790
f 8790 8819 8820
f 8790 8820 8791
f 8791 8820 8821
f 8791 8821 8792
f 8792 8821 8822
f 8792 8822 8793
f 8793 8822 8823
f 8793 8823 8794
f 8794 8823 8824
f 8794 8824 8795
f 8795 8824 8293
f 8795 8293 8796
f 8796 8293 8291
f 8796 8291 8263
f 8263 8291 8292
f 8263 8292 6867
f 6867 8292 6869
f 8797 8297 8798
f 8798 8297 8296
f 8798 8296 8799
f 8799 8296 8825
f 8799 8825 8800
f 8800 8825 8826
f 8800 8826 8801
f 8801 8826 8827
f 8801 8827 8802
f 8802 8827 8828
f 8802 8828 8803
f 8803 8828 8829
f 8803 8829 8804
f 8804 8829 8830
f 8804 8830 8805
f 8805 8830 8831
f 8805 8831 8806
f 8806 8831 8832
f 8806 8832 8807
f 8807 8832 8833
f 8807 8833 8808
f 8808 8833 8834
f 8808 8834 8809
f 8809 8834 8835
f 8809 8835 8810
f 8810 8835 8836
f 8810 8836 8811
f 8811 8836 8837
f 8811 8837 8812
f 8812 8837 8838
f 8812 8838 8813
f 8813 8838 8839
f 8813 8839 8814
f 8814 8839 8840
f 8814 8840 8815
f 8815 8840 8841
f 8815 8841 8816
f 8816 8841 8842
f 8816 8842 8817
f 8817 8842 8843
f 8817 8843 8818
f 8818 8843 8844
f 8818 8844 8819
f 8819 8844 8845
f 8819 8845 8820
f 8820 8845 8846
f 8820 8846 8821
f 8821 8846 8847
f 8821 8847 8822
f 8822 8847 8848
f 8822 8848 8823
f 8823 8848 8849
f 8823 8849 8824
f 8824 8849 8294
f 8824 8294 8293
f 8293 8294 8295
f 8293 8295 6857
f 6857 8295 6858
f 44 226 8296
f 8296 226 225
f 8296 225 8825
f 8825 225 224
f 8825 224 8826
f 8826 224 173
f 8826 173 8827
f 8827 173 174
f 8827 174 8828
f 8828 174 229
f 8828 229 8829
f 8829 229 228
f 8829 228 8830
f 8830 228 227
f 8830 227 8831
f 8831 227 177
f 8831 177 8832
f 8832 177 180
f 8832 180 8833
f 8833 180 179
f 8833 179 8834
f 8834 179 185
f 8834 185 8835
f 8835 185 184
f 8835 184 8836
f 8836 184 182
f 8836 182 8837
f 8837 182 181
f 8837 181 8838
f 8838 181 82
f 8838 82 8839
f 8839 82 80
f 8839 80 8840
f 8840 80 78
f 8840 78 8841
f 8841 78 77
f 8841 77 8842
f 8842 77 14
f 8842 14 8843
f 8843 14 13
f 8843 13 8844
f 8844 13 4
f 8844 4 8845
f 8845 4 2
f 8845 2 8846
f 8846 2 22
f 8846 22 8847
f 8847 22 21
f 8847 21 8848
f 8848 21 19
f 8848 19 8849
f 8849 19 17
f 8849 17 8294
f 8294 17 16
f 8294 16 6862
f 7707 7706 8850
f 7419 7418 7737
f 397 396 7463
f 7463 396 8851
f 7463 8851 7461
f 7460 7459 8852
f 8852 7459 8851
f 8851 7459 7462
f 8851 7462 7461
f 8853 7458 8852
f 8852 7458 7457
f 8852 7457 7460
f 7452 7454 8854
f 8854 7454 7456
f 8854 7456 8853
f 8853 7456 7455
f 8853 7455 7458
f 7451 7450 8855
f 8855 7450 7453
f 8855 7453 8854
f 8854 7453 7452
f 7717 7716 8856
f 7712 7711 8856
f 8856 7711 7718
f 8856 7718 7717
f 7716 7715 8856
f 8856 7715 7721
f 8856 7721 7720
f 7719 7723 7434
f 7434 7723 7722
f 7434 7722 7725
f 7725 7724 7434
f 7434 7724 7727
f 7434 7727 7726
f 7435 7441 8856
f 7435 8856 7436
f 7431 7438 8856
f 8856 7438 7437
f 8856 7437 7436
f 7719 7434 7720
f 7720 7434 7433
f 7720 7433 8856
f 8856 7433 7432
f 8856 7432 7431
f 7439 8855 7440
f 7440 8855 8857
f 7440 8857 7441
f 7439 7443 8855
f 8855 7443 7442
f 8855 7442 7445
f 7445 7444 8855
f 8855 7444 7447
f 8855 7447 7446
f 7446 7449 8855
f 8855 7449 7448
f 8855 7448 7451
f 7730 7733 7428
f 7732 7426 7733
f 7733 7426 7425
f 7733 7425 7428
f 7430 7728 7428
f 7428 7728 7731
f 7428 7731 7730
f 7726 7729 7434
f 7434 7729 7728
f 7434 7728 7429
f 7429 7728 7430
f 7423 7422 7732
f 7732 7422 7427
f 7732 7427 7426
f 7423 7732 7734
f 7423 7734 7736
f 7737 7418 7738
f 7738 7418 7421
f 7738 7421 7420
f 7736 7735 7423
f 7423 7735 7738
f 7423 7738 7424
f 7424 7738 7420
f 7737 7740 7419
f 7419 7740 7739
f 7419 7739 7416
f 7416 7739 7742
f 392 393 7743
f 7743 393 7464
f 7743 7464 7415
f 7742 7741 7416
f 7416 7741 7743
f 7416 7743 7417
f 7417 7743 7415
f 8850 7706 8858
f 7706 7705 8858
f 8858 7705 7708
f 8858 7708 7710
f 7710 7709 8858
f 8858 7709 7714
f 8858 7714 8856
f 8856 7714 7713
f 8856 7713 7712
f 8859 7698 8860
f 8860 7698 7701
f 8860 7701 7700
f 7700 7704 8860
f 8860 7704 7703
f 8860 7703 8850
f 8850 7703 7702
f 8850 7702 7707
f 341 453 8861
f 8861 453 7744
f 8861 7744 7695
f 7695 7697 8861
f 8861 7697 7696
f 8861 7696 8859
f 8859 7696 7699
f 8859 7699 7698
f 7441 8857 8856
f 8856 8857 8862
f 8856 8862 8863
f 8863 8862 8864
f 8863 8864 8865
f 8865 8864 8866
f 8865 8866 8867
f 8867 8866 8868
f 8867 8868 8869
f 8869 8868 8870
f 8869 8870 8871
f 8871 8870 8872
f 8871 8872 8873
f 8873 8872 8874
f 8873 8874 8875
f 8875 8874 8876
f 8875 8876 8877
f 8877 8876 8878
f 8877 8878 8879
f 8879 8878 8880
f 8879 8880 8881
f 8881 8880 8882
f 8881 8882 8883
f 8883 8882 8884
f 8883 8884 8885
f 8885 8884 8886
f 8885 8886 8887
f 8887 8886 8888
f 8887 8888 8889
f 8889 8888 8890
f 8889 8890 8891
f 8891 8890 8892
f 8891 8892 8893
f 8893 8892 8894
f 8893 8894 8895
f 8895 8894 8896
f 8895 8896 8897
f 8897 8896 8898
f 8897 8898 8899
f 8899 8898 8900
f 8899 8900 8901
f 8901 8900 8902
f 8901 8902 8903
f 8903 8902 8904
f 8903 8904 8905
f 8905 8904 3137
f 8905 3137 3136
f 8055 372 8185
f 8185 372 326
f 2822 8193 8192
f 8187 2656 8186
f 8186 2656 2655
f 8186 2655 8184
f 2655 1092 8184
f 8184 1092 1090
f 8184 1090 8191
f 8191 1090 1088
f 1088 1087 8191
f 8191 1087 1094
f 8191 1094 8192
f 8192 1094 1096
f 8192 1096 2822
f 8193 2822 8299
f 53 8188 8302
f 8302 8188 8189
f 8302 8189 8300
f 8300 8189 8190
f 8300 8190 8415
f 8415 8190 8198
f 8415 8198 8452
f 8452 8198 8197
f 8452 8197 8693
f 8693 8197 8196
f 8693 8196 8612
f 8612 8196 8195
f 8612 8195 8299
f 8299 8195 8194
f 8299 8194 8193
f 372 8055 8058
f 372 8058 597
f 597 8058 8060
f 597 8060 595
f 595 8060 8062
f 595 8062 593
f 593 8062 8064
f 593 8064 590
f 590 8064 8066
f 590 8066 588
f 588 8066 8068
f 588 8068 586
f 586 8068 8070
f 586 8070 491
f 491 8070 8072
f 491 8072 489
f 489 8072 8074
f 489 8074 487
f 487 8074 8076
f 487 8076 485
f 485 8076 8078
f 485 8078 829
f 829 8078 8080
f 829 8080 830
f 830 8080 8082
f 830 8082 831
f 831 8082 8084
f 831 8084 832
f 832 8084 8086
f 832 8086 833
f 833 8086 8088
f 833 8088 854
f 854 8088 8090
f 854 8090 855
f 855 8090 8092
f 855 8092 666
f 666 8092 8094
f 666 8094 667
f 667 8094 8096
f 667 8096 669
f 669 8096 8098
f 669 8098 889
f 889 8098 8100
f 889 8100 851
f 851 8100 8102
f 851 8102 849
f 849 8102 8104
f 849 8104 412
f 412 8104 8106
f 412 8106 413
f 413 8106 8108
f 413 8108 482
f 482 8108 8110
f 482 8110 483
f 483 8110 8112
f 483 8112 580
f 580 8112 8114
f 580 8114 581
f 581 8114 8116
f 581 8116 582
f 582 8116 8118
f 582 8118 578
f 578 8118 8120
f 578 8120 579
f 579 8120 8122
f 579 8122 480
f 480 8122 8124
f 480 8124 481
f 481 8124 8126
f 481 8126 475
f 475 8126 8128
f 475 8128 477
f 477 8128 8130
f 477 8130 478
f 478 8130 8132
f 478 8132 442
f 442 8132 8134
f 442 8134 443
f 443 8134 8136
f 443 8136 407
f 407 8136 8138
f 407 8138 409
f 409 8138 8140
f 409 8140 646
f 646 8140 8142
f 646 8142 647
f 647 8142 8144
f 647 8144 649
f 649 8144 8146
f 649 8146 650
f 650 8146 8148
f 650 8148 575
f 575 8148 8150
f 575 8150 573
f 573 8150 8152
f 573 8152 571
f 571 8152 8154
f 571 8154 569
f 569 8154 8156
f 569 8156 567
f 567 8156 8158
f 567 8158 565
f 565 8158 8160
f 565 8160 563
f 563 8160 8162
f 563 8162 561
f 561 8162 8164
f 561 8164 559
f 559 8164 8166
f 559 8166 440
f 440 8166 8168
f 440 8168 347
f 281 8258 343
f 343 8258 344
f 8258 8260 344
f 344 8260 8253
f 344 8253 419
f 419 8253 8255
f 419 8255 420
f 420 8255 8248
f 8248 8250 420
f 420 8250 8242
f 420 8242 421
f 8242 8245 421
f 421 8245 8234
f 421 8234 350
f 8234 8236 350
f 350 8236 8238
f 350 8238 351
f 8238 8231 351
f 351 8231 8185
f 351 8185 326
f 8261 289 1058
f 1058 1061 8261
f 8261 1061 1069
f 8261 1069 8256
f 8256 1069 1067
f 8256 1067 8257
f 8257 1067 1065
f 8257 1065 8259
f 8259 1065 1063
f 8259 1063 8251
f 8251 1063 1073
f 1075 8244 1077
f 1077 8244 8249
f 1077 8249 1079
f 1079 8249 8247
f 1079 8247 1080
f 1080 8247 8246
f 1080 8246 1072
f 1072 8246 8254
f 1072 8254 1073
f 1073 8254 8252
f 1073 8252 8251
f 1084 8237 1085
f 1085 8237 8235
f 1085 8235 1086
f 1086 8235 8233
f 1086 8233 1082
f 1082 8233 8232
f 1082 8232 1083
f 1083 8232 8241
f 1083 8241 1075
f 1075 8241 8243
f 1075 8243 8244
f 2656 8187 2657
f 2657 8187 8230
f 2657 8230 2658
f 2658 8230 8240
f 2658 8240 1084
f 1084 8240 8239
f 1084 8239 8237
f 51 8056 53
f 53 8056 8188
f 8171 334 8168
f 8168 334 347
f 341 282 343
f 343 282 281
f 284 1360 285
f 285 1360 2724
f 285 2724 291
f 291 2724 1059
f 291 1059 290
f 290 1059 1058
f 290 1058 289
f 286 1356 287
f 287 1356 1006
f 287 1006 288
f 288 1006 1005
f 288 1005 283
f 283 1005 1359
f 283 1359 284
f 284 1359 1361
f 284 1361 1360
f 323 1351 301
f 301 1351 1009
f 301 1009 302
f 302 1009 1008
f 302 1008 303
f 303 1008 1354
f 303 1354 286
f 286 1354 1358
f 286 1358 1356
f 8906 8907 8908
f 8908 8909 8906
f 8906 8909 8910
f 8906 8910 8911
f 8911 8912 8906
f 8906 8912 8913
f 8906 8913 8914
f 8914 8915 8906
f 8906 8915 8916
f 8906 8916 8917
f 8917 8918 8906
f 8906 8918 8919
f 8906 8919 8920
f 8920 8921 8906
f 8906 8921 1347
f 8906 1347 8922
f 8922 1347 1348
f 8922 1348 321
f 321 1348 1349
f 321 1349 322
f 322 1349 1350
f 322 1350 323
f 323 1350 1352
f 323 1352 1351
f 8923 8906 8924
f 8924 8906 8925
f 8923 8926 8906
f 8906 8926 8927
f 8906 8927 8928
f 8928 8929 8906
f 8906 8929 8930
f 8906 8930 8931
f 8931 8932 8906
f 8906 8932 8933
f 8906 8933 8934
f 8934 8935 8906
f 8906 8935 8936
f 8906 8936 8937
f 8937 8938 8906
f 8906 8938 8939
f 8906 8939 8940
f 8940 8941 8906
f 8906 8941 8942
f 8906 8942 8943
f 8943 8944 8906
f 8906 8944 8945
f 8906 8945 8946
f 8946 8947 8906
f 8906 8947 8948
f 8906 8948 8949
f 8949 8950 8906
f 8906 8950 8951
f 8906 8951 8952
f 8952 8953 8906
f 8906 8953 8954
f 8954 8955 8906
f 8906 8955 8956
f 8906 8956 8907
f 12 8167 8165
f 12 8165 133
f 133 8165 8163
f 133 8163 135
f 135 8163 8161
f 135 8161 137
f 137 8161 8159
f 137 8159 139
f 139 8159 8157
f 139 8157 141
f 141 8157 8155
f 141 8155 143
f 143 8155 8153
f 143 8153 145
f 145 8153 8151
f 145 8151 147
f 147 8151 8149
f 147 8149 149
f 149 8149 8147
f 149 8147 151
f 151 8147 8145
f 151 8145 153
f 153 8145 8143
f 153 8143 155
f 155 8143 8141
f 155 8141 157
f 157 8141 8139
f 157 8139 159
f 159 8139 8137
f 159 8137 161
f 161 8137 8135
f 161 8135 163
f 163 8135 8133
f 163 8133 164
f 164 8133 8131
f 164 8131 94
f 94 8131 8129
f 94 8129 96
f 96 8129 8127
f 96 8127 98
f 98 8127 8125
f 98 8125 100
f 100 8125 8123
f 100 8123 102
f 102 8123 8121
f 102 8121 104
f 104 8121 8119
f 104 8119 106
f 106 8119 8117
f 106 8117 108
f 108 8117 8115
f 108 8115 110
f 110 8115 8113
f 110 8113 112
f 112 8113 8111
f 112 8111 114
f 114 8111 8109
f 114 8109 116
f 116 8109 8107
f 116 8107 118
f 118 8107 8105
f 118 8105 120
f 120 8105 8103
f 120 8103 122
f 122 8103 8101
f 122 8101 124
f 124 8101 8099
f 124 8099 126
f 126 8099 8097
f 126 8097 128
f 128 8097 8095
f 128 8095 130
f 130 8095 8093
f 130 8093 186
f 186 8093 8091
f 186 8091 187
f 187 8091 8089
f 187 8089 189
f 189 8089 8087
f 189 8087 191
f 191 8087 8085
f 191 8085 193
f 193 8085 8083
f 193 8083 195
f 195 8083 8081
f 195 8081 197
f 197 8081 8079
f 197 8079 199
f 199 8079 8077
f 199 8077 201
f 201 8077 8075
f 201 8075 203
f 203 8075 8073
f 203 8073 205
f 205 8073 8071
f 205 8071 207
f 207 8071 8069
f 207 8069 209
f 209 8069 8067
f 209 8067 211
f 211 8067 8065
f 211 8065 213
f 213 8065 8063
f 213 8063 215
f 215 8063 8061
f 215 8061 217
f 217 8061 8059
f 217 8059 219
f 219 8059 8057
f 219 8057 221
f 221 8057 8056
f 221 8056 51
f 334 8171 8226
f 334 8226 432
f 432 8226 8225
f 432 8225 368
f 368 8225 8224
f 368 8224 369
f 8224 8201 369
f 369 8201 8215
f 369 8215 430
f 430 8215 8217
f 8217 8220 430
f 430 8220 8210
f 430 8210 431
f 8210 8212 431
f 431 8212 8205
f 431 8205 364
f 236 366 8202
f 8202 366 364
f 8202 364 8207
f 8207 364 8205
f 282 341 8861
f 282 8861 292
f 292 8861 8859
f 292 8859 293
f 293 8859 8860
f 293 8860 294
f 294 8860 8850
f 294 8850 295
f 295 8850 8858
f 295 8858 296
f 296 8858 8856
f 296 8856 297
f 297 8856 8863
f 297 8863 298
f 298 8863 8865
f 298 8865 299
f 299 8865 8867
f 299 8867 300
f 300 8867 8869
f 300 8869 304
f 304 8869 8871
f 304 8871 305
f 305 8871 8873
f 305 8873 306
f 306 8873 8875
f 306 8875 315
f 315 8875 8877
f 315 8877 316
f 316 8877 8879
f 316 8879 312
f 312 8879 8881
f 312 8881 313
f 313 8881 8883
f 313 8883 309
f 309 8883 8885
f 309 8885 317
f 317 8885 8887
f 317 8887 318
f 318 8887 8889
f 318 8889 324
f 324 8889 8891
f 324 8891 325
f 325 8891 8893
f 325 8893 310
f 310 8893 8895
f 310 8895 311
f 311 8895 8897
f 311 8897 319
f 319 8897 8899
f 319 8899 320
f 320 8899 8901
f 320 8901 307
f 307 8901 8903
f 307 8903 308
f 308 8903 8905
f 308 8905 314
f 314 8905 3136
f 314 3136 280
f 8957 8925 8906
f 8958 8959 8906
f 279 2928 321
f 321 2928 7775
f 321 7775 8922
f 8906 8960 8961
f 8959 8962 8906
f 8906 8962 8963
f 8906 8963 8964
f 8964 8965 8906
f 8906 8965 8966
f 8906 8966 8957
f 8967 8968 8906
f 8906 8968 8969
f 8906 8969 8970
f 8970 8971 8906
f 8906 8971 8972
f 8906 8972 8960
f 8961 8973 8906
f 8906 8973 8974
f 8906 8974 8975
f 8976 8977 8906
f 8906 8977 8978
f 8906 8978 8979
f 8979 8980 8906
f 8906 8980 8981
f 8906 8981 8958
f 8922 7775 8906
f 8906 7775 8982
f 8906 8982 8983
f 8906 8984 8985
f 8986 8987 8906
f 8906 8987 8988
f 8906 8988 8984
f 8985 8989 8906
f 8906 8989 8990
f 8906 8990 8967
f 8975 8991 8906
f 8906 8991 8992
f 8906 8992 8976
f 8983 8993 8906
f 8906 8993 8994
f 8906 8994 8995
f 8995 8996 8906
f 8906 8996 8986
f 44 8173 12
f 12 8173 8167
f 234 396 236
f 236 396 366
f 3138 278 3136
f 3136 278 280
f 278 3009 279
f 279 3009 2928
f 8173 44 8177
f 8177 44 8297
f 8177 8297 8178
f 8178 8297 8797
f 8178 8797 8179
f 8179 8797 8767
f 8179 8767 8182
f 8182 8767 8763
f 8182 8763 8183
f 8183 8763 8764
f 8183 8764 8174
f 8174 8764 8765
f 8174 8765 8175
f 8175 8765 8766
f 8175 8766 8176
f 8176 8766 1169
f 235 3137 8904
f 235 8904 251
f 251 8904 8902
f 251 8902 252
f 252 8902 8900
f 252 8900 254
f 254 8900 8898
f 254 8898 255
f 255 8898 8896
f 255 8896 268
f 268 8896 8894
f 268 8894 269
f 269 8894 8892
f 269 8892 261
f 261 8892 8890
f 261 8890 262
f 262 8890 8888
f 262 8888 275
f 275 8888 8886
f 275 8886 276
f 276 8886 8884
f 276 8884 277
f 277 8884 8882
f 277 8882 253
f 253 8882 8880
f 253 8880 263
f 263 8880 8878
f 263 8878 264
f 264 8878 8876
f 264 8876 265
f 265 8876 8874
f 265 8874 266
f 266 8874 8872
f 266 8872 267
f 267 8872 8870
f 267 8870 270
f 270 8870 8868
f 270 8868 271
f 271 8868 8866
f 271 8866 247
f 247 8866 8864
f 247 8864 246
f 246 8864 8862
f 246 8862 245
f 245 8862 8857
f 245 8857 256
f 256 8857 8855
f 256 8855 257
f 257 8855 8854
f 257 8854 248
f 248 8854 8853
f 248 8853 249
f 249 8853 8852
f 249 8852 250
f 250 8852 8851
f 250 8851 233
f 233 8851 396
f 233 396 234
f 278 3138 3009
f 1172 8170 1174
f 1174 8170 8169
f 1174 8169 1034
f 1034 8169 8172
f 1034 8172 1032
f 1032 8172 8181
f 1032 8181 1168
f 1168 8181 8180
f 1168 8180 1169
f 1169 8180 8176
f 237 3139 235
f 235 3139 3137
f 3139 2902 3138
f 3138 2902 3009
f 8170 1172 8227
f 8227 1172 2475
f 8227 2475 8228
f 2475 2474 8228
f 8228 2474 1178
f 8228 1178 8229
f 8229 1178 1177
f 8229 1177 8223
f 8223 1177 1180
f 8223 1180 8199
f 8199 1180 1182
f 8199 1182 8200
f 8200 1182 1184
f 8200 1184 8216
f 8216 1184 8218
f 8218 1184 1186
f 8218 1186 8219
f 8219 1186 1187
f 8219 1187 8221
f 8221 1187 1189
f 8221 1189 8222
f 8222 1189 1190
f 8222 1190 8211
f 8211 1190 1192
f 8211 1192 8213
f 8213 1192 8214
f 8214 1192 1194
f 8214 1194 8206
f 8206 1194 1196
f 8206 1196 8208
f 8208 1196 8209
f 8209 1196 1198
f 8209 1198 8203
f 8203 1198 1200
f 8203 1200 8204
f 1204 241 1203
f 1203 241 8204
f 1203 8204 1201
f 1201 8204 1200
f 3139 237 2902
f 8997 8998 8999
f 8998 9000 8999
f 8999 9000 9001
f 8999 9001 9002
f 9002 9003 8999
f 8999 9003 9004
f 8999 9004 9005
f 9005 9006 8999
f 8999 9006 9007
f 9008 9009 9010
f 9010 9011 9008
f 9008 9011 9012
f 9008 9012 9013
f 9013 9014 9008
f 9008 9014 9015
f 9008 9015 9016
f 9016 9017 9008
f 9008 9017 9018
f 9008 9018 9019
f 9019 9020 9008
f 9008 9020 9021
f 9008 9021 9022
f 9022 9023 9008
f 9008 9023 9024
f 9008 9024 9025
f 9025 9026 9008
f 9008 9026 9027
f 9008 9027 9028
f 9007 9029 8999
f 8999 9029 9030
f 9030 9031 8999
f 8999 9031 9032
f 8999 9032 9033
f 9033 9034 8999
f 8999 9034 9035
f 8999 9035 9036
f 9036 9037 8999
f 8999 9037 9038
f 8999 9038 9039
f 9039 9040 8999
f 8999 9040 9041
f 8999 9041 9008
f 9008 9041 9042
f 9008 9042 9009
f 241 1204 238
f 238 1204 1206
f 238 1206 239
f 239 1206 1208
f 239 1208 240
f 1208 1209 240
f 240 1209 1211
f 240 1211 231
f 231 1211 1212
f 231 1212 232
f 232 1212 1214
f 232 1214 242
f 242 1214 1216
f 242 1216 243
f 1216 1217 243
f 243 1217 1219
f 243 1219 244
f 244 1219 1220
f 244 1220 258
f 258 1220 1222
f 258 1222 259
f 259 1222 1224
f 259 1224 260
f 1224 1225 260
f 260 1225 1227
f 260 1227 272
f 272 1227 1228
f 272 1228 273
f 273 1228 1230
f 273 1230 274
f 274 1230 1232
f 274 1232 8999
f 8999 1232 2458
f 8999 2458 8997
f 230 2910 237
f 237 2910 2902
f 7887 2910 230
f 9043 8999 9044
f 9044 8999 9008
f 9044 9008 9045
f 9043 9046 8999
f 8999 9046 9047
f 8999 9047 9048
f 9048 9049 8999
f 8999 9049 9050
f 8999 9050 9051
f 9052 9053 8999
f 8999 9053 9054
f 8999 9054 9055
f 9055 9056 8999
f 8999 9056 9057
f 8999 9057 9058
f 9008 9028 9059
f 9008 9059 9060
f 9060 9061 9008
f 9008 9061 9062
f 9008 9062 9063
f 9064 9065 9008
f 9008 9065 9066
f 9008 9066 9067
f 9051 9068 8999
f 8999 9068 9069
f 8999 9069 9052
f 9058 9070 8999
f 8999 9070 9071
f 8999 9071 9072
f 9072 9073 8999
f 8999 9073 9074
f 8999 9074 9075
f 230 274 7887
f 7887 274 8999
f 7887 8999 9076
f 9076 8999 9077
f 9063 9078 9008
f 9008 9078 9079
f 9008 9079 9064
f 9067 9080 9008
f 9008 9080 9081
f 9008 9081 9045
f 9075 9082 8999
f 8999 9082 9083
f 8999 9083 9077
f 8987 8986 9084
f 9076 9077 9085
f 9083 9082 9086
f 9075 9074 9087
f 9073 9072 9088
f 9071 9070 9089
f 9058 9057 9090
f 9056 9055 9091
f 9048 9047 9092
f 9046 9043 9093
f 9034 9094 9035
f 8997 2458 2459
f 8918 8917 9095
f 8916 8915 9096
f 8911 8910 9097
f 8909 8908 9098
f 8907 8956 9099
f 8955 8954 9100
f 8954 8953 9101
f 8952 8951 9102
f 8950 8949 9103
f 8948 8947 9104
f 8946 8945 9105
f 8944 8943 9106
f 8942 8941 9107
f 8933 8932 9108
f 8927 8926 9109
f 8926 8923 9110
f 9110 8923 8924
f 9110 8924 8925
f 8927 9109 8928
f 9111 8929 8928
f 8932 8931 9112
f 9112 8931 8930
f 9112 8930 8929
f 8933 9108 8934
f 8937 8936 9113
f 9113 8936 8935
f 9113 8935 8934
f 9114 8938 8937
f 8941 8940 9115
f 9115 8940 8939
f 9115 8939 8938
f 8942 9107 8943
f 8944 9106 8945
f 8946 9105 8947
f 8948 9104 8949
f 8950 9103 8951
f 8952 9102 8953
f 8955 9100 8956
f 8907 9099 8908
f 8909 9098 8910
f 8911 9097 8912
f 8915 8914 9116
f 9116 8914 8913
f 9116 8913 8912
f 8916 9096 8917
f 8918 9095 8919
f 8919 9117 8920
f 8920 9117 8921
f 9118 8998 8997
f 9119 9001 9000
f 9120 9003 9002
f 9121 9006 9005
f 9122 9007 9006
f 9123 9031 9030
f 9124 9033 9032
f 9094 9034 9125
f 9126 9037 9036
f 9127 9040 9039
f 9128 9042 9041
f 9129 9012 9011
f 9130 9014 9013
f 9131 9017 9016
f 9132 9019 9018
f 9133 9022 9021
f 9134 9024 9023
f 9135 9026 9025
f 9028 9027 9136
f 9060 9059 9137
f 9137 9059 9028
f 9064 9079 9138
f 9138 9079 9078
f 9044 9045 9139
f 9139 9045 9081
f 9139 9081 9080
f 9140 9068 9051
f 9054 9053 9141
f 9141 9053 9052
f 9076 9085 7887
f 8993 8983 9142
f 9142 8983 8982
f 8995 8994 9143
f 9143 8994 8993
f 9144 8986 8996
f 9144 8996 8995
f 8984 8988 9145
f 9145 8988 8987
f 8989 8985 9146
f 9146 8985 8984
f 8967 8990 9147
f 9147 8990 8989
f 8969 8968 9148
f 9148 8968 8967
f 9149 8970 8969
f 9150 8971 8970
f 8960 8972 9151
f 9151 8972 8971
f 8973 8961 9152
f 9152 8961 8960
f 8973 9153 8974
f 8974 9153 8975
f 9154 8991 8975
f 8976 8992 9155
f 9155 8992 8991
f 8978 8977 9156
f 9156 8977 8976
f 9157 8979 8978
f 8981 8980 9158
f 9158 8980 8979
f 8959 8958 9159
f 9159 8958 8981
f 9160 8962 8959
f 8964 8963 9161
f 9161 8963 8962
f 9162 8965 8964
f 8957 8966 9163
f 9163 8966 8965
f 9164 8925 8957
f 8997 2459 9118
f 9118 2459 1235
f 9118 1235 9165
f 9165 1235 1234
f 9165 1234 9166
f 9166 1234 1239
f 9166 1239 9167
f 9167 1239 1237
f 9167 1237 9168
f 9168 1237 1236
f 9168 1236 9169
f 9169 1236 1241
f 9169 1241 9170
f 1241 1244 9170
f 9170 1244 1243
f 9170 1243 9171
f 9171 1243 1247
f 9171 1247 9172
f 9172 1247 1246
f 9172 1246 9173
f 9173 1246 1252
f 9173 1252 9174
f 9174 1252 1251
f 9174 1251 9175
f 9175 1251 2335
f 9175 2335 9176
f 9176 2335 1255
f 9176 1255 9177
f 9177 1255 1254
f 9177 1254 9178
f 1254 1258 9178
f 9178 1258 1257
f 9178 1257 9179
f 9179 1257 2244
f 9179 2244 9180
f 9180 2244 1030
f 9180 1030 9181
f 9181 1030 1029
f 9181 1029 9182
f 9182 1029 1027
f 9182 1027 9183
f 1027 1026 9183
f 9183 1026 2195
f 9183 2195 9184
f 9184 2195 2194
f 9184 2194 9185
f 9185 2194 1024
f 9185 1024 9186
f 9186 1024 1023
f 9186 1023 9187
f 9187 1023 2171
f 9187 2171 9188
f 2171 2895 9188
f 9188 2895 2896
f 9188 2896 9189
f 9189 2896 1262
f 9189 1262 9190
f 9190 1262 1260
f 9190 1260 9191
f 9191 1260 1265
f 9191 1265 9192
f 9192 1265 1264
f 9192 1264 9193
f 9193 1264 1268
f 9193 1268 9194
f 1268 1267 9194
f 9194 1267 1266
f 9194 1266 9195
f 9195 1266 1271
f 9195 1271 9196
f 9196 1271 1272
f 9196 1272 9197
f 9197 1272 1274
f 9197 1274 9198
f 1274 1275 9198
f 9198 1275 1277
f 9198 1277 9199
f 9199 1277 1279
f 9199 1279 9200
f 9200 1279 1281
f 9200 1281 9201
f 9201 1281 1286
f 9201 1286 9202
f 9202 1286 1285
f 9202 1285 9203
f 9203 1285 1283
f 9203 1283 9204
f 9204 1283 1293
f 9204 1293 9205
f 1293 1292 9205
f 9205 1292 1290
f 9205 1290 9206
f 9206 1290 1288
f 9206 1288 9207
f 9207 1288 1296
f 9207 1296 9208
f 9208 1296 1295
f 9208 1295 9209
f 9209 1295 1303
f 9209 1303 9210
f 1303 1302 9210
f 9210 1302 1300
f 9210 1300 9211
f 9211 1300 1298
f 9211 1298 9212
f 9212 1298 2526
f 9212 2526 9213
f 9213 2526 1306
f 9213 1306 9214
f 9214 1306 1305
f 9214 1305 9215
f 1305 1307 9215
f 9215 1307 1309
f 9215 1309 9216
f 9216 1309 1311
f 9216 1311 9217
f 9217 1311 1312
f 9217 1312 9218
f 9218 1312 1314
f 9218 1314 9219
f 1314 1315 9219
f 9219 1315 1317
f 9219 1317 9220
f 9220 1317 1319
f 9220 1319 9221
f 9221 1319 1321
f 9221 1321 9222
f 9222 1321 1021
f 9222 1021 9223
f 9223 1021 1020
f 9223 1020 9224
f 9224 1020 1018
f 9224 1018 9225
f 9225 1018 1017
f 9225 1017 9226
f 9226 1017 1015
f 9226 1015 9227
f 1015 1014 9227
f 9227 1014 1323
f 9227 1323 9228
f 9228 1323 1011
f 9228 1011 9229
f 9229 1011 1013
f 9229 1013 9230
f 9230 1013 1328
f 9230 1328 9231
f 9231 1328 1326
f 9231 1326 9232
f 9232 1326 1346
f 9232 1346 9233
f 1346 1345 9233
f 9233 1345 1343
f 9233 1343 9234
f 9234 1343 1341
f 9234 1341 9235
f 9235 1341 1339
f 9235 1339 9236
f 9236 1339 1337
f 9236 1337 9237
f 9237 1337 1335
f 9237 1335 9238
f 9238 1335 1333
f 9238 1333 9239
f 9239 1333 1331
f 9239 1331 9240
f 9240 1331 1330
f 9240 1330 9117
f 9117 1330 1347
f 9117 1347 8921
f 8919 9095 9117
f 9117 9095 9241
f 9117 9241 9240
f 9240 9241 9242
f 9240 9242 9239
f 9239 9242 9243
f 9239 9243 9238
f 9238 9243 9244
f 9238 9244 9237
f 9237 9244 9245
f 9237 9245 9236
f 9236 9245 9246
f 9236 9246 9235
f 9235 9246 9247
f 9235 9247 9234
f 9234 9247 9248
f 9234 9248 9233
f 9233 9248 9249
f 9233 9249 9232
f 9232 9249 9250
f 9232 9250 9231
f 9231 9250 9251
f 9231 9251 9230
f 9230 9251 9252
f 9230 9252 9229
f 9229 9252 9253
f 9229 9253 9228
f 9228 9253 9254
f 9228 9254 9227
f 9227 9254 9255
f 9227 9255 9226
f 9226 9255 9256
f 9226 9256 9225
f 9225 9256 9257
f 9225 9257 9224
f 9224 9257 9258
f 9224 9258 9223
f 9223 9258 9259
f 9223 9259 9222
f 9222 9259 9260
f 9222 9260 9221
f 9221 9260 9261
f 9221 9261 9220
f 9220 9261 9262
f 9220 9262 9219
f 9219 9262 9263
f 9219 9263 9218
f 9218 9263 9264
f 9218 9264 9217
f 9217 9264 9265
f 9217 9265 9216
f 9216 9265 9266
f 9216 9266 9215
f 9215 9266 9267
f 9215 9267 9214
f 9214 9267 9268
f 9214 9268 9213
f 9213 9268 9269
f 9213 9269 9212
f 9212 9269 9270
f 9212 9270 9211
f 9211 9270 9271
f 9211 9271 9210
f 9210 9271 9272
f 9210 9272 9209
f 9209 9272 9273
f 9209 9273 9208
f 9208 9273 9274
f 9208 9274 9207
f 9207 9274 9275
f 9207 9275 9206
f 9206 9275 9276
f 9206 9276 9205
f 9205 9276 9277
f 9205 9277 9204
f 9204 9277 9278
f 9204 9278 9203
f 9203 9278 9279
f 9203 9279 9202
f 9202 9279 9280
f 9202 9280 9201
f 9201 9280 9281
f 9201 9281 9200
f 9200 9281 9282
f 9200 9282 9199
f 9199 9282 9283
f 9199 9283 9198
f 9198 9283 9284
f 9198 9284 9197
f 9197 9284 9285
f 9197 9285 9196
f 9196 9285 9286
f 9196 9286 9195
f 9195 9286 9287
f 9195 9287 9194
f 9194 9287 9288
f 9194 9288 9193
f 9193 9288 9289
f 9193 9289 9192
f 9192 9289 9290
f 9192 9290 9191
f 9191 9290 9291
f 9191 9291 9190
f 9190 9291 9292
f 9190 9292 9189
f 9189 9292 9293
f 9189 9293 9188
f 9188 9293 9294
f 9188 9294 9187
f 9187 9294 9295
f 9187 9295 9186
f 9186 9295 9296
f 9186 9296 9185
f 9185 9296 9297
f 9185 9297 9184
f 9184 9297 9298
f 9184 9298 9183
f 9183 9298 9299
f 9183 9299 9182
f 9182 9299 9300
f 9182 9300 9181
f 9181 9300 9301
f 9181 9301 9180
f 9180 9301 9302
f 9180 9302 9179
f 9179 9302 9303
f 9179 9303 9178
f 9178 9303 9304
f 9178 9304 9177
f 9177 9304 9305
f 9177 9305 9176
f 9176 9305 9306
f 9176 9306 9175
f 9175 9306 9307
f 9175 9307 9174
f 9174 9307 9308
f 9174 9308 9173
f 9173 9308 9309
f 9173 9309 9172
f 9172 9309 9310
f 9172 9310 9171
f 9171 9310 9311
f 9171 9311 9170
f 9170 9311 9312
f 9170 9312 9169
f 9169 9312 9313
f 9169 9313 9168
f 9168 9313 9314
f 9168 9314 9167
f 9167 9314 9315
f 9167 9315 9166
f 9166 9315 9316
f 9166 9316 9165
f 9165 9316 9119
f 9165 9119 9118
f 9118 9119 9000
f 9118 9000 8998
f 8917 9096 9095
f 9095 9096 9317
f 9095 9317 9241
f 9241 9317 9318
f 9241 9318 9242
f 9242 9318 9319
f 9242 9319 9243
f 9243 9319 9320
f 9243 9320 9244
f 9244 9320 9321
f 9244 9321 9245
f 9245 9321 9322
f 9245 9322 9246
f 9246 9322 9323
f 9246 9323 9247
f 9247 9323 9324
f 9247 9324 9248
f 9248 9324 9325
f 9248 9325 9249
f 9249 9325 9326
f 9249 9326 9250
f 9250 9326 9327
f 9250 9327 9251
f 9251 9327 9328
f 9251 9328 9252
f 9252 9328 9329
f 9252 9329 9253
f 9253 9329 9330
f 9253 9330 9254
f 9254 9330 9331
f 9254 9331 9255
f 9255 9331 9332
f 9255 9332 9256
f 9256 9332 9333
f 9256 9333 9257
f 9257 9333 9334
f 9257 9334 9258
f 9258 9334 9335
f 9258 9335 9259
f 9259 9335 9336
f 9259 9336 9260
f 9260 9336 9337
f 9260 9337 9261
f 9261 9337 9338
f 9261 9338 9262
f 9262 9338 9339
f 9262 9339 9263
f 9263 9339 9340
f 9263 9340 9264
f 9264 9340 9341
f 9264 9341 9265
f 9265 9341 9342
f 9265 9342 9266
f 9266 9342 9343
f 9266 9343 9267
f 9267 9343 9344
f 9267 9344 9268
f 9268 9344 9345
f 9268 9345 9269
f 9269 9345 9346
f 9269 9346 9270
f 9270 9346 9347
f 9270 9347 9271
f 9271 9347 9348
f 9271 9348 9272
f 9272 9348 9349
f 9272 9349 9273
f 9273 9349 9350
f 9273 9350 9274
f 9274 9350 9351
f 9274 9351 9275
f 9275 9351 9352
f 9275 9352 9276
f 9276 9352 9353
f 9276 9353 9277
f 9277 9353 9354
f 9277 9354 9278
f 9278 9354 9355
f 9278 9355 9279
f 9279 9355 9356
f 9279 9356 9280
f 9280 9356 9357
f 9280 9357 9281
f 9281 9357 9358
f 9281 9358 9282
f 9282 9358 9359
f 9282 9359 9283
f 9283 9359 9360
f 9283 9360 9284
f 9284 9360 9361
f 9284 9361 9285
f 9285 9361 9362
f 9285 9362 9286
f 9286 9362 9363
f 9286 9363 9287
f 9287 9363 9364
f 9287 9364 9288
f 9288 9364 9365
f 9288 9365 9289
f 9289 9365 9366
f 9289 9366 9290
f 9290 9366 9367
f 9290 9367 9291
f 9291 9367 9368
f 9291 9368 9292
f 9292 9368 9369
f 9292 9369 9293
f 9293 9369 9370
f 9293 9370 9294
f 9294 9370 9371
f 9294 9371 9295
f 9295 9371 9372
f 9295 9372 9296
f 9296 9372 9373
f 9296 9373 9297
f 9297 9373 9374
f 9297 9374 9298
f 9298 9374 9375
f 9298 9375 9299
f 9299 9375 9376
f 9299 9376 9300
f 9300 9376 9377
f 9300 9377 9301
f 9301 9377 9378
f 9301 9378 9302
f 9302 9378 9379
f 9302 9379 9303
f 9303 9379 9380
f 9303 9380 9304
f 9304 9380 9381
f 9304 9381 9305
f 9305 9381 9382
f 9305 9382 9306
f 9306 9382 9383
f 9306 9383 9307
f 9307 9383 9384
f 9307 9384 9308
f 9308 9384 9385
f 9308 9385 9309
f 9309 9385 9386
f 9309 9386 9310
f 9310 9386 9387
f 9310 9387 9311
f 9311 9387 9388
f 9311 9388 9312
f 9312 9388 9389
f 9312 9389 9313
f 9313 9389 9390
f 9313 9390 9314
f 9314 9390 9391
f 9314 9391 9315
f 9315 9391 9392
f 9315 9392 9316
f 9316 9392 9120
f 9316 9120 9119
f 9119 9120 9002
f 9119 9002 9001
f 8915 9116 9096
f 9096 9116 9393
f 9096 9393 9317
f 9317 9393 9394
f 9317 9394 9318
f 9318 9394 9395
f 9318 9395 9319
f 9319 9395 9396
f 9319 9396 9320
f 9320 9396 9397
f 9320 9397 9321
f 9321 9397 9398
f 9321 9398 9322
f 9322 9398 9399
f 9322 9399 9323
f 9323 9399 9400
f 9323 9400 9324
f 9324 9400 9401
f 9324 9401 9325
f 9325 9401 9402
f 9325 9402 9326
f 9326 9402 9403
f 9326 9403 9327
f 9327 9403 9404
f 9327 9404 9328
f 9328 9404 9405
f 9328 9405 9329
f 9329 9405 9406
f 9329 9406 9330
f 9330 9406 9407
f 9330 9407 9331
f 9331 9407 9408
f 9331 9408 9332
f 9332 9408 9409
f 9332 9409 9333
f 9333 9409 9410
f 9333 9410 9334
f 9334 9410 9411
f 9334 9411 9335
f 9335 9411 9412
f 9335 9412 9336
f 9336 9412 9413
f 9336 9413 9337
f 9337 9413 9414
f 9337 9414 9338
f 9338 9414 9415
f 9338 9415 9339
f 9339 9415 9416
f 9339 9416 9340
f 9340 9416 9417
f 9340 9417 9341
f 9341 9417 9418
f 9341 9418 9342
f 9342 9418 9419
f 9342 9419 9343
f 9343 9419 9420
f 9343 9420 9344
f 9344 9420 9421
f 9344 9421 9345
f 9345 9421 9422
f 9345 9422 9346
f 9346 9422 9423
f 9346 9423 9347
f 9347 9423 9424
f 9347 9424 9348
f 9348 9424 9425
f 9348 9425 9349
f 9349 9425 9426
f 9349 9426 9350
f 9350 9426 9427
f 9350 9427 9351
f 9351 9427 9428
f 9351 9428 9352
f 9352 9428 9429
f 9352 9429 9353
f 9353 9429 9430
f 9353 9430 9354
f 9354 9430 9431
f 9354 9431 9355
f 9355 9431 9432
f 9355 9432 9356
f 9356 9432 9433
f 9356 9433 9357
f 9357 9433 9434
f 9357 9434 9358
f 9358 9434 9435
f 9358 9435 9359
f 9359 9435 9436
f 9359 9436 9360
f 9360 9436 9437
f 9360 9437 9361
f 9361 9437 9438
f 9361 9438 9362
f 9362 9438 9439
f 9362 9439 9363
f 9363 9439 9440
f 9363 9440 9364
f 9364 9440 9441
f 9364 9441 9365
f 9365 9441 9442
f 9365 9442 9366
f 9366 9442 9443
f 9366 9443 9367
f 9367 9443 9444
f 9367 9444 9368
f 9368 9444 9445
f 9368 9445 9369
f 9369 9445 9446
f 9369 9446 9370
f 9370 9446 9447
f 9370 9447 9371
f 9371 9447 9448
f 9371 9448 9372
f 9372 9448 9449
f 9372 9449 9373
f 9373 9449 9450
f 9373 9450 9374
f 9374 9450 9451
f 9374 9451 9375
f 9375 9451 9452
f 9375 9452 9376
f 9376 9452 9453
f 9376 9453 9377
f 9377 9453 9454
f 9377 9454 9378
f 9378 9454 9455
f 9378 9455 9379
f 9379 9455 9456
f 9379 9456 9380
f 9380 9456 9457
f 9380 9457 9381
f 9381 9457 9458
f 9381 9458 9382
f 9382 9458 9459
f 9382 9459 9383
f 9383 9459 9460
f 9383 9460 9384
f 9384 9460 9461
f 9384 9461 9385
f 9385 9461 9462
f 9385 9462 9386
f 9386 9462 9463
f 9386 9463 9387
f 9387 9463 9464
f 9387 9464 9388
f 9388 9464 9465
f 9388 9465 9389
f 9389 9465 9466
f 9389 9466 9390
f 9390 9466 9467
f 9390 9467 9391
f 9391 9467 9468
f 9391 9468 9392
f 9392 9468 9469
f 9392 9469 9120
f 9120 9469 9004
f 9120 9004 9003
f 8912 9097 9116
f 9116 9097 9470
f 9116 9470 9393
f 9393 9470 9471
f 9393 9471 9394
f 9394 9471 9472
f 9394 9472 9395
f 9395 9472 9473
f 9395 9473 9396
f 9396 9473 9474
f 9396 9474 9397
f 9397 9474 9475
f 9397 9475 9398
f 9398 9475 9476
f 9398 9476 9399
f 9399 9476 9477
f 9399 9477 9400
f 9400 9477 9478
f 9400 9478 9401
f 9401 9478 9479
f 9401 9479 9402
f 9402 9479 9480
f 9402 9480 9403
f 9403 9480 9481
f 9403 9481 9404
f 9404 9481 9482
f 9404 9482 9405
f 9405 9482 9483
f 9405 9483 9406
f 9406 9483 9484
f 9406 9484 9407
f 9407 9484 9485
f 9407 9485 9408
f 9408 9485 9486
f 9408 9486 9409
f 9409 9486 9487
f 9409 9487 9410
f 9410 9487 9488
f 9410 9488 9411
f 9411 9488 9489
f 9411 9489 9412
f 9412 9489 9490
f 9412 9490 9413
f 9413 9490 9491
f 9413 9491 9414
f 9414 9491 9492
f 9414 9492 9415
f 9415 9492 9493
f 9415 9493 9416
f 9416 9493 9494
f 9416 9494 9417
f 9417 9494 9495
f 9417 9495 9418
f 9418 9495 9496
f 9418 9496 9419
f 9419 9496 9497
f 9419 9497 9420
f 9420 9497 9498
f 9420 9498 9421
f 9421 9498 9499
f 9421 9499 9422
f 9422 9499 9500
f 9422 9500 9423
f 9423 9500 9501
f 9423 9501 9424
f 9424 9501 9502
f 9424 9502 9425
f 9425 9502 9503
f 9425 9503 9426
f 9426 9503 9504
f 9426 9504 9427
f 9427 9504 9505
f 9427 9505 9428
f 9428 9505 9506
f 9428 9506 9429
f 9429 9506 9507
f 9429 9507 9430
f 9430 9507 9508
f 9430 9508 9431
f 9431 9508 9509
f 9431 9509 9432
f 9432 9509 9510
f 9432 9510 9433
f 9433 9510 9511
f 9433 9511 9434
f 9434 9511 9512
f 9434 9512 9435
f 9435 9512 9513
f 9435 9513 9436
f 9436 9513 9514
f 9436 9514 9437
f 9437 9514 9515
f 9437 9515 9438
f 9438 9515 9516
f 9438 9516 9439
f 9439 9516 9517
f 9439 9517 9440
f 9440 9517 9518
f 9440 9518 9441
f 9441 9518 9519
f 9441 9519 9442
f 9442 9519 9520
f 9442 9520 9443
f 9443 9520 9521
f 9443 9521 9444
f 9444 9521 9522
f 9444 9522 9445
f 9445 9522 9523
f 9445 9523 9446
f 9446 9523 9524
f 9446 9524 9447
f 9447 9524 9525
f 9447 9525 9448
f 9448 9525 9526
f 9448 9526 9449
f 9449 9526 9527
f 9449 9527 9450
f 9450 9527 9528
f 9450 9528 9451
f 9451 9528 9529
f 9451 9529 9452
f 9452 9529 9530
f 9452 9530 9453
f 9453 9530 9531
f 9453 9531 9454
f 9454 9531 9532
f 9454 9532 9455
f 9455 9532 9533
f 9455 9533 9456
f 9456 9533 9534
f 9456 9534 9457
f 9457 9534 9535
f 9457 9535 9458
f 9458 9535 9536
f 9458 9536 9459
f 9459 9536 9537
f 9459 9537 9460
f 9460 9537 9538
f 9460 9538 9461
f 9461 9538 9539
f 9461 9539 9462
f 9462 9539 9540
f 9462 9540 9463
f 9463 9540 9541
f 9463 9541 9464
f 9464 9541 9542
f 9464 9542 9465
f 9465 9542 9543
f 9465 9543 9466
f 9466 9543 9544
f 9466 9544 9467
f 9467 9544 9545
f 9467 9545 9468
f 9468 9545 9121
f 9468 9121 9469
f 9469 9121 9005
f 9469 9005 9004
f 8910 9098 9097
f 9097 9098 9546
f 9097 9546 9470
f 9470 9546 9547
f 9470 9547 9471
f 9471 9547 9548
f 9471 9548 9472
f 9472 9548 9549
f 9472 9549 9473
f 9473 9549 9550
f 9473 9550 9474
f 9474 9550 9551
f 9474 9551 9475
f 9475 9551 9552
f 9475 9552 9476
f 9476 9552 9553
f 9476 9553 9477
f 9477 9553 9554
f 9477 9554 9478
f 9478 9554 9555
f 9478 9555 9479
f 9479 9555 9556
f 9479 9556 9480
f 9480 9556 9557
f 9480 9557 9481
f 9481 9557 9558
f 9481 9558 9482
f 9482 9558 9559
f 9482 9559 9483
f 9483 9559 9560
f 9483 9560 9484
f 9484 9560 9561
f 9484 9561 9485
f 9485 9561 9562
f 9485 9562 9486
f 9486 9562 9563
f 9486 9563 9487
f 9487 9563 9564
f 9487 9564 9488
f 9488 9564 9565
f 9488 9565 9489
f 9489 9565 9566
f 9489 9566 9490
f 9490 9566 9567
f 9490 9567 9491
f 9491 9567 9568
f 9491 9568 9492
f 9492 9568 9569
f 9492 9569 9493
f 9493 9569 9570
f 9493 9570 9494
f 9494 9570 9571
f 9494 9571 9495
f 9495 9571 9572
f 9495 9572 9496
f 9496 9572 9573
f 9496 9573 9497
f 9497 9573 9574
f 9497 9574 9498
f 9498 9574 9575
f 9498 9575 9499
f 9499 9575 9576
f 9499 9576 9500
f 9500 9576 9577
f 9500 9577 9501
f 9501 9577 9578
f 9501 9578 9502
f 9502 9578 9579
f 9502 9579 9503
f 9503 9579 9580
f 9503 9580 9504
f 9504 9580 9581
f 9504 9581 9505
f 9505 9581 9582
f 9505 9582 9506
f 9506 9582 9583
f 9506 9583 9507
f 9507 9583 9584
f 9507 9584 9508
f 9508 9584 9585
f 9508 9585 9509
f 9509 9585 9586
f 9509 9586 9510
f 9510 9586 9587
f 9510 9587 9511
f 9511 9587 9588
f 9511 9588 9512
f 9512 9588 9589
f 9512 9589 9513
f 9513 9589 9590
f 9513 9590 9514
f 9514 9590 9591
f 9514 9591 9515
f 9515 9591 9592
f 9515 9592 9516
f 9516 9592 9593
f 9516 9593 9517
f 9517 9593 9594
f 9517 9594 9518
f 9518 9594 9595
f 9518 9595 9519
f 9519 9595 9596
f 9519 9596 9520
f 9520 9596 9597
f 9520 9597 9521
f 9521 9597 9598
f 9521 9598 9522
f 9522 9598 9599
f 9522 9599 9523
f 9523 9599 9600
f 9523 9600 9524
f 9524 9600 9601
f 9524 9601 9525
f 9525 9601 9602
f 9525 9602 9526
f 9526 9602 9603
f 9526 9603 9527
f 9527 9603 9604
f 9527 9604 9528
f 9528 9604 9605
f 9528 9605 9529
f 9529 9605 9606
f 9529 9606 9530
f 9530 9606 9607
f 9530 9607 9531
f 9531 9607 9608
f 9531 9608 9532
f 9532 9608 9609
f 9532 9609 9533
f 9533 9609 9610
f 9533 9610 9534
f 9534 9610 9611
f 9534 9611 9535
f 9535 9611 9612
f 9535 9612 9536
f 9536 9612 9613
f 9536 9613 9537
f 9537 9613 9614
f 9537 9614 9538
f 9538 9614 9615
f 9538 9615 9539
f 9539 9615 9616
f 9539 9616 9540
f 9540 9616 9617
f 9540 9617 9541
f 9541 9617 9618
f 9541 9618 9542
f 9542 9618 9619
f 9542 9619 9543
f 9543 9619 9620
f 9543 9620 9544
f 9544 9620 9621
f 9544 9621 9545
f 9545 9621 9122
f 9545 9122 9121
f 9121 9122 9006
f 8908 9099 9098
f 9098 9099 9622
f 9098 9622 9546
f 9546 9622 9623
f 9546 9623 9547
f 9547 9623 9624
f 9547 9624 9548
f 9548 9624 9625
f 9548 9625 9549
f 9549 9625 9626
f 9549 9626 9550
f 9550 9626 9627
f 9550 9627 9551
f 9551 9627 9628
f 9551 9628 9552
f 9552 9628 9629
f 9552 9629 9553
f 9553 9629 9630
f 9553 9630 9554
f 9554 9630 9631
f 9554 9631 9555
f 9555 9631 9632
f 9555 9632 9556
f 9556 9632 9633
f 9556 9633 9557
f 9557 9633 9634
f 9557 9634 9558
f 9558 9634 9635
f 9558 9635 9559
f 9559 9635 9636
f 9559 9636 9560
f 9560 9636 9637
f 9560 9637 9561
f 9561 9637 9638
f 9561 9638 9562
f 9562 9638 9639
f 9562 9639 9563
f 9563 9639 9640
f 9563 9640 9564
f 9564 9640 9641
f 9564 9641 9565
f 9565 9641 9642
f 9565 9642 9566
f 9566 9642 9643
f 9566 9643 9567
f 9567 9643 9644
f 9567 9644 9568
f 9568 9644 9645
f 9568 9645 9569
f 9569 9645 9646
f 9569 9646 9570
f 9570 9646 9647
f 9570 9647 9571
f 9571 9647 9648
f 9571 9648 9572
f 9572 9648 9649
f 9572 9649 9573
f 9573 9649 9650
f 9573 9650 9574
f 9574 9650 9651
f 9574 9651 9575
f 9575 9651 9652
f 9575 9652 9576
f 9576 9652 9653
f 9576 9653 9577
f 9577 9653 9654
f 9577 9654 9578
f 9578 9654 9655
f 9578 9655 9579
f 9579 9655 9656
f 9579 9656 9580
f 9580 9656 9657
f 9580 9657 9581
f 9581 9657 9658
f 9581 9658 9582
f 9582 9658 9659
f 9582 9659 9583
f 9583 9659 9660
f 9583 9660 9584
f 9584 9660 9661
f 9584 9661 9585
f 9585 9661 9662
f 9585 9662 9586
f 9586 9662 9663
f 9586 9663 9587
f 9587 9663 9664
f 9587 9664 9588
f 9588 9664 9665
f 9588 9665 9589
f 9589 9665 9666
f 9589 9666 9590
f 9590 9666 9667
f 9590 9667 9591
f 9591 9667 9668
f 9591 9668 9592
f 9592 9668 9669
f 9592 9669 9593
f 9593 9669 9670
f 9593 9670 9594
f 9594 9670 9671
f 9594 9671 9595
f 9595 9671 9672
f 9595 9672 9596
f 9596 9672 9673
f 9596 9673 9597
f 9597 9673 9674
f 9597 9674 9598
f 9598 9674 9675
f 9598 9675 9599
f 9599 9675 9676
f 9599 9676 9600
f 9600 9676 9677
f 9600 9677 9601
f 9601 9677 9678
f 9601 9678 9602
f 9602 9678 9679
f 9602 9679 9603
f 9603 9679 9680
f 9603 9680 9604
f 9604 9680 9681
f 9604 9681 9605
f 9605 9681 9682
f 9605 9682 9606
f 9606 9682 9683
f 9606 9683 9607
f 9607 9683 9684
f 9607 9684 9608
f 9608 9684 9685
f 9608 9685 9609
f 9609 9685 9686
f 9609 9686 9610
f 9610 9686 9687
f 9610 9687 9611
f 9611 9687 9688
f 9611 9688 9612
f 9612 9688 9689
f 9612 9689 9613
f 9613 9689 9690
f 9613 9690 9614
f 9614 9690 9691
f 9614 9691 9615
f 9615 9691 9692
f 9615 9692 9616
f 9616 9692 9693
f 9616 9693 9617
f 9617 9693 9694
f 9617 9694 9618
f 9618 9694 9695
f 9618 9695 9619
f 9619 9695 9696
f 9619 9696 9620
f 9620 9696 9697
f 9620 9697 9621
f 9621 9697 9698
f 9621 9698 9122
f 8956 9100 9099
f 9099 9100 9699
f 9099 9699 9622
f 9622 9699 9700
f 9622 9700 9623
f 9623 9700 9701
f 9623 9701 9624
f 9624 9701 9702
f 9624 9702 9625
f 9625 9702 9703
f 9625 9703 9626
f 9626 9703 9704
f 9626 9704 9627
f 9627 9704 9705
f 9627 9705 9628
f 9628 9705 9706
f 9628 9706 9629
f 9629 9706 9707
f 9629 9707 9630
f 9630 9707 9708
f 9630 9708 9631
f 9631 9708 9709
f 9631 9709 9632
f 9632 9709 9710
f 9632 9710 9633
f 9633 9710 9711
f 9633 9711 9634
f 9634 9711 9712
f 9634 9712 9635
f 9635 9712 9713
f 9635 9713 9636
f 9636 9713 9714
f 9636 9714 9637
f 9637 9714 9715
f 9637 9715 9638
f 9638 9715 9716
f 9638 9716 9639
f 9639 9716 9717
f 9639 9717 9640
f 9640 9717 9718
f 9640 9718 9641
f 9641 9718 9719
f 9641 9719 9642
f 9642 9719 9720
f 9642 9720 9643
f 9643 9720 9721
f 9643 9721 9644
f 9644 9721 9722
f 9644 9722 9645
f 9645 9722 9723
f 9645 9723 9646
f 9646 9723 9724
f 9646 9724 9647
f 9647 9724 9725
f 9647 9725 9648
f 9648 9725 9726
f 9648 9726 9649
f 9649 9726 9727
f 9649 9727 9650
f 9650 9727 9728
f 9650 9728 9651
f 9651 9728 9729
f 9651 9729 9652
f 9652 9729 9730
f 9652 9730 9653
f 9653 9730 9731
f 9653 9731 9654
f 9654 9731 9732
f 9654 9732 9655
f 9655 9732 9733
f 9655 9733 9656
f 9656 9733 9734
f 9656 9734 9657
f 9657 9734 9735
f 9657 9735 9658
f 9658 9735 9736
f 9658 9736 9659
f 9659 9736 9737
f 9659 9737 9660
f 9660 9737 9738
f 9660 9738 9661
f 9661 9738 9739
f 9661 9739 9662
f 9662 9739 9740
f 9662 9740 9663
f 9663 9740 9741
f 9663 9741 9664
f 9664 9741 9742
f 9664 9742 9665
f 9665 9742 9743
f 9665 9743 9666
f 9666 9743 9744
f 9666 9744 9667
f 9667 9744 9745
f 9667 9745 9668
f 9668 9745 9746
f 9668 9746 9669
f 9669 9746 9747
f 9669 9747 9670
f 9670 9747 9748
f 9670 9748 9671
f 9671 9748 9749
f 9671 9749 9672
f 9672 9749 9750
f 9672 9750 9673
f 9673 9750 9751
f 9673 9751 9674
f 9674 9751 9752
f 9674 9752 9675
f 9675 9752 9753
f 9675 9753 9676
f 9676 9753 9754
f 9676 9754 9677
f 9677 9754 9755
f 9677 9755 9678
f 9678 9755 9756
f 9678 9756 9679
f 9679 9756 9757
f 9679 9757 9680
f 9680 9757 9758
f 9680 9758 9681
f 9681 9758 9759
f 9681 9759 9682
f 9682 9759 9760
f 9682 9760 9683
f 9683 9760 9761
f 9683 9761 9684
f 9684 9761 9762
f 9684 9762 9685
f 9685 9762 9763
f 9685 9763 9686
f 9686 9763 9764
f 9686 9764 9687
f 9687 9764 9765
f 9687 9765 9688
f 9688 9765 9766
f 9688 9766 9689
f 9689 9766 9767
f 9689 9767 9690
f 9690 9767 9768
f 9690 9768 9691
f 9691 9768 9769
f 9691 9769 9692
f 9692 9769 9770
f 9692 9770 9693
f 9693 9770 9771
f 9693 9771 9694
f 9694 9771 9772
f 9694 9772 9695
f 9695 9772 9773
f 9695 9773 9696
f 9696 9773 9774
f 9696 9774 9697
f 9697 9774 9775
f 9697 9775 9698
f 9698 9775 9029
f 9698 9029 9122
f 9122 9029 9007
f 8954 9101 9100
f 9100 9101 9776
f 9100 9776 9699
f 9699 9776 9777
f 9699 9777 9700
f 9700 9777 9778
f 9700 9778 9701
f 9701 9778 9779
f 9701 9779 9702
f 9702 9779 9780
f 9702 9780 9703
f 9703 9780 9781
f 9703 9781 9704
f 9704 9781 9782
f 9704 9782 9705
f 9705 9782 9783
f 9705 9783 9706
f 9706 9783 9784
f 9706 9784 9707
f 9707 9784 9785
f 9707 9785 9708
f 9708 9785 9786
f 9708 9786 9709
f 9709 9786 9787
f 9709 9787 9710
f 9710 9787 9788
f 9710 9788 9711
f 9711 9788 9789
f 9711 9789 9712
f 9712 9789 9790
f 9712 9790 9713
f 9713 9790 9791
f 9713 9791 9714
f 9714 9791 9792
f 9714 9792 9715
f 9715 9792 9793
f 9715 9793 9716
f 9716 9793 9794
f 9716 9794 9717
f 9717 9794 9795
f 9717 9795 9718
f 9718 9795 9796
f 9718 9796 9719
f 9719 9796 9797
f 9719 9797 9720
f 9720 9797 9798
f 9720 9798 9721
f 9721 9798 9799
f 9721 9799 9722
f 9722 9799 9800
f 9722 9800 9723
f 9723 9800 9801
f 9723 9801 9724
f 9724 9801 9802
f 9724 9802 9725
f 9725 9802 9803
f 9725 9803 9726
f 9726 9803 9804
f 9726 9804 9727
f 9727 9804 9805
f 9727 9805 9728
f 9728 9805 9806
f 9728 9806 9729
f 9729 9806 9807
f 9729 9807 9730
f 9730 9807 9808
f 9730 9808 9731
f 9731 9808 9809
f 9731 9809 9732
f 9732 9809 9810
f 9732 9810 9733
f 9733 9810 9811
f 9733 9811 9734
f 9734 9811 9812
f 9734 9812 9735
f 9735 9812 9813
f 9735 9813 9736
f 9736 9813 9814
f 9736 9814 9737
f 9737 9814 9815
f 9737 9815 9738
f 9738 9815 9816
f 9738 9816 9739
f 9739 9816 9817
f 9739 9817 9740
f 9740 9817 9818
f 9740 9818 9741
f 9741 9818 9819
f 9741 9819 9742
f 9742 9819 9820
f 9742 9820 9743
f 9743 9820 9821
f 9743 9821 9744
f 9744 9821 9822
f 9744 9822 9745
f 9745 9822 9823
f 9745 9823 9746
f 9746 9823 9824
f 9746 9824 9747
f 9747 9824 9825
f 9747 9825 9748
f 9748 9825 9826
f 9748 9826 9749
f 9749 9826 9827
f 9749 9827 9750
f 9750 9827 9828
f 9750 9828 9751
f 9751 9828 9829
f 9751 9829 9752
f 9752 9829 9830
f 9752 9830 9753
f 9753 9830 9831
f 9753 9831 9754
f 9754 9831 9832
f 9754 9832 9755
f 9755 9832 9833
f 9755 9833 9756
f 9756 9833 9834
f 9756 9834 9757
f 9757 9834 9835
f 9757 9835 9758
f 9758 9835 9836
f 9758 9836 9759
f 9759 9836 9837
f 9759 9837 9760
f 9760 9837 9838
f 9760 9838 9761
f 9761 9838 9839
f 9761 9839 9762
f 9762 9839 9840
f 9762 9840 9763
f 9763 9840 9841
f 9763 9841 9764
f 9764 9841 9842
f 9764 9842 9765
f 9765 9842 9843
f 9765 9843 9766
f 9766 9843 9844
f 9766 9844 9767
f 9767 9844 9845
f 9767 9845 9768
f 9768 9845 9846
f 9768 9846 9769
f 9769 9846 9847
f 9769 9847 9770
f 9770 9847 9848
f 9770 9848 9771
f 9771 9848 9849
f 9771 9849 9772
f 9772 9849 9850
f 9772 9850 9773
f 9773 9850 9851
f 9773 9851 9774
f 9774 9851 9123
f 9774 9123 9775
f 9775 9123 9030
f 9775 9030 9029
f 8953 9102 9101
f 9101 9102 9852
f 9101 9852 9776
f 9776 9852 9853
f 9776 9853 9777
f 9777 9853 9854
f 9777 9854 9778
f 9778 9854 9855
f 9778 9855 9779
f 9779 9855 9856
f 9779 9856 9780
f 9780 9856 9857
f 9780 9857 9781
f 9781 9857 9858
f 9781 9858 9782
f 9782 9858 9859
f 9782 9859 9783
f 9783 9859 9860
f 9783 9860 9784
f 9784 9860 9861
f 9784 9861 9785
f 9785 9861 9862
f 9785 9862 9786
f 9786 9862 9863
f 9786 9863 9787
f 9787 9863 9864
f 9787 9864 9788
f 9788 9864 9865
f 9788 9865 9789
f 9789 9865 9866
f 9789 9866 9790
f 9790 9866 9867
f 9790 9867 9791
f 9791 9867 9868
f 9791 9868 9792
f 9792 9868 9869
f 9792 9869 9793
f 9793 9869 9870
f 9793 9870 9794
f 9794 9870 9871
f 9794 9871 9795
f 9795 9871 9872
f 9795 9872 9796
f 9796 9872 9873
f 9796 9873 9797
f 9797 9873 9874
f 9797 9874 9798
f 9798 9874 9875
f 9798 9875 9799
f 9799 9875 9876
f 9799 9876 9800
f 9800 9876 9877
f 9800 9877 9801
f 9801 9877 9878
f 9801 9878 9802
f 9802 9878 9879
f 9802 9879 9803
f 9803 9879 9880
f 9803 9880 9804
f 9804 9880 9881
f 9804 9881 9805
f 9805 9881 9882
f 9805 9882 9806
f 9806 9882 9883
f 9806 9883 9807
f 9807 9883 9884
f 9807 9884 9808
f 9808 9884 9885
f 9808 9885 9809
f 9809 9885 9886
f 9809 9886 9810
f 9810 9886 9887
f 9810 9887 9811
f 9811 9887 9888
f 9811 9888 9812
f 9812 9888 9889
f 9812 9889 9813
f 9813 9889 9890
f 9813 9890 9814
f 9814 9890 9891
f 9814 9891 9815
f 9815 9891 9892
f 9815 9892 9816
f 9816 9892 9893
f 9816 9893 9817
f 9817 9893 9894
f 9817 9894 9818
f 9818 9894 9895
f 9818 9895 9819
f 9819 9895 9896
f 9819 9896 9820
f 9820 9896 9897
f 9820 9897 9821
f 9821 9897 9898
f 9821 9898 9822
f 9822 9898 9899
f 9822 9899 9823
f 9823 9899 9900
f 9823 9900 9824
f 9824 9900 9901
f 9824 9901 9825
f 9825 9901 9902
f 9825 9902 9826
f 9826 9902 9903
f 9826 9903 9827
f 9827 9903 9904
f 9827 9904 9828
f 9828 9904 9905
f 9828 9905 9829
f 9829 9905 9906
f 9829 9906 9830
f 9830 9906 9907
f 9830 9907 9831
f 9831 9907 9908
f 9831 9908 9832
f 9832 9908 9909
f 9832 9909 9833
f 9833 9909 9910
f 9833 9910 9834
f 9834 9910 9911
f 9834 9911 9835
f 9835 9911 9912
f 9835 9912 9836
f 9836 9912 9913
f 9836 9913 9837
f 9837 9913 9914
f 9837 9914 9838
f 9838 9914 9915
f 9838 9915 9839
f 9839 9915 9916
f 9839 9916 9840
f 9840 9916 9917
f 9840 9917 9841
f 9841 9917 9918
f 9841 9918 9842
f 9842 9918 9919
f 9842 9919 9843
f 9843 9919 9920
f 9843 9920 9844
f 9844 9920 9921
f 9844 9921 9845
f 9845 9921 9922
f 9845 9922 9846
f 9846 9922 9923
f 9846 9923 9847
f 9847 9923 9924
f 9847 9924 9848
f 9848 9924 9925
f 9848 9925 9849
f 9849 9925 9926
f 9849 9926 9850
f 9850 9926 9927
f 9850 9927 9851
f 9851 9927 9124
f 9851 9124 9123
f 9123 9124 9032
f 9123 9032 9031
f 8951 9103 9102
f 9102 9103 9928
f 9102 9928 9852
f 9852 9928 9929
f 9852 9929 9853
f 9853 9929 9930
f 9853 9930 9854
f 9854 9930 9931
f 9854 9931 9855
f 9855 9931 9932
f 9855 9932 9856
f 9856 9932 9933
f 9856 9933 9857
f 9857 9933 9934
f 9857 9934 9858
f 9858 9934 9935
f 9858 9935 9859
f 9859 9935 9936
f 9859 9936 9860
f 9860 9936 9937
f 9860 9937 9861
f 9861 9937 9938
f 9861 9938 9862
f 9862 9938 9939
f 9862 9939 9863
f 9863 9939 9940
f 9863 9940 9864
f 9864 9940 9941
f 9864 9941 9865
f 9865 9941 9942
f 9865 9942 9866
f 9866 9942 9943
f 9866 9943 9867
f 9867 9943 9944
f 9867 9944 9868
f 9868 9944 9945
f 9868 9945 9869
f 9869 9945 9946
f 9869 9946 9870
f 9870 9946 9947
f 9870 9947 9871
f 9871 9947 9948
f 9871 9948 9872
f 9872 9948 9949
f 9872 9949 9873
f 9873 9949 9950
f 9873 9950 9874
f 9874 9950 9951
f 9874 9951 9875
f 9875 9951 9952
f 9875 9952 9876
f 9876 9952 9953
f 9876 9953 9877
f 9877 9953 9954
f 9877 9954 9878
f 9878 9954 9955
f 9878 9955 9879
f 9879 9955 9956
f 9879 9956 9880
f 9880 9956 9957
f 9880 9957 9881
f 9881 9957 9958
f 9881 9958 9882
f 9882 9958 9959
f 9882 9959 9883
f 9883 9959 9960
f 9883 9960 9884
f 9884 9960 9961
f 9884 9961 9885
f 9885 9961 9962
f 9885 9962 9886
f 9886 9962 9963
f 9886 9963 9887
f 9887 9963 9964
f 9887 9964 9888
f 9888 9964 9965
f 9888 9965 9889
f 9889 9965 9966
f 9889 9966 9890
f 9890 9966 9967
f 9890 9967 9891
f 9891 9967 9968
f 9891 9968 9892
f 9892 9968 9969
f 9892 9969 9893
f 9893 9969 9970
f 9893 9970 9894
f 9894 9970 9971
f 9894 9971 9895
f 9895 9971 9972
f 9895 9972 9896
f 9896 9972 9973
f 9896 9973 9897
f 9897 9973 9974
f 9897 9974 9898
f 9898 9974 9975
f 9898 9975 9899
f 9899 9975 9976
f 9899 9976 9900
f 9900 9976 9977
f 9900 9977 9901
f 9901 9977 9978
f 9901 9978 9902
f 9902 9978 9979
f 9902 9979 9903
f 9903 9979 9980
f 9903 9980 9904
f 9904 9980 9981
f 9904 9981 9905
f 9905 9981 9982
f 9905 9982 9906
f 9906 9982 9983
f 9906 9983 9907
f 9907 9983 9984
f 9907 9984 9908
f 9908 9984 9985
f 9908 9985 9909
f 9909 9985 9986
f 9909 9986 9910
f 9910 9986 9987
f 9910 9987 9911
f 9911 9987 9988
f 9911 9988 9912
f 9912 9988 9989
f 9912 9989 9913
f 9913 9989 9990
f 9913 9990 9914
f 9914 9990 9991
f 9914 9991 9915
f 9915 9991 9992
f 9915 9992 9916
f 9916 9992 9993
f 9916 9993 9917
f 9917 9993 9994
f 9917 9994 9918
f 9918 9994 9995
f 9918 9995 9919
f 9919 9995 9996
f 9919 9996 9920
f 9920 9996 9997
f 9920 9997 9921
f 9921 9997 9998
f 9921 9998 9922
f 9922 9998 9999
f 9922 9999 9923
f 9923 9999 10000
f 9923 10000 9924
f 9924 10000 10001
f 9924 10001 9925
f 9925 10001 10002
f 9925 10002 9926
f 9926 10002 10003
f 9926 10003 9927
f 9927 10003 9125
f 9927 9125 9124
f 9124 9125 9034
f 9124 9034 9033
f 8949 9104 9103
f 9103 9104 10004
f 9103 10004 9928
f 9928 10004 10005
f 9928 10005 9929
f 9929 10005 10006
f 9929 10006 9930
f 9930 10006 10007
f 9930 10007 9931
f 9931 10007 10008
f 9931 10008 9932
f 9932 10008 10009
f 9932 10009 9933
f 9933 10009 10010
f 9933 10010 9934
f 9934 10010 10011
f 9934 10011 9935
f 9935 10011 10012
f 9935 10012 9936
f 9936 10012 10013
f 9936 10013 9937
f 9937 10013 10014
f 9937 10014 9938
f 9938 10014 10015
f 9938 10015 9939
f 9939 10015 10016
f 9939 10016 9940
f 9940 10016 10017
f 9940 10017 9941
f 9941 10017 10018
f 9941 10018 9942
f 9942 10018 10019
f 9942 10019 9943
f 9943 10019 10020
f 9943 10020 9944
f 9944 10020 10021
f 9944 10021 9945
f 9945 10021 10022
f 9945 10022 9946
f 9946 10022 10023
f 9946 10023 9947
f 9947 10023 10024
f 9947 10024 9948
f 9948 10024 10025
f 9948 10025 9949
f 9949 10025 10026
f 9949 10026 9950
f 9950 10026 10027
f 9950 10027 9951
f 9951 10027 10028
f 9951 10028 9952
f 9952 10028 10029
f 9952 10029 9953
f 9953 10029 10030
f 9953 10030 9954
f 9954 10030 10031
f 9954 10031 9955
f 9955 10031 10032
f 9955 10032 9956
f 9956 10032 10033
f 9956 10033 9957
f 9957 10033 10034
f 9957 10034 9958
f 9958 10034 10035
f 9958 10035 9959
f 9959 10035 10036
f 9959 10036 9960
f 9960 10036 10037
f 9960 10037 9961
f 9961 10037 10038
f 9961 10038 9962
f 9962 10038 10039
f 9962 10039 9963
f 9963 10039 10040
f 9963 10040 9964
f 9964 10040 10041
f 9964 10041 9965
f 9965 10041 10042
f 9965 10042 9966
f 9966 10042 10043
f 9966 10043 9967
f 9967 10043 10044
f 9967 10044 9968
f 9968 10044 10045
f 9968 10045 9969
f 9969 10045 10046
f 9969 10046 9970
f 9970 10046 10047
f 9970 10047 9971
f 9971 10047 10048
f 9971 10048 9972
f 9972 10048 10049
f 9972 10049 9973
f 9973 10049 10050
f 9973 10050 9974
f 9974 10050 10051
f 9974 10051 9975
f 9975 10051 10052
f 9975 10052 9976
f 9976 10052 10053
f 9976 10053 9977
f 9977 10053 10054
f 9977 10054 9978
f 9978 10054 10055
f 9978 10055 9979
f 9979 10055 10056
f 9979 10056 9980
f 9980 10056 10057
f 9980 10057 9981
f 9981 10057 10058
f 9981 10058 9982
f 9982 10058 10059
f 9982 10059 9983
f 9983 10059 10060
f 9983 10060 9984
f 9984 10060 10061
f 9984 10061 9985
f 9985 10061 10062
f 9985 10062 9986
f 9986 10062 10063
f 9986 10063 9987
f 9987 10063 10064
f 9987 10064 9988
f 9988 10064 10065
f 9988 10065 9989
f 9989 10065 10066
f 9989 10066 9990
f 9990 10066 10067
f 9990 10067 9991
f 9991 10067 10068
f 9991 10068 9992
f 9992 10068 10069
f 9992 10069 9993
f 9993 10069 10070
f 9993 10070 9994
f 9994 10070 10071
f 9994 10071 9995
f 9995 10071 10072
f 9995 10072 9996
f 9996 10072 10073
f 9996 10073 9997
f 9997 10073 10074
f 9997 10074 9998
f 9998 10074 10075
f 9998 10075 9999
f 9999 10075 10076
f 9999 10076 10000
f 10000 10076 10077
f 10000 10077 10001
f 10001 10077 10078
f 10001 10078 10002
f 10002 10078 10079
f 10002 10079 10003
f 10003 10079 10080
f 10003 10080 9125
f 9125 10080 9126
f 9125 9126 9094
f 9094 9126 9036
f 9094 9036 9035
f 8947 9105 9104
f 9104 9105 10081
f 9104 10081 10004
f 10004 10081 10082
f 10004 10082 10005
f 10005 10082 10083
f 10005 10083 10006
f 10006 10083 10084
f 10006 10084 10007
f 10007 10084 10085
f 10007 10085 10008
f 10008 10085 10086
f 10008 10086 10009
f 10009 10086 10087
f 10009 10087 10010
f 10010 10087 10088
f 10010 10088 10011
f 10011 10088 10089
f 10011 10089 10012
f 10012 10089 10090
f 10012 10090 10013
f 10013 10090 10091
f 10013 10091 10014
f 10014 10091 10092
f 10014 10092 10015
f 10015 10092 10093
f 10015 10093 10016
f 10016 10093 10094
f 10016 10094 10017
f 10017 10094 10095
f 10017 10095 10018
f 10018 10095 10096
f 10018 10096 10019
f 10019 10096 10097
f 10019 10097 10020
f 10020 10097 10098
f 10020 10098 10021
f 10021 10098 10099
f 10021 10099 10022
f 10022 10099 10100
f 10022 10100 10023
f 10023 10100 10101
f 10023 10101 10024
f 10024 10101 10102
f 10024 10102 10025
f 10025 10102 10103
f 10025 10103 10026
f 10026 10103 10104
f 10026 10104 10027
f 10027 10104 10105
f 10027 10105 10028
f 10028 10105 10106
f 10028 10106 10029
f 10029 10106 10107
f 10029 10107 10030
f 10030 10107 10108
f 10030 10108 10031
f 10031 10108 10109
f 10031 10109 10032
f 10032 10109 10110
f 10032 10110 10033
f 10033 10110 10111
f 10033 10111 10034
f 10034 10111 10112
f 10034 10112 10035
f 10035 10112 10113
f 10035 10113 10036
f 10036 10113 10114
f 10036 10114 10037
f 10037 10114 10115
f 10037 10115 10038
f 10038 10115 10116
f 10038 10116 10039
f 10039 10116 10117
f 10039 10117 10040
f 10040 10117 10118
f 10040 10118 10041
f 10041 10118 10119
f 10041 10119 10042
f 10042 10119 10120
f 10042 10120 10043
f 10043 10120 10121
f 10043 10121 10044
f 10044 10121 10122
f 10044 10122 10045
f 10045 10122 10123
f 10045 10123 10046
f 10046 10123 10124
f 10046 10124 10047
f 10047 10124 10125
f 10047 10125 10048
f 10048 10125 10126
f 10048 10126 10049
f 10049 10126 10127
f 10049 10127 10050
f 10050 10127 10128
f 10050 10128 10051
f 10051 10128 10129
f 10051 10129 10052
f 10052 10129 10130
f 10052 10130 10053
f 10053 10130 10131
f 10053 10131 10054
f 10054 10131 10132
f 10054 10132 10055
f 10055 10132 10133
f 10055 10133 10056
f 10056 10133 10134
f 10056 10134 10057
f 10057 10134 10135
f 10057 10135 10058
f 10058 10135 10136
f 10058 10136 10059
f 10059 10136 10137
f 10059 10137 10060
f 10060 10137 10138
f 10060 10138 10061
f 10061 10138 10139
f 10061 10139 10062
f 10062 10139 10140
f 10062 10140 10063
f 10063 10140 10141
f 10063 10141 10064
f 10064 10141 10142
f 10064 10142 10065
f 10065 10142 10143
f 10065 10143 10066
f 10066 10143 10144
f 10066 10144 10067
f 10067 10144 10145
f 10067 10145 10068
f 10068 10145 10146
f 10068 10146 10069
f 10069 10146 10147
f 10069 10147 10070
f 10070 10147 10148
f 10070 10148 10071
f 10071 10148 10149
f 10071 10149 10072
f 10072 10149 10150
f 10072 10150 10073
f 10073 10150 10151
f 10073 10151 10074
f 10074 10151 10152
f 10074 10152 10075
f 10075 10152 10153
f 10075 10153 10076
f 10076 10153 10154
f 10076 10154 10077
f 10077 10154 10155
f 10077 10155 10078
f 10078 10155 10156
f 10078 10156 10079
f 10079 10156 10157
f 10079 10157 10080
f 10080 10157 10158
f 10080 10158 9126
f 9126 10158 9038
f 9126 9038 9037
f 8945 9106 9105
f 9105 9106 10159
f 9105 10159 10081
f 10081 10159 10160
f 10081 10160 10082
f 10082 10160 10161
f 10082 10161 10083
f 10083 10161 10162
f 10083 10162 10084
f 10084 10162 10163
f 10084 10163 10085
f 10085 10163 10164
f 10085 10164 10086
f 10086 10164 10165
f 10086 10165 10087
f 10087 10165 10166
f 10087 10166 10088
f 10088 10166 10167
f 10088 10167 10089
f 10089 10167 10168
f 10089 10168 10090
f 10090 10168 10169
f 10090 10169 10091
f 10091 10169 10170
f 10091 10170 10092
f 10092 10170 10171
f 10092 10171 10093
f 10093 10171 10172
f 10093 10172 10094
f 10094 10172 10173
f 10094 10173 10095
f 10095 10173 10174
f 10095 10174 10096
f 10096 10174 10175
f 10096 10175 10097
f 10097 10175 10176
f 10097 10176 10098
f 10098 10176 10177
f 10098 10177 10099
f 10099 10177 10178
f 10099 10178 10100
f 10100 10178 10179
f 10100 10179 10101
f 10101 10179 10180
f 10101 10180 10102
f 10102 10180 10181
f 10102 10181 10103
f 10103 10181 10182
f 10103 10182 10104
f 10104 10182 10183
f 10104 10183 10105
f 10105 10183 10184
f 10105 10184 10106
f 10106 10184 10185
f 10106 10185 10107
f 10107 10185 10186
f 10107 10186 10108
f 10108 10186 10187
f 10108 10187 10109
f 10109 10187 10188
f 10109 10188 10110
f 10110 10188 10189
f 10110 10189 10111
f 10111 10189 10190
f 10111 10190 10112
f 10112 10190 10191
f 10112 10191 10113
f 10113 10191 10192
f 10113 10192 10114
f 10114 10192 10193
f 10114 10193 10115
f 10115 10193 10194
f 10115 10194 10116
f 10116 10194 10195
f 10116 10195 10117
f 10117 10195 10196
f 10117 10196 10118
f 10118 10196 10197
f 10118 10197 10119
f 10119 10197 10198
f 10119 10198 10120
f 10120 10198 10199
f 10120 10199 10121
f 10121 10199 10200
f 10121 10200 10122
f 10122 10200 10201
f 10122 10201 10123
f 10123 10201 10202
f 10123 10202 10124
f 10124 10202 10203
f 10124 10203 10125
f 10125 10203 10204
f 10125 10204 10126
f 10126 10204 10205
f 10126 10205 10127
f 10127 10205 10206
f 10127 10206 10128
f 10128 10206 10207
f 10128 10207 10129
f 10129 10207 10208
f 10129 10208 10130
f 10130 10208 10209
f 10130 10209 10131
f 10131 10209 10210
f 10131 10210 10132
f 10132 10210 10211
f 10132 10211 10133
f 10133 10211 10212
f 10133 10212 10134
f 10134 10212 10213
f 10134 10213 10135
f 10135 10213 10214
f 10135 10214 10136
f 10136 10214 10215
f 10136 10215 10137
f 10137 10215 10216
f 10137 10216 10138
f 10138 10216 10217
f 10138 10217 10139
f 10139 10217 10218
f 10139 10218 10140
f 10140 10218 10219
f 10140 10219 10141
f 10141 10219 10220
f 10141 10220 10142
f 10142 10220 10221
f 10142 10221 10143
f 10143 10221 10222
f 10143 10222 10144
f 10144 10222 10223
f 10144 10223 10145
f 10145 10223 10224
f 10145 10224 10146
f 10146 10224 10225
f 10146 10225 10147
f 10147 10225 10226
f 10147 10226 10148
f 10148 10226 10227
f 10148 10227 10149
f 10149 10227 10228
f 10149 10228 10150
f 10150 10228 10229
f 10150 10229 10151
f 10151 10229 10230
f 10151 10230 10152
f 10152 10230 10231
f 10152 10231 10153
f 10153 10231 10232
f 10153 10232 10154
f 10154 10232 10233
f 10154 10233 10155
f 10155 10233 10234
f 10155 10234 10156
f 10156 10234 10235
f 10156 10235 10157
f 10157 10235 9127
f 10157 9127 10158
f 10158 9127 9039
f 10158 9039 9038
f 8943 9107 9106
f 9106 9107 10236
f 9106 10236 10159
f 10159 10236 10237
f 10159 10237 10160
f 10160 10237 10238
f 10160 10238 10161
f 10161 10238 10239
f 10161 10239 10162
f 10162 10239 10240
f 10162 10240 10163
f 10163 10240 10241
f 10163 10241 10164
f 10164 10241 10242
f 10164 10242 10165
f 10165 10242 10243
f 10165 10243 10166
f 10166 10243 10244
f 10166 10244 10167
f 10167 10244 10245
f 10167 10245 10168
f 10168 10245 10246
f 10168 10246 10169
f 10169 10246 10247
f 10169 10247 10170
f 10170 10247 10248
f 10170 10248 10171
f 10171 10248 10249
f 10171 10249 10172
f 10172 10249 10250
f 10172 10250 10173
f 10173 10250 10251
f 10173 10251 10174
f 10174 10251 10252
f 10174 10252 10175
f 10175 10252 10253
f 10175 10253 10176
f 10176 10253 10254
f 10176 10254 10177
f 10177 10254 10255
f 10177 10255 10178
f 10178 10255 10256
f 10178 10256 10179
f 10179 10256 10257
f 10179 10257 10180
f 10180 10257 10258
f 10180 10258 10181
f 10181 10258 10259
f 10181 10259 10182
f 10182 10259 10260
f 10182 10260 10183
f 10183 10260 10261
f 10183 10261 10184
f 10184 10261 10262
f 10184 10262 10185
f 10185 10262 10263
f 10185 10263 10186
f 10186 10263 10264
f 10186 10264 10187
f 10187 10264 10265
f 10187 10265 10188
f 10188 10265 10266
f 10188 10266 10189
f 10189 10266 10267
f 10189 10267 10190
f 10190 10267 10268
f 10190 10268 10191
f 10191 10268 10269
f 10191 10269 10192
f 10192 10269 10270
f 10192 10270 10193
f 10193 10270 10271
f 10193 10271 10194
f 10194 10271 10272
f 10194 10272 10195
f 10195 10272 10273
f 10195 10273 10196
f 10196 10273 10274
f 10196 10274 10197
f 10197 10274 10275
f 10197 10275 10198
f 10198 10275 10276
f 10198 10276 10199
f 10199 10276 10277
f 10199 10277 10200
f 10200 10277 10278
f 10200 10278 10201
f 10201 10278 10279
f 10201 10279 10202
f 10202 10279 10280
f 10202 10280 10203
f 10203 10280 10281
f 10203 10281 10204
f 10204 10281 10282
f 10204 10282 10205
f 10205 10282 10283
f 10205 10283 10206
f 10206 10283 10284
f 10206 10284 10207
f 10207 10284 10285
f 10207 10285 10208
f 10208 10285 10286
f 10208 10286 10209
f 10209 10286 10287
f 10209 10287 10210
f 10210 10287 10288
f 10210 10288 10211
f 10211 10288 10289
f 10211 10289 10212
f 10212 10289 10290
f 10212 10290 10213
f 10213 10290 10291
f 10213 10291 10214
f 10214 10291 10292
f 10214 10292 10215
f 10215 10292 10293
f 10215 10293 10216
f 10216 10293 10294
f 10216 10294 10217
f 10217 10294 10295
f 10217 10295 10218
f 10218 10295 10296
f 10218 10296 10219
f 10219 10296 10297
f 10219 10297 10220
f 10220 10297 10298
f 10220 10298 10221
f 10221 10298 10299
f 10221 10299 10222
f 10222 10299 10300
f 10222 10300 10223
f 10223 10300 10301
f 10223 10301 10224
f 10224 10301 10302
f 10224 10302 10225
f 10225 10302 10303
f 10225 10303 10226
f 10226 10303 10304
f 10226 10304 10227
f 10227 10304 10305
f 10227 10305 10228
f 10228 10305 10306
f 10228 10306 10229
f 10229 10306 10307
f 10229 10307 10230
f 10230 10307 10308
f 10230 10308 10231
f 10231 10308 10309
f 10231 10309 10232
f 10232 10309 10310
f 10232 10310 10233
f 10233 10310 10311
f 10233 10311 10234
f 10234 10311 10312
f 10234 10312 10235
f 10235 10312 9128
f 10235 9128 9127
f 9127 9128 9041
f 9127 9041 9040
f 8941 9115 9107
f 9107 9115 10313
f 9107 10313 10236
f 10236 10313 10314
f 10236 10314 10237
f 10237 10314 10315
f 10237 10315 10238
f 10238 10315 10316
f 10238 10316 10239
f 10239 10316 10317
f 10239 10317 10240
f 10240 10317 10318
f 10240 10318 10241
f 10241 10318 10319
f 10241 10319 10242
f 10242 10319 10320
f 10242 10320 10243
f 10243 10320 10321
f 10243 10321 10244
f 10244 10321 10322
f 10244 10322 10245
f 10245 10322 10323
f 10245 10323 10246
f 10246 10323 10324
f 10246 10324 10247
f 10247 10324 10325
f 10247 10325 10248
f 10248 10325 10326
f 10248 10326 10249
f 10249 10326 10327
f 10249 10327 10250
f 10250 10327 10328
f 10250 10328 10251
f 10251 10328 10329
f 10251 10329 10252
f 10252 10329 10330
f 10252 10330 10253
f 10253 10330 10331
f 10253 10331 10254
f 10254 10331 10332
f 10254 10332 10255
f 10255 10332 10333
f 10255 10333 10256
f 10256 10333 10334
f 10256 10334 10257
f 10257 10334 10335
f 10257 10335 10258
f 10258 10335 10336
f 10258 10336 10259
f 10259 10336 10337
f 10259 10337 10260
f 10260 10337 10338
f 10260 10338 10261
f 10261 10338 10339
f 10261 10339 10262
f 10262 10339 10340
f 10262 10340 10263
f 10263 10340 10341
f 10263 10341 10264
f 10264 10341 10342
f 10264 10342 10265
f 10265 10342 10343
f 10265 10343 10266
f 10266 10343 10344
f 10266 10344 10267
f 10267 10344 10345
f 10267 10345 10268
f 10268 10345 10346
f 10268 10346 10269
f 10269 10346 10347
f 10269 10347 10270
f 10270 10347 10348
f 10270 10348 10271
f 10271 10348 10349
f 10271 10349 10272
f 10272 10349 10350
f 10272 10350 10273
f 10273 10350 10351
f 10273 10351 10274
f 10274 10351 10352
f 10274 10352 10275
f 10275 10352 10353
f 10275 10353 10276
f 10276 10353 10354
f 10276 10354 10277
f 10277 10354 10355
f 10277 10355 10278
f 10278 10355 10356
f 10278 10356 10279
f 10279 10356 10357
f 10279 10357 10280
f 10280 10357 10358
f 10280 10358 10281
f 10281 10358 10359
f 10281 10359 10282
f 10282 10359 10360
f 10282 10360 10283
f 10283 10360 10361
f 10283 10361 10284
f 10284 10361 10362
f 10284 10362 10285
f 10285 10362 10363
f 10285 10363 10286
f 10286 10363 10364
f 10286 10364 10287
f 10287 10364 10365
f 10287 10365 10288
f 10288 10365 10366
f 10288 10366 10289
f 10289 10366 10367
f 10289 10367 10290
f 10290 10367 10368
f 10290 10368 10291
f 10291 10368 10369
f 10291 10369 10292
f 10292 10369 10370
f 10292 10370 10293
f 10293 10370 10371
f 10293 10371 10294
f 10294 10371 10372
f 10294 10372 10295
f 10295 10372 10373
f 10295 10373 10296
f 10296 10373 10374
f 10296 10374 10297
f 10297 10374 10375
f 10297 10375 10298
f 10298 10375 10376
f 10298 10376 10299
f 10299 10376 10377
f 10299 10377 10300
f 10300 10377 10378
f 10300 10378 10301
f 10301 10378 10379
f 10301 10379 10302
f 10302 10379 10380
f 10302 10380 10303
f 10303 10380 10381
f 10303 10381 10304
f 10304 10381 10382
f 10304 10382 10305
f 10305 10382 10383
f 10305 10383 10306
f 10306 10383 10384
f 10306 10384 10307
f 10307 10384 10385
f 10307 10385 10308
f 10308 10385 10386
f 10308 10386 10309
f 10309 10386 10387
f 10309 10387 10310
f 10310 10387 10388
f 10310 10388 10311
f 10311 10388 10389
f 10311 10389 10312
f 10312 10389 10390
f 10312 10390 9128
f 9128 10390 9009
f 9128 9009 9042
f 8938 9114 9115
f 9115 9114 10391
f 9115 10391 10313
f 10313 10391 10392
f 10313 10392 10314
f 10314 10392 10393
f 10314 10393 10315
f 10315 10393 10394
f 10315 10394 10316
f 10316 10394 10395
f 10316 10395 10317
f 10317 10395 10396
f 10317 10396 10318
f 10318 10396 10397
f 10318 10397 10319
f 10319 10397 10398
f 10319 10398 10320
f 10320 10398 10399
f 10320 10399 10321
f 10321 10399 10400
f 10321 10400 10322
f 10322 10400 10401
f 10322 10401 10323
f 10323 10401 10402
f 10323 10402 10324
f 10324 10402 10403
f 10324 10403 10325
f 10325 10403 10404
f 10325 10404 10326
f 10326 10404 10405
f 10326 10405 10327
f 10327 10405 10406
f 10327 10406 10328
f 10328 10406 10407
f 10328 10407 10329
f 10329 10407 10408
f 10329 10408 10330
f 10330 10408 10409
f 10330 10409 10331
f 10331 10409 10410
f 10331 10410 10332
f 10332 10410 10411
f 10332 10411 10333
f 10333 10411 10412
f 10333 10412 10334
f 10334 10412 10413
f 10334 10413 10335
f 10335 10413 10414
f 10335 10414 10336
f 10336 10414 10415
f 10336 10415 10337
f 10337 10415 10416
f 10337 10416 10338
f 10338 10416 10417
f 10338 10417 10339
f 10339 10417 10418
f 10339 10418 10340
f 10340 10418 10419
f 10340 10419 10341
f 10341 10419 10420
f 10341 10420 10342
f 10342 10420 10421
f 10342 10421 10343
f 10343 10421 10422
f 10343 10422 10344
f 10344 10422 10423
f 10344 10423 10345
f 10345 10423 10424
f 10345 10424 10346
f 10346 10424 10425
f 10346 10425 10347
f 10347 10425 10426
f 10347 10426 10348
f 10348 10426 10427
f 10348 10427 10349
f 10349 10427 10428
f 10349 10428 10350
f 10350 10428 10429
f 10350 10429 10351
f 10351 10429 10430
f 10351 10430 10352
f 10352 10430 10431
f 10352 10431 10353
f 10353 10431 10432
f 10353 10432 10354
f 10354 10432 10433
f 10354 10433 10355
f 10355 10433 10434
f 10355 10434 10356
f 10356 10434 10435
f 10356 10435 10357
f 10357 10435 10436
f 10357 10436 10358
f 10358 10436 10437
f 10358 10437 10359
f 10359 10437 10438
f 10359 10438 10360
f 10360 10438 10439
f 10360 10439 10361
f 10361 10439 10440
f 10361 10440 10362
f 10362 10440 10441
f 10362 10441 10363
f 10363 10441 10442
f 10363 10442 10364
f 10364 10442 10443
f 10364 10443 10365
f 10365 10443 10444
f 10365 10444 10366
f 10366 10444 10445
f 10366 10445 10367
f 10367 10445 10446
f 10367 10446 10368
f 10368 10446 10447
f 10368 10447 10369
f 10369 10447 10448
f 10369 10448 10370
f 10370 10448 10449
f 10370 10449 10371
f 10371 10449 10450
f 10371 10450 10372
f 10372 10450 10451
f 10372 10451 10373
f 10373 10451 10452
f 10373 10452 10374
f 10374 10452 10453
f 10374 10453 10375
f 10375 10453 10454
f 10375 10454 10376
f 10376 10454 10455
f 10376 10455 10377
f 10377 10455 10456
f 10377 10456 10378
f 10378 10456 10457
f 10378 10457 10379
f 10379 10457 10458
f 10379 10458 10380
f 10380 10458 10459
f 10380 10459 10381
f 10381 10459 10460
f 10381 10460 10382
f 10382 10460 10461
f 10382 10461 10383
f 10383 10461 10462
f 10383 10462 10384
f 10384 10462 10463
f 10384 10463 10385
f 10385 10463 10464
f 10385 10464 10386
f 10386 10464 10465
f 10386 10465 10387
f 10387 10465 10466
f 10387 10466 10388
f 10388 10466 10467
f 10388 10467 10389
f 10389 10467 10468
f 10389 10468 10390
f 10390 10468 9010
f 10390 9010 9009
f 8937 10469 9114
f 9114 10469 10470
f 9114 10470 10391
f 10391 10470 10471
f 10391 10471 10392
f 10392 10471 10472
f 10392 10472 10393
f 10393 10472 10473
f 10393 10473 10394
f 10394 10473 10474
f 10394 10474 10395
f 10395 10474 10475
f 10395 10475 10396
f 10396 10475 10476
f 10396 10476 10397
f 10397 10476 10477
f 10397 10477 10398
f 10398 10477 10478
f 10398 10478 10399
f 10399 10478 10479
f 10399 10479 10400
f 10400 10479 10480
f 10400 10480 10401
f 10401 10480 10481
f 10401 10481 10402
f 10402 10481 10482
f 10402 10482 10403
f 10403 10482 10483
f 10403 10483 10404
f 10404 10483 10484
f 10404 10484 10405
f 10405 10484 10485
f 10405 10485 10406
f 10406 10485 10486
f 10406 10486 10407
f 10407 10486 10487
f 10407 10487 10408
f 10408 10487 10488
f 10408 10488 10409
f 10409 10488 10489
f 10409 10489 10410
f 10410 10489 10490
f 10410 10490 10411
f 10411 10490 10491
f 10411 10491 10412
f 10412 10491 10492
f 10412 10492 10413
f 10413 10492 10493
f 10413 10493 10414
f 10414 10493 10494
f 10414 10494 10415
f 10415 10494 10495
f 10415 10495 10416
f 10416 10495 10496
f 10416 10496 10417
f 10417 10496 10497
f 10417 10497 10418
f 10418 10497 10498
f 10418 10498 10419
f 10419 10498 10499
f 10419 10499 10420
f 10420 10499 10500
f 10420 10500 10421
f 10421 10500 10501
f 10421 10501 10422
f 10422 10501 10502
f 10422 10502 10423
f 10423 10502 10503
f 10423 10503 10424
f 10424 10503 10504
f 10424 10504 10425
f 10425 10504 10505
f 10425 10505 10426
f 10426 10505 10506
f 10426 10506 10427
f 10427 10506 10507
f 10427 10507 10428
f 10428 10507 10508
f 10428 10508 10429
f 10429 10508 10509
f 10429 10509 10430
f 10430 10509 10510
f 10430 10510 10431
f 10431 10510 10511
f 10431 10511 10432
f 10432 10511 10512
f 10432 10512 10433
f 10433 10512 10513
f 10433 10513 10434
f 10434 10513 10514
f 10434 10514 10435
f 10435 10514 10515
f 10435 10515 10436
f 10436 10515 10516
f 10436 10516 10437
f 10437 10516 10517
f 10437 10517 10438
f 10438 10517 10518
f 10438 10518 10439
f 10439 10518 10519
f 10439 10519 10440
f 10440 10519 10520
f 10440 10520 10441
f 10441 10520 10521
f 10441 10521 10442
f 10442 10521 10522
f 10442 10522 10443
f 10443 10522 10523
f 10443 10523 10444
f 10444 10523 10524
f 10444 10524 10445
f 10445 10524 10525
f 10445 10525 10446
f 10446 10525 10526
f 10446 10526 10447
f 10447 10526 10527
f 10447 10527 10448
f 10448 10527 10528
f 10448 10528 10449
f 10449 10528 10529
f 10449 10529 10450
f 10450 10529 10530
f 10450 10530 10451
f 10451 10530 10531
f 10451 10531 10452
f 10452 10531 10532
f 10452 10532 10453
f 10453 10532 10533
f 10453 10533 10454
f 10454 10533 10534
f 10454 10534 10455
f 10455 10534 10535
f 10455 10535 10456
f 10456 10535 10536
f 10456 10536 10457
f 10457 10536 10537
f 10457 10537 10458
f 10458 10537 10538
f 10458 10538 10459
f 10459 10538 10539
f 10459 10539 10460
f 10460 10539 10540
f 10460 10540 10461
f 10461 10540 10541
f 10461 10541 10462
f 10462 10541 10542
f 10462 10542 10463
f 10463 10542 10543
f 10463 10543 10464
f 10464 10543 10544
f 10464 10544 10465
f 10465 10544 10545
f 10465 10545 10466
f 10466 10545 10546
f 10466 10546 10467
f 10467 10546 9129
f 10467 9129 10468
f 10468 9129 9011
f 10468 9011 9010
f 8937 9113 10469
f 10469 9113 10547
f 10469 10547 10470
f 10470 10547 10548
f 10470 10548 10471
f 10471 10548 10549
f 10471 10549 10472
f 10472 10549 10550
f 10472 10550 10473
f 10473 10550 10551
f 10473 10551 10474
f 10474 10551 10552
f 10474 10552 10475
f 10475 10552 10553
f 10475 10553 10476
f 10476 10553 10554
f 10476 10554 10477
f 10477 10554 10555
f 10477 10555 10478
f 10478 10555 10556
f 10478 10556 10479
f 10479 10556 10557
f 10479 10557 10480
f 10480 10557 10558
f 10480 10558 10481
f 10481 10558 10559
f 10481 10559 10482
f 10482 10559 10560
f 10482 10560 10483
f 10483 10560 10561
f 10483 10561 10484
f 10484 10561 10562
f 10484 10562 10485
f 10485 10562 10563
f 10485 10563 10486
f 10486 10563 10564
f 10486 10564 10487
f 10487 10564 10565
f 10487 10565 10488
f 10488 10565 10566
f 10488 10566 10489
f 10489 10566 10567
f 10489 10567 10490
f 10490 10567 10568
f 10490 10568 10491
f 10491 10568 10569
f 10491 10569 10492
f 10492 10569 10570
f 10492 10570 10493
f 10493 10570 10571
f 10493 10571 10494
f 10494 10571 10572
f 10494 10572 10495
f 10495 10572 10573
f 10495 10573 10496
f 10496 10573 10574
f 10496 10574 10497
f 10497 10574 10575
f 10497 10575 10498
f 10498 10575 10576
f 10498 10576 10499
f 10499 10576 10577
f 10499 10577 10500
f 10500 10577 10578
f 10500 10578 10501
f 10501 10578 10579
f 10501 10579 10502
f 10502 10579 10580
f 10502 10580 10503
f 10503 10580 10581
f 10503 10581 10504
f 10504 10581 10582
f 10504 10582 10505
f 10505 10582 10583
f 10505 10583 10506
f 10506 10583 10584
f 10506 10584 10507
f 10507 10584 10585
f 10507 10585 10508
f 10508 10585 10586
f 10508 10586 10509
f 10509 10586 10587
f 10509 10587 10510
f 10510 10587 10588
f 10510 10588 10511
f 10511 10588 10589
f 10511 10589 10512
f 10512 10589 10590
f 10512 10590 10513
f 10513 10590 10591
f 10513 10591 10514
f 10514 10591 10592
f 10514 10592 10515
f 10515 10592 10593
f 10515 10593 10516
f 10516 10593 10594
f 10516 10594 10517
f 10517 10594 10595
f 10517 10595 10518
f 10518 10595 10596
f 10518 10596 10519
f 10519 10596 10597
f 10519 10597 10520
f 10520 10597 10598
f 10520 10598 10521
f 10521 10598 10599
f 10521 10599 10522
f 10522 10599 10600
f 10522 10600 10523
f 10523 10600 10601
f 10523 10601 10524
f 10524 10601 10602
f 10524 10602 10525
f 10525 10602 10603
f 10525 10603 10526
f 10526 10603 10604
f 10526 10604 10527
f 10527 10604 10605
f 10527 10605 10528
f 10528 10605 10606
f 10528 10606 10529
f 10529 10606 10607
f 10529 10607 10530
f 10530 10607 10608
f 10530 10608 10531
f 10531 10608 10609
f 10531 10609 10532
f 10532 10609 10610
f 10532 10610 10533
f 10533 10610 10611
f 10533 10611 10534
f 10534 10611 10612
f 10534 10612 10535
f 10535 10612 10613
f 10535 10613 10536
f 10536 10613 10614
f 10536 10614 10537
f 10537 10614 10615
f 10537 10615 10538
f 10538 10615 10616
f 10538 10616 10539
f 10539 10616 10617
f 10539 10617 10540
f 10540 10617 10618
f 10540 10618 10541
f 10541 10618 10619
f 10541 10619 10542
f 10542 10619 10620
f 10542 10620 10543
f 10543 10620 10621
f 10543 10621 10544
f 10544 10621 10622
f 10544 10622 10545
f 10545 10622 10623
f 10545 10623 10546
f 10546 10623 9130
f 10546 9130 9129
f 9129 9130 9013
f 9129 9013 9012
f 8934 10624 9113
f 9113 10624 10625
f 9113 10625 10547
f 10547 10625 10626
f 10547 10626 10548
f 10548 10626 10627
f 10548 10627 10549
f 10549 10627 10628
f 10549 10628 10550
f 10550 10628 10629
f 10550 10629 10551
f 10551 10629 10630
f 10551 10630 10552
f 10552 10630 10631
f 10552 10631 10553
f 10553 10631 10632
f 10553 10632 10554
f 10554 10632 10633
f 10554 10633 10555
f 10555 10633 10634
f 10555 10634 10556
f 10556 10634 10635
f 10556 10635 10557
f 10557 10635 10636
f 10557 10636 10558
f 10558 10636 10637
f 10558 10637 10559
f 10559 10637 10638
f 10559 10638 10560
f 10560 10638 10639
f 10560 10639 10561
f 10561 10639 10640
f 10561 10640 10562
f 10562 10640 10641
f 10562 10641 10563
f 10563 10641 10642
f 10563 10642 10564
f 10564 10642 10643
f 10564 10643 10565
f 10565 10643 10644
f 10565 10644 10566
f 10566 10644 10645
f 10566 10645 10567
f 10567 10645 10646
f 10567 10646 10568
f 10568 10646 10647
f 10568 10647 10569
f 10569 10647 10648
f 10569 10648 10570
f 10570 10648 10649
f 10570 10649 10571
f 10571 10649 10650
f 10571 10650 10572
f 10572 10650 10651
f 10572 10651 10573
f 10573 10651 10652
f 10573 10652 10574
f 10574 10652 10653
f 10574 10653 10575
f 10575 10653 10654
f 10575 10654 10576
f 10576 10654 10655
f 10576 10655 10577
f 10577 10655 10656
f 10577 10656 10578
f 10578 10656 10657
f 10578 10657 10579
f 10579 10657 10658
f 10579 10658 10580
f 10580 10658 10659
f 10580 10659 10581
f 10581 10659 10660
f 10581 10660 10582
f 10582 10660 10661
f 10582 10661 10583
f 10583 10661 10662
f 10583 10662 10584
f 10584 10662 10663
f 10584 10663 10585
f 10585 10663 10664
f 10585 10664 10586
f 10586 10664 10665
f 10586 10665 10587
f 10587 10665 10666
f 10587 10666 10588
f 10588 10666 10667
f 10588 10667 10589
f 10589 10667 10668
f 10589 10668 10590
f 10590 10668 10669
f 10590 10669 10591
f 10591 10669 10670
f 10591 10670 10592
f 10592 10670 10671
f 10592 10671 10593
f 10593 10671 10672
f 10593 10672 10594
f 10594 10672 10673
f 10594 10673 10595
f 10595 10673 10674
f 10595 10674 10596
f 10596 10674 10675
f 10596 10675 10597
f 10597 10675 10676
f 10597 10676 10598
f 10598 10676 10677
f 10598 10677 10599
f 10599 10677 10678
f 10599 10678 10600
f 10600 10678 10679
f 10600 10679 10601
f 10601 10679 10680
f 10601 10680 10602
f 10602 10680 10681
f 10602 10681 10603
f 10603 10681 10682
f 10603 10682 10604
f 10604 10682 10683
f 10604 10683 10605
f 10605 10683 10684
f 10605 10684 10606
f 10606 10684 10685
f 10606 10685 10607
f 10607 10685 10686
f 10607 10686 10608
f 10608 10686 10687
f 10608 10687 10609
f 10609 10687 10688
f 10609 10688 10610
f 10610 10688 10689
f 10610 10689 10611
f 10611 10689 10690
f 10611 10690 10612
f 10612 10690 10691
f 10612 10691 10613
f 10613 10691 10692
f 10613 10692 10614
f 10614 10692 10693
f 10614 10693 10615
f 10615 10693 10694
f 10615 10694 10616
f 10616 10694 10695
f 10616 10695 10617
f 10617 10695 10696
f 10617 10696 10618
f 10618 10696 10697
f 10618 10697 10619
f 10619 10697 10698
f 10619 10698 10620
f 10620 10698 10699
f 10620 10699 10621
f 10621 10699 10700
f 10621 10700 10622
f 10622 10700 10701
f 10622 10701 10623
f 10623 10701 10702
f 10623 10702 9130
f 9130 10702 9015
f 9130 9015 9014
f 8934 9108 10624
f 10624 9108 10703
f 10624 10703 10625
f 10625 10703 10704
f 10625 10704 10626
f 10626 10704 10705
f 10626 10705 10627
f 10627 10705 10706
f 10627 10706 10628
f 10628 10706 10707
f 10628 10707 10629
f 10629 10707 10708
f 10629 10708 10630
f 10630 10708 10709
f 10630 10709 10631
f 10631 10709 10710
f 10631 10710 10632
f 10632 10710 10711
f 10632 10711 10633
f 10633 10711 10712
f 10633 10712 10634
f 10634 10712 10713
f 10634 10713 10635
f 10635 10713 10714
f 10635 10714 10636
f 10636 10714 10715
f 10636 10715 10637
f 10637 10715 10716
f 10637 10716 10638
f 10638 10716 10717
f 10638 10717 10639
f 10639 10717 10718
f 10639 10718 10640
f 10640 10718 10719
f 10640 10719 10641
f 10641 10719 10720
f 10641 10720 10642
f 10642 10720 10721
f 10642 10721 10643
f 10643 10721 10722
f 10643 10722 10644
f 10644 10722 10723
f 10644 10723 10645
f 10645 10723 10724
f 10645 10724 10646
f 10646 10724 10725
f 10646 10725 10647
f 10647 10725 10726
f 10647 10726 10648
f 10648 10726 10727
f 10648 10727 10649
f 10649 10727 10728
f 10649 10728 10650
f 10650 10728 10729
f 10650 10729 10651
f 10651 10729 10730
f 10651 10730 10652
f 10652 10730 10731
f 10652 10731 10653
f 10653 10731 10732
f 10653 10732 10654
f 10654 10732 10733
f 10654 10733 10655
f 10655 10733 10734
f 10655 10734 10656
f 10656 10734 10735
f 10656 10735 10657
f 10657 10735 10736
f 10657 10736 10658
f 10658 10736 10737
f 10658 10737 10659
f 10659 10737 10738
f 10659 10738 10660
f 10660 10738 10739
f 10660 10739 10661
f 10661 10739 10740
f 10661 10740 10662
f 10662 10740 10741
f 10662 10741 10663
f 10663 10741 10742
f 10663 10742 10664
f 10664 10742 10743
f 10664 10743 10665
f 10665 10743 10744
f 10665 10744 10666
f 10666 10744 10745
f 10666 10745 10667
f 10667 10745 10746
f 10667 10746 10668
f 10668 10746 10747
f 10668 10747 10669
f 10669 10747 10748
f 10669 10748 10670
f 10670 10748 10749
f 10670 10749 10671
f 10671 10749 10750
f 10671 10750 10672
f 10672 10750 10751
f 10672 10751 10673
f 10673 10751 10752
f 10673 10752 10674
f 10674 10752 10753
f 10674 10753 10675
f 10675 10753 10754
f 10675 10754 10676
f 10676 10754 10755
f 10676 10755 10677
f 10677 10755 10756
f 10677 10756 10678
f 10678 10756 10757
f 10678 10757 10679
f 10679 10757 10758
f 10679 10758 10680
f 10680 10758 10759
f 10680 10759 10681
f 10681 10759 10760
f 10681 10760 10682
f 10682 10760 10761
f 10682 10761 10683
f 10683 10761 10762
f 10683 10762 10684
f 10684 10762 10763
f 10684 10763 10685
f 10685 10763 10764
f 10685 10764 10686
f 10686 10764 10765
f 10686 10765 10687
f 10687 10765 10766
f 10687 10766 10688
f 10688 10766 10767
f 10688 10767 10689
f 10689 10767 10768
f 10689 10768 10690
f 10690 10768 10769
f 10690 10769 10691
f 10691 10769 10770
f 10691 10770 10692
f 10692 10770 10771
f 10692 10771 10693
f 10693 10771 10772
f 10693 10772 10694
f 10694 10772 10773
f 10694 10773 10695
f 10695 10773 10774
f 10695 10774 10696
f 10696 10774 10775
f 10696 10775 10697
f 10697 10775 10776
f 10697 10776 10698
f 10698 10776 10777
f 10698 10777 10699
f 10699 10777 10778
f 10699 10778 10700
f 10700 10778 10779
f 10700 10779 10701
f 10701 10779 9131
f 10701 9131 10702
f 10702 9131 9016
f 10702 9016 9015
f 8932 9112 9108
f 9108 9112 10780
f 9108 10780 10703
f 10703 10780 10781
f 10703 10781 10704
f 10704 10781 10782
f 10704 10782 10705
f 10705 10782 10783
f 10705 10783 10706
f 10706 10783 10784
f 10706 10784 10707
f 10707 10784 10785
f 10707 10785 10708
f 10708 10785 10786
f 10708 10786 10709
f 10709 10786 10787
f 10709 10787 10710
f 10710 10787 10788
f 10710 10788 10711
f 10711 10788 10789
f 10711 10789 10712
f 10712 10789 10790
f 10712 10790 10713
f 10713 10790 10791
f 10713 10791 10714
f 10714 10791 10792
f 10714 10792 10715
f 10715 10792 10793
f 10715 10793 10716
f 10716 10793 10794
f 10716 10794 10717
f 10717 10794 10795
f 10717 10795 10718
f 10718 10795 10796
f 10718 10796 10719
f 10719 10796 10797
f 10719 10797 10720
f 10720 10797 10798
f 10720 10798 10721
f 10721 10798 10799
f 10721 10799 10722
f 10722 10799 10800
f 10722 10800 10723
f 10723 10800 10801
f 10723 10801 10724
f 10724 10801 10802
f 10724 10802 10725
f 10725 10802 10803
f 10725 10803 10726
f 10726 10803 10804
f 10726 10804 10727
f 10727 10804 10805
f 10727 10805 10728
f 10728 10805 10806
f 10728 10806 10729
f 10729 10806 10807
f 10729 10807 10730
f 10730 10807 10808
f 10730 10808 10731
f 10731 10808 10809
f 10731 10809 10732
f 10732 10809 10810
f 10732 10810 10733
f 10733 10810 10811
f 10733 10811 10734
f 10734 10811 10812
f 10734 10812 10735
f 10735 10812 10813
f 10735 10813 10736
f 10736 10813 10814
f 10736 10814 10737
f 10737 10814 10815
f 10737 10815 10738
f 10738 10815 10816
f 10738 10816 10739
f 10739 10816 10817
f 10739 10817 10740
f 10740 10817 10818
f 10740 10818 10741
f 10741 10818 10819
f 10741 10819 10742
f 10742 10819 10820
f 10742 10820 10743
f 10743 10820 10821
f 10743 10821 10744
f 10744 10821 10822
f 10744 10822 10745
f 10745 10822 10823
f 10745 10823 10746
f 10746 10823 10824
f 10746 10824 10747
f 10747 10824 10825
f 10747 10825 10748
f 10748 10825 10826
f 10748 10826 10749
f 10749 10826 10827
f 10749 10827 10750
f 10750 10827 10828
f 10750 10828 10751
f 10751 10828 10829
f 10751 10829 10752
f 10752 10829 10830
f 10752 10830 10753
f 10753 10830 10831
f 10753 10831 10754
f 10754 10831 10832
f 10754 10832 10755
f 10755 10832 10833
f 10755 10833 10756
f 10756 10833 10834
f 10756 10834 10757
f 10757 10834 10835
f 10757 10835 10758
f 10758 10835 10836
f 10758 10836 10759
f 10759 10836 10837
f 10759 10837 10760
f 10760 10837 10838
f 10760 10838 10761
f 10761 10838 10839
f 10761 10839 10762
f 10762 10839 10840
f 10762 10840 10763
f 10763 10840 10841
f 10763 10841 10764
f 10764 10841 10842
f 10764 10842 10765
f 10765 10842 10843
f 10765 10843 10766
f 10766 10843 10844
f 10766 10844 10767
f 10767 10844 10845
f 10767 10845 10768
f 10768 10845 10846
f 10768 10846 10769
f 10769 10846 10847
f 10769 10847 10770
f 10770 10847 10848
f 10770 10848 10771
f 10771 10848 10849
f 10771 10849 10772
f 10772 10849 10850
f 10772 10850 10773
f 10773 10850 10851
f 10773 10851 10774
f 10774 10851 10852
f 10774 10852 10775
f 10775 10852 10853
f 10775 10853 10776
f 10776 10853 10854
f 10776 10854 10777
f 10777 10854 10855
f 10777 10855 10778
f 10778 10855 10856
f 10778 10856 10779
f 10779 10856 9132
f 10779 9132 9131
f 9131 9132 9018
f 9131 9018 9017
f 8929 9111 9112
f 9112 9111 10857
f 9112 10857 10780
f 10780 10857 10858
f 10780 10858 10781
f 10781 10858 10859
f 10781 10859 10782
f 10782 10859 10860
f 10782 10860 10783
f 10783 10860 10861
f 10783 10861 10784
f 10784 10861 10862
f 10784 10862 10785
f 10785 10862 10863
f 10785 10863 10786
f 10786 10863 10864
f 10786 10864 10787
f 10787 10864 10865
f 10787 10865 10788
f 10788 10865 10866
f 10788 10866 10789
f 10789 10866 10867
f 10789 10867 10790
f 10790 10867 10868
f 10790 10868 10791
f 10791 10868 10869
f 10791 10869 10792
f 10792 10869 10870
f 10792 10870 10793
f 10793 10870 10871
f 10793 10871 10794
f 10794 10871 10872
f 10794 10872 10795
f 10795 10872 10873
f 10795 10873 10796
f 10796 10873 10874
f 10796 10874 10797
f 10797 10874 10875
f 10797 10875 10798
f 10798 10875 10876
f 10798 10876 10799
f 10799 10876 10877
f 10799 10877 10800
f 10800 10877 10878
f 10800 10878 10801
f 10801 10878 10879
f 10801 10879 10802
f 10802 10879 10880
f 10802 10880 10803
f 10803 10880 10881
f 10803 10881 10804
f 10804 10881 10882
f 10804 10882 10805
f 10805 10882 10883
f 10805 10883 10806
f 10806 10883 10884
f 10806 10884 10807
f 10807 10884 10885
f 10807 10885 10808
f 10808 10885 10886
f 10808 10886 10809
f 10809 10886 10887
f 10809 10887 10810
f 10810 10887 10888
f 10810 10888 10811
f 10811 10888 10889
f 10811 10889 10812
f 10812 10889 10890
f 10812 10890 10813
f 10813 10890 10891
f 10813 10891 10814
f 10814 10891 10892
f 10814 10892 10815
f 10815 10892 10893
f 10815 10893 10816
f 10816 10893 10894
f 10816 10894 10817
f 10817 10894 10895
f 10817 10895 10818
f 10818 10895 10896
f 10818 10896 10819
f 10819 10896 10897
f 10819 10897 10820
f 10820 10897 10898
f 10820 10898 10821
f 10821 10898 10899
f 10821 10899 10822
f 10822 10899 10900
f 10822 10900 10823
f 10823 10900 10901
f 10823 10901 10824
f 10824 10901 10902
f 10824 10902 10825
f 10825 10902 10903
f 10825 10903 10826
f 10826 10903 10904
f 10826 10904 10827
f 10827 10904 10905
f 10827 10905 10828
f 10828 10905 10906
f 10828 10906 10829
f 10829 10906 10907
f 10829 10907 10830
f 10830 10907 10908
f 10830 10908 10831
f 10831 10908 10909
f 10831 10909 10832
f 10832 10909 10910
f 10832 10910 10833
f 10833 10910 10911
f 10833 10911 10834
f 10834 10911 10912
f 10834 10912 10835
f 10835 10912 10913
f 10835 10913 10836
f 10836 10913 10914
f 10836 10914 10837
f 10837 10914 10915
f 10837 10915 10838
f 10838 10915 10916
f 10838 10916 10839
f 10839 10916 10917
f 10839 10917 10840
f 10840 10917 10918
f 10840 10918 10841
f 10841 10918 10919
f 10841 10919 10842
f 10842 10919 10920
f 10842 10920 10843
f 10843 10920 10921
f 10843 10921 10844
f 10844 10921 10922
f 10844 10922 10845
f 10845 10922 10923
f 10845 10923 10846
f 10846 10923 10924
f 10846 10924 10847
f 10847 10924 10925
f 10847 10925 10848
f 10848 10925 10926
f 10848 10926 10849
f 10849 10926 10927
f 10849 10927 10850
f 10850 10927 10928
f 10850 10928 10851
f 10851 10928 10929
f 10851 10929 10852
f 10852 10929 10930
f 10852 10930 10853
f 10853 10930 10931
f 10853 10931 10854
f 10854 10931 10932
f 10854 10932 10855
f 10855 10932 10933
f 10855 10933 10856
f 10856 10933 10934
f 10856 10934 9132
f 9132 10934 9020
f 9132 9020 9019
f 8928 10935 9111
f 9111 10935 10936
f 9111 10936 10857
f 10857 10936 10937
f 10857 10937 10858
f 10858 10937 10938
f 10858 10938 10859
f 10859 10938 10939
f 10859 10939 10860
f 10860 10939 10940
f 10860 10940 10861
f 10861 10940 10941
f 10861 10941 10862
f 10862 10941 10942
f 10862 10942 10863
f 10863 10942 10943
f 10863 10943 10864
f 10864 10943 10944
f 10864 10944 10865
f 10865 10944 10945
f 10865 10945 10866
f 10866 10945 10946
f 10866 10946 10867
f 10867 10946 10947
f 10867 10947 10868
f 10868 10947 10948
f 10868 10948 10869
f 10869 10948 10949
f 10869 10949 10870
f 10870 10949 10950
f 10870 10950 10871
f 10871 10950 10951
f 10871 10951 10872
f 10872 10951 10952
f 10872 10952 10873
f 10873 10952 10953
f 10873 10953 10874
f 10874 10953 10954
f 10874 10954 10875
f 10875 10954 10955
f 10875 10955 10876
f 10876 10955 10956
f 10876 10956 10877
f 10877 10956 10957
f 10877 10957 10878
f 10878 10957 10958
f 10878 10958 10879
f 10879 10958 10959
f 10879 10959 10880
f 10880 10959 10960
f 10880 10960 10881
f 10881 10960 10961
f 10881 10961 10882
f 10882 10961 10962
f 10882 10962 10883
f 10883 10962 10963
f 10883 10963 10884
f 10884 10963 10964
f 10884 10964 10885
f 10885 10964 10965
f 10885 10965 10886
f 10886 10965 10966
f 10886 10966 10887
f 10887 10966 10967
f 10887 10967 10888
f 10888 10967 10968
f 10888 10968 10889
f 10889 10968 10969
f 10889 10969 10890
f 10890 10969 10970
f 10890 10970 10891
f 10891 10970 10971
f 10891 10971 10892
f 10892 10971 10972
f 10892 10972 10893
f 10893 10972 10973
f 10893 10973 10894
f 10894 10973 10974
f 10894 10974 10895
f 10895 10974 10975
f 10895 10975 10896
f 10896 10975 10976
f 10896 10976 10897
f 10897 10976 10977
f 10897 10977 10898
f 10898 10977 10978
f 10898 10978 10899
f 10899 10978 10979
f 10899 10979 10900
f 10900 10979 10980
f 10900 10980 10901
f 10901 10980 10981
f 10901 10981 10902
f 10902 10981 10982
f 10902 10982 10903
f 10903 10982 10983
f 10903 10983 10904
f 10904 10983 10984
f 10904 10984 10905
f 10905 10984 10985
f 10905 10985 10906
f 10906 10985 10986
f 10906 10986 10907
f 10907 10986 10987
f 10907 10987 10908
f 10908 10987 10988
f 10908 10988 10909
f 10909 10988 10989
f 10909 10989 10910
f 10910 10989 10990
f 10910 10990 10911
f 10911 10990 10991
f 10911 10991 10912
f 10912 10991 10992
f 10912 10992 10913
f 10913 10992 10993
f 10913 10993 10914
f 10914 10993 10994
f 10914 10994 10915
f 10915 10994 10995
f 10915 10995 10916
f 10916 10995 10996
f 10916 10996 10917
f 10917 10996 10997
f 10917 10997 10918
f 10918 10997 10998
f 10918 10998 10919
f 10919 10998 10999
f 10919 10999 10920
f 10920 10999 11000
f 10920 11000 10921
f 10921 11000 11001
f 10921 11001 10922
f 10922 11001 11002
f 10922 11002 10923
f 10923 11002 11003
f 10923 11003 10924
f 10924 11003 11004
f 10924 11004 10925
f 10925 11004 11005
f 10925 11005 10926
f 10926 11005 11006
f 10926 11006 10927
f 10927 11006 11007
f 10927 11007 10928
f 10928 11007 11008
f 10928 11008 10929
f 10929 11008 11009
f 10929 11009 10930
f 10930 11009 11010
f 10930 11010 10931
f 10931 11010 11011
f 10931 11011 10932
f 10932 11011 11012
f 10932 11012 10933
f 10933 11012 9133
f 10933 9133 10934
f 10934 9133 9021
f 10934 9021 9020
f 8928 9109 10935
f 10935 9109 11013
f 10935 11013 10936
f 10936 11013 11014
f 10936 11014 10937
f 10937 11014 11015
f 10937 11015 10938
f 10938 11015 11016
f 10938 11016 10939
f 10939 11016 11017
f 10939 11017 10940
f 10940 11017 11018
f 10940 11018 10941
f 10941 11018 11019
f 10941 11019 10942
f 10942 11019 11020
f 10942 11020 10943
f 10943 11020 11021
f 10943 11021 10944
f 10944 11021 11022
f 10944 11022 10945
f 10945 11022 11023
f 10945 11023 10946
f 10946 11023 11024
f 10946 11024 10947
f 10947 11024 11025
f 10947 11025 10948
f 10948 11025 11026
f 10948 11026 10949
f 10949 11026 11027
f 10949 11027 10950
f 10950 11027 11028
f 10950 11028 10951
f 10951 11028 11029
f 10951 11029 10952
f 10952 11029 11030
f 10952 11030 10953
f 10953 11030 11031
f 10953 11031 10954
f 10954 11031 11032
f 10954 11032 10955
f 10955 11032 11033
f 10955 11033 10956
f 10956 11033 11034
f 10956 11034 10957
f 10957 11034 11035
f 10957 11035 10958
f 10958 11035 11036
f 10958 11036 10959
f 10959 11036 11037
f 10959 11037 10960
f 10960 11037 11038
f 10960 11038 10961
f 10961 11038 11039
f 10961 11039 10962
f 10962 11039 11040
f 10962 11040 10963
f 10963 11040 11041
f 10963 11041 10964
f 10964 11041 11042
f 10964 11042 10965
f 10965 11042 11043
f 10965 11043 10966
f 10966 11043 11044
f 10966 11044 10967
f 10967 11044 11045
f 10967 11045 10968
f 10968 11045 11046
f 10968 11046 10969
f 10969 11046 11047
f 10969 11047 10970
f 10970 11047 11048
f 10970 11048 10971
f 10971 11048 11049
f 10971 11049 10972
f 10972 11049 11050
f 10972 11050 10973
f 10973 11050 11051
f 10973 11051 10974
f 10974 11051 11052
f 10974 11052 10975
f 10975 11052 11053
f 10975 11053 10976
f 10976 11053 11054
f 10976 11054 10977
f 10977 11054 11055
f 10977 11055 10978
f 10978 11055 11056
f 10978 11056 10979
f 10979 11056 11057
f 10979 11057 10980
f 10980 11057 11058
f 10980 11058 10981
f 10981 11058 11059
f 10981 11059 10982
f 10982 11059 11060
f 10982 11060 10983
f 10983 11060 11061
f 10983 11061 10984
f 10984 11061 11062
f 10984 11062 10985
f 10985 11062 11063
f 10985 11063 10986
f 10986 11063 11064
f 10986 11064 10987
f 10987 11064 11065
f 10987 11065 10988
f 10988 11065 11066
f 10988 11066 10989
f 10989 11066 11067
f 10989 11067 10990
f 10990 11067 11068
f 10990 11068 10991
f 10991 11068 11069
f 10991 11069 10992
f 10992 11069 11070
f 10992 11070 10993
f 10993 11070 11071
f 10993 11071 10994
f 10994 11071 11072
f 10994 11072 10995
f 10995 11072 11073
f 10995 11073 10996
f 10996 11073 11074
f 10996 11074 10997
f 10997 11074 11075
f 10997 11075 10998
f 10998 11075 11076
f 10998 11076 10999
f 10999 11076 11077
f 10999 11077 11000
f 11000 11077 11078
f 11000 11078 11001
f 11001 11078 11079
f 11001 11079 11002
f 11002 11079 11080
f 11002 11080 11003
f 11003 11080 11081
f 11003 11081 11004
f 11004 11081 11082
f 11004 11082 11005
f 11005 11082 11083
f 11005 11083 11006
f 11006 11083 11084
f 11006 11084 11007
f 11007 11084 11085
f 11007 11085 11008
f 11008 11085 11086
f 11008 11086 11009
f 11009 11086 11087
f 11009 11087 11010
f 11010 11087 11088
f 11010 11088 11011
f 11011 11088 11089
f 11011 11089 11012
f 11012 11089 9134
f 11012 9134 9133
f 9133 9134 9023
f 9133 9023 9022
f 8926 9110 9109
f 9109 9110 11090
f 9109 11090 11013
f 11013 11090 11091
f 11013 11091 11014
f 11014 11091 11092
f 11014 11092 11015
f 11015 11092 11093
f 11015 11093 11016
f 11016 11093 11094
f 11016 11094 11017
f 11017 11094 11095
f 11017 11095 11018
f 11018 11095 11096
f 11018 11096 11019
f 11019 11096 11097
f 11019 11097 11020
f 11020 11097 11098
f 11020 11098 11021
f 11021 11098 11099
f 11021 11099 11022
f 11022 11099 11100
f 11022 11100 11023
f 11023 11100 11101
f 11023 11101 11024
f 11024 11101 11102
f 11024 11102 11025
f 11025 11102 11103
f 11025 11103 11026
f 11026 11103 11104
f 11026 11104 11027
f 11027 11104 11105
f 11027 11105 11028
f 11028 11105 11106
f 11028 11106 11029
f 11029 11106 11107
f 11029 11107 11030
f 11030 11107 11108
f 11030 11108 11031
f 11031 11108 11109
f 11031 11109 11032
f 11032 11109 11110
f 11032 11110 11033
f 11033 11110 11111
f 11033 11111 11034
f 11034 11111 11112
f 11034 11112 11035
f 11035 11112 11113
f 11035 11113 11036
f 11036 11113 11114
f 11036 11114 11037
f 11037 11114 11115
f 11037 11115 11038
f 11038 11115 11116
f 11038 11116 11039
f 11039 11116 11117
f 11039 11117 11040
f 11040 11117 11118
f 11040 11118 11041
f 11041 11118 11119
f 11041 11119 11042
f 11042 11119 11120
f 11042 11120 11043
f 11043 11120 11121
f 11043 11121 11044
f 11044 11121 11122
f 11044 11122 11045
f 11045 11122 11123
f 11045 11123 11046
f 11046 11123 11124
f 11046 11124 11047
f 11047 11124 11125
f 11047 11125 11048
f 11048 11125 11126
f 11048 11126 11049
f 11049 11126 11127
f 11049 11127 11050
f 11050 11127 11128
f 11050 11128 11051
f 11051 11128 11129
f 11051 11129 11052
f 11052 11129 11130
f 11052 11130 11053
f 11053 11130 11131
f 11053 11131 11054
f 11054 11131 11132
f 11054 11132 11055
f 11055 11132 11133
f 11055 11133 11056
f 11056 11133 11134
f 11056 11134 11057
f 11057 11134 11135
f 11057 11135 11058
f 11058 11135 11136
f 11058 11136 11059
f 11059 11136 11137
f 11059 11137 11060
f 11060 11137 11138
f 11060 11138 11061
f 11061 11138 11139
f 11061 11139 11062
f 11062 11139 11140
f 11062 11140 11063
f 11063 11140 11141
f 11063 11141 11064
f 11064 11141 11142
f 11064 11142 11065
f 11065 11142 11143
f 11065 11143 11066
f 11066 11143 11144
f 11066 11144 11067
f 11067 11144 11145
f 11067 11145 11068
f 11068 11145 11146
f 11068 11146 11069
f 11069 11146 11147
f 11069 11147 11070
f 11070 11147 11148
f 11070 11148 11071
f 11071 11148 11149
f 11071 11149 11072
f 11072 11149 11150
f 11072 11150 11073
f 11073 11150 11151
f 11073 11151 11074
f 11074 11151 11152
f 11074 11152 11075
f 11075 11152 11153
f 11075 11153 11076
f 11076 11153 11154
f 11076 11154 11077
f 11077 11154 11155
f 11077 11155 11078
f 11078 11155 11156
f 11078 11156 11079
f 11079 11156 11157
f 11079 11157 11080
f 11080 11157 11158
f 11080 11158 11081
f 11081 11158 11159
f 11081 11159 11082
f 11082 11159 11160
f 11082 11160 11083
f 11083 11160 11161
f 11083 11161 11084
f 11084 11161 11162
f 11084 11162 11085
f 11085 11162 11163
f 11085 11163 11086
f 11086 11163 11164
f 11086 11164 11087
f 11087 11164 11165
f 11087 11165 11088
f 11088 11165 11166
f 11088 11166 11089
f 11089 11166 9135
f 11089 9135 9134
f 9134 9135 9025
f 9134 9025 9024
f 8925 9164 9110
f 9110 9164 11167
f 9110 11167 11090
f 11090 11167 11168
f 11090 11168 11091
f 11091 11168 11169
f 11091 11169 11092
f 11092 11169 11170
f 11092 11170 11093
f 11093 11170 11171
f 11093 11171 11094
f 11094 11171 11172
f 11094 11172 11095
f 11095 11172 11173
f 11095 11173 11096
f 11096 11173 11174
f 11096 11174 11097
f 11097 11174 11175
f 11097 11175 11098
f 11098 11175 11176
f 11098 11176 11099
f 11099 11176 11177
f 11099 11177 11100
f 11100 11177 11178
f 11100 11178 11101
f 11101 11178 11179
f 11101 11179 11102
f 11102 11179 11180
f 11102 11180 11103
f 11103 11180 11181
f 11103 11181 11104
f 11104 11181 11182
f 11104 11182 11105
f 11105 11182 11183
f 11105 11183 11106
f 11106 11183 11184
f 11106 11184 11107
f 11107 11184 11185
f 11107 11185 11108
f 11108 11185 11186
f 11108 11186 11109
f 11109 11186 11187
f 11109 11187 11110
f 11110 11187 11188
f 11110 11188 11111
f 11111 11188 11189
f 11111 11189 11112
f 11112 11189 11190
f 11112 11190 11113
f 11113 11190 11191
f 11113 11191 11114
f 11114 11191 11192
f 11114 11192 11115
f 11115 11192 11193
f 11115 11193 11116
f 11116 11193 11194
f 11116 11194 11117
f 11117 11194 11195
f 11117 11195 11118
f 11118 11195 11196
f 11118 11196 11119
f 11119 11196 11197
f 11119 11197 11120
f 11120 11197 11198
f 11120 11198 11121
f 11121 11198 11199
f 11121 11199 11122
f 11122 11199 11200
f 11122 11200 11123
f 11123 11200 11201
f 11123 11201 11124
f 11124 11201 11202
f 11124 11202 11125
f 11125 11202 11203
f 11125 11203 11126
f 11126 11203 11204
f 11126 11204 11127
f 11127 11204 11205
f 11127 11205 11128
f 11128 11205 11206
f 11128 11206 11129
f 11129 11206 11207
f 11129 11207 11130
f 11130 11207 11208
f 11130 11208 11131
f 11131 11208 11209
f 11131 11209 11132
f 11132 11209 11210
f 11132 11210 11133
f 11133 11210 11211
f 11133 11211 11134
f 11134 11211 11212
f 11134 11212 11135
f 11135 11212 11213
f 11135 11213 11136
f 11136 11213 11214
f 11136 11214 11137
f 11137 11214 11215
f 11137 11215 11138
f 11138 11215 11216
f 11138 11216 11139
f 11139 11216 11217
f 11139 11217 11140
f 11140 11217 11218
f 11140 11218 11141
f 11141 11218 11219
f 11141 11219 11142
f 11142 11219 11220
f 11142 11220 11143
f 11143 11220 11221
f 11143 11221 11144
f 11144 11221 11222
f 11144 11222 11145
f 11145 11222 11223
f 11145 11223 11146
f 11146 11223 11224
f 11146 11224 11147
f 11147 11224 11225
f 11147 11225 11148
f 11148 11225 11226
f 11148 11226 11149
f 11149 11226 11227
f 11149 11227 11150
f 11150 11227 11228
f 11150 11228 11151
f 11151 11228 11229
f 11151 11229 11152
f 11152 11229 11230
f 11152 11230 11153
f 11153 11230 11231
f 11153 11231 11154
f 11154 11231 11232
f 11154 11232 11155
f 11155 11232 11233
f 11155 11233 11156
f 11156 11233 11234
f 11156 11234 11157
f 11157 11234 11235
f 11157 11235 11158
f 11158 11235 11236
f 11158 11236 11159
f 11159 11236 11237
f 11159 11237 11160
f 11160 11237 11238
f 11160 11238 11161
f 11161 11238 11239
f 11161 11239 11162
f 11162 11239 11240
f 11162 11240 11163
f 11163 11240 11241
f 11163 11241 11164
f 11164 11241 11242
f 11164 11242 11165
f 11165 11242 11243
f 11165 11243 11166
f 11166 11243 9136
f 11166 9136 9135
f 9135 9136 9027
f 9135 9027 9026
f 8957 9163 9164
f 9164 9163 11244
f 9164 11244 11167
f 11167 11244 11245
f 11167 11245 11168
f 11168 11245 11246
f 11168 11246 11169
f 11169 11246 11247
f 11169 11247 11170
f 11170 11247 11248
f 11170 11248 11171
f 11171 11248 11249
f 11171 11249 11172
f 11172 11249 11250
f 11172 11250 11173
f 11173 11250 11251
f 11173 11251 11174
f 11174 11251 11252
f 11174 11252 11175
f 11175 11252 11253
f 11175 11253 11176
f 11176 11253 11254
f 11176 11254 11177
f 11177 11254 11255
f 11177 11255 11178
f 11178 11255 11256
f 11178 11256 11179
f 11179 11256 11257
f 11179 11257 11180
f 11180 11257 11258
f 11180 11258 11181
f 11181 11258 11259
f 11181 11259 11182
f 11182 11259 11260
f 11182 11260 11183
f 11183 11260 11261
f 11183 11261 11184
f 11184 11261 11262
f 11184 11262 11185
f 11185 11262 11263
f 11185 11263 11186
f 11186 11263 11264
f 11186 11264 11187
f 11187 11264 11265
f 11187 11265 11188
f 11188 11265 11266
f 11188 11266 11189
f 11189 11266 11267
f 11189 11267 11190
f 11190 11267 11268
f 11190 11268 11191
f 11191 11268 11269
f 11191 11269 11192
f 11192 11269 11270
f 11192 11270 11193
f 11193 11270 11271
f 11193 11271 11194
f 11194 11271 11272
f 11194 11272 11195
f 11195 11272 11273
f 11195 11273 11196
f 11196 11273 11274
f 11196 11274 11197
f 11197 11274 11275
f 11197 11275 11198
f 11198 11275 11276
f 11198 11276 11199
f 11199 11276 11277
f 11199 11277 11200
f 11200 11277 11278
f 11200 11278 11201
f 11201 11278 11279
f 11201 11279 11202
f 11202 11279 11280
f 11202 11280 11203
f 11203 11280 11281
f 11203 11281 11204
f 11204 11281 11282
f 11204 11282 11205
f 11205 11282 11283
f 11205 11283 11206
f 11206 11283 11284
f 11206 11284 11207
f 11207 11284 11285
f 11207 11285 11208
f 11208 11285 11286
f 11208 11286 11209
f 11209 11286 11287
f 11209 11287 11210
f 11210 11287 11288
f 11210 11288 11211
f 11211 11288 11289
f 11211 11289 11212
f 11212 11289 11290
f 11212 11290 11213
f 11213 11290 11291
f 11213 11291 11214
f 11214 11291 11292
f 11214 11292 11215
f 11215 11292 11293
f 11215 11293 11216
f 11216 11293 11294
f 11216 11294 11217
f 11217 11294 11295
f 11217 11295 11218
f 11218 11295 11296
f 11218 11296 11219
f 11219 11296 11297
f 11219 11297 11220
f 11220 11297 11298
f 11220 11298 11221
f 11221 11298 11299
f 11221 11299 11222
f 11222 11299 11300
f 11222 11300 11223
f 11223 11300 11301
f 11223 11301 11224
f 11224 11301 11302
f 11224 11302 11225
f 11225 11302 11303
f 11225 11303 11226
f 11226 11303 11304
f 11226 11304 11227
f 11227 11304 11305
f 11227 11305 11228
f 11228 11305 11306
f 11228 11306 11229
f 11229 11306 11307
f 11229 11307 11230
f 11230 11307 11308
f 11230 11308 11231
f 11231 11308 11309
f 11231 11309 11232
f 11232 11309 11310
f 11232 11310 11233
f 11233 11310 11311
f 11233 11311 11234
f 11234 11311 11312
f 11234 11312 11235
f 11235 11312 11313
f 11235 11313 11236
f 11236 11313 11314
f 11236 11314 11237
f 11237 11314 11315
f 11237 11315 11238
f 11238 11315 11316
f 11238 11316 11239
f 11239 11316 11317
f 11239 11317 11240
f 11240 11317 11318
f 11240 11318 11241
f 11241 11318 11319
f 11241 11319 11242
f 11242 11319 11320
f 11242 11320 11243
f 11243 11320 9137
f 11243 9137 9136
f 9136 9137 9028
f 8965 9162 9163
f 9163 9162 11321
f 9163 11321 11244
f 11244 11321 11322
f 11244 11322 11245
f 11245 11322 11323
f 11245 11323 11246
f 11246 11323 11324
f 11246 11324 11247
f 11247 11324 11325
f 11247 11325 11248
f 11248 11325 11326
f 11248 11326 11249
f 11249 11326 11327
f 11249 11327 11250
f 11250 11327 11328
f 11250 11328 11251
f 11251 11328 11329
f 11251 11329 11252
f 11252 11329 11330
f 11252 11330 11253
f 11253 11330 11331
f 11253 11331 11254
f 11254 11331 11332
f 11254 11332 11255
f 11255 11332 11333
f 11255 11333 11256
f 11256 11333 11334
f 11256 11334 11257
f 11257 11334 11335
f 11257 11335 11258
f 11258 11335 11336
f 11258 11336 11259
f 11259 11336 11337
f 11259 11337 11260
f 11260 11337 11338
f 11260 11338 11261
f 11261 11338 11339
f 11261 11339 11262
f 11262 11339 11340
f 11262 11340 11263
f 11263 11340 11341
f 11263 11341 11264
f 11264 11341 11342
f 11264 11342 11265
f 11265 11342 11343
f 11265 11343 11266
f 11266 11343 11344
f 11266 11344 11267
f 11267 11344 11345
f 11267 11345 11268
f 11268 11345 11346
f 11268 11346 11269
f 11269 11346 11347
f 11269 11347 11270
f 11270 11347 11348
f 11270 11348 11271
f 11271 11348 11349
f 11271 11349 11272
f 11272 11349 11350
f 11272 11350 11273
f 11273 11350 11351
f 11273 11351 11274
f 11274 11351 11352
f 11274 11352 11275
f 11275 11352 11353
f 11275 11353 11276
f 11276 11353 11354
f 11276 11354 11277
f 11277 11354 11355
f 11277 11355 11278
f 11278 11355 11356
f 11278 11356 11279
f 11279 11356 11357
f 11279 11357 11280
f 11280 11357 11358
f 11280 11358 11281
f 11281 11358 11359
f 11281 11359 11282
f 11282 11359 11360
f 11282 11360 11283
f 11283 11360 11361
f 11283 11361 11284
f 11284 11361 11362
f 11284 11362 11285
f 11285 11362 11363
f 11285 11363 11286
f 11286 11363 11364
f 11286 11364 11287
f 11287 11364 11365
f 11287 11365 11288
f 11288 11365 11366
f 11288 11366 11289
f 11289 11366 11367
f 11289 11367 11290
f 11290 11367 11368
f 11290 11368 11291
f 11291 11368 11369
f 11291 11369 11292
f 11292 11369 11370
f 11292 11370 11293
f 11293 11370 11371
f 11293 11371 11294
f 11294 11371 11372
f 11294 11372 11295
f 11295 11372 11373
f 11295 11373 11296
f 11296 11373 11374
f 11296 11374 11297
f 11297 11374 11375
f 11297 11375 11298
f 11298 11375 11376
f 11298 11376 11299
f 11299 11376 11377
f 11299 11377 11300
f 11300 11377 11378
f 11300 11378 11301
f 11301 11378 11379
f 11301 11379 11302
f 11302 11379 11380
f 11302 11380 11303
f 11303 11380 11381
f 11303 11381 11304
f 11304 11381 11382
f 11304 11382 11305
f 11305 11382 11383
f 11305 11383 11306
f 11306 11383 11384
f 11306 11384 11307
f 11307 11384 11385
f 11307 11385 11308
f 11308 11385 11386
f 11308 11386 11309
f 11309 11386 11387
f 11309 11387 11310
f 11310 11387 11388
f 11310 11388 11311
f 11311 11388 11389
f 11311 11389 11312
f 11312 11389 11390
f 11312 11390 11313
f 11313 11390 11391
f 11313 11391 11314
f 11314 11391 11392
f 11314 11392 11315
f 11315 11392 11393
f 11315 11393 11316
f 11316 11393 11394
f 11316 11394 11317
f 11317 11394 11395
f 11317 11395 11318
f 11318 11395 11396
f 11318 11396 11319
f 11319 11396 11397
f 11319 11397 11320
f 11320 11397 11398
f 11320 11398 9137
f 9137 11398 9061
f 9137 9061 9060
f 8964 9161 9162
f 9162 9161 11399
f 9162 11399 11321
f 11321 11399 11400
f 11321 11400 11322
f 11322 11400 11401
f 11322 11401 11323
f 11323 11401 11402
f 11323 11402 11324
f 11324 11402 11403
f 11324 11403 11325
f 11325 11403 11404
f 11325 11404 11326
f 11326 11404 11405
f 11326 11405 11327
f 11327 11405 11406
f 11327 11406 11328
f 11328 11406 11407
f 11328 11407 11329
f 11329 11407 11408
f 11329 11408 11330
f 11330 11408 11409
f 11330 11409 11331
f 11331 11409 11410
f 11331 11410 11332
f 11332 11410 11411
f 11332 11411 11333
f 11333 11411 11412
f 11333 11412 11334
f 11334 11412 11413
f 11334 11413 11335
f 11335 11413 11414
f 11335 11414 11336
f 11336 11414 11415
f 11336 11415 11337
f 11337 11415 11416
f 11337 11416 11338
f 11338 11416 11417
f 11338 11417 11339
f 11339 11417 11418
f 11339 11418 11340
f 11340 11418 11419
f 11340 11419 11341
f 11341 11419 11420
f 11341 11420 11342
f 11342 11420 11421
f 11342 11421 11343
f 11343 11421 11422
f 11343 11422 11344
f 11344 11422 11423
f 11344 11423 11345
f 11345 11423 11424
f 11345 11424 11346
f 11346 11424 11425
f 11346 11425 11347
f 11347 11425 11426
f 11347 11426 11348
f 11348 11426 11427
f 11348 11427 11349
f 11349 11427 11428
f 11349 11428 11350
f 11350 11428 11429
f 11350 11429 11351
f 11351 11429 11430
f 11351 11430 11352
f 11352 11430 11431
f 11352 11431 11353
f 11353 11431 11432
f 11353 11432 11354
f 11354 11432 11433
f 11354 11433 11355
f 11355 11433 11434
f 11355 11434 11356
f 11356 11434 11435
f 11356 11435 11357
f 11357 11435 11436
f 11357 11436 11358
f 11358 11436 11437
f 11358 11437 11359
f 11359 11437 11438
f 11359 11438 11360
f 11360 11438 11439
f 11360 11439 11361
f 11361 11439 11440
f 11361 11440 11362
f 11362 11440 11441
f 11362 11441 11363
f 11363 11441 11442
f 11363 11442 11364
f 11364 11442 11443
f 11364 11443 11365
f 11365 11443 11444
f 11365 11444 11366
f 11366 11444 11445
f 11366 11445 11367
f 11367 11445 11446
f 11367 11446 11368
f 11368 11446 11447
f 11368 11447 11369
f 11369 11447 11448
f 11369 11448 11370
f 11370 11448 11449
f 11370 11449 11371
f 11371 11449 11450
f 11371 11450 11372
f 11372 11450 11451
f 11372 11451 11373
f 11373 11451 11452
f 11373 11452 11374
f 11374 11452 11453
f 11374 11453 11375
f 11375 11453 11454
f 11375 11454 11376
f 11376 11454 11455
f 11376 11455 11377
f 11377 11455 11456
f 11377 11456 11378
f 11378 11456 11457
f 11378 11457 11379
f 11379 11457 11458
f 11379 11458 11380
f 11380 11458 11459
f 11380 11459 11381
f 11381 11459 11460
f 11381 11460 11382
f 11382 11460 11461
f 11382 11461 11383
f 11383 11461 11462
f 11383 11462 11384
f 11384 11462 11463
f 11384 11463 11385
f 11385 11463 11464
f 11385 11464 11386
f 11386 11464 11465
f 11386 11465 11387
f 11387 11465 11466
f 11387 11466 11388
f 11388 11466 11467
f 11388 11467 11389
f 11389 11467 11468
f 11389 11468 11390
f 11390 11468 11469
f 11390 11469 11391
f 11391 11469 11470
f 11391 11470 11392
f 11392 11470 11471
f 11392 11471 11393
f 11393 11471 11472
f 11393 11472 11394
f 11394 11472 11473
f 11394 11473 11395
f 11395 11473 11474
f 11395 11474 11396
f 11396 11474 11475
f 11396 11475 11397
f 11397 11475 11476
f 11397 11476 11398
f 8962 9160 9161
f 9161 9160 11477
f 9161 11477 11399
f 11399 11477 11478
f 11399 11478 11400
f 11400 11478 11479
f 11400 11479 11401
f 11401 11479 11480
f 11401 11480 11402
f 11402 11480 11481
f 11402 11481 11403
f 11403 11481 11482
f 11403 11482 11404
f 11404 11482 11483
f 11404 11483 11405
f 11405 11483 11484
f 11405 11484 11406
f 11406 11484 11485
f 11406 11485 11407
f 11407 11485 11486
f 11407 11486 11408
f 11408 11486 11487
f 11408 11487 11409
f 11409 11487 11488
f 11409 11488 11410
f 11410 11488 11489
f 11410 11489 11411
f 11411 11489 11490
f 11411 11490 11412
f 11412 11490 11491
f 11412 11491 11413
f 11413 11491 11492
f 11413 11492 11414
f 11414 11492 11493
f 11414 11493 11415
f 11415 11493 11494
f 11415 11494 11416
f 11416 11494 11495
f 11416 11495 11417
f 11417 11495 11496
f 11417 11496 11418
f 11418 11496 11497
f 11418 11497 11419
f 11419 11497 11498
f 11419 11498 11420
f 11420 11498 11499
f 11420 11499 11421
f 11421 11499 11500
f 11421 11500 11422
f 11422 11500 11501
f 11422 11501 11423
f 11423 11501 11502
f 11423 11502 11424
f 11424 11502 11503
f 11424 11503 11425
f 11425 11503 11504
f 11425 11504 11426
f 11426 11504 11505
f 11426 11505 11427
f 11427 11505 11506
f 11427 11506 11428
f 11428 11506 11507
f 11428 11507 11429
f 11429 11507 11508
f 11429 11508 11430
f 11430 11508 11509
f 11430 11509 11431
f 11431 11509 11510
f 11431 11510 11432
f 11432 11510 11511
f 11432 11511 11433
f 11433 11511 11512
f 11433 11512 11434
f 11434 11512 11513
f 11434 11513 11435
f 11435 11513 11514
f 11435 11514 11436
f 11436 11514 11515
f 11436 11515 11437
f 11437 11515 11516
f 11437 11516 11438
f 11438 11516 11517
f 11438 11517 11439
f 11439 11517 11518
f 11439 11518 11440
f 11440 11518 11519
f 11440 11519 11441
f 11441 11519 11520
f 11441 11520 11442
f 11442 11520 11521
f 11442 11521 11443
f 11443 11521 11522
f 11443 11522 11444
f 11444 11522 11523
f 11444 11523 11445
f 11445 11523 11524
f 11445 11524 11446
f 11446 11524 11525
f 11446 11525 11447
f 11447 11525 11526
f 11447 11526 11448
f 11448 11526 11527
f 11448 11527 11449
f 11449 11527 11528
f 11449 11528 11450
f 11450 11528 11529
f 11450 11529 11451
f 11451 11529 11530
f 11451 11530 11452
f 11452 11530 11531
f 11452 11531 11453
f 11453 11531 11532
f 11453 11532 11454
f 11454 11532 11533
f 11454 11533 11455
f 11455 11533 11534
f 11455 11534 11456
f 11456 11534 11535
f 11456 11535 11457
f 11457 11535 11536
f 11457 11536 11458
f 11458 11536 11537
f 11458 11537 11459
f 11459 11537 11538
f 11459 11538 11460
f 11460 11538 11539
f 11460 11539 11461
f 11461 11539 11540
f 11461 11540 11462
f 11462 11540 11541
f 11462 11541 11463
f 11463 11541 11542
f 11463 11542 11464
f 11464 11542 11543
f 11464 11543 11465
f 11465 11543 11544
f 11465 11544 11466
f 11466 11544 11545
f 11466 11545 11467
f 11467 11545 11546
f 11467 11546 11468
f 11468 11546 11547
f 11468 11547 11469
f 11469 11547 11548
f 11469 11548 11470
f 11470 11548 11549
f 11470 11549 11471
f 11471 11549 11550
f 11471 11550 11472
f 11472 11550 11551
f 11472 11551 11473
f 11473 11551 11552
f 11473 11552 11474
f 11474 11552 11553
f 11474 11553 11475
f 11475 11553 11554
f 11475 11554 11476
f 11476 11554 9063
f 11476 9063 11398
f 11398 9063 9062
f 11398 9062 9061
f 8959 9159 9160
f 9160 9159 11555
f 9160 11555 11477
f 11477 11555 11556
f 11477 11556 11478
f 11478 11556 11557
f 11478 11557 11479
f 11479 11557 11558
f 11479 11558 11480
f 11480 11558 11559
f 11480 11559 11481
f 11481 11559 11560
f 11481 11560 11482
f 11482 11560 11561
f 11482 11561 11483
f 11483 11561 11562
f 11483 11562 11484
f 11484 11562 11563
f 11484 11563 11485
f 11485 11563 11564
f 11485 11564 11486
f 11486 11564 11565
f 11486 11565 11487
f 11487 11565 11566
f 11487 11566 11488
f 11488 11566 11567
f 11488 11567 11489
f 11489 11567 11568
f 11489 11568 11490
f 11490 11568 11569
f 11490 11569 11491
f 11491 11569 11570
f 11491 11570 11492
f 11492 11570 11571
f 11492 11571 11493
f 11493 11571 11572
f 11493 11572 11494
f 11494 11572 11573
f 11494 11573 11495
f 11495 11573 11574
f 11495 11574 11496
f 11496 11574 11575
f 11496 11575 11497
f 11497 11575 11576
f 11497 11576 11498
f 11498 11576 11577
f 11498 11577 11499
f 11499 11577 11578
f 11499 11578 11500
f 11500 11578 11579
f 11500 11579 11501
f 11501 11579 11580
f 11501 11580 11502
f 11502 11580 11581
f 11502 11581 11503
f 11503 11581 11582
f 11503 11582 11504
f 11504 11582 11583
f 11504 11583 11505
f 11505 11583 11584
f 11505 11584 11506
f 11506 11584 11585
f 11506 11585 11507
f 11507 11585 11586
f 11507 11586 11508
f 11508 11586 11587
f 11508 11587 11509
f 11509 11587 11588
f 11509 11588 11510
f 11510 11588 11589
f 11510 11589 11511
f 11511 11589 11590
f 11511 11590 11512
f 11512 11590 11591
f 11512 11591 11513
f 11513 11591 11592
f 11513 11592 11514
f 11514 11592 11593
f 11514 11593 11515
f 11515 11593 11594
f 11515 11594 11516
f 11516 11594 11595
f 11516 11595 11517
f 11517 11595 11596
f 11517 11596 11518
f 11518 11596 11597
f 11518 11597 11519
f 11519 11597 11598
f 11519 11598 11520
f 11520 11598 11599
f 11520 11599 11521
f 11521 11599 11600
f 11521 11600 11522
f 11522 11600 11601
f 11522 11601 11523
f 11523 11601 11602
f 11523 11602 11524
f 11524 11602 11603
f 11524 11603 11525
f 11525 11603 11604
f 11525 11604 11526
f 11526 11604 11605
f 11526 11605 11527
f 11527 11605 11606
f 11527 11606 11528
f 11528 11606 11607
f 11528 11607 11529
f 11529 11607 11608
f 11529 11608 11530
f 11530 11608 11609
f 11530 11609 11531
f 11531 11609 11610
f 11531 11610 11532
f 11532 11610 11611
f 11532 11611 11533
f 11533 11611 11612
f 11533 11612 11534
f 11534 11612 11613
f 11534 11613 11535
f 11535 11613 11614
f 11535 11614 11536
f 11536 11614 11615
f 11536 11615 11537
f 11537 11615 11616
f 11537 11616 11538
f 11538 11616 11617
f 11538 11617 11539
f 11539 11617 11618
f 11539 11618 11540
f 11540 11618 11619
f 11540 11619 11541
f 11541 11619 11620
f 11541 11620 11542
f 11542 11620 11621
f 11542 11621 11543
f 11543 11621 11622
f 11543 11622 11544
f 11544 11622 11623
f 11544 11623 11545
f 11545 11623 11624
f 11545 11624 11546
f 11546 11624 11625
f 11546 11625 11547
f 11547 11625 11626
f 11547 11626 11548
f 11548 11626 11627
f 11548 11627 11549
f 11549 11627 11628
f 11549 11628 11550
f 11550 11628 11629
f 11550 11629 11551
f 11551 11629 11630
f 11551 11630 11552
f 11552 11630 11631
f 11552 11631 11553
f 11553 11631 9138
f 11553 9138 11554
f 11554 9138 9078
f 11554 9078 9063
f 8981 9158 9159
f 9159 9158 11632
f 9159 11632 11555
f 11555 11632 11633
f 11555 11633 11556
f 11556 11633 11634
f 11556 11634 11557
f 11557 11634 11635
f 11557 11635 11558
f 11558 11635 11636
f 11558 11636 11559
f 11559 11636 11637
f 11559 11637 11560
f 11560 11637 11638
f 11560 11638 11561
f 11561 11638 11639
f 11561 11639 11562
f 11562 11639 11640
f 11562 11640 11563
f 11563 11640 11641
f 11563 11641 11564
f 11564 11641 11642
f 11564 11642 11565
f 11565 11642 11643
f 11565 11643 11566
f 11566 11643 11644
f 11566 11644 11567
f 11567 11644 11645
f 11567 11645 11568
f 11568 11645 11646
f 11568 11646 11569
f 11569 11646 11647
f 11569 11647 11570
f 11570 11647 11648
f 11570 11648 11571
f 11571 11648 11649
f 11571 11649 11572
f 11572 11649 11650
f 11572 11650 11573
f 11573 11650 11651
f 11573 11651 11574
f 11574 11651 11652
f 11574 11652 11575
f 11575 11652 11653
f 11575 11653 11576
f 11576 11653 11654
f 11576 11654 11577
f 11577 11654 11655
f 11577 11655 11578
f 11578 11655 11656
f 11578 11656 11579
f 11579 11656 11657
f 11579 11657 11580
f 11580 11657 11658
f 11580 11658 11581
f 11581 11658 11659
f 11581 11659 11582
f 11582 11659 11660
f 11582 11660 11583
f 11583 11660 11661
f 11583 11661 11584
f 11584 11661 11662
f 11584 11662 11585
f 11585 11662 11663
f 11585 11663 11586
f 11586 11663 11664
f 11586 11664 11587
f 11587 11664 11665
f 11587 11665 11588
f 11588 11665 11666
f 11588 11666 11589
f 11589 11666 11667
f 11589 11667 11590
f 11590 11667 11668
f 11590 11668 11591
f 11591 11668 11669
f 11591 11669 11592
f 11592 11669 11670
f 11592 11670 11593
f 11593 11670 11671
f 11593 11671 11594
f 11594 11671 11672
f 11594 11672 11595
f 11595 11672 11673
f 11595 11673 11596
f 11596 11673 11674
f 11596 11674 11597
f 11597 11674 11675
f 11597 11675 11598
f 11598 11675 11676
f 11598 11676 11599
f 11599 11676 11677
f 11599 11677 11600
f 11600 11677 11678
f 11600 11678 11601
f 11601 11678 11679
f 11601 11679 11602
f 11602 11679 11680
f 11602 11680 11603
f 11603 11680 11681
f 11603 11681 11604
f 11604 11681 11682
f 11604 11682 11605
f 11605 11682 11683
f 11605 11683 11606
f 11606 11683 11684
f 11606 11684 11607
f 11607 11684 11685
f 11607 11685 11608
f 11608 11685 11686
f 11608 11686 11609
f 11609 11686 11687
f 11609 11687 11610
f 11610 11687 11688
f 11610 11688 11611
f 11611 11688 11689
f 11611 11689 11612
f 11612 11689 11690
f 11612 11690 11613
f 11613 11690 11691
f 11613 11691 11614
f 11614 11691 11692
f 11614 11692 11615
f 11615 11692 11693
f 11615 11693 11616
f 11616 11693 11694
f 11616 11694 11617
f 11617 11694 11695
f 11617 11695 11618
f 11618 11695 11696
f 11618 11696 11619
f 11619 11696 11697
f 11619 11697 11620
f 11620 11697 11698
f 11620 11698 11621
f 11621 11698 11699
f 11621 11699 11622
f 11622 11699 11700
f 11622 11700 11623
f 11623 11700 11701
f 11623 11701 11624
f 11624 11701 11702
f 11624 11702 11625
f 11625 11702 11703
f 11625 11703 11626
f 11626 11703 11704
f 11626 11704 11627
f 11627 11704 11705
f 11627 11705 11628
f 11628 11705 11706
f 11628 11706 11629
f 11629 11706 11707
f 11629 11707 11630
f 11630 11707 11708
f 11630 11708 11631
f 11631 11708 11709
f 11631 11709 9138
f 9138 11709 9065
f 9138 9065 9064
f 8979 9157 9158
f 9158 9157 11710
f 9158 11710 11632
f 11632 11710 11711
f 11632 11711 11633
f 11633 11711 11712
f 11633 11712 11634
f 11634 11712 11713
f 11634 11713 11635
f 11635 11713 11714
f 11635 11714 11636
f 11636 11714 11715
f 11636 11715 11637
f 11637 11715 11716
f 11637 11716 11638
f 11638 11716 11717
f 11638 11717 11639
f 11639 11717 11718
f 11639 11718 11640
f 11640 11718 11719
f 11640 11719 11641
f 11641 11719 11720
f 11641 11720 11642
f 11642 11720 11721
f 11642 11721 11643
f 11643 11721 11722
f 11643 11722 11644
f 11644 11722 11723
f 11644 11723 11645
f 11645 11723 11724
f 11645 11724 11646
f 11646 11724 11725
f 11646 11725 11647
f 11647 11725 11726
f 11647 11726 11648
f 11648 11726 11727
f 11648 11727 11649
f 11649 11727 11728
f 11649 11728 11650
f 11650 11728 11729
f 11650 11729 11651
f 11651 11729 11730
f 11651 11730 11652
f 11652 11730 11731
f 11652 11731 11653
f 11653 11731 11732
f 11653 11732 11654
f 11654 11732 11733
f 11654 11733 11655
f 11655 11733 11734
f 11655 11734 11656
f 11656 11734 11735
f 11656 11735 11657
f 11657 11735 11736
f 11657 11736 11658
f 11658 11736 11737
f 11658 11737 11659
f 11659 11737 11738
f 11659 11738 11660
f 11660 11738 11739
f 11660 11739 11661
f 11661 11739 11740
f 11661 11740 11662
f 11662 11740 11741
f 11662 11741 11663
f 11663 11741 11742
f 11663 11742 11664
f 11664 11742 11743
f 11664 11743 11665
f 11665 11743 11744
f 11665 11744 11666
f 11666 11744 11745
f 11666 11745 11667
f 11667 11745 11746
f 11667 11746 11668
f 11668 11746 11747
f 11668 11747 11669
f 11669 11747 11748
f 11669 11748 11670
f 11670 11748 11749
f 11670 11749 11671
f 11671 11749 11750
f 11671 11750 11672
f 11672 11750 11751
f 11672 11751 11673
f 11673 11751 11752
f 11673 11752 11674
f 11674 11752 11753
f 11674 11753 11675
f 11675 11753 11754
f 11675 11754 11676
f 11676 11754 11755
f 11676 11755 11677
f 11677 11755 11756
f 11677 11756 11678
f 11678 11756 11757
f 11678 11757 11679
f 11679 11757 11758
f 11679 11758 11680
f 11680 11758 11759
f 11680 11759 11681
f 11681 11759 11760
f 11681 11760 11682
f 11682 11760 11761
f 11682 11761 11683
f 11683 11761 11762
f 11683 11762 11684
f 11684 11762 11763
f 11684 11763 11685
f 11685 11763 11764
f 11685 11764 11686
f 11686 11764 11765
f 11686 11765 11687
f 11687 11765 11766
f 11687 11766 11688
f 11688 11766 11767
f 11688 11767 11689
f 11689 11767 11768
f 11689 11768 11690
f 11690 11768 11769
f 11690 11769 11691
f 11691 11769 11770
f 11691 11770 11692
f 11692 11770 11771
f 11692 11771 11693
f 11693 11771 11772
f 11693 11772 11694
f 11694 11772 11773
f 11694 11773 11695
f 11695 11773 11774
f 11695 11774 11696
f 11696 11774 11775
f 11696 11775 11697
f 11697 11775 11776
f 11697 11776 11698
f 11698 11776 11777
f 11698 11777 11699
f 11699 11777 11778
f 11699 11778 11700
f 11700 11778 11779
f 11700 11779 11701
f 11701 11779 11780
f 11701 11780 11702
f 11702 11780 11781
f 11702 11781 11703
f 11703 11781 11782
f 11703 11782 11704
f 11704 11782 11783
f 11704 11783 11705
f 11705 11783 11784
f 11705 11784 11706
f 11706 11784 11785
f 11706 11785 11707
f 11707 11785 11786
f 11707 11786 11708
f 11708 11786 11787
f 11708 11787 11709
f 8978 9156 9157
f 9157 9156 11788
f 9157 11788 11710
f 11710 11788 11789
f 11710 11789 11711
f 11711 11789 11790
f 11711 11790 11712
f 11712 11790 11791
f 11712 11791 11713
f 11713 11791 11792
f 11713 11792 11714
f 11714 11792 11793
f 11714 11793 11715
f 11715 11793 11794
f 11715 11794 11716
f 11716 11794 11795
f 11716 11795 11717
f 11717 11795 11796
f 11717 11796 11718
f 11718 11796 11797
f 11718 11797 11719
f 11719 11797 11798
f 11719 11798 11720
f 11720 11798 11799
f 11720 11799 11721
f 11721 11799 11800
f 11721 11800 11722
f 11722 11800 11801
f 11722 11801 11723
f 11723 11801 11802
f 11723 11802 11724
f 11724 11802 11803
f 11724 11803 11725
f 11725 11803 11804
f 11725 11804 11726
f 11726 11804 11805
f 11726 11805 11727
f 11727 11805 11806
f 11727 11806 11728
f 11728 11806 11807
f 11728 11807 11729
f 11729 11807 11808
f 11729 11808 11730
f 11730 11808 11809
f 11730 11809 11731
f 11731 11809 11810
f 11731 11810 11732
f 11732 11810 11811
f 11732 11811 11733
f 11733 11811 11812
f 11733 11812 11734
f 11734 11812 11813
f 11734 11813 11735
f 11735 11813 11814
f 11735 11814 11736
f 11736 11814 11815
f 11736 11815 11737
f 11737 11815 11816
f 11737 11816 11738
f 11738 11816 11817
f 11738 11817 11739
f 11739 11817 11818
f 11739 11818 11740
f 11740 11818 11819
f 11740 11819 11741
f 11741 11819 11820
f 11741 11820 11742
f 11742 11820 11821
f 11742 11821 11743
f 11743 11821 11822
f 11743 11822 11744
f 11744 11822 11823
f 11744 11823 11745
f 11745 11823 11824
f 11745 11824 11746
f 11746 11824 11825
f 11746 11825 11747
f 11747 11825 11826
f 11747 11826 11748
f 11748 11826 11827
f 11748 11827 11749
f 11749 11827 11828
f 11749 11828 11750
f 11750 11828 11829
f 11750 11829 11751
f 11751 11829 11830
f 11751 11830 11752
f 11752 11830 11831
f 11752 11831 11753
f 11753 11831 11832
f 11753 11832 11754
f 11754 11832 11833
f 11754 11833 11755
f 11755 11833 11834
f 11755 11834 11756
f 11756 11834 11835
f 11756 11835 11757
f 11757 11835 11836
f 11757 11836 11758
f 11758 11836 11837
f 11758 11837 11759
f 11759 11837 11838
f 11759 11838 11760
f 11760 11838 11839
f 11760 11839 11761
f 11761 11839 11840
f 11761 11840 11762
f 11762 11840 11841
f 11762 11841 11763
f 11763 11841 11842
f 11763 11842 11764
f 11764 11842 11843
f 11764 11843 11765
f 11765 11843 11844
f 11765 11844 11766
f 11766 11844 11845
f 11766 11845 11767
f 11767 11845 11846
f 11767 11846 11768
f 11768 11846 11847
f 11768 11847 11769
f 11769 11847 11848
f 11769 11848 11770
f 11770 11848 11849
f 11770 11849 11771
f 11771 11849 11850
f 11771 11850 11772
f 11772 11850 11851
f 11772 11851 11773
f 11773 11851 11852
f 11773 11852 11774
f 11774 11852 11853
f 11774 11853 11775
f 11775 11853 11854
f 11775 11854 11776
f 11776 11854 11855
f 11776 11855 11777
f 11777 11855 11856
f 11777 11856 11778
f 11778 11856 11857
f 11778 11857 11779
f 11779 11857 11858
f 11779 11858 11780
f 11780 11858 11859
f 11780 11859 11781
f 11781 11859 11860
f 11781 11860 11782
f 11782 11860 11861
f 11782 11861 11783
f 11783 11861 11862
f 11783 11862 11784
f 11784 11862 11863
f 11784 11863 11785
f 11785 11863 11864
f 11785 11864 11786
f 11786 11864 11865
f 11786 11865 11787
f 11787 11865 9067
f 11787 9067 11709
f 11709 9067 9066
f 11709 9066 9065
f 8976 9155 9156
f 9156 9155 11866
f 9156 11866 11788
f 11788 11866 11867
f 11788 11867 11789
f 11789 11867 11868
f 11789 11868 11790
f 11790 11868 11869
f 11790 11869 11791
f 11791 11869 11870
f 11791 11870 11792
f 11792 11870 11871
f 11792 11871 11793
f 11793 11871 11872
f 11793 11872 11794
f 11794 11872 11873
f 11794 11873 11795
f 11795 11873 11874
f 11795 11874 11796
f 11796 11874 11875
f 11796 11875 11797
f 11797 11875 11876
f 11797 11876 11798
f 11798 11876 11877
f 11798 11877 11799
f 11799 11877 11878
f 11799 11878 11800
f 11800 11878 11879
f 11800 11879 11801
f 11801 11879 11880
f 11801 11880 11802
f 11802 11880 11881
f 11802 11881 11803
f 11803 11881 11882
f 11803 11882 11804
f 11804 11882 11883
f 11804 11883 11805
f 11805 11883 11884
f 11805 11884 11806
f 11806 11884 11885
f 11806 11885 11807
f 11807 11885 11886
f 11807 11886 11808
f 11808 11886 11887
f 11808 11887 11809
f 11809 11887 11888
f 11809 11888 11810
f 11810 11888 11889
f 11810 11889 11811
f 11811 11889 11890
f 11811 11890 11812
f 11812 11890 11891
f 11812 11891 11813
f 11813 11891 11892
f 11813 11892 11814
f 11814 11892 11893
f 11814 11893 11815
f 11815 11893 11894
f 11815 11894 11816
f 11816 11894 11895
f 11816 11895 11817
f 11817 11895 11896
f 11817 11896 11818
f 11818 11896 11897
f 11818 11897 11819
f 11819 11897 11898
f 11819 11898 11820
f 11820 11898 11899
f 11820 11899 11821
f 11821 11899 11900
f 11821 11900 11822
f 11822 11900 11901
f 11822 11901 11823
f 11823 11901 11902
f 11823 11902 11824
f 11824 11902 11903
f 11824 11903 11825
f 11825 11903 11904
f 11825 11904 11826
f 11826 11904 11905
f 11826 11905 11827
f 11827 11905 11906
f 11827 11906 11828
f 11828 11906 11907
f 11828 11907 11829
f 11829 11907 11908
f 11829 11908 11830
f 11830 11908 11909
f 11830 11909 11831
f 11831 11909 11910
f 11831 11910 11832
f 11832 11910 11911
f 11832 11911 11833
f 11833 11911 11912
f 11833 11912 11834
f 11834 11912 11913
f 11834 11913 11835
f 11835 11913 11914
f 11835 11914 11836
f 11836 11914 11915
f 11836 11915 11837
f 11837 11915 11916
f 11837 11916 11838
f 11838 11916 11917
f 11838 11917 11839
f 11839 11917 11918
f 11839 11918 11840
f 11840 11918 11919
f 11840 11919 11841
f 11841 11919 11920
f 11841 11920 11842
f 11842 11920 11921
f 11842 11921 11843
f 11843 11921 11922
f 11843 11922 11844
f 11844 11922 11923
f 11844 11923 11845
f 11845 11923 11924
f 11845 11924 11846
f 11846 11924 11925
f 11846 11925 11847
f 11847 11925 11926
f 11847 11926 11848
f 11848 11926 11927
f 11848 11927 11849
f 11849 11927 11928
f 11849 11928 11850
f 11850 11928 11929
f 11850 11929 11851
f 11851 11929 11930
f 11851 11930 11852
f 11852 11930 11931
f 11852 11931 11853
f 11853 11931 11932
f 11853 11932 11854
f 11854 11932 11933
f 11854 11933 11855
f 11855 11933 11934
f 11855 11934 11856
f 11856 11934 11935
f 11856 11935 11857
f 11857 11935 11936
f 11857 11936 11858
f 11858 11936 11937
f 11858 11937 11859
f 11859 11937 11938
f 11859 11938 11860
f 11860 11938 11939
f 11860 11939 11861
f 11861 11939 11940
f 11861 11940 11862
f 11862 11940 11941
f 11862 11941 11863
f 11863 11941 11942
f 11863 11942 11864
f 11864 11942 9139
f 11864 9139 11865
f 11865 9139 9080
f 11865 9080 9067
f 8991 9154 9155
f 9155 9154 11943
f 9155 11943 11866
f 11866 11943 11944
f 11866 11944 11867
f 11867 11944 11945
f 11867 11945 11868
f 11868 11945 11946
f 11868 11946 11869
f 11869 11946 11947
f 11869 11947 11870
f 11870 11947 11948
f 11870 11948 11871
f 11871 11948 11949
f 11871 11949 11872
f 11872 11949 11950
f 11872 11950 11873
f 11873 11950 11951
f 11873 11951 11874
f 11874 11951 11952
f 11874 11952 11875
f 11875 11952 11953
f 11875 11953 11876
f 11876 11953 11954
f 11876 11954 11877
f 11877 11954 11955
f 11877 11955 11878
f 11878 11955 11956
f 11878 11956 11879
f 11879 11956 11957
f 11879 11957 11880
f 11880 11957 11958
f 11880 11958 11881
f 11881 11958 11959
f 11881 11959 11882
f 11882 11959 11960
f 11882 11960 11883
f 11883 11960 11961
f 11883 11961 11884
f 11884 11961 11962
f 11884 11962 11885
f 11885 11962 11963
f 11885 11963 11886
f 11886 11963 11964
f 11886 11964 11887
f 11887 11964 11965
f 11887 11965 11888
f 11888 11965 11966
f 11888 11966 11889
f 11889 11966 11967
f 11889 11967 11890
f 11890 11967 11968
f 11890 11968 11891
f 11891 11968 11969
f 11891 11969 11892
f 11892 11969 11970
f 11892 11970 11893
f 11893 11970 11971
f 11893 11971 11894
f 11894 11971 11972
f 11894 11972 11895
f 11895 11972 11973
f 11895 11973 11896
f 11896 11973 11974
f 11896 11974 11897
f 11897 11974 11975
f 11897 11975 11898
f 11898 11975 11976
f 11898 11976 11899
f 11899 11976 11977
f 11899 11977 11900
f 11900 11977 11978
f 11900 11978 11901
f 11901 11978 11979
f 11901 11979 11902
f 11902 11979 11980
f 11902 11980 11903
f 11903 11980 11981
f 11903 11981 11904
f 11904 11981 11982
f 11904 11982 11905
f 11905 11982 11983
f 11905 11983 11906
f 11906 11983 11984
f 11906 11984 11907
f 11907 11984 11985
f 11907 11985 11908
f 11908 11985 11986
f 11908 11986 11909
f 11909 11986 11987
f 11909 11987 11910
f 11910 11987 11988
f 11910 11988 11911
f 11911 11988 11989
f 11911 11989 11912
f 11912 11989 11990
f 11912 11990 11913
f 11913 11990 11991
f 11913 11991 11914
f 11914 11991 11992
f 11914 11992 11915
f 11915 11992 11993
f 11915 11993 11916
f 11916 11993 11994
f 11916 11994 11917
f 11917 11994 11995
f 11917 11995 11918
f 11918 11995 11996
f 11918 11996 11919
f 11919 11996 11997
f 11919 11997 11920
f 11920 11997 11998
f 11920 11998 11921
f 11921 11998 11999
f 11921 11999 11922
f 11922 11999 12000
f 11922 12000 11923
f 11923 12000 12001
f 11923 12001 11924
f 11924 12001 12002
f 11924 12002 11925
f 11925 12002 12003
f 11925 12003 11926
f 11926 12003 12004
f 11926 12004 11927
f 11927 12004 12005
f 11927 12005 11928
f 11928 12005 12006
f 11928 12006 11929
f 11929 12006 12007
f 11929 12007 11930
f 11930 12007 12008
f 11930 12008 11931
f 11931 12008 12009
f 11931 12009 11932
f 11932 12009 12010
f 11932 12010 11933
f 11933 12010 12011
f 11933 12011 11934
f 11934 12011 12012
f 11934 12012 11935
f 11935 12012 12013
f 11935 12013 11936
f 11936 12013 12014
f 11936 12014 11937
f 11937 12014 12015
f 11937 12015 11938
f 11938 12015 12016
f 11938 12016 11939
f 11939 12016 12017
f 11939 12017 11940
f 11940 12017 12018
f 11940 12018 11941
f 11941 12018 12019
f 11941 12019 11942
f 11942 12019 9093
f 11942 9093 9139
f 9139 9093 9043
f 9139 9043 9044
f 8975 9153 9154
f 9154 9153 12020
f 9154 12020 11943
f 11943 12020 12021
f 11943 12021 11944
f 11944 12021 12022
f 11944 12022 11945
f 11945 12022 12023
f 11945 12023 11946
f 11946 12023 12024
f 11946 12024 11947
f 11947 12024 12025
f 11947 12025 11948
f 11948 12025 12026
f 11948 12026 11949
f 11949 12026 12027
f 11949 12027 11950
f 11950 12027 12028
f 11950 12028 11951
f 11951 12028 12029
f 11951 12029 11952
f 11952 12029 12030
f 11952 12030 11953
f 11953 12030 12031
f 11953 12031 11954
f 11954 12031 12032
f 11954 12032 11955
f 11955 12032 12033
f 11955 12033 11956
f 11956 12033 12034
f 11956 12034 11957
f 11957 12034 12035
f 11957 12035 11958
f 11958 12035 12036
f 11958 12036 11959
f 11959 12036 12037
f 11959 12037 11960
f 11960 12037 12038
f 11960 12038 11961
f 11961 12038 12039
f 11961 12039 11962
f 11962 12039 12040
f 11962 12040 11963
f 11963 12040 12041
f 11963 12041 11964
f 11964 12041 12042
f 11964 12042 11965
f 11965 12042 12043
f 11965 12043 11966
f 11966 12043 12044
f 11966 12044 11967
f 11967 12044 12045
f 11967 12045 11968
f 11968 12045 12046
f 11968 12046 11969
f 11969 12046 12047
f 11969 12047 11970
f 11970 12047 12048
f 11970 12048 11971
f 11971 12048 12049
f 11971 12049 11972
f 11972 12049 12050
f 11972 12050 11973
f 11973 12050 12051
f 11973 12051 11974
f 11974 12051 12052
f 11974 12052 11975
f 11975 12052 12053
f 11975 12053 11976
f 11976 12053 12054
f 11976 12054 11977
f 11977 12054 12055
f 11977 12055 11978
f 11978 12055 12056
f 11978 12056 11979
f 11979 12056 12057
f 11979 12057 11980
f 11980 12057 12058
f 11980 12058 11981
f 11981 12058 12059
f 11981 12059 11982
f 11982 12059 12060
f 11982 12060 11983
f 11983 12060 12061
f 11983 12061 11984
f 11984 12061 12062
f 11984 12062 11985
f 11985 12062 12063
f 11985 12063 11986
f 11986 12063 12064
f 11986 12064 11987
f 11987 12064 12065
f 11987 12065 11988
f 11988 12065 12066
f 11988 12066 11989
f 11989 12066 12067
f 11989 12067 11990
f 11990 12067 12068
f 11990 12068 11991
f 11991 12068 12069
f 11991 12069 11992
f 11992 12069 12070
f 11992 12070 11993
f 11993 12070 12071
f 11993 12071 11994
f 11994 12071 12072
f 11994 12072 11995
f 11995 12072 12073
f 11995 12073 11996
f 11996 12073 12074
f 11996 12074 11997
f 11997 12074 12075
f 11997 12075 11998
f 11998 12075 12076
f 11998 12076 11999
f 11999 12076 12077
f 11999 12077 12000
f 12000 12077 12078
f 12000 12078 12001
f 12001 12078 12079
f 12001 12079 12002
f 12002 12079 12080
f 12002 12080 12003
f 12003 12080 12081
f 12003 12081 12004
f 12004 12081 12082
f 12004 12082 12005
f 12005 12082 12083
f 12005 12083 12006
f 12006 12083 12084
f 12006 12084 12007
f 12007 12084 12085
f 12007 12085 12008
f 12008 12085 12086
f 12008 12086 12009
f 12009 12086 12087
f 12009 12087 12010
f 12010 12087 12088
f 12010 12088 12011
f 12011 12088 12089
f 12011 12089 12012
f 12012 12089 12090
f 12012 12090 12013
f 12013 12090 12091
f 12013 12091 12014
f 12014 12091 12092
f 12014 12092 12015
f 12015 12092 12093
f 12015 12093 12016
f 12016 12093 12094
f 12016 12094 12017
f 12017 12094 12095
f 12017 12095 12018
f 12018 12095 12096
f 12018 12096 12019
f 12019 12096 9092
f 12019 9092 9093
f 9093 9092 9047
f 9093 9047 9046
f 8973 9152 9153
f 9153 9152 12097
f 9153 12097 12020
f 12020 12097 12098
f 12020 12098 12021
f 12021 12098 12099
f 12021 12099 12022
f 12022 12099 12100
f 12022 12100 12023
f 12023 12100 12101
f 12023 12101 12024
f 12024 12101 12102
f 12024 12102 12025
f 12025 12102 12103
f 12025 12103 12026
f 12026 12103 12104
f 12026 12104 12027
f 12027 12104 12105
f 12027 12105 12028
f 12028 12105 12106
f 12028 12106 12029
f 12029 12106 12107
f 12029 12107 12030
f 12030 12107 12108
f 12030 12108 12031
f 12031 12108 12109
f 12031 12109 12032
f 12032 12109 12110
f 12032 12110 12033
f 12033 12110 12111
f 12033 12111 12034
f 12034 12111 12112
f 12034 12112 12035
f 12035 12112 12113
f 12035 12113 12036
f 12036 12113 12114
f 12036 12114 12037
f 12037 12114 12115
f 12037 12115 12038
f 12038 12115 12116
f 12038 12116 12039
f 12039 12116 12117
f 12039 12117 12040
f 12040 12117 12118
f 12040 12118 12041
f 12041 12118 12119
f 12041 12119 12042
f 12042 12119 12120
f 12042 12120 12043
f 12043 12120 12121
f 12043 12121 12044
f 12044 12121 12122
f 12044 12122 12045
f 12045 12122 12123
f 12045 12123 12046
f 12046 12123 12124
f 12046 12124 12047
f 12047 12124 12125
f 12047 12125 12048
f 12048 12125 12126
f 12048 12126 12049
f 12049 12126 12127
f 12049 12127 12050
f 12050 12127 12128
f 12050 12128 12051
f 12051 12128 12129
f 12051 12129 12052
f 12052 12129 12130
f 12052 12130 12053
f 12053 12130 12131
f 12053 12131 12054
f 12054 12131 12132
f 12054 12132 12055
f 12055 12132 12133
f 12055 12133 12056
f 12056 12133 12134
f 12056 12134 12057
f 12057 12134 12135
f 12057 12135 12058
f 12058 12135 12136
f 12058 12136 12059
f 12059 12136 12137
f 12059 12137 12060
f 12060 12137 12138
f 12060 12138 12061
f 12061 12138 12139
f 12061 12139 12062
f 12062 12139 12140
f 12062 12140 12063
f 12063 12140 12141
f 12063 12141 12064
f 12064 12141 12142
f 12064 12142 12065
f 12065 12142 12143
f 12065 12143 12066
f 12066 12143 12144
f 12066 12144 12067
f 12067 12144 12145
f 12067 12145 12068
f 12068 12145 12146
f 12068 12146 12069
f 12069 12146 12147
f 12069 12147 12070
f 12070 12147 12148
f 12070 12148 12071
f 12071 12148 12149
f 12071 12149 12072
f 12072 12149 12150
f 12072 12150 12073
f 12073 12150 12151
f 12073 12151 12074
f 12074 12151 12152
f 12074 12152 12075
f 12075 12152 12153
f 12075 12153 12076
f 12076 12153 12154
f 12076 12154 12077
f 12077 12154 12155
f 12077 12155 12078
f 12078 12155 12156
f 12078 12156 12079
f 12079 12156 12157
f 12079 12157 12080
f 12080 12157 12158
f 12080 12158 12081
f 12081 12158 12159
f 12081 12159 12082
f 12082 12159 12160
f 12082 12160 12083
f 12083 12160 12161
f 12083 12161 12084
f 12084 12161 12162
f 12084 12162 12085
f 12085 12162 12163
f 12085 12163 12086
f 12086 12163 12164
f 12086 12164 12087
f 12087 12164 12165
f 12087 12165 12088
f 12088 12165 12166
f 12088 12166 12089
f 12089 12166 12167
f 12089 12167 12090
f 12090 12167 12168
f 12090 12168 12091
f 12091 12168 12169
f 12091 12169 12092
f 12092 12169 12170
f 12092 12170 12093
f 12093 12170 12171
f 12093 12171 12094
f 12094 12171 12172
f 12094 12172 12095
f 12095 12172 12173
f 12095 12173 12096
f 12096 12173 12174
f 12096 12174 9092
f 9092 12174 9049
f 9092 9049 9048
f 8960 9151 9152
f 9152 9151 12175
f 9152 12175 12097
f 12097 12175 12176
f 12097 12176 12098
f 12098 12176 12177
f 12098 12177 12099
f 12099 12177 12178
f 12099 12178 12100
f 12100 12178 12179
f 12100 12179 12101
f 12101 12179 12180
f 12101 12180 12102
f 12102 12180 12181
f 12102 12181 12103
f 12103 12181 12182
f 12103 12182 12104
f 12104 12182 12183
f 12104 12183 12105
f 12105 12183 12184
f 12105 12184 12106
f 12106 12184 12185
f 12106 12185 12107
f 12107 12185 12186
f 12107 12186 12108
f 12108 12186 12187
f 12108 12187 12109
f 12109 12187 12188
f 12109 12188 12110
f 12110 12188 12189
f 12110 12189 12111
f 12111 12189 12190
f 12111 12190 12112
f 12112 12190 12191
f 12112 12191 12113
f 12113 12191 12192
f 12113 12192 12114
f 12114 12192 12193
f 12114 12193 12115
f 12115 12193 12194
f 12115 12194 12116
f 12116 12194 12195
f 12116 12195 12117
f 12117 12195 12196
f 12117 12196 12118
f 12118 12196 12197
f 12118 12197 12119
f 12119 12197 12198
f 12119 12198 12120
f 12120 12198 12199
f 12120 12199 12121
f 12121 12199 12200
f 12121 12200 12122
f 12122 12200 12201
f 12122 12201 12123
f 12123 12201 12202
f 12123 12202 12124
f 12124 12202 12203
f 12124 12203 12125
f 12125 12203 12204
f 12125 12204 12126
f 12126 12204 12205
f 12126 12205 12127
f 12127 12205 12206
f 12127 12206 12128
f 12128 12206 12207
f 12128 12207 12129
f 12129 12207 12208
f 12129 12208 12130
f 12130 12208 12209
f 12130 12209 12131
f 12131 12209 12210
f 12131 12210 12132
f 12132 12210 12211
f 12132 12211 12133
f 12133 12211 12212
f 12133 12212 12134
f 12134 12212 12213
f 12134 12213 12135
f 12135 12213 12214
f 12135 12214 12136
f 12136 12214 12215
f 12136 12215 12137
f 12137 12215 12216
f 12137 12216 12138
f 12138 12216 12217
f 12138 12217 12139
f 12139 12217 12218
f 12139 12218 12140
f 12140 12218 12219
f 12140 12219 12141
f 12141 12219 12220
f 12141 12220 12142
f 12142 12220 12221
f 12142 12221 12143
f 12143 12221 12222
f 12143 12222 12144
f 12144 12222 12223
f 12144 12223 12145
f 12145 12223 12224
f 12145 12224 12146
f 12146 12224 12225
f 12146 12225 12147
f 12147 12225 12226
f 12147 12226 12148
f 12148 12226 12227
f 12148 12227 12149
f 12149 12227 12228
f 12149 12228 12150
f 12150 12228 12229
f 12150 12229 12151
f 12151 12229 12230
f 12151 12230 12152
f 12152 12230 12231
f 12152 12231 12153
f 12153 12231 12232
f 12153 12232 12154
f 12154 12232 12233
f 12154 12233 12155
f 12155 12233 12234
f 12155 12234 12156
f 12156 12234 12235
f 12156 12235 12157
f 12157 12235 12236
f 12157 12236 12158
f 12158 12236 12237
f 12158 12237 12159
f 12159 12237 12238
f 12159 12238 12160
f 12160 12238 12239
f 12160 12239 12161
f 12161 12239 12240
f 12161 12240 12162
f 12162 12240 12241
f 12162 12241 12163
f 12163 12241 12242
f 12163 12242 12164
f 12164 12242 12243
f 12164 12243 12165
f 12165 12243 12244
f 12165 12244 12166
f 12166 12244 12245
f 12166 12245 12167
f 12167 12245 12246
f 12167 12246 12168
f 12168 12246 12247
f 12168 12247 12169
f 12169 12247 12248
f 12169 12248 12170
f 12170 12248 12249
f 12170 12249 12171
f 12171 12249 12250
f 12171 12250 12172
f 12172 12250 12251
f 12172 12251 12173
f 12173 12251 12252
f 12173 12252 12174
f 8971 9150 9151
f 9151 9150 12253
f 9151 12253 12175
f 12175 12253 12254
f 12175 12254 12176
f 12176 12254 12255
f 12176 12255 12177
f 12177 12255 12256
f 12177 12256 12178
f 12178 12256 12257
f 12178 12257 12179
f 12179 12257 12258
f 12179 12258 12180
f 12180 12258 12259
f 12180 12259 12181
f 12181 12259 12260
f 12181 12260 12182
f 12182 12260 12261
f 12182 12261 12183
f 12183 12261 12262
f 12183 12262 12184
f 12184 12262 12263
f 12184 12263 12185
f 12185 12263 12264
f 12185 12264 12186
f 12186 12264 12265
f 12186 12265 12187
f 12187 12265 12266
f 12187 12266 12188
f 12188 12266 12267
f 12188 12267 12189
f 12189 12267 12268
f 12189 12268 12190
f 12190 12268 12269
f 12190 12269 12191
f 12191 12269 12270
f 12191 12270 12192
f 12192 12270 12271
f 12192 12271 12193
f 12193 12271 12272
f 12193 12272 12194
f 12194 12272 12273
f 12194 12273 12195
f 12195 12273 12274
f 12195 12274 12196
f 12196 12274 12275
f 12196 12275 12197
f 12197 12275 12276
f 12197 12276 12198
f 12198 12276 12277
f 12198 12277 12199
f 12199 12277 12278
f 12199 12278 12200
f 12200 12278 12279
f 12200 12279 12201
f 12201 12279 12280
f 12201 12280 12202
f 12202 12280 12281
f 12202 12281 12203
f 12203 12281 12282
f 12203 12282 12204
f 12204 12282 12283
f 12204 12283 12205
f 12205 12283 12284
f 12205 12284 12206
f 12206 12284 12285
f 12206 12285 12207
f 12207 12285 12286
f 12207 12286 12208
f 12208 12286 12287
f 12208 12287 12209
f 12209 12287 12288
f 12209 12288 12210
f 12210 12288 12289
f 12210 12289 12211
f 12211 12289 12290
f 12211 12290 12212
f 12212 12290 12291
f 12212 12291 12213
f 12213 12291 12292
f 12213 12292 12214
f 12214 12292 12293
f 12214 12293 12215
f 12215 12293 12294
f 12215 12294 12216
f 12216 12294 12295
f 12216 12295 12217
f 12217 12295 12296
f 12217 12296 12218
f 12218 12296 12297
f 12218 12297 12219
f 12219 12297 12298
f 12219 12298 12220
f 12220 12298 12299
f 12220 12299 12221
f 12221 12299 12300
f 12221 12300 12222
f 12222 12300 12301
f 12222 12301 12223
f 12223 12301 12302
f 12223 12302 12224
f 12224 12302 12303
f 12224 12303 12225
f 12225 12303 12304
f 12225 12304 12226
f 12226 12304 12305
f 12226 12305 12227
f 12227 12305 12306
f 12227 12306 12228
f 12228 12306 12307
f 12228 12307 12229
f 12229 12307 12308
f 12229 12308 12230
f 12230 12308 12309
f 12230 12309 12231
f 12231 12309 12310
f 12231 12310 12232
f 12232 12310 12311
f 12232 12311 12233
f 12233 12311 12312
f 12233 12312 12234
f 12234 12312 12313
f 12234 12313 12235
f 12235 12313 12314
f 12235 12314 12236
f 12236 12314 12315
f 12236 12315 12237
f 12237 12315 12316
f 12237 12316 12238
f 12238 12316 12317
f 12238 12317 12239
f 12239 12317 12318
f 12239 12318 12240
f 12240 12318 12319
f 12240 12319 12241
f 12241 12319 12320
f 12241 12320 12242
f 12242 12320 12321
f 12242 12321 12243
f 12243 12321 12322
f 12243 12322 12244
f 12244 12322 12323
f 12244 12323 12245
f 12245 12323 12324
f 12245 12324 12246
f 12246 12324 12325
f 12246 12325 12247
f 12247 12325 12326
f 12247 12326 12248
f 12248 12326 12327
f 12248 12327 12249
f 12249 12327 12328
f 12249 12328 12250
f 12250 12328 12329
f 12250 12329 12251
f 12251 12329 9140
f 12251 9140 12252
f 12252 9140 9051
f 12252 9051 12174
f 12174 9051 9050
f 12174 9050 9049
f 8970 9149 9150
f 9150 9149 12330
f 9150 12330 12253
f 12253 12330 12331
f 12253 12331 12254
f 12254 12331 12332
f 12254 12332 12255
f 12255 12332 12333
f 12255 12333 12256
f 12256 12333 12334
f 12256 12334 12257
f 12257 12334 12335
f 12257 12335 12258
f 12258 12335 12336
f 12258 12336 12259
f 12259 12336 12337
f 12259 12337 12260
f 12260 12337 12338
f 12260 12338 12261
f 12261 12338 12339
f 12261 12339 12262
f 12262 12339 12340
f 12262 12340 12263
f 12263 12340 12341
f 12263 12341 12264
f 12264 12341 12342
f 12264 12342 12265
f 12265 12342 12343
f 12265 12343 12266
f 12266 12343 12344
f 12266 12344 12267
f 12267 12344 12345
f 12267 12345 12268
f 12268 12345 12346
f 12268 12346 12269
f 12269 12346 12347
f 12269 12347 12270
f 12270 12347 12348
f 12270 12348 12271
f 12271 12348 12349
f 12271 12349 12272
f 12272 12349 12350
f 12272 12350 12273
f 12273 12350 12351
f 12273 12351 12274
f 12274 12351 12352
f 12274 12352 12275
f 12275 12352 12353
f 12275 12353 12276
f 12276 12353 12354
f 12276 12354 12277
f 12277 12354 12355
f 12277 12355 12278
f 12278 12355 12356
f 12278 12356 12279
f 12279 12356 12357
f 12279 12357 12280
f 12280 12357 12358
f 12280 12358 12281
f 12281 12358 12359
f 12281 12359 12282
f 12282 12359 12360
f 12282 12360 12283
f 12283 12360 12361
f 12283 12361 12284
f 12284 12361 12362
f 12284 12362 12285
f 12285 12362 12363
f 12285 12363 12286
f 12286 12363 12364
f 12286 12364 12287
f 12287 12364 12365
f 12287 12365 12288
f 12288 12365 12366
f 12288 12366 12289
f 12289 12366 12367
f 12289 12367 12290
f 12290 12367 12368
f 12290 12368 12291
f 12291 12368 12369
f 12291 12369 12292
f 12292 12369 12370
f 12292 12370 12293
f 12293 12370 12371
f 12293 12371 12294
f 12294 12371 12372
f 12294 12372 12295
f 12295 12372 12373
f 12295 12373 12296
f 12296 12373 12374
f 12296 12374 12297
f 12297 12374 12375
f 12297 12375 12298
f 12298 12375 12376
f 12298 12376 12299
f 12299 12376 12377
f 12299 12377 12300
f 12300 12377 12378
f 12300 12378 12301
f 12301 12378 12379
f 12301 12379 12302
f 12302 12379 12380
f 12302 12380 12303
f 12303 12380 12381
f 12303 12381 12304
f 12304 12381 12382
f 12304 12382 12305
f 12305 12382 12383
f 12305 12383 12306
f 12306 12383 12384
f 12306 12384 12307
f 12307 12384 12385
f 12307 12385 12308
f 12308 12385 12386
f 12308 12386 12309
f 12309 12386 12387
f 12309 12387 12310
f 12310 12387 12388
f 12310 12388 12311
f 12311 12388 12389
f 12311 12389 12312
f 12312 12389 12390
f 12312 12390 12313
f 12313 12390 12391
f 12313 12391 12314
f 12314 12391 12392
f 12314 12392 12315
f 12315 12392 12393
f 12315 12393 12316
f 12316 12393 12394
f 12316 12394 12317
f 12317 12394 12395
f 12317 12395 12318
f 12318 12395 12396
f 12318 12396 12319
f 12319 12396 12397
f 12319 12397 12320
f 12320 12397 12398
f 12320 12398 12321
f 12321 12398 12399
f 12321 12399 12322
f 12322 12399 12400
f 12322 12400 12323
f 12323 12400 12401
f 12323 12401 12324
f 12324 12401 12402
f 12324 12402 12325
f 12325 12402 12403
f 12325 12403 12326
f 12326 12403 12404
f 12326 12404 12327
f 12327 12404 12405
f 12327 12405 12328
f 12328 12405 12406
f 12328 12406 12329
f 8969 9148 9149
f 9149 9148 12407
f 9149 12407 12330
f 12330 12407 12408
f 12330 12408 12331
f 12331 12408 12409
f 12331 12409 12332
f 12332 12409 12410
f 12332 12410 12333
f 12333 12410 12411
f 12333 12411 12334
f 12334 12411 12412
f 12334 12412 12335
f 12335 12412 12413
f 12335 12413 12336
f 12336 12413 12414
f 12336 12414 12337
f 12337 12414 12415
f 12337 12415 12338
f 12338 12415 12416
f 12338 12416 12339
f 12339 12416 12417
f 12339 12417 12340
f 12340 12417 12418
f 12340 12418 12341
f 12341 12418 12419
f 12341 12419 12342
f 12342 12419 12420
f 12342 12420 12343
f 12343 12420 12421
f 12343 12421 12344
f 12344 12421 12422
f 12344 12422 12345
f 12345 12422 12423
f 12345 12423 12346
f 12346 12423 12424
f 12346 12424 12347
f 12347 12424 12425
f 12347 12425 12348
f 12348 12425 12426
f 12348 12426 12349
f 12349 12426 12427
f 12349 12427 12350
f 12350 12427 12428
f 12350 12428 12351
f 12351 12428 12429
f 12351 12429 12352
f 12352 12429 12430
f 12352 12430 12353
f 12353 12430 12431
f 12353 12431 12354
f 12354 12431 12432
f 12354 12432 12355
f 12355 12432 12433
f 12355 12433 12356
f 12356 12433 12434
f 12356 12434 12357
f 12357 12434 12435
f 12357 12435 12358
f 12358 12435 12436
f 12358 12436 12359
f 12359 12436 12437
f 12359 12437 12360
f 12360 12437 12438
f 12360 12438 12361
f 12361 12438 12439
f 12361 12439 12362
f 12362 12439 12440
f 12362 12440 12363
f 12363 12440 12441
f 12363 12441 12364
f 12364 12441 12442
f 12364 12442 12365
f 12365 12442 12443
f 12365 12443 12366
f 12366 12443 12444
f 12366 12444 12367
f 12367 12444 12445
f 12367 12445 12368
f 12368 12445 12446
f 12368 12446 12369
f 12369 12446 12447
f 12369 12447 12370
f 12370 12447 12448
f 12370 12448 12371
f 12371 12448 12449
f 12371 12449 12372
f 12372 12449 12450
f 12372 12450 12373
f 12373 12450 12451
f 12373 12451 12374
f 12374 12451 12452
f 12374 12452 12375
f 12375 12452 12453
f 12375 12453 12376
f 12376 12453 12454
f 12376 12454 12377
f 12377 12454 12455
f 12377 12455 12378
f 12378 12455 12456
f 12378 12456 12379
f 12379 12456 12457
f 12379 12457 12380
f 12380 12457 12458
f 12380 12458 12381
f 12381 12458 12459
f 12381 12459 12382
f 12382 12459 12460
f 12382 12460 12383
f 12383 12460 12461
f 12383 12461 12384
f 12384 12461 12462
f 12384 12462 12385
f 12385 12462 12463
f 12385 12463 12386
f 12386 12463 12464
f 12386 12464 12387
f 12387 12464 12465
f 12387 12465 12388
f 12388 12465 12466
f 12388 12466 12389
f 12389 12466 12467
f 12389 12467 12390
f 12390 12467 12468
f 12390 12468 12391
f 12391 12468 12469
f 12391 12469 12392
f 12392 12469 12470
f 12392 12470 12393
f 12393 12470 12471
f 12393 12471 12394
f 12394 12471 12472
f 12394 12472 12395
f 12395 12472 12473
f 12395 12473 12396
f 12396 12473 12474
f 12396 12474 12397
f 12397 12474 12475
f 12397 12475 12398
f 12398 12475 12476
f 12398 12476 12399
f 12399 12476 12477
f 12399 12477 12400
f 12400 12477 12478
f 12400 12478 12401
f 12401 12478 12479
f 12401 12479 12402
f 12402 12479 12480
f 12402 12480 12403
f 12403 12480 12481
f 12403 12481 12404
f 12404 12481 12482
f 12404 12482 12405
f 12405 12482 9141
f 12405 9141 12406
f 12406 9141 9052
f 12406 9052 12329
f 12329 9052 9140
f 9140 9052 9069
f 9140 9069 9068
f 8967 9147 9148
f 9148 9147 12483
f 9148 12483 12407
f 12407 12483 12484
f 12407 12484 12408
f 12408 12484 12485
f 12408 12485 12409
f 12409 12485 12486
f 12409 12486 12410
f 12410 12486 12487
f 12410 12487 12411
f 12411 12487 12488
f 12411 12488 12412
f 12412 12488 12489
f 12412 12489 12413
f 12413 12489 12490
f 12413 12490 12414
f 12414 12490 12491
f 12414 12491 12415
f 12415 12491 12492
f 12415 12492 12416
f 12416 12492 12493
f 12416 12493 12417
f 12417 12493 12494
f 12417 12494 12418
f 12418 12494 12495
f 12418 12495 12419
f 12419 12495 12496
f 12419 12496 12420
f 12420 12496 12497
f 12420 12497 12421
f 12421 12497 12498
f 12421 12498 12422
f 12422 12498 12499
f 12422 12499 12423
f 12423 12499 12500
f 12423 12500 12424
f 12424 12500 12501
f 12424 12501 12425
f 12425 12501 12502
f 12425 12502 12426
f 12426 12502 12503
f 12426 12503 12427
f 12427 12503 12504
f 12427 12504 12428
f 12428 12504 12505
f 12428 12505 12429
f 12429 12505 12506
f 12429 12506 12430
f 12430 12506 12507
f 12430 12507 12431
f 12431 12507 12508
f 12431 12508 12432
f 12432 12508 12509
f 12432 12509 12433
f 12433 12509 12510
f 12433 12510 12434
f 12434 12510 12511
f 12434 12511 12435
f 12435 12511 12512
f 12435 12512 12436
f 12436 12512 12513
f 12436 12513 12437
f 12437 12513 12514
f 12437 12514 12438
f 12438 12514 12515
f 12438 12515 12439
f 12439 12515 12516
f 12439 12516 12440
f 12440 12516 12517
f 12440 12517 12441
f 12441 12517 12518
f 12441 12518 12442
f 12442 12518 12519
f 12442 12519 12443
f 12443 12519 12520
f 12443 12520 12444
f 12444 12520 12521
f 12444 12521 12445
f 12445 12521 12522
f 12445 12522 12446
f 12446 12522 12523
f 12446 12523 12447
f 12447 12523 12524
f 12447 12524 12448
f 12448 12524 12525
f 12448 12525 12449
f 12449 12525 12526
f 12449 12526 12450
f 12450 12526 12527
f 12450 12527 12451
f 12451 12527 12528
f 12451 12528 12452
f 12452 12528 12529
f 12452 12529 12453
f 12453 12529 12530
f 12453 12530 12454
f 12454 12530 12531
f 12454 12531 12455
f 12455 12531 12532
f 12455 12532 12456
f 12456 12532 12533
f 12456 12533 12457
f 12457 12533 12534
f 12457 12534 12458
f 12458 12534 12535
f 12458 12535 12459
f 12459 12535 12536
f 12459 12536 12460
f 12460 12536 12537
f 12460 12537 12461
f 12461 12537 12538
f 12461 12538 12462
f 12462 12538 12539
f 12462 12539 12463
f 12463 12539 12540
f 12463 12540 12464
f 12464 12540 12541
f 12464 12541 12465
f 12465 12541 12542
f 12465 12542 12466
f 12466 12542 12543
f 12466 12543 12467
f 12467 12543 12544
f 12467 12544 12468
f 12468 12544 12545
f 12468 12545 12469
f 12469 12545 12546
f 12469 12546 12470
f 12470 12546 12547
f 12470 12547 12471
f 12471 12547 12548
f 12471 12548 12472
f 12472 12548 12549
f 12472 12549 12473
f 12473 12549 12550
f 12473 12550 12474
f 12474 12550 12551
f 12474 12551 12475
f 12475 12551 12552
f 12475 12552 12476
f 12476 12552 12553
f 12476 12553 12477
f 12477 12553 12554
f 12477 12554 12478
f 12478 12554 12555
f 12478 12555 12479
f 12479 12555 12556
f 12479 12556 12480
f 12480 12556 12557
f 12480 12557 12481
f 12481 12557 12558
f 12481 12558 12482
f 12482 12558 9091
f 12482 9091 9141
f 9141 9091 9055
f 9141 9055 9054
f 8989 9146 9147
f 9147 9146 12559
f 9147 12559 12483
f 12483 12559 12560
f 12483 12560 12484
f 12484 12560 12561
f 12484 12561 12485
f 12485 12561 12562
f 12485 12562 12486
f 12486 12562 12563
f 12486 12563 12487
f 12487 12563 12564
f 12487 12564 12488
f 12488 12564 12565
f 12488 12565 12489
f 12489 12565 12566
f 12489 12566 12490
f 12490 12566 12567
f 12490 12567 12491
f 12491 12567 12568
f 12491 12568 12492
f 12492 12568 12569
f 12492 12569 12493
f 12493 12569 12570
f 12493 12570 12494
f 12494 12570 12571
f 12494 12571 12495
f 12495 12571 12572
f 12495 12572 12496
f 12496 12572 12573
f 12496 12573 12497
f 12497 12573 12574
f 12497 12574 12498
f 12498 12574 12575
f 12498 12575 12499
f 12499 12575 12576
f 12499 12576 12500
f 12500 12576 12577
f 12500 12577 12501
f 12501 12577 12578
f 12501 12578 12502
f 12502 12578 12579
f 12502 12579 12503
f 12503 12579 12580
f 12503 12580 12504
f 12504 12580 12581
f 12504 12581 12505
f 12505 12581 12582
f 12505 12582 12506
f 12506 12582 12583
f 12506 12583 12507
f 12507 12583 12584
f 12507 12584 12508
f 12508 12584 12585
f 12508 12585 12509
f 12509 12585 12586
f 12509 12586 12510
f 12510 12586 12587
f 12510 12587 12511
f 12511 12587 12588
f 12511 12588 12512
f 12512 12588 12589
f 12512 12589 12513
f 12513 12589 12590
f 12513 12590 12514
f 12514 12590 12591
f 12514 12591 12515
f 12515 12591 12592
f 12515 12592 12516
f 12516 12592 12593
f 12516 12593 12517
f 12517 12593 12594
f 12517 12594 12518
f 12518 12594 12595
f 12518 12595 12519
f 12519 12595 12596
f 12519 12596 12520
f 12520 12596 12597
f 12520 12597 12521
f 12521 12597 12598
f 12521 12598 12522
f 12522 12598 12599
f 12522 12599 12523
f 12523 12599 12600
f 12523 12600 12524
f 12524 12600 12601
f 12524 12601 12525
f 12525 12601 12602
f 12525 12602 12526
f 12526 12602 12603
f 12526 12603 12527
f 12527 12603 12604
f 12527 12604 12528
f 12528 12604 12605
f 12528 12605 12529
f 12529 12605 12606
f 12529 12606 12530
f 12530 12606 12607
f 12530 12607 12531
f 12531 12607 12608
f 12531 12608 12532
f 12532 12608 12609
f 12532 12609 12533
f 12533 12609 12610
f 12533 12610 12534
f 12534 12610 12611
f 12534 12611 12535
f 12535 12611 12612
f 12535 12612 12536
f 12536 12612 12613
f 12536 12613 12537
f 12537 12613 12614
f 12537 12614 12538
f 12538 12614 12615
f 12538 12615 12539
f 12539 12615 12616
f 12539 12616 12540
f 12540 12616 12617
f 12540 12617 12541
f 12541 12617 12618
f 12541 12618 12542
f 12542 12618 12619
f 12542 12619 12543
f 12543 12619 12620
f 12543 12620 12544
f 12544 12620 12621
f 12544 12621 12545
f 12545 12621 12622
f 12545 12622 12546
f 12546 12622 12623
f 12546 12623 12547
f 12547 12623 12624
f 12547 12624 12548
f 12548 12624 12625
f 12548 12625 12549
f 12549 12625 12626
f 12549 12626 12550
f 12550 12626 12627
f 12550 12627 12551
f 12551 12627 12628
f 12551 12628 12552
f 12552 12628 12629
f 12552 12629 12553
f 12553 12629 12630
f 12553 12630 12554
f 12554 12630 12631
f 12554 12631 12555
f 12555 12631 12632
f 12555 12632 12556
f 12556 12632 12633
f 12556 12633 12557
f 12557 12633 12634
f 12557 12634 12558
f 12558 12634 9090
f 12558 9090 9091
f 9091 9090 9057
f 9091 9057 9056
f 8984 9145 9146
f 9146 9145 12635
f 9146 12635 12559
f 12559 12635 12636
f 12559 12636 12560
f 12560 12636 12637
f 12560 12637 12561
f 12561 12637 12638
f 12561 12638 12562
f 12562 12638 12639
f 12562 12639 12563
f 12563 12639 12640
f 12563 12640 12564
f 12564 12640 12641
f 12564 12641 12565
f 12565 12641 12642
f 12565 12642 12566
f 12566 12642 12643
f 12566 12643 12567
f 12567 12643 12644
f 12567 12644 12568
f 12568 12644 12645
f 12568 12645 12569
f 12569 12645 12646
f 12569 12646 12570
f 12570 12646 12647
f 12570 12647 12571
f 12571 12647 12648
f 12571 12648 12572
f 12572 12648 12649
f 12572 12649 12573
f 12573 12649 12650
f 12573 12650 12574
f 12574 12650 12651
f 12574 12651 12575
f 12575 12651 12652
f 12575 12652 12576
f 12576 12652 12653
f 12576 12653 12577
f 12577 12653 12654
f 12577 12654 12578
f 12578 12654 12655
f 12578 12655 12579
f 12579 12655 12656
f 12579 12656 12580
f 12580 12656 12657
f 12580 12657 12581
f 12581 12657 12658
f 12581 12658 12582
f 12582 12658 12659
f 12582 12659 12583
f 12583 12659 12660
f 12583 12660 12584
f 12584 12660 12661
f 12584 12661 12585
f 12585 12661 12662
f 12585 12662 12586
f 12586 12662 12663
f 12586 12663 12587
f 12587 12663 12664
f 12587 12664 12588
f 12588 12664 12665
f 12588 12665 12589
f 12589 12665 12666
f 12589 12666 12590
f 12590 12666 12667
f 12590 12667 12591
f 12591 12667 12668
f 12591 12668 12592
f 12592 12668 12669
f 12592 12669 12593
f 12593 12669 12670
f 12593 12670 12594
f 12594 12670 12671
f 12594 12671 12595
f 12595 12671 12672
f 12595 12672 12596
f 12596 12672 12673
f 12596 12673 12597
f 12597 12673 12674
f 12597 12674 12598
f 12598 12674 12675
f 12598 12675 12599
f 12599 12675 12676
f 12599 12676 12600
f 12600 12676 12677
f 12600 12677 12601
f 12601 12677 12678
f 12601 12678 12602
f 12602 12678 12679
f 12602 12679 12603
f 12603 12679 12680
f 12603 12680 12604
f 12604 12680 12681
f 12604 12681 12605
f 12605 12681 12682
f 12605 12682 12606
f 12606 12682 12683
f 12606 12683 12607
f 12607 12683 12684
f 12607 12684 12608
f 12608 12684 12685
f 12608 12685 12609
f 12609 12685 12686
f 12609 12686 12610
f 12610 12686 12687
f 12610 12687 12611
f 12611 12687 12688
f 12611 12688 12612
f 12612 12688 12689
f 12612 12689 12613
f 12613 12689 12690
f 12613 12690 12614
f 12614 12690 12691
f 12614 12691 12615
f 12615 12691 12692
f 12615 12692 12616
f 12616 12692 12693
f 12616 12693 12617
f 12617 12693 12694
f 12617 12694 12618
f 12618 12694 12695
f 12618 12695 12619
f 12619 12695 12696
f 12619 12696 12620
f 12620 12696 12697
f 12620 12697 12621
f 12621 12697 12698
f 12621 12698 12622
f 12622 12698 12699
f 12622 12699 12623
f 12623 12699 12700
f 12623 12700 12624
f 12624 12700 12701
f 12624 12701 12625
f 12625 12701 12702
f 12625 12702 12626
f 12626 12702 12703
f 12626 12703 12627
f 12627 12703 12704
f 12627 12704 12628
f 12628 12704 12705
f 12628 12705 12629
f 12629 12705 12706
f 12629 12706 12630
f 12630 12706 12707
f 12630 12707 12631
f 12631 12707 12708
f 12631 12708 12632
f 12632 12708 12709
f 12632 12709 12633
f 12633 12709 12710
f 12633 12710 12634
f 12634 12710 9089
f 12634 9089 9090
f 9090 9089 9070
f 9090 9070 9058
f 8987 9084 9145
f 9145 9084 12711
f 9145 12711 12635
f 12635 12711 12712
f 12635 12712 12636
f 12636 12712 12713
f 12636 12713 12637
f 12637 12713 12714
f 12637 12714 12638
f 12638 12714 12715
f 12638 12715 12639
f 12639 12715 12716
f 12639 12716 12640
f 12640 12716 12717
f 12640 12717 12641
f 12641 12717 12718
f 12641 12718 12642
f 12642 12718 12719
f 12642 12719 12643
f 12643 12719 12720
f 12643 12720 12644
f 12644 12720 12721
f 12644 12721 12645
f 12645 12721 12722
f 12645 12722 12646
f 12646 12722 12723
f 12646 12723 12647
f 12647 12723 12724
f 12647 12724 12648
f 12648 12724 12725
f 12648 12725 12649
f 12649 12725 12726
f 12649 12726 12650
f 12650 12726 12727
f 12650 12727 12651
f 12651 12727 12728
f 12651 12728 12652
f 12652 12728 12729
f 12652 12729 12653
f 12653 12729 12730
f 12653 12730 12654
f 12654 12730 12731
f 12654 12731 12655
f 12655 12731 12732
f 12655 12732 12656
f 12656 12732 12733
f 12656 12733 12657
f 12657 12733 12734
f 12657 12734 12658
f 12658 12734 12735
f 12658 12735 12659
f 12659 12735 12736
f 12659 12736 12660
f 12660 12736 12737
f 12660 12737 12661
f 12661 12737 12738
f 12661 12738 12662
f 12662 12738 12739
f 12662 12739 12663
f 12663 12739 12740
f 12663 12740 12664
f 12664 12740 12741
f 12664 12741 12665
f 12665 12741 12742
f 12665 12742 12666
f 12666 12742 12743
f 12666 12743 12667
f 12667 12743 12744
f 12667 12744 12668
f 12668 12744 12745
f 12668 12745 12669
f 12669 12745 12746
f 12669 12746 12670
f 12670 12746 12747
f 12670 12747 12671
f 12671 12747 12748
f 12671 12748 12672
f 12672 12748 12749
f 12672 12749 12673
f 12673 12749 12750
f 12673 12750 12674
f 12674 12750 12751
f 12674 12751 12675
f 12675 12751 12752
f 12675 12752 12676
f 12676 12752 12753
f 12676 12753 12677
f 12677 12753 12754
f 12677 12754 12678
f 12678 12754 12755
f 12678 12755 12679
f 12679 12755 12756
f 12679 12756 12680
f 12680 12756 12757
f 12680 12757 12681
f 12681 12757 12758
f 12681 12758 12682
f 12682 12758 12759
f 12682 12759 12683
f 12683 12759 12760
f 12683 12760 12684
f 12684 12760 12761
f 12684 12761 12685
f 12685 12761 12762
f 12685 12762 12686
f 12686 12762 12763
f 12686 12763 12687
f 12687 12763 12764
f 12687 12764 12688
f 12688 12764 12765
f 12688 12765 12689
f 12689 12765 12766
f 12689 12766 12690
f 12690 12766 12767
f 12690 12767 12691
f 12691 12767 12768
f 12691 12768 12692
f 12692 12768 12769
f 12692 12769 12693
f 12693 12769 12770
f 12693 12770 12694
f 12694 12770 12771
f 12694 12771 12695
f 12695 12771 12772
f 12695 12772 12696
f 12696 12772 12773
f 12696 12773 12697
f 12697 12773 12774
f 12697 12774 12698
f 12698 12774 12775
f 12698 12775 12699
f 12699 12775 12776
f 12699 12776 12700
f 12700 12776 12777
f 12700 12777 12701
f 12701 12777 12778
f 12701 12778 12702
f 12702 12778 12779
f 12702 12779 12703
f 12703 12779 12780
f 12703 12780 12704
f 12704 12780 12781
f 12704 12781 12705
f 12705 12781 12782
f 12705 12782 12706
f 12706 12782 12783
f 12706 12783 12707
f 12707 12783 12784
f 12707 12784 12708
f 12708 12784 12785
f 12708 12785 12709
f 12709 12785 12786
f 12709 12786 12710
f 12710 12786 9088
f 12710 9088 9089
f 9089 9088 9072
f 9089 9072 9071
f 8986 9144 9084
f 9084 9144 12787
f 9084 12787 12711
f 12711 12787 12788
f 12711 12788 12712
f 12712 12788 12789
f 12712 12789 12713
f 12713 12789 12790
f 12713 12790 12714
f 12714 12790 12791
f 12714 12791 12715
f 12715 12791 12792
f 12715 12792 12716
f 12716 12792 12793
f 12716 12793 12717
f 12717 12793 12794
f 12717 12794 12718
f 12718 12794 12795
f 12718 12795 12719
f 12719 12795 12796
f 12719 12796 12720
f 12720 12796 12797
f 12720 12797 12721
f 12721 12797 12798
f 12721 12798 12722
f 12722 12798 12799
f 12722 12799 12723
f 12723 12799 12800
f 12723 12800 12724
f 12724 12800 12801
f 12724 12801 12725
f 12725 12801 12802
f 12725 12802 12726
f 12726 12802 12803
f 12726 12803 12727
f 12727 12803 12804
f 12727 12804 12728
f 12728 12804 12805
f 12728 12805 12729
f 12729 12805 12806
f 12729 12806 12730
f 12730 12806 12807
f 12730 12807 12731
f 12731 12807 12808
f 12731 12808 12732
f 12732 12808 12809
f 12732 12809 12733
f 12733 12809 12810
f 12733 12810 12734
f 12734 12810 12811
f 12734 12811 12735
f 12735 12811 12812
f 12735 12812 12736
f 12736 12812 12813
f 12736 12813 12737
f 12737 12813 12814
f 12737 12814 12738
f 12738 12814 12815
f 12738 12815 12739
f 12739 12815 12816
f 12739 12816 12740
f 12740 12816 12817
f 12740 12817 12741
f 12741 12817 12818
f 12741 12818 12742
f 12742 12818 12819
f 12742 12819 12743
f 12743 12819 12820
f 12743 12820 12744
f 12744 12820 12821
f 12744 12821 12745
f 12745 12821 12822
f 12745 12822 12746
f 12746 12822 12823
f 12746 12823 12747
f 12747 12823 12824
f 12747 12824 12748
f 12748 12824 12825
f 12748 12825 12749
f 12749 12825 12826
f 12749 12826 12750
f 12750 12826 12827
f 12750 12827 12751
f 12751 12827 12828
f 12751 12828 12752
f 12752 12828 12829
f 12752 12829 12753
f 12753 12829 12830
f 12753 12830 12754
f 12754 12830 12831
f 12754 12831 12755
f 12755 12831 12832
f 12755 12832 12756
f 12756 12832 12833
f 12756 12833 12757
f 12757 12833 12834
f 12757 12834 12758
f 12758 12834 12835
f 12758 12835 12759
f 12759 12835 12836
f 12759 12836 12760
f 12760 12836 12837
f 12760 12837 12761
f 12761 12837 12838
f 12761 12838 12762
f 12762 12838 12839
f 12762 12839 12763
f 12763 12839 12840
f 12763 12840 12764
f 12764 12840 12841
f 12764 12841 12765
f 12765 12841 12842
f 12765 12842 12766
f 12766 12842 12843
f 12766 12843 12767
f 12767 12843 12844
f 12767 12844 12768
f 12768 12844 12845
f 12768 12845 12769
f 12769 12845 12846
f 12769 12846 12770
f 12770 12846 12847
f 12770 12847 12771
f 12771 12847 12848
f 12771 12848 12772
f 12772 12848 12849
f 12772 12849 12773
f 12773 12849 12850
f 12773 12850 12774
f 12774 12850 12851
f 12774 12851 12775
f 12775 12851 12852
f 12775 12852 12776
f 12776 12852 12853
f 12776 12853 12777
f 12777 12853 12854
f 12777 12854 12778
f 12778 12854 12855
f 12778 12855 12779
f 12779 12855 12856
f 12779 12856 12780
f 12780 12856 12857
f 12780 12857 12781
f 12781 12857 12858
f 12781 12858 12782
f 12782 12858 12859
f 12782 12859 12783
f 12783 12859 12860
f 12783 12860 12784
f 12784 12860 12861
f 12784 12861 12785
f 12785 12861 12862
f 12785 12862 12786
f 12786 12862 9087
f 12786 9087 9088
f 9088 9087 9074
f 9088 9074 9073
f 8995 9143 9144
f 9144 9143 12863
f 9144 12863 12787
f 12787 12863 12864
f 12787 12864 12788
f 12788 12864 12865
f 12788 12865 12789
f 12789 12865 12866
f 12789 12866 12790
f 12790 12866 12867
f 12790 12867 12791
f 12791 12867 12868
f 12791 12868 12792
f 12792 12868 12869
f 12792 12869 12793
f 12793 12869 12870
f 12793 12870 12794
f 12794 12870 12871
f 12794 12871 12795
f 12795 12871 12872
f 12795 12872 12796
f 12796 12872 12873
f 12796 12873 12797
f 12797 12873 12874
f 12797 12874 12798
f 12798 12874 12875
f 12798 12875 12799
f 12799 12875 12876
f 12799 12876 12800
f 12800 12876 12877
f 12800 12877 12801
f 12801 12877 12878
f 12801 12878 12802
f 12802 12878 12879
f 12802 12879 12803
f 12803 12879 12880
f 12803 12880 12804
f 12804 12880 12881
f 12804 12881 12805
f 12805 12881 12882
f 12805 12882 12806
f 12806 12882 12883
f 12806 12883 12807
f 12807 12883 12884
f 12807 12884 12808
f 12808 12884 12885
f 12808 12885 12809
f 12809 12885 12886
f 12809 12886 12810
f 12810 12886 12887
f 12810 12887 12811
f 12811 12887 12888
f 12811 12888 12812
f 12812 12888 12889
f 12812 12889 12813
f 12813 12889 12890
f 12813 12890 12814
f 12814 12890 12891
f 12814 12891 12815
f 12815 12891 12892
f 12815 12892 12816
f 12816 12892 12893
f 12816 12893 12817
f 12817 12893 12894
f 12817 12894 12818
f 12818 12894 12895
f 12818 12895 12819
f 12819 12895 12896
f 12819 12896 12820
f 12820 12896 12897
f 12820 12897 12821
f 12821 12897 12898
f 12821 12898 12822
f 12822 12898 12899
f 12822 12899 12823
f 12823 12899 12900
f 12823 12900 12824
f 12824 12900 12901
f 12824 12901 12825
f 12825 12901 12902
f 12825 12902 12826
f 12826 12902 12903
f 12826 12903 12827
f 12827 12903 12904
f 12827 12904 12828
f 12828 12904 12905
f 12828 12905 12829
f 12829 12905 12906
f 12829 12906 12830
f 12830 12906 12907
f 12830 12907 12831
f 12831 12907 12908
f 12831 12908 12832
f 12832 12908 12909
f 12832 12909 12833
f 12833 12909 12910
f 12833 12910 12834
f 12834 12910 12911
f 12834 12911 12835
f 12835 12911 12912
f 12835 12912 12836
f 12836 12912 12913
f 12836 12913 12837
f 12837 12913 12914
f 12837 12914 12838
f 12838 12914 12915
f 12838 12915 12839
f 12839 12915 12916
f 12839 12916 12840
f 12840 12916 12917
f 12840 12917 12841
f 12841 12917 12918
f 12841 12918 12842
f 12842 12918 12919
f 12842 12919 12843
f 12843 12919 12920
f 12843 12920 12844
f 12844 12920 12921
f 12844 12921 12845
f 12845 12921 12922
f 12845 12922 12846
f 12846 12922 12923
f 12846 12923 12847
f 12847 12923 12924
f 12847 12924 12848
f 12848 12924 12925
f 12848 12925 12849
f 12849 12925 12926
f 12849 12926 12850
f 12850 12926 12927
f 12850 12927 12851
f 12851 12927 12928
f 12851 12928 12852
f 12852 12928 12929
f 12852 12929 12853
f 12853 12929 12930
f 12853 12930 12854
f 12854 12930 12931
f 12854 12931 12855
f 12855 12931 12932
f 12855 12932 12856
f 12856 12932 12933
f 12856 12933 12857
f 12857 12933 12934
f 12857 12934 12858
f 12858 12934 12935
f 12858 12935 12859
f 12859 12935 12936
f 12859 12936 12860
f 12860 12936 12937
f 12860 12937 12861
f 12861 12937 12938
f 12861 12938 12862
f 12862 12938 9086
f 12862 9086 9087
f 9087 9086 9082
f 9087 9082 9075
f 8993 9142 9143
f 9143 9142 12939
f 9143 12939 12863
f 12863 12939 12940
f 12863 12940 12864
f 12864 12940 12941
f 12864 12941 12865
f 12865 12941 12942
f 12865 12942 12866
f 12866 12942 12943
f 12866 12943 12867
f 12867 12943 12944
f 12867 12944 12868
f 12868 12944 12945
f 12868 12945 12869
f 12869 12945 12946
f 12869 12946 12870
f 12870 12946 12947
f 12870 12947 12871
f 12871 12947 12948
f 12871 12948 12872
f 12872 12948 12949
f 12872 12949 12873
f 12873 12949 12950
f 12873 12950 12874
f 12874 12950 12951
f 12874 12951 12875
f 12875 12951 12952
f 12875 12952 12876
f 12876 12952 12953
f 12876 12953 12877
f 12877 12953 12954
f 12877 12954 12878
f 12878 12954 12955
f 12878 12955 12879
f 12879 12955 12956
f 12879 12956 12880
f 12880 12956 12957
f 12880 12957 12881
f 12881 12957 12958
f 12881 12958 12882
f 12882 12958 12959
f 12882 12959 12883
f 12883 12959 12960
f 12883 12960 12884
f 12884 12960 12961
f 12884 12961 12885
f 12885 12961 12962
f 12885 12962 12886
f 12886 12962 12963
f 12886 12963 12887
f 12887 12963 12964
f 12887 12964 12888
f 12888 12964 12965
f 12888 12965 12889
f 12889 12965 12966
f 12889 12966 12890
f 12890 12966 12967
f 12890 12967 12891
f 12891 12967 12968
f 12891 12968 12892
f 12892 12968 12969
f 12892 12969 12893
f 12893 12969 12970
f 12893 12970 12894
f 12894 12970 12971
f 12894 12971 12895
f 12895 12971 12972
f 12895 12972 12896
f 12896 12972 12973
f 12896 12973 12897
f 12897 12973 12974
f 12897 12974 12898
f 12898 12974 12975
f 12898 12975 12899
f 12899 12975 12976
f 12899 12976 12900
f 12900 12976 12977
f 12900 12977 12901
f 12901 12977 12978
f 12901 12978 12902
f 12902 12978 12979
f 12902 12979 12903
f 12903 12979 12980
f 12903 12980 12904
f 12904 12980 12981
f 12904 12981 12905
f 12905 12981 12982
f 12905 12982 12906
f 12906 12982 12983
f 12906 12983 12907
f 12907 12983 12984
f 12907 12984 12908
f 12908 12984 12985
f 12908 12985 12909
f 12909 12985 12986
f 12909 12986 12910
f 12910 12986 12987
f 12910 12987 12911
f 12911 12987 12988
f 12911 12988 12912
f 12912 12988 12989
f 12912 12989 12913
f 12913 12989 12990
f 12913 12990 12914
f 12914 12990 12991
f 12914 12991 12915
f 12915 12991 12992
f 12915 12992 12916
f 12916 12992 12993
f 12916 12993 12917
f 12917 12993 12994
f 12917 12994 12918
f 12918 12994 12995
f 12918 12995 12919
f 12919 12995 12996
f 12919 12996 12920
f 12920 12996 12997
f 12920 12997 12921
f 12921 12997 12998
f 12921 12998 12922
f 12922 12998 12999
f 12922 12999 12923
f 12923 12999 13000
f 12923 13000 12924
f 12924 13000 13001
f 12924 13001 12925
f 12925 13001 13002
f 12925 13002 12926
f 12926 13002 13003
f 12926 13003 12927
f 12927 13003 13004
f 12927 13004 12928
f 12928 13004 13005
f 12928 13005 12929
f 12929 13005 13006
f 12929 13006 12930
f 12930 13006 13007
f 12930 13007 12931
f 12931 13007 13008
f 12931 13008 12932
f 12932 13008 13009
f 12932 13009 12933
f 12933 13009 13010
f 12933 13010 12934
f 12934 13010 13011
f 12934 13011 12935
f 12935 13011 13012
f 12935 13012 12936
f 12936 13012 13013
f 12936 13013 12937
f 12937 13013 13014
f 12937 13014 12938
f 12938 13014 9085
f 12938 9085 9086
f 9086 9085 9077
f 9086 9077 9083
f 7887 9085 7812
f 7812 9085 13014
f 7812 13014 7813
f 7813 13014 13013
f 7813 13013 7863
f 7863 13013 13012
f 7863 13012 7882
f 7882 13012 13011
f 7882 13011 7837
f 7837 13011 13010
f 7837 13010 7839
f 7839 13010 13009
f 7839 13009 7927
f 7927 13009 13008
f 7927 13008 7921
f 7921 13008 13007
f 7921 13007 7923
f 7923 13007 13006
f 7923 13006 7917
f 7917 13006 13005
f 7917 13005 7918
f 7918 13005 13004
f 7918 13004 7862
f 7862 13004 13003
f 7862 13003 8049
f 8049 13003 13002
f 8049 13002 8050
f 8050 13002 13001
f 8050 13001 8051
f 8051 13001 13000
f 8051 13000 8052
f 8052 13000 12999
f 8052 12999 8053
f 8053 12999 12998
f 8053 12998 8054
f 8054 12998 12997
f 8054 12997 8046
f 8046 12997 12996
f 8046 12996 8047
f 8047 12996 12995
f 8047 12995 8048
f 8048 12995 12994
f 8048 12994 8043
f 8043 12994 12993
f 8043 12993 8044
f 8044 12993 12992
f 8044 12992 8045
f 8045 12992 12991
f 8045 12991 8040
f 8040 12991 12990
f 8040 12990 8041
f 8041 12990 12989
f 8041 12989 8042
f 8042 12989 12988
f 8042 12988 8037
f 8037 12988 12987
f 8037 12987 8038
f 8038 12987 12986
f 8038 12986 8039
f 8039 12986 12985
f 8039 12985 8029
f 8029 12985 12984
f 8029 12984 8030
f 8030 12984 12983
f 8030 12983 8031
f 8031 12983 12982
f 8031 12982 8013
f 8013 12982 12981
f 8013 12981 8014
f 8014 12981 12980
f 8014 12980 8015
f 8015 12980 12979
f 8015 12979 8016
f 8016 12979 12978
f 8016 12978 8017
f 8017 12978 12977
f 8017 12977 8018
f 8018 12977 12976
f 8018 12976 8019
f 8019 12976 12975
f 8019 12975 8020
f 8020 12975 12974
f 8020 12974 8021
f 8021 12974 12973
f 8021 12973 8022
f 8022 12973 12972
f 8022 12972 8027
f 8027 12972 12971
f 8027 12971 8028
f 8028 12971 12970
f 8028 12970 8023
f 8023 12970 12969
f 8023 12969 8024
f 8024 12969 12968
f 8024 12968 8025
f 8025 12968 12967
f 8025 12967 8026
f 8026 12967 12966
f 8026 12966 8032
f 8032 12966 12965
f 8032 12965 8033
f 8033 12965 12964
f 8033 12964 8034
f 8034 12964 12963
f 8034 12963 8035
f 8035 12963 12962
f 8035 12962 8036
f 8036 12962 12961
f 8036 12961 8008
f 8008 12961 12960
f 8008 12960 8009
f 8009 12960 12959
f 8009 12959 8011
f 8011 12959 12958
f 8011 12958 8012
f 8012 12958 12957
f 8012 12957 8006
f 8006 12957 12956
f 8006 12956 8007
f 8007 12956 12955
f 8007 12955 8003
f 8003 12955 12954
f 8003 12954 8001
f 8001 12954 12953
f 8001 12953 7999
f 7999 12953 12952
f 7999 12952 7997
f 7997 12952 12951
f 7997 12951 7995
f 7995 12951 12950
f 7995 12950 7977
f 7977 12950 12949
f 7977 12949 7975
f 7975 12949 12948
f 7975 12948 7909
f 7909 12948 12947
f 7909 12947 7911
f 7911 12947 12946
f 7911 12946 7857
f 7857 12946 12945
f 7857 12945 7968
f 7968 12945 12944
f 7968 12944 7799
f 7799 12944 12943
f 7799 12943 7801
f 7801 12943 12942
f 7801 12942 7833
f 7833 12942 12941
f 7833 12941 7771
f 7771 12941 12940
f 7771 12940 7760
f 7760 12940 12939
f 7760 12939 7754
f 7754 12939 9142
f 7754 9142 7907
f 7907 9142 8982
f 7907 8982 7775
f 4422 4344 3982
f 3982 4344 4342
f 3982 4342 4018
f 4018 4342 4340
f 4018 4340 4227
f 4227 4340 4338
f 4227 4338 4229
f 4229 4338 4336
f 4229 4336 4231
f 4231 4336 4334
f 4231 4334 4233
f 4233 4334 4332
f 4233 4332 4235
f 4235 4332 4364
f 4235 4364 4237
f 4237 4364 4363
f 4237 4363 4239
f 4239 4363 4361
f 4239 4361 4241
f 4241 4361 4359
f 4241 4359 4243
f 4243 4359 4357
f 4243 4357 4245
f 4245 4357 4355
f 4245 4355 4247
f 4247 4355 4353
f 4247 4353 3788
f 3788 4353 4351
f 3788 4351 3836
f 3836 4351 4349
f 3836 4349 3841
f 3841 4349 4347
f 3841 4347 3874
f 3874 4347 4597
f 3874 4597 4207
f 4207 4597 4591
f 4207 4591 4209
f 4209 4591 4468
f 4209 4468 4211
f 4211 4468 4474
f 4211 4474 4213
f 4213 4474 4472
f 4213 4472 4215
f 4215 4472 4515
f 4215 4515 4217
f 4217 4515 4513
f 4217 4513 4219
f 4219 4513 4511
f 4219 4511 4221
f 4221 4511 4509
f 4221 4509 4223
f 4223 4509 4507
f 4223 4507 4225
f 4225 4507 4505
f 4225 4505 3702
f 3702 4505 4503
f 3702 4503 3704
f 3704 4503 4501
f 3704 4501 3729
f 3729 4501 4499
f 3729 4499 3733
f 3733 4499 4497
f 3733 4497 3768
f 3768 4497 4495
f 3768 4495 4187
f 4187 4495 4493
f 4187 4493 4189
f 4189 4493 4491
f 4189 4491 4191
f 4191 4491 4489
f 4191 4489 4193
f 4193 4489 4487
f 4193 4487 4195
f 4195 4487 4520
f 4195 4520 4197
f 4197 4520 4480
f 4197 4480 4199
f 4199 4480 4478
f 4199 4478 4201
f 4201 4478 4527
f 4201 4527 4203
f 4203 4527 4531
f 4203 4531 4205
f 4205 4531 4483
f 4205 4483 3535
f 3535 4483 4465
f 3535 4465 3553
f 3553 4465 4579
f 3553 4579 3142
f 3142 4579 4577
f 3142 4577 3576
f 3576 4577 4575
f 3576 4575 3604
f 3604 4575 4573
f 3604 4573 4167
f 4167 4573 4571
f 4167 4571 4169
f 4169 4571 4569
f 4169 4569 4171
f 4171 4569 4567
f 4171 4567 4173
f 4173 4567 4565
f 4173 4565 4175
f 4175 4565 4563
f 4175 4563 4177
f 4177 4563 4561
f 4177 4561 4179
f 4179 4561 4559
f 4179 4559 4181
f 4181 4559 4557
f 4181 4557 4183
f 4183 4557 4555
f 4183 4555 4185
f 4185 4555 4553
f 4185 4553 3490
f 3490 4553 4551
f 3490 4551 3515
f 3515 4551 4549
f 3515 4549 3418
f 3418 4549 4547
f 3418 4547 3405
f 3405 4547 4545
f 3405 4545 3434
f 3434 4545 4543
f 3434 4543 4311
f 4311 4543 4541
f 4311 4541 4313
f 4313 4541 4539
f 4313 4539 4315
f 4315 4539 4537
f 4315 4537 4317
f 4317 4537 4535
f 4317 4535 4319
f 4319 4535 4533
f 4319 4533 4321
f 4321 4533 4532
f 4321 4532 4323
f 4323 4532 4420
f 4323 4420 4325
f 4325 4420 4418
f 4325 4418 4327
f 4327 4418 4416
f 4327 4416 4329
f 4329 4416 4414
f 4329 4414 3274
f 3274 4414 4412
f 3274 4412 3308
f 3308 4412 4410
f 3308 4410 3306
f 3306 4410 4408
f 3306 4408 3326
f 3326 4408 4406
f 3326 4406 3354
f 3354 4406 4404
f 3354 4404 4291
f 4291 4404 4402
f 4291 4402 4293
f 4293 4402 4400
f 4293 4400 4295
f 4295 4400 4398
f 4295 4398 4297
f 4297 4398 4396
f 4297 4396 4299
f 4299 4396 4394
f 4299 4394 4301
f 4301 4394 4392
f 4301 4392 4303
f 4303 4392 4390
f 4303 4390 4305
f 4305 4390 4388
f 4305 4388 4307
f 4307 4388 4386
f 4307 4386 4309
f 4309 4386 4384
f 4309 4384 3235
f 3235 4384 4382
f 3235 4382 3148
f 3148 4382 4380
f 3148 4380 3145
f 3145 4380 4378
f 3145 4378 3159
f 3159 4378 4376
f 3159 4376 3190
f 3190 4376 4374
f 3190 4374 4271
f 4271 4374 4372
f 4271 4372 4273
f 4273 4372 4370
f 4273 4370 4275
f 4275 4370 4368
f 4275 4368 4277
f 4277 4368 4366
f 4277 4366 4279
f 4279 4366 4464
f 4279 4464 4281
f 4281 4464 4463
f 4281 4463 4283
f 4283 4463 4461
f 4283 4461 4285
f 4285 4461 4459
f 4285 4459 4287
f 4287 4459 4457
f 4287 4457 4289
f 4289 4457 4455
f 4289 4455 4042
f 4042 4455 4453
f 4042 4453 4089
f 4089 4453 4451
f 4089 4451 4084
f 4084 4451 4449
f 4084 4449 4126
f 4126 4449 4447
f 4126 4447 4249
f 4249 4447 4445
f 4249 4445 4251
f 4251 4445 4443
f 4251 4443 4253
f 4253 4443 4441
f 4253 4441 4255
f 4255 4441 4439
f 4255 4439 4257
f 4257 4439 4437
f 4257 4437 4259
f 4259 4437 4435
f 4259 4435 4261
f 4261 4435 4433
f 4261 4433 4263
f 4263 4433 4431
f 4263 4431 4265
f 4265 4431 4429
f 4265 4429 4267
f 4267 4429 4427
f 4267 4427 4269
f 4269 4427 4425
f 4269 4425 3931
f 3931 4425 4423
f 3931 4423 3976
f 3976 4423 4422
f 3976 4422 3982
f 4607 5496 7182
f 4607 7182 4608
f 4608 7182 7179
f 4608 7179 4609
f 4609 7179 7176
f 4609 7176 4610
f 4610 7176 7173
f 4610 7173 4611
f 4611 7173 7169
f 4611 7169 4612
f 4612 7169 7164
f 4612 7164 4626
f 4626 7164 7161
f 4626 7161 4627
f 4627 7161 7158
f 4627 7158 4628
f 4628 7158 7155
f 4628 7155 4629
f 4629 7155 7152
f 4629 7152 4630
f 4630 7152 7149
f 4630 7149 4631
f 4631 7149 7148
f 4631 7148 4632
f 4632 7148 7144
f 4632 7144 4633
f 4633 7144 7145
f 4633 7145 4634
f 4634 7145 7146
f 4634 7146 4635
f 4635 7146 7147
f 4635 7147 4636
f 4636 7147 6421
f 4636 6421 4583
f 6423 4584 6421
f 6421 4584 4583
f 4581 6055 5231
f 4581 5231 4580
f 5231 5244 4580
f 4580 5244 5246
f 4580 5246 4578
f 5246 5394 4578
f 4578 5394 5359
f 4578 5359 4576
f 5359 5362 4576
f 4576 5362 5358
f 4576 5358 4574
f 5358 5376 4574
f 4574 5376 5337
f 4574 5337 4572
f 5337 5353 4572
f 4572 5353 5322
f 4572 5322 4570
f 5322 6236 4570
f 4570 6236 6234
f 4570 6234 4568
f 6234 6232 4568
f 4568 6232 6230
f 4568 6230 4566
f 6230 6228 4566
f 4566 6228 6226
f 4566 6226 4564
f 6226 6224 4564
f 4564 6224 6222
f 4564 6222 4562
f 6222 6220 4562
f 4562 6220 6218
f 4562 6218 4560
f 6218 6216 4560
f 4560 6216 6214
f 4560 6214 4558
f 6214 6212 4558
f 4558 6212 6210
f 4558 6210 4556
f 6210 6208 4556
f 4556 6208 6206
f 4556 6206 4554
f 6206 6204 4554
f 4554 6204 5077
f 4554 5077 4552
f 5077 5092 4552
f 4552 5092 5042
f 4552 5042 4550
f 5042 5054 4550
f 4550 5054 5022
f 4550 5022 4548
f 5022 5029 4548
f 4548 5029 5032
f 4548 5032 4546
f 5032 5188 4546
f 4546 5188 5190
f 4546 5190 4544
f 5190 5204 4544
f 4544 5204 5146
f 4544 5146 4542
f 5146 6202 4542
f 4542 6202 6200
f 4542 6200 4540
f 6200 6198 4540
f 4540 6198 6196
f 4540 6196 4538
f 6196 6194 4538
f 4538 6194 6192
f 4538 6192 4536
f 6192 6190 4536
f 4536 6190 6188
f 4536 6188 4534
f 6188 6186 4534
f 4534 6186 6184
f 4534 6184 4421
f 6184 6182 4421
f 4421 6182 6180
f 4421 6180 4419
f 6180 6178 4419
f 4419 6178 6176
f 4419 6176 4417
f 6176 6174 4417
f 4417 6174 6172
f 4417 6172 4415
f 6172 6170 4415
f 4415 6170 4838
f 4415 4838 4413
f 4838 4840 4413
f 4413 4840 4842
f 4413 4842 4411
f 4842 5007 4411
f 4411 5007 4975
f 4411 4975 4409
f 4975 4989 4409
f 4409 4989 4992
f 4409 4992 4407
f 4992 4996 4407
f 4407 4996 4958
f 4407 4958 4405
f 4958 4972 4405
f 4405 4972 4911
f 4405 4911 4403
f 4911 6168 4403
f 4403 6168 6166
f 4403 6166 4401
f 6166 6164 4401
f 4401 6164 6162
f 4401 6162 4399
f 6162 6160 4399
f 4399 6160 6158
f 4399 6158 4397
f 6158 6156 4397
f 4397 6156 6154
f 4397 6154 4395
f 6154 6152 4395
f 4395 6152 6150
f 4395 6150 4393
f 6150 6148 4393
f 4393 6148 6146
f 4393 6146 4391
f 6146 6144 4391
f 4391 6144 6142
f 4391 6142 4389
f 6142 6140 4389
f 4389 6140 6138
f 4389 6138 4387
f 6138 6136 4387
f 4387 6136 6134
f 4387 6134 4385
f 6134 6132 4385
f 4385 6132 4700
f 4385 4700 4383
f 4700 4713 4383
f 4383 4713 4661
f 4383 4661 4381
f 4661 4675 4381
f 4381 4675 4640
f 4381 4640 4379
f 4640 4645 4379
f 4379 4645 4647
f 4379 4647 4377
f 4647 4821 4377
f 4377 4821 4812
f 4377 4812 4375
f 4812 4829 4375
f 4375 4829 4778
f 4375 4778 4373
f 4778 6130 4373
f 4373 6130 6128
f 4373 6128 4371
f 6128 6126 4371
f 4371 6126 6124
f 4371 6124 4369
f 6124 6122 4369
f 4369 6122 6120
f 4369 6120 4367
f 6120 6118 4367
f 4367 6118 6116
f 4367 6116 4365
f 6116 6114 4365
f 4365 6114 6112
f 4365 6112 4462
f 6112 6110 4462
f 4462 6110 6108
f 4462 6108 4460
f 6108 6106 4460
f 4460 6106 6104
f 4460 6104 4458
f 6104 6102 4458
f 4458 6102 6100
f 4458 6100 4456
f 6100 6098 4456
f 4456 6098 5779
f 4456 5779 4454
f 5779 5799 4454
f 4454 5799 5941
f 4454 5941 4452
f 5941 5955 4452
f 4452 5955 5916
f 4452 5916 4450
f 5916 5927 4450
f 4450 5927 5930
f 4450 5930 4448
f 5930 5938 4448
f 4448 5938 5901
f 4448 5901 4446
f 5901 5913 4446
f 4446 5913 5856
f 4446 5856 4444
f 5856 6096 4444
f 4444 6096 6094
f 4444 6094 4442
f 6094 6092 4442
f 4442 6092 6090
f 4442 6090 4440
f 6090 6088 4440
f 4440 6088 6086
f 4440 6086 4438
f 6086 6084 4438
f 4438 6084 6082
f 4438 6082 4436
f 6082 6080 4436
f 4436 6080 6078
f 4436 6078 4434
f 6078 6076 4434
f 4434 6076 6074
f 4434 6074 4432
f 6074 6072 4432
f 4432 6072 6070
f 4432 6070 4430
f 6070 6068 4430
f 4430 6068 6066
f 4430 6066 4428
f 6066 6064 4428
f 4428 6064 6062
f 4428 6062 4426
f 6062 6060 4426
f 4426 6060 5720
f 4426 5720 4424
f 5720 5734 4424
f 4424 5734 5675
f 4424 5675 4345
f 5675 5687 4345
f 4345 5687 5652
f 4345 5652 4343
f 5652 5651 4343
f 4343 5651 5656
f 4343 5656 4341
f 5656 5670 4341
f 4341 5670 5603
f 4341 5603 4339
f 5603 6274 4339
f 4339 6274 6272
f 4339 6272 4337
f 6272 6270 4337
f 4337 6270 6268
f 4337 6268 4335
f 6268 6266 4335
f 4335 6266 6264
f 4335 6264 4333
f 6264 6262 4333
f 4333 6262 6260
f 4333 6260 4331
f 6260 6258 4331
f 4331 6258 6256
f 4331 6256 4362
f 6256 6254 4362
f 4362 6254 6252
f 4362 6252 4360
f 6252 6250 4360
f 4360 6250 6248
f 4360 6248 4358
f 6248 6246 4358
f 4358 6246 6244
f 4358 6244 4356
f 6244 6242 4356
f 4356 6242 6240
f 4356 6240 4354
f 6240 6238 4354
f 4354 6238 5417
f 4354 5417 4352
f 5417 5431 4352
f 4352 5431 5433
f 4352 5433 4350
f 5433 5579 4350
f 4350 5579 5543
f 4350 5543 4348
f 5543 5548 4348
f 4348 5548 5551
f 4348 5551 4346
f 5496 4607 5529
f 5529 4607 4346
f 5529 4346 5563
f 5563 4346 5551
f 6526 4512 7122
f 7122 4512 4514
f 7122 4514 7123
f 7123 4514 4516
f 7123 4516 7124
f 7124 4516 4517
f 7124 4517 7125
f 7125 4517 4596
f 7125 4596 7126
f 7126 4596 4595
f 7126 4595 7127
f 7127 4595 4594
f 7127 4594 7128
f 7128 4594 4471
f 7128 4471 7129
f 7129 4471 4473
f 7129 4473 7130
f 7130 4473 4475
f 7130 4475 7131
f 7131 4475 4476
f 7131 4476 7132
f 7132 4476 4587
f 7132 4587 7133
f 7133 4587 4470
f 7133 4470 7134
f 7134 4470 4469
f 7134 4469 7135
f 7135 4469 4593
f 7135 4593 7136
f 7136 4593 4592
f 7136 4592 7137
f 7137 4592 4599
f 7137 4599 7138
f 7138 4599 4598
f 7138 4598 7139
f 7139 4598 4602
f 7139 4602 7140
f 7140 4602 4601
f 7140 4601 7141
f 7141 4601 4600
f 7141 4600 7142
f 7142 4600 4586
f 7142 4586 7143
f 7143 4586 4585
f 7143 4585 6423
f 6423 4585 4584
f 4614 6419 7099
f 4614 7099 4615
f 4615 7099 7098
f 4615 7098 4618
f 4618 7098 7097
f 4618 7097 4619
f 4619 7097 7096
f 4619 7096 4620
f 4620 7096 7093
f 4620 7093 4621
f 4621 7093 7090
f 4621 7090 4622
f 4622 7090 7088
f 4622 7088 4623
f 4623 7088 7085
f 4623 7085 4624
f 4624 7085 7082
f 4624 7082 4625
f 4625 7082 7079
f 4625 7079 4603
f 4603 7079 7076
f 4603 7076 4604
f 4604 7076 7073
f 4604 7073 4605
f 4605 7073 7070
f 4605 7070 4606
f 4606 7070 7067
f 4606 7067 4616
f 4616 7067 7064
f 4616 7064 4617
f 4617 7064 7061
f 4617 7061 4582
f 4582 7061 6055
f 4582 6055 4581
f 6519 4486 6520
f 6520 4486 4488
f 6520 4488 6521
f 6521 4488 4490
f 6521 4490 6522
f 6522 4490 4492
f 6522 4492 6513
f 6513 4492 4494
f 6513 4494 6514
f 6514 4494 4496
f 6514 4496 6515
f 6515 4496 4498
f 6515 4498 6516
f 6516 4498 4500
f 6516 4500 6518
f 6518 4500 4502
f 6518 4502 6517
f 6517 4502 4504
f 6517 4504 6523
f 6523 4504 4506
f 6523 4506 6524
f 6524 4506 4508
f 6524 4508 6525
f 6525 4508 4510
f 6525 4510 6526
f 6526 4510 4512
f 4613 6417 4614
f 4614 6417 6419
f 6417 4613 7100
f 7100 4613 4467
f 7100 4467 7101
f 7101 4467 4466
f 7101 4466 7102
f 7102 4466 4485
f 7102 4485 7103
f 7103 4485 4484
f 7103 4484 7104
f 7104 4484 4590
f 7104 4590 7105
f 7105 4590 4589
f 7105 4589 7106
f 7106 4589 4588
f 7106 4588 7107
f 7107 4588 4530
f 7107 4530 7108
f 7108 4530 4529
f 7108 4529 7109
f 7109 4529 4528
f 7109 4528 7110
f 7110 4528 4526
f 7110 4526 7111
f 7111 4526 4525
f 7111 4525 7112
f 7112 4525 4477
f 7112 4477 7113
f 7113 4477 4479
f 7113 4479 7114
f 7114 4479 4481
f 7114 4481 7115
f 7115 4481 4482
f 7115 4482 7116
f 7116 4482 4524
f 7116 4524 7117
f 7117 4524 4523
f 7117 4523 7118
f 7118 4523 4522
f 7118 4522 7119
f 7119 4522 4521
f 7119 4521 7120
f 7120 4521 4519
f 7120 4519 7121
f 7121 4519 4518
f 7121 4518 6519
f 6519 4518 4486
f 836 5100 4639
f 836 4639 834
f 4639 5060 834
f 834 5060 5059
f 834 5059 742
f 5059 6203 742
f 742 6203 6205
f 742 6205 743
f 6205 6207 743
f 743 6207 6209
f 743 6209 744
f 744 6209 6211
f 744 6211 745
f 745 6211 6213
f 6213 6215 745
f 745 6215 6217
f 745 6217 802
f 6217 6219 802
f 802 6219 6221
f 802 6221 803
f 6221 6223 803
f 803 6223 6225
f 803 6225 804
f 6225 6227 804
f 804 6227 6229
f 804 6229 685
f 6229 6231 685
f 685 6231 6233
f 685 6233 684
f 6233 6235 684
f 684 6235 5326
f 684 5326 683
f 5326 5324 683
f 683 5324 5301
f 683 5301 805
f 805 5301 5300
f 805 5300 806
f 806 5300 5297
f 5297 5317 806
f 806 5317 5277
f 806 5277 807
f 5277 5292 807
f 807 5292 5259
f 807 5259 859
f 859 5259 5272
f 859 5272 860
f 860 5272 5209
f 5209 6058 860
f 860 6058 6057
f 860 6057 861
f 6057 6053 861
f 861 6053 6051
f 861 6051 884
f 6051 6049 884
f 884 6049 6047
f 884 6047 885
f 6047 6045 885
f 885 6045 6043
f 885 6043 839
f 6043 6040 839
f 839 6040 6039
f 839 6039 840
f 6039 6037 840
f 840 6037 6035
f 840 6035 841
f 6035 6033 841
f 841 6033 6031
f 841 6031 842
f 842 6031 6029
f 842 6029 862
f 862 6029 6027
f 6027 6025 862
f 862 6025 6023
f 862 6023 863
f 863 6023 6021
f 863 6021 686
f 686 6021 6019
f 6019 6017 686
f 686 6017 6015
f 686 6015 687
f 6015 6013 687
f 687 6013 6011
f 687 6011 808
f 808 6011 6009
f 808 6009 809
f 809 6009 6007
f 6007 6005 809
f 809 6005 6003
f 809 6003 688
f 6003 6001 688
f 688 6001 5999
f 688 5999 689
f 5999 5997 689
f 689 5997 5995
f 689 5995 690
f 5995 5993 690
f 690 5993 5991
f 690 5991 691
f 691 5991 5989
f 691 5989 746
f 5989 5987 746
f 746 5987 5985
f 746 5985 747
f 747 5985 5983
f 5983 5981 747
f 747 5981 5979
f 747 5979 605
f 5979 5977 605
f 605 5977 5975
f 605 5975 606
f 5975 5973 606
f 606 5973 5971
f 606 5971 607
f 607 5971 5969
f 607 5969 608
f 608 5969 5967
f 5967 5965 608
f 608 5965 5963
f 608 5963 519
f 5963 5961 519
f 519 5961 5960
f 519 5960 386
f 5960 5959 386
f 386 5959 5457
f 386 5457 799
f 5457 5464 799
f 799 5464 5466
f 799 5466 856
f 5466 5478 856
f 856 5478 5442
f 856 5442 857
f 5442 5453 857
f 857 5453 5399
f 857 5399 858
f 858 5399 6237
f 858 6237 892
f 892 6237 6239
f 6239 6241 892
f 892 6241 6243
f 892 6243 893
f 6243 6245 893
f 893 6245 6247
f 893 6247 894
f 6247 6249 894
f 894 6249 6251
f 894 6251 895
f 6251 6253 895
f 895 6253 6255
f 895 6255 896
f 6255 6257 896
f 896 6257 6259
f 896 6259 897
f 6259 6261 897
f 897 6261 6263
f 897 6263 898
f 6263 6265 898
f 898 6265 6267
f 898 6267 899
f 899 6267 6269
f 899 6269 900
f 900 6269 6271
f 6271 6273 900
f 900 6273 5620
f 900 5620 904
f 5620 5639 904
f 904 5639 5583
f 904 5583 905
f 5583 5592 905
f 905 5592 5588
f 905 5588 907
f 907 5588 5749
f 907 5749 798
f 5749 5701 798
f 798 5701 5703
f 798 5703 796
f 796 5703 5693
f 5693 6059 796
f 796 6059 6061
f 796 6061 583
f 6061 6063 583
f 583 6063 6065
f 583 6065 584
f 6065 6067 584
f 584 6067 6069
f 584 6069 788
f 788 6069 6071
f 788 6071 790
f 6071 6073 790
f 790 6073 6075
f 790 6075 792
f 792 6075 6077
f 6077 6079 792
f 792 6079 6081
f 792 6081 793
f 6081 6083 793
f 793 6083 6085
f 793 6085 445
f 445 6085 6087
f 445 6087 446
f 446 6087 6089
f 6089 6091 446
f 446 6091 6093
f 446 6093 876
f 6093 6095 876
f 876 6095 5875
f 876 5875 877
f 877 5875 5886
f 877 5886 879
f 5886 5887 879
f 879 5887 5896
f 879 5896 880
f 880 5896 5837
f 5837 5851 880
f 880 5851 5805
f 880 5805 852
f 852 5805 5807
f 852 5807 853
f 5807 5802 853
f 853 5802 5817
f 853 5817 886
f 886 5817 5768
f 5768 6097 886
f 886 6097 6099
f 886 6099 887
f 887 6099 6101
f 887 6101 888
f 888 6101 6103
f 6103 6105 888
f 888 6105 6107
f 888 6107 901
f 901 6107 6109
f 901 6109 902
f 902 6109 6111
f 6111 6113 902
f 902 6113 6115
f 902 6115 903
f 903 6115 6117
f 903 6117 910
f 910 6117 6119
f 6119 6121 910
f 910 6121 6123
f 910 6123 911
f 911 6123 6125
f 911 6125 912
f 6125 6127 912
f 912 6127 6129
f 912 6129 916
f 6129 4792 916
f 916 4792 4809
f 916 4809 917
f 917 4809 4807
f 4807 4805 917
f 917 4805 4762
f 917 4762 918
f 918 4762 4775
f 918 4775 922
f 4775 4742 922
f 922 4742 4757
f 922 4757 923
f 4757 4723 923
f 923 4723 4737
f 923 4737 919
f 919 4737 4680
f 4680 6131 919
f 919 6131 6133
f 919 6133 920
f 920 6133 6135
f 920 6135 921
f 6135 6137 921
f 921 6137 6139
f 921 6139 913
f 6139 6141 913
f 913 6141 6143
f 913 6143 914
f 6143 6145 914
f 914 6145 6147
f 914 6147 915
f 915 6147 6149
f 6149 6151 915
f 915 6151 6153
f 915 6153 881
f 6153 6155 881
f 881 6155 6157
f 881 6157 882
f 882 6157 6159
f 882 6159 883
f 6159 6161 883
f 883 6161 6163
f 883 6163 728
f 6163 6165 728
f 728 6165 6167
f 728 6167 726
f 6167 4930 726
f 726 4930 4944
f 726 4944 663
f 4944 4888 663
f 663 4888 4895
f 663 4895 664
f 664 4895 4892
f 4892 4906 664
f 664 4906 4869
f 664 4869 780
f 780 4869 4883
f 780 4883 781
f 781 4883 4849
f 4849 4865 781
f 781 4865 4833
f 781 4833 783
f 783 4833 6169
f 783 6169 784
f 6169 6171 784
f 784 6171 6173
f 784 6173 778
f 778 6173 6175
f 6175 6177 778
f 778 6177 6179
f 778 6179 779
f 779 6179 6181
f 779 6181 845
f 6181 6183 845
f 845 6183 6185
f 845 6185 846
f 846 6185 6187
f 6187 6189 846
f 846 6189 6191
f 846 6191 873
f 873 6191 6193
f 873 6193 871
f 871 6193 6195
f 6195 6197 871
f 871 6197 6199
f 871 6199 774
f 6199 6201 774
f 774 6201 5162
f 774 5162 775
f 5162 5176 775
f 775 5176 5177
f 775 5177 866
f 5177 5183 866
f 866 5183 5114
f 866 5114 653
f 653 5114 5118
f 653 5118 836
f 836 5118 5098
f 836 5098 5100
f 7184 5509 5962
f 7094 6426 6425
f 6050 6052 7075
f 7075 7077 6050
f 6050 7077 7078
f 6050 7078 7080
f 7080 7081 6050
f 6050 7081 7083
f 6050 7083 6048
f 7083 7084 6048
f 6048 7084 7086
f 6048 7086 7087
f 7087 7089 6048
f 6048 7089 7092
f 6048 7092 7091
f 6425 6046 7094
f 7094 6046 6048
f 7094 6048 7095
f 7095 6048 7091
f 6054 6056 7060
f 7060 7062 6054
f 6054 7062 7063
f 6054 7063 6052
f 6052 7063 7065
f 6052 7065 7066
f 7066 7068 6052
f 6052 7068 7069
f 6052 7069 7071
f 7071 7072 6052
f 6052 7072 7074
f 6052 7074 7075
f 7177 7178 5964
f 7177 5964 7175
f 7167 7172 5964
f 5964 7172 7174
f 5964 7174 7175
f 7178 7180 5964
f 5964 7180 7181
f 5964 7181 5962
f 5962 7181 7183
f 5962 7183 7184
f 7160 7159 5968
f 7153 7157 5968
f 5968 7157 7156
f 5968 7156 7160
f 7151 7150 5968
f 5968 7150 7154
f 5968 7154 7153
f 7159 7163 5968
f 5968 7163 7162
f 5968 7162 5966
f 5966 7162 7166
f 5966 7166 7165
f 7165 7171 5966
f 5966 7171 7170
f 5966 7170 5964
f 5964 7170 7168
f 5964 7168 7167
f 7151 5968 6428
f 6428 5968 5970
f 6428 5970 6429
f 5970 5972 6429
f 6429 5972 5974
f 6429 5974 6438
f 5974 5976 6438
f 6438 5976 5978
f 6438 5978 6485
f 6485 5978 5980
f 6485 5980 6455
f 5980 5982 6455
f 6455 5982 5984
f 6455 5984 6457
f 5984 5986 6457
f 6457 5986 5988
f 6457 5988 6459
f 5988 5990 6459
f 6459 5990 5992
f 6459 5992 6461
f 5992 5994 6461
f 6461 5994 5996
f 6461 5996 6463
f 5996 5998 6463
f 6463 5998 6000
f 6463 6000 6465
f 6000 6002 6465
f 6465 6002 6004
f 6465 6004 6467
f 6004 6006 6467
f 6467 6006 6008
f 6467 6008 6469
f 6008 6010 6469
f 6469 6010 6012
f 6469 6012 6471
f 6012 6014 6471
f 6471 6014 6016
f 6471 6016 6473
f 6016 6018 6473
f 6473 6018 6020
f 6473 6020 6475
f 6020 6022 6475
f 6475 6022 6024
f 6475 6024 6477
f 6024 6026 6477
f 6477 6026 6028
f 6477 6028 6441
f 6028 6030 6441
f 6441 6030 6032
f 6441 6032 6437
f 6032 6034 6437
f 6437 6034 6036
f 6437 6036 6436
f 6036 6038 6436
f 6436 6038 6434
f 6038 6041 6434
f 6434 6041 6042
f 6434 6042 6425
f 6425 6042 6044
f 6425 6044 6046
f 7045 6558 7044
f 7044 6558 6548
f 7044 6548 7043
f 7043 6548 6547
f 7043 6547 7042
f 7042 6547 6563
f 7042 6563 7041
f 7041 6563 6702
f 7041 6702 7040
f 7040 6702 6707
f 7040 6707 7039
f 7039 6707 6709
f 7039 6709 7038
f 7038 6709 6611
f 7038 6611 7037
f 7037 6611 6772
f 6558 7045 6608
f 6608 7045 7046
f 6608 7046 6606
f 6606 7046 7047
f 6606 7047 6581
f 6581 7047 7048
f 6581 7048 6579
f 6579 7048 7049
f 6579 7049 6578
f 6578 7049 7050
f 6578 7050 6763
f 6763 7050 7051
f 6763 7051 6764
f 6764 7051 7052
f 6764 7052 6766
f 6766 7052 7053
f 6766 7053 6768
f 6768 7053 7054
f 6768 7054 6769
f 6769 7054 7055
f 6769 7055 6719
f 6719 7055 7056
f 6719 7056 6721
f 6721 7056 7057
f 6721 7057 6835
f 6835 7057 7058
f 6835 7058 6811
f 6811 7058 7059
f 6811 7059 6816
f 6816 7059 6944
f 6816 6944 6815
f 6815 6944 6941
f 6815 6941 6814
f 6814 6941 6939
f 6814 6939 6813
f 6813 6939 6932
f 6813 6932 6812
f 6812 6932 6930
f 6812 6930 6810
f 6810 6930 6856
f 6810 6856 6809
f 6809 6856 6922
f 6809 6922 6808
f 6808 6922 6920
f 6808 6920 6807
f 6807 6920 6916
f 6807 6916 6806
f 6806 6916 6911
f 6806 6911 6805
f 6805 6911 6906
f 6805 6906 6804
f 6804 6906 6900
f 6804 6900 6803
f 6803 6900 6896
f 6803 6896 6817
f 6817 6896 6892
f 6817 6892 6818
f 6818 6892 6890
f 6818 6890 6819
f 6819 6890 6886
f 6819 6886 6820
f 6820 6886 6881
f 6820 6881 6821
f 6821 6881 6876
f 6821 6876 6822
f 6822 6876 6872
f 6822 6872 6823
f 6823 6872 6868
f 6823 6868 6824
f 6824 6868 6864
f 6824 6864 6825
f 6825 6864 6859
f 6825 6859 6802
f 6802 6859 6861
f 6802 6861 6801
f 6801 6861 6947
f 6801 6947 6717
f 6717 6947 6948
f 6717 6948 6715
f 6715 6948 6949
f 6715 6949 6603
f 6603 6949 6950
f 6603 6950 6601
f 6601 6950 6951
f 6601 6951 6599
f 6599 6951 6952
f 6599 6952 6598
f 6598 6952 6953
f 6598 6953 6680
f 6680 6953 6954
f 6680 6954 6681
f 6681 6954 6955
f 6681 6955 6683
f 6683 6955 6956
f 6683 6956 6685
f 6685 6956 6957
f 6685 6957 6687
f 6687 6957 6958
f 6687 6958 6689
f 6689 6958 6959
f 6689 6959 6691
f 6691 6959 6960
f 6691 6960 6693
f 6693 6960 6961
f 6693 6961 6655
f 6655 6961 6962
f 6655 6962 6653
f 6653 6962 6963
f 6653 6963 6575
f 6575 6963 6964
f 6575 6964 6544
f 6544 6964 6965
f 6544 6965 6574
f 6574 6965 6966
f 6574 6966 6572
f 6572 6966 6967
f 6572 6967 6567
f 6567 6967 6968
f 6567 6968 6555
f 6555 6968 6969
f 6555 6969 6590
f 6590 6969 6970
f 6590 6970 6634
f 6634 6970 6971
f 6634 6971 6587
f 6587 6971 6972
f 6587 6972 6674
f 6674 6972 6973
f 6674 6973 6671
f 6671 6973 6974
f 6671 6974 6666
f 6666 6974 6975
f 6666 6975 6668
f 6668 6975 6976
f 6668 6976 6737
f 6737 6976 6977
f 6737 6977 6633
f 6633 6977 6978
f 6633 6978 6751
f 6751 6978 6979
f 6751 6979 6753
f 6753 6979 6980
f 6753 6980 6755
f 6755 6980 6981
f 6755 6981 6757
f 6757 6981 6982
f 6757 6982 6759
f 6759 6982 6983
f 6759 6983 6761
f 6761 6983 6984
f 6761 6984 6762
f 6762 6984 6985
f 6762 6985 6644
f 6644 6985 6986
f 6644 6986 6646
f 6646 6986 6987
f 6646 6987 6648
f 6648 6987 6988
f 6648 6988 6783
f 6783 6988 6989
f 6783 6989 6784
f 6784 6989 6990
f 6784 6990 6786
f 6786 6990 6991
f 6786 6991 6787
f 6787 6991 6992
f 6787 6992 6844
f 6844 6992 6993
f 6844 6993 6845
f 6845 6993 6994
f 6845 6994 6846
f 6846 6994 6995
f 6846 6995 6847
f 6847 6995 6996
f 6847 6996 6848
f 6848 6996 6997
f 6848 6997 6849
f 6849 6997 6998
f 6849 6998 6850
f 6850 6998 6999
f 6850 6999 6851
f 6851 6999 7000
f 6851 7000 6852
f 6852 7000 7001
f 6852 7001 6826
f 6826 7001 7002
f 6826 7002 6827
f 6827 7002 7003
f 6827 7003 6828
f 6828 7003 7004
f 6828 7004 6829
f 6829 7004 7005
f 6829 7005 6830
f 6830 7005 7006
f 6830 7006 6831
f 6831 7006 7007
f 6831 7007 6832
f 6832 7007 7008
f 6832 7008 6843
f 6843 7008 7009
f 6843 7009 6842
f 6842 7009 7010
f 6842 7010 6841
f 6841 7010 7011
f 6841 7011 6840
f 6840 7011 7012
f 6840 7012 6839
f 6839 7012 7013
f 6839 7013 6838
f 6838 7013 7014
f 6838 7014 6837
f 6837 7014 7015
f 6837 7015 6836
f 6836 7015 7016
f 6836 7016 6782
f 6782 7016 7017
f 6782 7017 6780
f 6780 7017 7018
f 6780 7018 6731
f 6731 7018 7019
f 6731 7019 6794
f 6794 7019 7020
f 6794 7020 6795
f 6795 7020 7021
f 6795 7021 6797
f 6797 7021 7022
f 6797 7022 6799
f 6799 7022 7023
f 6799 7023 6800
f 6800 7023 7024
f 6800 7024 6627
f 6627 7024 7025
f 6627 7025 6625
f 6625 7025 7026
f 6625 7026 6623
f 6623 7026 7027
f 6623 7027 6620
f 6620 7027 7028
f 6620 7028 6618
f 6618 7028 7029
f 6618 7029 6616
f 6616 7029 7030
f 6616 7030 6582
f 6582 7030 7031
f 6582 7031 6583
f 6583 7031 7032
f 6583 7032 6659
f 6659 7032 7033
f 6659 7033 6741
f 6741 7033 7034
f 6741 7034 6743
f 6743 7034 7035
f 6743 7035 6777
f 6777 7035 7036
f 6777 7036 6772
f 6772 7036 7037
f 13015 13016 3446
f 13015 3446 13017
f 13016 13018 3446
f 3446 13018 13019
f 3446 13019 13020
f 13020 13021 3446
f 3446 13021 13022
f 3446 13022 13023
f 13023 13024 3446
f 3446 13024 13025
f 3446 13025 3484
f 3446 3449 13026
f 3446 13026 13027
f 13027 13028 3446
f 3446 13028 13029
f 3446 13029 13030
f 13030 13031 3446
f 3446 13031 13032
f 3446 13032 13017
f 721 3484 827
f 827 3484 828
f 828 3484 13025
f 828 13025 722
f 722 13025 13024
f 722 13024 723
f 723 13024 13023
f 723 13023 724
f 724 13023 13022
f 724 13022 725
f 725 13022 13021
f 725 13021 771
f 771 13021 13020
f 771 13020 772
f 772 13020 13019
f 772 13019 773
f 773 13019 13018
f 773 13018 864
f 864 13018 13016
f 864 13016 865
f 865 13016 13015
f 865 13015 867
f 867 13015 13017
f 867 13017 868
f 868 13017 13032
f 868 13032 776
f 776 13032 13031
f 776 13031 869
f 869 13031 13030
f 869 13030 870
f 870 13030 13029
f 870 13029 872
f 872 13029 13028
f 872 13028 874
f 874 13028 13027
f 874 13027 875
f 875 13027 13026
f 875 13026 848
f 848 13026 3449
f 848 3449 847
f 847 3449 6565
f 847 6565 777
f 777 6565 6664
f 777 6664 782
f 782 6664 6663
f 782 6663 665
f 665 6663 6662
f 665 6662 727
f 727 6662 6736
f 727 6736 891
f 891 6736 6735
f 891 6735 890
f 890 6735 6734
f 890 6734 668
f 668 6734 6630
f 668 6630 730
f 730 6630 6629
f 730 6629 731
f 731 6629 6749
f 731 6749 732
f 732 6749 6748
f 732 6748 733
f 733 6748 6733
f 733 6733 734
f 734 6733 6732
f 734 6732 735
f 735 6732 6781
f 735 6781 736
f 736 6781 6730
f 736 6730 785
f 785 6730 6729
f 785 6729 786
f 786 6729 6796
f 786 6796 486
f 486 6796 6798
f 486 6798 488
f 488 6798 6628
f 488 6628 490
f 490 6628 6626
f 490 6626 587
f 587 6626 6624
f 587 6624 589
f 589 6624 6622
f 589 6622 591
f 591 6622 6621
f 591 6621 592
f 592 6621 6619
f 592 6619 594
f 594 6619 6617
f 594 6617 596
f 596 6617 6615
f 596 6615 598
f 598 6615 6614
f 598 6614 599
f 599 6614 6584
f 599 6584 373
f 373 6584 6661
f 373 6661 374
f 374 6661 6660
f 374 6660 492
f 492 6660 6747
f 492 6747 493
f 493 6747 6746
f 493 6746 494
f 494 6746 6745
f 494 6745 495
f 495 6745 6740
f 495 6740 496
f 496 6740 6742
f 496 6742 497
f 497 6742 6744
f 497 6744 670
f 670 6744 6793
f 670 6793 671
f 671 6793 6792
f 671 6792 672
f 672 6792 6791
f 672 6791 673
f 673 6791 6779
f 673 6779 674
f 674 6779 6778
f 674 6778 500
f 500 6778 6776
f 500 6776 499
f 499 6776 6775
f 499 6775 498
f 498 6775 6774
f 498 6774 501
f 501 6774 6773
f 501 6773 502
f 502 6773 6771
f 502 6771 503
f 503 6771 6770
f 503 6770 338
f 338 6770 6613
f 338 6613 339
f 339 6613 6612
f 339 6612 375
f 375 6612 6728
f 375 6728 376
f 376 6728 6727
f 376 6727 377
f 377 6727 6726
f 377 6726 378
f 378 6726 6711
f 378 6711 379
f 379 6711 6710
f 379 6710 380
f 380 6710 6708
f 380 6708 448
f 448 6708 6706
f 448 6706 449
f 449 6706 6705
f 449 6705 416
f 416 6705 6725
f 416 6725 415
f 415 6725 6724
f 415 6724 414
f 414 6724 6723
f 414 6723 417
f 417 6723 6701
f 417 6701 418
f 418 6701 6703
f 418 6703 327
f 327 6703 6704
f 327 6704 328
f 328 6704 6564
f 328 6564 353
f 353 6564 6562
f 353 6562 352
f 352 6562 6561
f 352 6561 342
f 342 6561 6549
f 342 6549 340
f 340 6549 6560
f 340 6560 737
f 737 6560 6559
f 737 6559 738
f 738 6559 6610
f 738 6610 739
f 739 6610 6609
f 739 6609 382
f 382 6609 6607
f 382 6607 383
f 383 6607 6605
f 383 6605 515
f 515 6605 6604
f 515 6604 356
f 356 6604 6580
f 356 6580 454
f 454 6580 6577
f 454 6577 422
f 422 6577 6576
f 422 6576 423
f 423 6576 6765
f 423 6765 835
f 835 6765 6767
f 835 6767 837
f 837 6767 6718
f 837 6718 838
f 838 6718 6720
f 838 6720 651
f 651 6720 6722
f 651 6722 652
f 652 6722 6834
f 652 6834 654
f 654 6834 6833
f 654 6833 655
f 655 6833 6700
f 655 6700 656
f 656 6700 6699
f 656 6699 657
f 657 6699 6698
f 657 6698 658
f 658 6698 6696
f 658 6696 659
f 659 6696 6697
f 659 6697 660
f 660 6697 6656
f 660 6656 661
f 661 6656 6657
f 661 6657 662
f 662 6657 6658
f 662 6658 719
f 719 6658 6642
f 719 6642 720
f 720 6642 6641
f 720 6641 721
f 721 6641 6640
f 721 6640 3484
f 13033 13034 3915
f 3915 13034 13035
f 3915 13035 3953
f 13036 13037 3922
f 4008 13038 3922
f 3922 13038 13039
f 3922 13039 13040
f 13037 13041 3922
f 3922 13041 13042
f 3922 13042 13043
f 13043 13044 3922
f 3922 13044 13045
f 3922 13045 13046
f 13040 13047 3922
f 3922 13047 13048
f 3922 13048 13036
f 13046 13049 3922
f 3922 13049 13050
f 3922 13050 3915
f 3915 13050 13051
f 3915 13051 13033
f 517 4008 518
f 518 4008 6554
f 518 6554 609
f 609 6554 6553
f 609 6553 610
f 610 6553 6552
f 610 6552 611
f 611 6552 6551
f 611 6551 359
f 359 6551 6550
f 359 6550 748
f 748 6550 6530
f 748 6530 752
f 752 6530 6531
f 752 6531 522
f 522 6531 6532
f 522 6532 625
f 625 6532 6543
f 625 6543 627
f 627 6543 6542
f 627 6542 531
f 531 6542 6790
f 531 6790 532
f 532 6790 6789
f 532 6789 533
f 533 6789 6788
f 533 6788 329
f 329 6788 6716
f 329 6716 330
f 330 6716 6602
f 330 6602 700
f 700 6602 6600
f 700 6600 699
f 699 6600 6597
f 699 6597 638
f 638 6597 6596
f 638 6596 636
f 636 6596 6682
f 636 6682 642
f 642 6682 6684
f 642 6684 539
f 539 6684 6686
f 539 6686 843
f 843 6686 6688
f 843 6688 714
f 714 6688 6690
f 714 6690 715
f 715 6690 6692
f 715 6692 716
f 716 6692 6694
f 716 6694 717
f 717 6694 6695
f 717 6695 718
f 718 6695 6654
f 718 6654 367
f 367 6654 6652
f 367 6652 365
f 365 6652 6651
f 365 6651 363
f 363 6651 6546
f 363 6546 433
f 433 6546 6545
f 433 6545 434
f 434 6545 6595
f 434 6595 332
f 332 6595 6594
f 332 6594 333
f 333 6594 6593
f 333 6593 370
f 370 6593 6573
f 370 6573 371
f 371 6573 6571
f 371 6571 337
f 337 6571 6570
f 337 6570 336
f 336 6570 6639
f 336 6639 335
f 335 6639 6638
f 335 6638 467
f 467 6638 6637
f 467 6637 468
f 468 6637 6566
f 468 6566 469
f 469 6566 6568
f 469 6568 470
f 470 6568 6569
f 470 6569 551
f 551 6569 6557
f 551 6557 552
f 552 6557 6556
f 552 6556 399
f 399 6556 6592
f 399 6592 400
f 400 6592 6591
f 400 6591 553
f 553 6591 6589
f 553 6589 554
f 554 6589 6588
f 554 6588 401
f 401 6588 6679
f 401 6679 402
f 402 6679 6678
f 402 6678 555
f 555 6678 6677
f 555 6677 556
f 556 6677 6636
f 556 6636 471
f 471 6636 6635
f 471 6635 472
f 472 6635 6650
f 472 6650 473
f 473 6650 6586
f 473 6586 345
f 345 6586 6585
f 345 6585 346
f 346 6585 6714
f 346 6714 348
f 348 6714 6713
f 348 6713 349
f 349 6713 6712
f 349 6712 403
f 403 6712 6676
f 403 6676 404
f 404 6676 6675
f 404 6675 405
f 405 6675 6673
f 405 6673 435
f 435 6673 6672
f 435 6672 436
f 436 6672 6670
f 436 6670 437
f 437 6670 6669
f 437 6669 438
f 438 6669 6665
f 438 6665 439
f 439 6665 6667
f 439 6667 557
f 557 6667 6739
f 557 6739 558
f 558 6739 6738
f 558 6738 560
f 560 6738 6632
f 560 6632 562
f 562 6632 6631
f 562 6631 564
f 564 6631 6750
f 564 6750 566
f 566 6750 6752
f 566 6752 568
f 568 6752 6754
f 568 6754 570
f 570 6754 6756
f 570 6756 572
f 572 6756 6758
f 572 6758 574
f 574 6758 6760
f 574 6760 576
f 576 6760 6643
f 576 6643 648
f 648 6643 6645
f 648 6645 410
f 410 6645 6647
f 410 6647 408
f 408 6647 6649
f 408 6649 406
f 406 6649 6785
f 406 6785 441
f 441 6785 6853
f 441 6853 476
f 476 6853 6527
f 476 6527 474
f 474 6527 6541
f 474 6541 479
f 479 6541 6538
f 479 6538 577
f 577 6538 6539
f 577 6539 484
f 484 6539 6540
f 484 6540 444
f 444 6540 6537
f 444 6537 411
f 411 6537 6536
f 411 6536 850
f 850 6536 6535
f 850 6535 878
f 878 6535 6529
f 878 6529 729
f 729 6529 6528
f 729 6528 447
f 447 6528 6534
f 447 6534 791
f 791 6534 6533
f 791 6533 789
f 6533 3953 789
f 789 3953 13035
f 789 13035 787
f 787 13035 13034
f 787 13034 585
f 585 13034 13033
f 585 13033 794
f 794 13033 13051
f 794 13051 795
f 795 13051 13050
f 795 13050 797
f 797 13050 13049
f 797 13049 909
f 909 13049 13046
f 909 13046 908
f 908 13046 13045
f 908 13045 906
f 906 13045 13044
f 906 13044 800
f 800 13044 13043
f 800 13043 801
f 801 13043 13042
f 801 13042 384
f 384 13042 13041
f 384 13041 385
f 385 13041 13037
f 385 13037 387
f 387 13037 13036
f 387 13036 388
f 388 13036 13048
f 388 13048 455
f 455 13048 13047
f 455 13047 456
f 456 13047 13040
f 456 13040 457
f 457 13040 13039
f 457 13039 517
f 517 13039 13038
f 517 13038 4008

