# https://github.com/mikedh/trimesh
v -0.07753842 -0.01532326 -0.05980535
v -0.07785618 -0.00903419 -0.05987971
v -0.07762377 -0.00846851 -0.05791937
v -0.07837134 -0.00735478 -0.05986040
v -0.07844155 -0.00776717 -0.05956037
v -0.07784542 -0.00738838 -0.05819045
v -0.07795200 -0.00722646 -0.03878566
v -0.07813932 -0.00655859 -0.05985137
v -0.07803019 -0.00674682 -0.03762361
v -0.07800802 -0.00374258 -0.03610950
v -0.07800395 0.00056134 -0.03824187
v -0.07792218 -0.00016415 -0.03921195
v -0.07796960 -0.00048669 -0.05984423
v -0.07821199 0.00033385 -0.05984899
v -0.07786097 0.00039692 -0.05854758
v -0.07803209 0.00108040 -0.05984252
v -0.07775789 0.00789804 -0.05986993
v -0.07766048 0.00852696 -0.05843568
v -0.07825917 0.00875703 -0.05985875
v -0.07785709 0.00970816 -0.05986024
v -0.07758925 0.00917814 -0.05822495
v -0.07721457 0.00973451 -0.05819751
v -0.07749637 -0.01684879 -0.05982684
v -0.07743200 -0.01609725 -0.05851547
v -0.07686980 -0.01555036 -0.05750019
v -0.07738083 -0.01292087 -0.03826679
v -0.07733661 -0.01233507 -0.03907836
v -0.07719466 -0.01421029 -0.03608219
v -0.07734898 -0.01180599 -0.03429703
v -0.07797766 -0.00668056 -0.03622709
v -0.07749409 -0.00672973 -0.03385976
v -0.07604048 -0.01031228 -0.05908353
v -0.07698731 -0.01313154 -0.03957671
v -0.07767709 -0.00598985 -0.03957165
v -0.07768813 -0.00546075 -0.03407964
v -0.07781968 -0.00672319 -0.03449983
v -0.07641133 -0.00748416 -0.05498554
v -0.07766657 -0.00038639 -0.03959869
v -0.07751496 0.00044856 -0.03396209
v -0.07794349 0.00046762 -0.03640644
v -0.07774747 0.00044661 -0.03448653
v -0.07694821 0.00005978 -0.05619464
v -0.07696935 0.00081562 -0.05660494
v -0.07765511 0.00441632 -0.03714204
v -0.07718375 0.00558150 -0.03402801
v -0.07754193 0.00490283 -0.03913067
v -0.07735878 0.00516631 -0.03440607
v -0.07726116 0.00553726 -0.03956177
v -0.07718921 0.00925981 -0.03817814
v -0.07710388 0.00890597 -0.03589802
v -0.07691500 0.01150630 -0.03872436
v -0.07739691 0.01684409 -0.05986753
v -0.07653266 0.01712444 -0.05738292
v -0.07752540 0.01798919 -0.05986881
v -0.07597075 0.01754695 -0.05592073
v -0.07636134 0.01830943 -0.05761900
v -0.07685420 -0.01735551 -0.05982509
v -0.07684575 -0.01658738 -0.03787006
v -0.07609214 -0.01971144 -0.03829163
v -0.07631950 -0.01898015 -0.03612084
v -0.07612314 -0.01649210 -0.05621479
v -0.07650908 -0.01742570 -0.03912324
v -0.07666235 -0.01685255 -0.03427445
v -0.07584085 -0.01560782 -0.05451278
v -0.07531900 -0.01288484 -0.05987269
v -0.07640841 -0.01618926 -0.03381424
v -0.07589238 -0.00895841 -0.05483869
v -0.07640285 -0.00837814 -0.05512608
v -0.07656611 -0.00531020 -0.05985672
v -0.07693452 0.00132522 -0.03365737
v -0.07701395 0.00331542 -0.03975883
v -0.07654785 -0.00118703 -0.05842918
v -0.07642040 -0.00061289 -0.05614074
v -0.07485010 -0.00331048 -0.05984721
v -0.07612720 0.00314207 -0.05983112
v -0.07630429 0.00158084 -0.05632500
v -0.07677863 0.00592911 -0.03373011
v -0.07675396 0.00695815 -0.05985752
v -0.07590287 0.00785102 -0.05552326
v -0.07678978 0.00867090 -0.05630764
v -0.07673209 0.01110595 -0.03950566
v -0.07602167 0.01417025 -0.03381680
v -0.07654636 0.01217721 -0.03428331
v -0.07632817 0.00918287 -0.05513051
v -0.07664105 0.01386321 -0.03754988
v -0.07647400 0.01470586 -0.03910582
v -0.07626391 0.01939791 -0.05931171
v -0.07558804 -0.02097059 -0.03919793
v -0.07615088 -0.01917187 -0.03424343
v -0.07552689 -0.02076385 -0.03386088
v -0.07608384 -0.01797528 -0.03962424
v -0.07638625 -0.01456079 -0.03972311
v -0.07576852 -0.01429292 -0.05766936
v -0.07637307 -0.01347091 -0.03366026
v -0.07674241 -0.00788503 -0.03976777
v -0.07563717 -0.01116029 -0.05988153
v -0.07672883 -0.00713076 -0.03360230
v -0.07651983 -0.00573623 -0.05988747
v -0.07609329 -0.00675398 -0.05551116
v -0.07596496 -0.00468143 -0.05984983
v -0.07625465 -0.00210156 -0.05985032
v -0.07673845 0.00077347 -0.03982481
v -0.07577224 0.00027239 -0.05249507
v -0.07579906 0.00070784 -0.05278512
v -0.07581270 0.00581134 -0.05984455
v -0.07552708 0.00593016 -0.05985639
v -0.07550773 0.00864639 -0.05297047
v -0.07611059 0.00975634 -0.05553107
v -0.07539719 0.01236559 -0.05986320
v -0.07579097 0.02009117 -0.03678249
v -0.07588100 0.01511495 -0.05986922
v -0.07528142 0.01653105 -0.05526031
v -0.07587162 0.01700614 -0.03963691
v -0.07584420 0.01977504 -0.03901474
v -0.07538505 0.02076067 -0.05988237
v -0.07498524 -0.02334049 -0.03741492
v -0.07523886 -0.02238567 -0.03450360
v -0.07475727 -0.02362324 -0.03410884
v -0.07589873 -0.01843963 -0.03637471
v -0.07588880 -0.01842499 -0.03457590
v -0.07561497 -0.01703186 -0.05691831
v -0.07623987 -0.01783629 -0.03545952
v -0.07598855 -0.01787430 -0.03447123
v -0.07636472 -0.01577363 -0.03595327
v -0.07635578 -0.01502208 -0.03512647
v -0.07535984 -0.01681851 -0.03741489
v -0.07609811 -0.01639633 -0.03650423
v -0.07513387 -0.01580096 -0.05276517
v -0.07596213 -0.01601935 -0.03891749
v -0.07607198 -0.01548388 -0.03901404
v -0.07636240 -0.01546841 -0.03842883
v -0.07638363 -0.00113229 -0.03513784
v -0.07601093 0.01163377 -0.03447961
v -0.07432409 -0.00980723 -0.05472395
v -0.07513780 -0.00770172 -0.05075995
v -0.07604085 0.01404237 -0.03900245
v -0.07517750 -0.00699769 -0.05212632
v -0.07548691 -0.00585232 -0.03357117
v -0.07570548 -0.00383793 -0.05984465
v -0.07574287 -0.00306616 -0.05984156
v -0.07502826 -0.00200417 -0.05726680
v -0.07637377 0.00748499 -0.03840721
v -0.07561287 0.00574590 -0.03355536
v -0.07513694 0.00130547 -0.05189353
v -0.07481614 0.00227049 -0.05440284
v -0.07519645 0.00295132 -0.05715793
v -0.07552726 0.00405242 -0.05931736
v -0.07559636 0.00482136 -0.05983599
v -0.07602603 0.00935067 -0.03358501
v -0.07611250 0.01097831 -0.03978248
v -0.07630039 0.01161878 -0.03514932
v -0.07518773 0.00649614 -0.05712024
v -0.07513528 0.00918515 -0.05166284
v -0.07635297 0.01195464 -0.03780521
v -0.07548623 0.01206855 -0.05929572
v -0.07424104 0.01133666 -0.05533890
v -0.07585287 0.01261463 -0.03670050
v -0.07596492 0.01221880 -0.03486570
v -0.07629308 0.01402424 -0.03843555
v -0.07592226 0.01458877 -0.03719379
v -0.07527621 0.01372142 -0.05985546
v -0.07480445 0.01471587 -0.05790585
v -0.07572895 0.01466985 -0.03881733
v -0.07489609 0.01513844 -0.05751099
v -0.07521230 0.01696672 -0.05429830
v -0.07544374 0.02046327 -0.03422843
v -0.07566724 0.02113476 -0.03832616
v -0.07523515 0.02268301 -0.03545204
v -0.07474760 -0.02367957 -0.03919951
v -0.07446624 -0.02307998 -0.03968409
v -0.07513782 -0.02065461 -0.03367268
v -0.07545129 -0.01893163 -0.03546626
v -0.07410934 -0.01865161 -0.05987096
v -0.07523384 -0.01848738 -0.03979685
v -0.07533855 -0.01779879 -0.03686855
v -0.07545363 -0.01791661 -0.03416459
v -0.07521600 -0.01857263 -0.03361762
v -0.07542315 -0.01645551 -0.03844870
v -0.07542507 -0.01466121 -0.03415039
v -0.07502160 -0.01632059 -0.03884397
v -0.07456479 -0.01531224 -0.05075633
v -0.07545622 -0.01549685 -0.03929438
v -0.07479931 -0.01473136 -0.05280832
v -0.07447807 -0.01248397 -0.05751476
v -0.07535628 -0.00807664 -0.03928490
v -0.07511250 -0.01164264 -0.05903777
v -0.07414113 -0.01026810 -0.05542892
v -0.07349944 -0.00724853 -0.03989004
v -0.07521046 -0.00829684 -0.05179900
v -0.07543623 0.01164957 -0.03413973
v -0.07429821 -0.00542262 -0.05456023
v -0.07256945 -0.00387163 -0.03987796
v -0.07433373 -0.00474761 -0.05577894
v -0.07449675 -0.00284877 -0.05662841
v -0.07415021 -0.00141686 -0.05356764
v -0.07334303 0.00171696 -0.03989735
v -0.07477832 -0.00027738 -0.05109471
v -0.07454192 0.00068296 -0.04833538
v -0.07436561 0.00137073 -0.04872381
v -0.07547016 0.00399534 -0.05985172
v -0.07447600 0.00708065 -0.05399788
v -0.07468184 0.00857513 -0.05044438
v -0.07547730 0.01406426 -0.03926926
v -0.07427592 0.00974520 -0.05019245
v -0.07553925 0.01530840 -0.03979264
v -0.07543906 0.01264965 -0.03536073
v -0.07514197 0.01230754 -0.03448814
v -0.07476587 0.01577949 -0.03352486
v -0.07468213 0.01300590 -0.05797423
v -0.07543452 0.01371287 -0.03666595
v -0.07547404 0.01504472 -0.03804826
v -0.07509133 0.01849812 -0.03360325
v -0.07457436 0.01767315 -0.05988495
v -0.07453913 0.01715324 -0.05231116
v -0.07459707 0.01771170 -0.05271683
v -0.07445432 0.01911163 -0.05561052
v -0.07426948 0.01841001 -0.05313321
v -0.07525658 0.02127676 -0.03960630
v -0.07488992 0.02206168 -0.05985090
v -0.07434971 0.02503652 -0.03370613
v -0.07472400 0.02300492 -0.05987161
v -0.07474994 0.02485077 -0.03928391
v -0.07493984 0.02453390 -0.03784028
v -0.07466581 0.02484688 -0.03403332
v -0.07448091 0.02569258 -0.05984966
v -0.07411863 0.02675051 -0.03449925
v -0.07387741 -0.02579432 -0.03674614
v -0.07408247 -0.02440580 -0.05976173
v -0.07475439 -0.01861140 -0.03681705
v -0.07465476 -0.01915107 -0.03559884
v -0.07391652 -0.01854660 -0.03440949
v -0.07379385 -0.01762746 -0.05694729
v -0.07395951 -0.01729541 -0.03861717
v -0.07329534 -0.01818452 -0.03411988
v -0.07422179 -0.01602445 -0.05151967
v -0.07375540 -0.01528309 -0.04845237
v -0.07291067 -0.01566817 -0.03935134
v -0.07376776 -0.01392452 -0.05293966
v -0.07396554 -0.01334600 -0.05534903
v -0.07192199 -0.02306366 -0.03357661
v -0.07228274 -0.01305319 -0.03995331
v -0.07421921 -0.01152446 -0.05682525
v -0.07444367 -0.00803451 -0.04848047
v -0.07392541 -0.00762144 -0.04616199
v -0.07400672 -0.00198582 -0.05460503
v -0.07391265 0.00257255 -0.05172510
v -0.07426642 0.00301336 -0.05450861
v -0.07415912 0.00500889 -0.05502063
v -0.07251404 0.00892788 -0.03936765
v -0.07430863 0.00592152 -0.05523276
v -0.07420683 0.00917397 -0.04820877
v -0.07433387 0.01232101 -0.05682321
v -0.07467471 0.01302181 -0.03502539
v -0.07445860 0.01473127 -0.03631126
v -0.07380480 0.01469639 -0.03903483
v -0.07451868 0.01514376 -0.03836888
v -0.07464829 0.01502048 -0.03711062
v -0.07400510 0.01556456 -0.05414867
v -0.07383298 0.01985754 -0.05620606
v -0.07440709 0.02035692 -0.05809098
v -0.07422741 0.02477546 -0.05805743
v -0.07411901 0.02656427 -0.03920153
v -0.07411873 0.02682551 -0.03792192
v -0.07387118 0.02698957 -0.03387931
v -0.07320874 -0.02674703 -0.03923120
v -0.07303506 -0.02705500 -0.03442165
v -0.07360321 -0.02508423 -0.05979024
v -0.07352439 -0.02573995 -0.03963991
v -0.07326628 -0.02449060 -0.05680607
v -0.07375562 -0.02409086 -0.05789940
v -0.07318165 -0.02580494 -0.03366416
v -0.07398970 -0.02068504 -0.03671636
v -0.07410827 -0.01962435 -0.03742334
v -0.07398558 -0.01984990 -0.03528191
v -0.07391343 -0.01923906 -0.03844453
v -0.07351826 -0.01956168 -0.05986495
v -0.07426270 -0.01916301 -0.03506313
v -0.07124754 -0.01548840 -0.03991367
v -0.07270301 -0.01726663 -0.05459340
v -0.07378411 -0.01635501 -0.03901272
v -0.07392079 -0.01535801 -0.05755107
v -0.07328303 -0.01467345 -0.04675780
v -0.07369422 -0.01443302 -0.04910406
v -0.07370288 -0.01039691 -0.05452464
v -0.07395254 -0.00935003 -0.05688421
v -0.07367385 -0.00939699 -0.05181153
v -0.07247138 -0.00349475 -0.03936548
v -0.07388939 -0.00750374 -0.05773513
v -0.07393997 -0.00796799 -0.05441372
v -0.07379653 -0.00852434 -0.04718854
v -0.07362492 -0.00802282 -0.04498258
v -0.07400169 -0.00635501 -0.05671839
v -0.07296949 0.01192520 -0.03408970
v -0.07371754 -0.00689612 -0.04670852
v -0.07399248 -0.00590661 -0.05766569
v -0.07363138 -0.00546324 -0.05212095
v -0.07375062 -0.00440554 -0.05415501
v -0.07370999 0.00010695 -0.04663054
v -0.07391815 -0.00019076 -0.05767893
v -0.07394331 -0.00072374 -0.05688332
v -0.07408123 0.00099516 -0.05704108
v -0.07386985 0.00116502 -0.05450882
v -0.07328843 0.00090556 -0.04321690
v -0.07397540 0.00229897 -0.05768959
v -0.07394264 0.00241786 -0.05451854
v -0.07347094 0.00135799 -0.04454580
v -0.07332016 0.00314262 -0.05030939
v -0.07334179 0.00411048 -0.05138321
v -0.07318087 0.00887601 -0.03990640
v -0.07281703 0.00529264 -0.04935184
v -0.07323179 0.00639333 -0.05066715
v -0.07390944 0.00652989 -0.05319503
v -0.07401842 0.00690993 -0.05769145
v -0.07397072 0.00611352 -0.05623727
v -0.07364606 0.00719282 -0.05112569
v -0.07407775 0.00890504 -0.05651402
v -0.07395760 0.00950880 -0.05562795
v -0.07314074 0.00816519 -0.04392842
v -0.07359981 0.00880606 -0.04518482
v -0.07399090 0.01045059 -0.05769032
v -0.07329710 0.01070984 -0.05061960
v -0.07315389 0.01197143 -0.05278399
v -0.07131617 0.01141405 -0.03989651
v -0.07330216 0.01309622 -0.05395511
v -0.07358857 0.01253625 -0.03428371
v -0.07363236 0.01373625 -0.03444948
v -0.07406027 0.01448266 -0.03520851
v -0.07356351 0.01478993 -0.05424788
v -0.07389341 0.01585757 -0.03851468
v -0.07405290 0.01611340 -0.03690897
v -0.07395352 0.01601092 -0.03508301
v -0.07358503 0.01655044 -0.05030499
v -0.07331800 0.01718159 -0.04837103
v -0.07394799 0.01828793 -0.03833970
v -0.07349190 0.01771535 -0.04953673
v -0.07429023 0.02246929 -0.03349156
v -0.07410148 0.02484234 -0.03974954
v -0.07328593 0.02179245 -0.05658494
v -0.07320453 0.02423923 -0.05478416
v -0.07304162 0.02479679 -0.05442461
v -0.07367166 0.02635718 -0.05819278
v -0.07372000 0.02686317 -0.03960527
v -0.07374553 0.02690309 -0.05983962
v -0.07297371 0.02809154 -0.03934841
v -0.07370903 0.02745653 -0.03449943
v -0.07307290 0.02819620 -0.03815082
v -0.07254609 -0.02775548 -0.03818493
v -0.07246748 -0.02768570 -0.03402993
v -0.07280938 -0.02510755 -0.05787760
v -0.07275957 -0.02550164 -0.05981525
v -0.07261502 -0.02340612 -0.05310329
v -0.07206490 -0.02734245 -0.03980894
v -0.07235160 -0.02230297 -0.05260452
v -0.07356509 -0.02328980 -0.03893173
v -0.07366603 -0.02339883 -0.03841709
v -0.07366099 -0.02340659 -0.03513757
v -0.07328112 -0.02334473 -0.03454257
v -0.07332766 -0.02214496 -0.05810571
v -0.07399047 -0.02278942 -0.03842962
v -0.07398368 -0.02278785 -0.03513604
v -0.07364971 -0.02278070 -0.03448807
v -0.07341858 -0.02092207 -0.05985506
v -0.07252206 -0.02074263 -0.05627320
v -0.07357624 -0.01776013 -0.03898113
v -0.07363728 -0.01941579 -0.03449505
v -0.07304887 -0.01876160 -0.05778949
v -0.06907321 -0.02313538 -0.05982729
v -0.07323404 -0.01614617 -0.05816939
v -0.07358798 -0.01619465 -0.05721108
v -0.07321327 -0.01617645 -0.05631841
v -0.07311359 -0.01565184 -0.04827860
v -0.07358860 -0.01545684 -0.05821926
v -0.07392396 -0.01534352 -0.05690965
v -0.07359782 -0.01545487 -0.05624156
v -0.07361695 -0.01277757 -0.05628311
v -0.07268897 -0.01346248 -0.04679323
v -0.07394950 -0.00987951 -0.05758489
v -0.07360793 -0.01050673 -0.05824059
v -0.07390551 -0.01198634 -0.05700883
v -0.07316273 -0.01299473 -0.05280118
v -0.07344929 -0.01214425 -0.05456280
v -0.07363386 -0.00966947 -0.05618364
v -0.07292641 -0.01050737 -0.05176489
v -0.07314475 -0.00977111 -0.05150287
v -0.07350831 -0.00893837 -0.05391964
v -0.07278302 -0.00835496 -0.04241687
v -0.07361386 -0.00837936 -0.05380731
v -0.07292645 -0.00764307 -0.04181190
v -0.07368442 -0.00625589 -0.05814579
v -0.07358254 -0.00682816 -0.05446672
v -0.07326352 -0.00696191 -0.05381711
v -0.07261425 -0.00657322 -0.04210837
v -0.07366683 -0.00629597 -0.05593393
v -0.07277226 -0.00585896 -0.05438206
v -0.07298331 -0.00552477 -0.04884509
v -0.07303841 -0.00479424 -0.05079204
v -0.07364459 -0.00126432 -0.05615264
v -0.07331755 -0.00328965 -0.05275894
v -0.07359554 -0.00016626 -0.05820809
v -0.07313359 -0.00198754 -0.05127262
v -0.07303070 -0.00125642 -0.04877302
v -0.07367564 -0.00060490 -0.05591327
v -0.07307358 0.00034409 -0.04284475
v -0.07278117 0.00055790 -0.04002659
v -0.07283485 -0.00004495 -0.05322893
v -0.07367015 0.00205807 -0.05818211
v -0.07350823 0.00112449 -0.05377993
v -0.07271294 0.00279793 -0.04587776
v -0.07319926 0.00628368 -0.05344566
v -0.07368349 0.00558064 -0.05422039
v -0.07370095 0.00670932 -0.05817090
v -0.07394501 0.00927960 -0.05441332
v -0.07312401 0.00696737 -0.04881753
v -0.07361897 0.00929557 -0.05380572
v -0.07369622 0.01054974 -0.05816752
v -0.07248884 0.00929643 -0.04037962
v -0.07353128 0.01019916 -0.05540597
v -0.07352527 0.00988564 -0.05391706
v -0.07290650 0.00993064 -0.04507300
v -0.07353312 0.01083968 -0.05603992
v -0.07291100 0.01141374 -0.05120568
v -0.07389666 0.01326559 -0.05700228
v -0.07361479 0.01635277 -0.05821751
v -0.07365016 0.01630534 -0.05623138
v -0.07396835 0.01630455 -0.05751311
v -0.07223651 0.01453303 -0.05025844
v -0.07396658 0.01630553 -0.05687896
v -0.07292177 0.01529743 -0.05132196
v -0.07352480 0.01558473 -0.03895766
v -0.07273635 0.01673047 -0.04669862
v -0.07322860 0.01697413 -0.05813580
v -0.07362702 0.01701180 -0.05715498
v -0.07352967 0.01689389 -0.05631710
v -0.07255546 0.01814329 -0.04762194
v -0.07276245 0.01910223 -0.05175080
v -0.07303101 0.02036731 -0.05498824
v -0.07364793 0.02617420 -0.03903737
v -0.07363910 0.02616923 -0.03451221
v -0.07280153 0.02221231 -0.05496792
v -0.07394980 0.02615154 -0.03844046
v -0.07203116 0.02400444 -0.05103194
v -0.07394565 0.02613543 -0.03518638
v -0.07342964 0.02696610 -0.03355328
v -0.07194473 0.02766893 -0.05987695
v -0.07302234 0.02685056 -0.03903400
v -0.07360339 0.02680106 -0.03843558
v -0.07332186 0.02697591 -0.03518362
v -0.07327491 0.02677025 -0.03456682
v -0.07272397 0.02841444 -0.03377840
v -0.07269429 0.02861273 -0.03517393
v -0.07189718 -0.02826158 -0.03908771
v -0.07191159 -0.02830897 -0.03446084
v -0.07232152 -0.02416524 -0.05377119
v -0.07305058 -0.02376127 -0.03740512
v -0.07266486 -0.02379917 -0.03514838
v -0.07302216 -0.02274902 -0.03931029
v -0.07301452 -0.02277029 -0.03416469
v -0.07299395 -0.01910188 -0.03412099
v -0.07208055 -0.01934782 -0.05566744
v -0.07209011 -0.01759590 -0.05444644
v -0.07299014 -0.01661165 -0.05722721
v -0.07294844 -0.01549879 -0.05860273
v -0.07265819 -0.01556041 -0.05576125
v -0.07244180 -0.01510532 -0.04518280
v -0.07294452 -0.00881732 -0.05861317
v -0.07231861 -0.01418526 -0.04364321
v -0.07281260 -0.01115516 -0.05581573
v -0.07290625 -0.01317122 -0.05059884
v -0.07202240 -0.01298228 -0.04385360
v -0.07248911 -0.01240770 -0.04963398
v -0.07258155 -0.01150940 -0.05087085
v -0.06987859 -0.01352908 -0.03408063
v -0.06190849 -0.01560805 -0.03359805
v -0.07209660 -0.00959504 -0.05358336
v -0.07255172 -0.00985629 -0.04872403
v -0.07285343 -0.00947465 -0.05439420
v -0.07205459 -0.00975769 -0.04378861
v -0.07253153 -0.00836765 -0.04010871
v -0.07254305 -0.00853933 -0.05336683
v -0.07269496 -0.00730033 -0.05340515
v -0.07249253 -0.00646274 -0.04003827
v -0.07287390 -0.00444717 -0.05543944
v -0.07239737 -0.00497344 -0.04695567
v -0.07240169 -0.00408698 -0.04804675
v -0.07258505 -0.00245657 -0.04888469
v -0.07289948 -0.00221696 -0.05540556
v -0.07293087 0.00140476 -0.05862563
v -0.07226122 -0.00117514 -0.04004322
v -0.07242483 -0.00114475 -0.04479544
v -0.07261788 -0.00017818 -0.04037094
v -0.07279170 0.00071788 -0.05283073
v -0.07252626 0.00178739 -0.04037177
v -0.07290877 0.00239862 -0.05333288
v -0.07222620 0.00262168 -0.04004702
v -0.07253581 0.00362000 -0.04697630
v -0.06731323 0.00937843 -0.03353797
v -0.07228532 0.00496471 -0.04669856
v -0.07281968 0.00769701 -0.05311143
v -0.07295079 0.00950455 -0.05861910
v -0.07227565 0.00625811 -0.04525478
v -0.07219848 0.00708272 -0.04219079
v -0.07258774 0.00826039 -0.04019323
v -0.07237353 0.00743251 -0.04000202
v -0.07272300 0.00938372 -0.05330419
v -0.07255915 0.00964038 -0.03997003
v -0.07268272 0.01028747 -0.05409946
v -0.07240959 0.01856758 -0.03347620
v -0.07241918 0.01097350 -0.04827352
v -0.07273263 0.01129790 -0.05531410
v -0.07286020 0.01228060 -0.05578779
v -0.07311267 0.01496422 -0.05585017
v -0.07186389 0.01230677 -0.04897498
v -0.07294193 0.01640522 -0.05860000
v -0.07141066 0.01780844 -0.03986953
v -0.07275798 0.01499055 -0.03932496
v -0.07269719 0.01644434 -0.05574313
v -0.07211103 0.01595790 -0.04646733
v -0.07303715 0.02620727 -0.03416257
v -0.07294390 0.01738631 -0.05745839
v -0.07257152 0.01755483 -0.05665613
v -0.07253015 0.01728883 -0.04575237
v -0.07230590 0.01971106 -0.05220053
v -0.07207950 0.02065560 -0.05261090
v -0.07199030 0.02252652 -0.05162296
v -0.07233340 0.02521839 -0.05345927
v -0.07304354 0.02620972 -0.03931148
v -0.07262361 0.02638913 -0.05641381
v -0.07093858 0.02870387 -0.03979238
v -0.07301988 0.02717301 -0.03842874
v -0.07215954 -0.02437215 -0.03754554
v -0.07170320 -0.02409602 -0.03860584
v -0.07146642 -0.02268701 -0.04852605
v -0.07205549 -0.02336652 -0.03900976
v -0.07053909 -0.02290454 -0.03935189
v -0.07163288 -0.02207301 -0.04966186
v -0.07140515 -0.02051001 -0.05189634
v -0.07103013 -0.01903883 -0.05248809
v -0.07176647 -0.01816261 -0.05444612
v -0.07072030 -0.02350992 -0.03410887
v -0.07207572 -0.01669052 -0.05781066
v -0.07206927 -0.01679014 -0.05720631
v -0.07216666 -0.01656456 -0.05635986
v -0.07170742 -0.01642733 -0.05151720
v -0.07206442 -0.01621108 -0.05827615
v -0.07112724 -0.01605507 -0.04919804
v -0.07189831 -0.01555807 -0.04630649
v -0.07142891 -0.01547890 -0.05861268
v -0.07200681 -0.01543528 -0.05509829
v -0.07189822 -0.01458532 -0.04280170
v -0.07204322 -0.01352911 -0.05470355
v -0.07176634 -0.01397168 -0.04140512
v -0.06912285 -0.01018796 -0.05982194
v -0.07228821 -0.01114401 -0.05498990
v -0.07180586 -0.01171476 -0.04582238
v -0.07170335 -0.01013685 -0.04005696
v -0.07179074 -0.01124482 -0.04582688
v -0.07233491 -0.01043671 -0.04887833
v -0.07181010 -0.01039380 -0.04453573
v -0.07001223 -0.00523251 -0.05978901
v -0.07208336 -0.00798336 -0.05273163
v -0.07226625 -0.00660876 -0.05256400
v -0.07201088 -0.00630320 -0.05146020
v -0.07255404 -0.00482252 -0.05462538
v -0.07206048 -0.00472707 -0.04431783
v -0.07184854 -0.00466980 -0.04037037
v -0.07207522 -0.00466426 -0.03998354
v -0.07204697 -0.00314343 -0.05327206
v -0.07193435 -0.00410992 -0.04340505
v -0.07225440 -0.00164701 -0.05374371
v -0.07220908 -0.00316284 -0.04682946
v -0.07206267 -0.00249539 -0.04476181
v -0.07186102 -0.00283022 -0.04036993
v -0.07203213 -0.00187384 -0.04214935
v -0.07217473 0.00004985 -0.05083239
v -0.06998913 0.00769282 -0.05982048
v -0.07226647 0.00090384 -0.05107044
v -0.07223110 0.00255343 -0.05220838
v -0.07212191 0.00371817 -0.04424671
v -0.07243341 0.00499503 -0.05253327
v -0.07171902 0.00456226 -0.04007240
v -0.07189641 0.00527318 -0.04316030
v -0.07172708 0.00595148 -0.04005851
v -0.07200011 0.00717421 -0.05090697
v -0.07207626 0.01048199 -0.05266506
v -0.07114530 0.01063033 -0.04007285
v -0.07182362 0.01164176 -0.04788804
v -0.07227078 0.01455544 -0.05506874
v -0.07157245 0.01641645 -0.05861682
v -0.07156726 0.01365360 -0.04828173
v -0.07158785 0.01486648 -0.04768441
v -0.07078656 0.01483607 -0.03987609
v -0.07146145 0.01668615 -0.04225444
v -0.07196346 0.01773117 -0.05496162
v -0.07153025 0.01708795 -0.04228135
v -0.07209282 0.01799679 -0.05733741
v -0.07211723 0.01803862 -0.05620322
v -0.07132711 0.01907605 -0.04756102
v -0.07077571 0.01835070 -0.04275716
v -0.07148883 0.02296733 -0.04890299
v -0.07164770 0.02518687 -0.05232003
v -0.07001090 0.02900082 -0.03347160
v -0.07208054 0.02718183 -0.03771153
v -0.07229402 0.02727552 -0.03547992
v -0.07202278 0.02706312 -0.03464647
v -0.07138720 0.02894312 -0.03352378
v -0.07178394 0.02898213 -0.03905085
v -0.07117792 0.02952706 -0.03747237
v -0.07155698 0.02941232 -0.03451207
v -0.07104551 0.02962032 -0.03399488
v -0.07094771 -0.02869730 -0.03960123
v -0.07128216 -0.02874394 -0.03730357
v -0.07066870 -0.02893067 -0.03390459
v -0.07124088 -0.02797155 -0.03365913
v -0.07131368 -0.02580728 -0.05983146
v -0.07147512 -0.02535449 -0.03844100
v -0.07156330 -0.02606993 -0.03662165
v -0.07161651 -0.02535892 -0.03539975
v -0.07190210 -0.02474639 -0.05556825
v -0.07146851 -0.02382528 -0.05133864
v -0.07174720 -0.02425050 -0.03491179
v -0.07070164 -0.02293883 -0.04721887
v -0.06931036 -0.02206681 -0.03992903
v -0.07156638 -0.02273537 -0.05710083
v -0.07018035 -0.02030725 -0.03990436
v -0.07084470 -0.01811910 -0.05215329
v -0.07159054 -0.01776603 -0.05761762
v -0.07154445 -0.01702317 -0.05488872
v -0.07138445 -0.01686564 -0.05221689
v -0.07133166 -0.01613618 -0.05386550
v -0.07128542 -0.01450999 -0.04037895
v -0.07141110 -0.01468993 -0.03999914
v -0.06769099 -0.02148269 -0.03935939
v -0.07161287 -0.01351370 -0.05271553
v -0.07163504 -0.01373954 -0.04005566
v -0.07179215 -0.01145734 -0.05391094
v -0.07159513 -0.01160291 -0.05288742
v -0.07149724 -0.01157185 -0.04151954
v -0.07153645 -0.01065409 -0.04037706
v -0.07160136 -0.00976480 -0.05181250
v -0.07176062 -0.00897078 -0.05233509
v -0.07153522 -0.00893957 -0.04749624
v -0.07157830 -0.00583079 -0.04612688
v -0.07190440 -0.00439011 -0.05233776
v -0.07163781 -0.00414947 -0.05023566
v -0.07183348 -0.00176931 -0.05198280
v -0.07159360 -0.00116826 -0.04819576
v -0.07184501 0.00042261 -0.04861496
v -0.07154819 -0.00031892 -0.04516427
v -0.07030806 0.00498173 -0.03931158
v -0.07166829 0.00292271 -0.04938358
v -0.07187260 0.00272579 -0.05104289
v -0.07185896 0.00522710 -0.05087440
v -0.07161412 0.00664209 -0.04829120
v -0.07189389 0.00895197 -0.05103249
v -0.07152147 0.00933777 -0.04569104
v -0.07154063 0.01179008 -0.04961701
v -0.07155823 0.01005753 -0.04907728
v -0.07195713 0.01229601 -0.05404950
v -0.07164275 0.01242792 -0.05205764
v -0.07090383 0.01143846 -0.04250291
v -0.07004231 0.01527117 -0.03934288
v -0.07183039 0.01526074 -0.05406152
v -0.07154639 0.01631205 -0.05083851
v -0.07126248 0.01531994 -0.04518258
v -0.06971827 0.01321499 -0.05985633
v -0.07057457 0.01541175 -0.04182597
v -0.07102000 0.01700549 -0.04003228
v -0.07143142 0.01765895 -0.05816550
v -0.07120825 0.01888253 -0.05815773
v -0.07159928 0.01907549 -0.05355377
v -0.07154688 0.01843574 -0.05197030
v -0.07158667 0.01892846 -0.05748402
v -0.07168960 0.01926497 -0.05649590
v -0.07109874 0.01977314 -0.04857861
v -0.07155873 0.02165073 -0.05767242
v -0.07167927 0.02073312 -0.05681379
v -0.07134290 0.02088521 -0.05007392
v -0.07153299 0.02362880 -0.05698569
v -0.07095253 0.02319214 -0.04695760
v -0.06941447 0.02296511 -0.03993573
v -0.07089931 0.02649074 -0.03412566
v -0.07139432 0.02563872 -0.05348000
v -0.07178213 0.02712627 -0.05820545
v -0.07158162 0.02785715 -0.03643476
v -0.07141213 0.02784762 -0.03473643
v -0.07038073 -0.02916646 -0.03816076
v -0.07032184 -0.02840315 -0.03985381
v -0.07115145 -0.02788868 -0.03900038
v -0.07117029 -0.02823901 -0.03842987
v -0.07113505 -0.02819028 -0.03486111
v -0.07155143 -0.02763860 -0.03843398
v -0.07154088 -0.02762967 -0.03513041
v -0.07122698 -0.02765183 -0.03448234
v -0.07109454 -0.02389464 -0.03904364
v -0.07114793 -0.02295636 -0.05815473
v -0.07126850 -0.02328224 -0.05743545
v -0.07125419 -0.02335043 -0.05207602
v -0.07087792 -0.02332352 -0.05151464
v -0.07158897 -0.02274356 -0.05203499
v -0.07126369 -0.02278754 -0.05142730
v -0.07058492 -0.02234935 -0.04560477
v -0.07158685 -0.02150735 -0.05751681
v -0.07158662 -0.02202741 -0.05413182
v -0.07120381 -0.02137580 -0.05265393
v -0.07087898 -0.02147771 -0.05149304
v -0.07030138 -0.02126105 -0.04454710
v -0.07127179 -0.01740205 -0.05818748
v -0.07143294 -0.01919242 -0.05456885
v -0.07096077 -0.02076081 -0.05349064
v -0.07061243 -0.02056517 -0.04847841
v -0.06921553 -0.01855838 -0.04779977
v -0.07090589 -0.01900448 -0.05366033
v -0.07005937 -0.01865794 -0.05005194
v -0.06957452 -0.01816842 -0.03991235
v -0.07041223 -0.01701660 -0.05078549
v -0.07003195 -0.01645408 -0.04942238
v -0.07038452 -0.01600581 -0.05276183
v -0.07075933 -0.01520943 -0.04305618
v -0.07102675 -0.01452545 -0.05179701
v -0.07092115 -0.01416734 -0.04930820
v -0.07067073 -0.01412669 -0.04595291
v -0.07140956 -0.01362302 -0.05092671
v -0.07112943 -0.01374378 -0.04616528
v -0.07114374 -0.01379564 -0.04239538
v -0.07151990 -0.01297172 -0.04737117
v -0.07141017 -0.01314766 -0.04242324
v -0.07090382 -0.01282921 -0.04066422
v -0.07146018 -0.01125115 -0.04758185
v -0.07135464 -0.01103647 -0.04233979
v -0.07103595 -0.01069558 -0.04055769
v -0.07051233 -0.00924831 -0.03933099
v -0.07152818 -0.00853505 -0.04238098
v -0.07094357 -0.00841707 -0.04062282
v -0.07050847 -0.01623400 -0.05861399
v -0.07131483 -0.00634981 -0.04134517
v -0.07142195 -0.00390006 -0.04226037
v -0.07104536 -0.00479241 -0.04054514
v -0.07127232 -0.00188765 -0.04135501
v -0.07149435 -0.00073779 -0.04239706
v -0.07099408 0.00149881 -0.04055167
v -0.07150876 0.00229715 -0.04238307
v -0.07131201 0.00257889 -0.04134589
v -0.07138742 0.00527668 -0.04227806
v -0.07094801 0.00644400 -0.04064652
v -0.07150521 0.00771083 -0.04239766
v -0.07151642 0.00929595 -0.04236933
v -0.07092343 0.00880801 -0.04105917
v -0.07123876 0.00998184 -0.04644803
v -0.07118327 0.00994499 -0.04238808
v -0.07096172 0.00974756 -0.04159202
v -0.07053150 0.01141807 -0.04771481
v -0.07056649 0.01127160 -0.04010022
v -0.07123051 0.01237680 -0.04899256
v -0.07082695 0.01279504 -0.04457587
v -0.07152927 0.01632737 -0.04962662
v -0.07120685 0.01633516 -0.04900161
v -0.07088054 0.01429484 -0.04514865
v -0.07051644 0.01808469 -0.05862085
v -0.06117293 0.01626680 -0.03407473
v -0.07066514 0.01596734 -0.04002363
v -0.07111910 0.01704442 -0.04935249
v -0.07130018 0.01867295 -0.05136258
v -0.07059854 0.01790237 -0.04991270
v -0.07034395 0.01868779 -0.04205367
v -0.06931523 0.02375755 -0.03409468
v -0.07062684 0.01916688 -0.04521973
v -0.06798319 0.02298270 -0.03936522
v -0.07116876 0.02365912 -0.05821526
v -0.07153682 0.02371714 -0.05206761
v -0.07119124 0.02152255 -0.05144110
v -0.07079431 0.02092202 -0.04765498
v -0.07056435 0.02210447 -0.04506840
v -0.07115292 0.02398307 -0.05152181
v -0.07026935 0.02353899 -0.04587738
v -0.07049795 0.02433698 -0.05821667
v -0.07115485 0.02431445 -0.05747303
v -0.07118716 0.02432454 -0.05209982
v -0.07083318 0.02427001 -0.04895480
v -0.06574309 0.03003576 -0.05992526
v -0.06896483 0.02611497 -0.03933035
v -0.06965463 0.02790873 -0.05989068
v -0.06993641 0.02683983 -0.03896007
v -0.07103142 0.02767028 -0.03739131
v -0.07110188 0.02910791 -0.03639618
v -0.07157625 0.02864735 -0.03551063
v -0.07117456 0.02888146 -0.03457573
v -0.06992366 0.02955132 -0.03964618
v -0.07119027 0.02918904 -0.03552544
v -0.06960755 -0.02926272 -0.03961081
v -0.06985690 -0.02936797 -0.03427016
v -0.06905026 -0.02911231 -0.03368726
v -0.07055491 -0.02827645 -0.03904541
v -0.07053955 -0.02859664 -0.03841803
v -0.07056319 -0.02858117 -0.03513424
v -0.07059091 -0.02828366 -0.03448173
v -0.07058957 -0.02764123 -0.03933757
v -0.07061711 -0.02766885 -0.03416443
v -0.06905569 -0.02579309 -0.05850029
v -0.06886735 -0.02450349 -0.05445638
v -0.06933462 -0.02403136 -0.05255955
v -0.07038173 -0.02326819 -0.04819539
v -0.07052514 -0.02341279 -0.05821969
v -0.07050238 -0.02379484 -0.05751461
v -0.07058590 -0.02364636 -0.05211789
v -0.07054408 -0.02271349 -0.05860196
v -0.07062932 -0.02283517 -0.05110086
v -0.06993096 -0.02169032 -0.04317178
v -0.07012990 -0.02119262 -0.05158770
v -0.06999183 -0.02029711 -0.04616703
v -0.07040493 -0.01870920 -0.05337994
v -0.06992428 -0.01575964 -0.04644153
v -0.06983273 -0.01556929 -0.05104910
v -0.06922885 -0.01562592 -0.04099224
v -0.06963260 -0.01468524 -0.04801339
v -0.07055319 -0.01413666 -0.04237648
v -0.07026024 -0.01355442 -0.04063232
v -0.07030684 -0.01035483 -0.04008364
v -0.07020720 0.00598946 -0.04008780
v -0.07034743 0.00910682 -0.04059235
v -0.07059254 0.01030424 -0.04239154
v -0.06955728 0.01149600 -0.04337650
v -0.07033671 0.01035049 -0.04309401
v -0.07037224 0.01360325 -0.04815365
v -0.07006449 0.01258530 -0.04026076
v -0.06994101 0.01439357 -0.04009195
v -0.07016898 0.01673373 -0.04855936
v -0.07053577 0.01977464 -0.05086807
v -0.06997237 0.01902035 -0.04007588
v -0.07018692 0.01961465 -0.04443360
v -0.07007122 0.02108754 -0.04310693
v -0.07051770 0.02368125 -0.05861634
v -0.07028513 0.02186138 -0.05080867
v -0.06993153 0.02196262 -0.04208501
v -0.07059439 0.02376570 -0.05110746
v -0.06974513 0.02265074 -0.04246868
v -0.07047669 0.02468825 -0.05747917
v -0.07051639 0.02462738 -0.05212649
v -0.07055547 0.02434288 -0.05148905
v -0.07036148 0.02457338 -0.04982663
v -0.06923896 0.02519282 -0.05240294
v -0.06772953 0.02958285 -0.03980876
v -0.06955445 0.02616295 -0.05538049
v -0.06443005 0.02623616 -0.03347663
v -0.07064997 0.02843566 -0.03696151
v -0.07062863 0.02866245 -0.03416035
v -0.07053786 0.02948863 -0.03522197
v -0.07058385 0.02922871 -0.03453303
v -0.06914079 0.02999525 -0.03919306
v -0.06932091 0.03016122 -0.03695453
v -0.06846894 0.03010611 -0.03369577
v -0.06857760 -0.02972037 -0.03910097
v -0.06579864 -0.02952549 -0.03359575
v -0.06922590 -0.02636531 -0.05986819
v -0.06663381 -0.02700889 -0.05982717
v -0.06718546 -0.02381690 -0.05391710
v -0.06952821 -0.02193689 -0.04297148
v -0.06945722 -0.02216366 -0.05094421
v -0.06972060 -0.02055630 -0.05146146
v -0.06925050 -0.02090091 -0.04004450
v -0.06886972 -0.01887683 -0.04276083
v -0.06910200 -0.01989004 -0.04038491
v -0.06981301 -0.01878313 -0.05249557
v -0.06888523 -0.01866853 -0.04647185
v -0.06935237 -0.01750013 -0.04853607
v -0.06979647 -0.01640826 -0.05182017
v -0.06936586 -0.01637243 -0.04785852
v -0.06937598 -0.01575372 -0.04501647
v -0.06930975 -0.01572508 -0.04008611
v -0.06906003 -0.01422602 -0.04219083
v -0.06944435 -0.01255646 -0.04010476
v -0.06965514 -0.00704830 -0.03999996
v -0.06007815 0.00134598 -0.03407805
v -0.06899987 0.00567825 -0.03997001
v -0.06883595 0.00944497 -0.04010764
v -0.06934551 0.01054240 -0.04079610
v -0.06947116 0.01230608 -0.04503939
v -0.06982847 0.01291438 -0.04655637
v -0.06943397 0.01542154 -0.04653239
v -0.06971794 0.01738303 -0.04781567
v -0.06944685 0.01922601 -0.04848203
v -0.06969929 0.01930383 -0.04936030
v -0.06943442 0.02139183 -0.04920791
v -0.06970425 0.02206337 -0.04000839
v -0.06962374 0.02217607 -0.05026243
v -0.06975934 0.02335735 -0.05099715
v -0.06963255 0.02379263 -0.04608353
v -0.06937032 0.02877618 -0.03744855
v -0.06904618 0.03015242 -0.03397481
v -0.06832147 -0.02986585 -0.03442681
v -0.06623311 -0.02309492 -0.03995379
v -0.06094474 -0.02754375 -0.03357467
v -0.06754385 -0.02379814 -0.05758954
v -0.06806800 -0.02280543 -0.04672708
v -0.06900891 -0.02220592 -0.04355721
v -0.06942141 -0.02158541 -0.05076241
v -0.06914878 -0.02125449 -0.04981464
v -0.06884261 -0.02140681 -0.04037520
v -0.06882225 -0.02146730 -0.04002938
v -0.06919699 -0.01995455 -0.04970556
v -0.06950905 -0.01867937 -0.05173408
v -0.06871948 -0.01856829 -0.04501336
v -0.06875366 -0.01821456 -0.04008627
v -0.06921417 -0.01650777 -0.05034535
v -0.06906056 -0.01688085 -0.04744449
v -0.06874981 -0.01621814 -0.04492923
v -0.06877372 -0.01633935 -0.04010160
v -0.06888705 -0.01542426 -0.04850148
v -0.06864838 -0.01471226 -0.04521652
v -0.06874911 -0.01407623 -0.04098346
v -0.06792806 -0.01397901 -0.04055305
v -0.06750111 0.00911405 -0.03933133
v -0.06908706 0.01154168 -0.04118104
v -0.06914630 0.01201037 -0.04204371
v -0.06922148 0.01521153 -0.04470703
v -0.06908045 0.01655252 -0.04248363
v -0.06879624 0.01671689 -0.03928805
v -0.06569138 0.02533642 -0.05862528
v -0.06941999 0.01736526 -0.04625756
v -0.06917186 0.01894736 -0.04604523
v -0.06915881 0.02125404 -0.04733226
v -0.06892825 0.02260815 -0.04980677
v -0.06904037 0.02294421 -0.04237002
v -0.06908409 0.02263744 -0.04037645
v -0.06704902 0.02368170 -0.05862283
v -0.06673440 0.02476325 -0.05220613
v -0.06899610 0.02680968 -0.05699601
v -0.06937595 0.02757511 -0.03861499
v -0.06907913 0.02771261 -0.05890577
v -0.06878666 0.02864364 -0.03901891
v -0.06874153 0.02920794 -0.03867035
v -0.06817993 0.02957295 -0.03613475
v -0.06829290 0.02980008 -0.03353117
v -0.06633723 -0.02999031 -0.03376101
v -0.06844146 -0.02733791 -0.05985160
v -0.06520118 -0.02862413 -0.03828990
v -0.06775367 -0.02788996 -0.05803338
v -0.06834299 -0.02507691 -0.05587695
v -0.06763333 -0.02331269 -0.04921884
v -0.06668792 -0.02368861 -0.05210681
v -0.06741685 -0.02263012 -0.05105090
v -0.06827248 -0.02141615 -0.04915717
v -0.06875097 -0.02051941 -0.04904092
v -0.06882241 -0.01751680 -0.04895333
v -0.06914614 -0.01619395 -0.04960921
v -0.06859769 -0.01764657 -0.04216546
v -0.06857715 -0.01761408 -0.04541124
v -0.06865612 -0.01635058 -0.04116980
v -0.06861014 -0.01657336 -0.04461243
v -0.06821966 -0.01669543 -0.04818375
v -0.06662289 -0.01285984 -0.03931873
v -0.06413009 -0.01737915 -0.05862889
v -0.06724215 -0.01308676 -0.04012829
v -0.06371063 -0.01150891 -0.03996544
v -0.06345681 -0.00552474 -0.03933708
v -0.06148542 -0.00282544 -0.03983810
v -0.06865991 0.01223727 -0.04052317
v -0.06851636 0.01910762 -0.04061252
v -0.06883861 0.01846193 -0.04133772
v -0.06910643 0.02135100 -0.04235888
v -0.06838536 0.02073089 -0.04074201
v -0.06882202 0.02188419 -0.04719926
v -0.06875146 0.02196183 -0.04238968
v -0.06780739 0.02260008 -0.04006136
v -0.06770085 0.02360462 -0.04569221
v -0.06707384 0.02435488 -0.05830568
v -0.06733127 0.02479735 -0.05436171
v -0.06640876 0.02440729 -0.05126731
v -0.06823152 0.02550091 -0.05305357
v -0.06890998 0.02840277 -0.05959707
v -0.06886635 0.02849963 -0.05988182
v -0.06723856 0.03047145 -0.03780594
v -0.06810346 0.03132712 -0.05985224
v -0.06637468 -0.02989693 -0.03981556
v -0.06572352 -0.03041697 -0.03761350
v -0.06703631 -0.03027509 -0.05977890
v -0.06299647 -0.02815490 -0.03897926
v -0.06208409 -0.02759666 -0.03411442
v -0.06779751 -0.02623977 -0.05674578
v -0.06755344 -0.02475719 -0.05377624
v -0.06743383 -0.02385753 -0.05136610
v -0.06698315 -0.02345209 -0.05820000
v -0.06567238 -0.02301192 -0.05861636
v -0.06688265 -0.02231828 -0.04423441
v -0.06641410 -0.02174685 -0.04007969
v -0.06768233 -0.02092013 -0.04868143
v -0.06774690 -0.01605371 -0.04661182
v -0.06729839 -0.01582570 -0.04482241
v -0.06744860 -0.01470510 -0.04126513
v -0.06780389 0.01254781 -0.04011159
v -0.06775413 0.02073688 -0.04031944
v -0.06778119 0.02172794 -0.04064845
v -0.06802919 0.02233676 -0.04718877
v -0.06806486 0.02228808 -0.04242405
v -0.06790526 0.02291557 -0.04970905
v -0.06788026 0.02249788 -0.04842212
v -0.06730096 0.02381784 -0.05097109
v -0.06779571 0.02474895 -0.05720263
v -0.06722827 0.02461113 -0.05015759
v -0.06786480 0.02620150 -0.05425461
v -0.06816246 0.02864631 -0.03932377
v -0.06760333 0.02685485 -0.05447082
v -0.06800479 0.02828287 -0.05686048
v -0.06752651 0.03020042 -0.05548420
v -0.06749559 0.02944860 -0.05457549
v -0.06816451 0.02926567 -0.03903154
v -0.06816596 0.02956504 -0.03842217
v -0.06717990 0.02956625 -0.03516430
v -0.05515693 0.02923043 -0.03445910
v -0.06706698 0.03034917 -0.03937143
v -0.06534611 0.03069450 -0.03586298
v -0.06745723 0.03209523 -0.05983916
v -0.06736046 0.03101599 -0.05654726
v -0.06675054 -0.03019288 -0.05826471
v -0.06698981 -0.02813916 -0.05503946
v -0.06468115 -0.02858817 -0.03508148
v -0.06237133 -0.02825682 -0.03446072
v -0.06668008 -0.02772943 -0.05298165
v -0.06398028 -0.02459764 -0.03934034
v -0.06716463 -0.02514505 -0.05323724
v -0.06679736 -0.02403240 -0.05046609
v -0.06632378 -0.02260098 -0.05041995
v -0.06666565 -0.02135509 -0.04847089
v -0.06719414 -0.02001846 -0.04768848
v -0.06583122 -0.01949015 -0.03929777
v -0.06754052 -0.01800101 -0.04709717
v -0.06722558 -0.01735174 -0.04573273
v -0.06358392 0.00107419 -0.03988347
v -0.06085378 0.00634825 -0.03983723
v -0.06739558 0.01924369 -0.04011091
v -0.06676849 0.02185282 -0.04047386
v -0.06670935 0.02291322 -0.04194991
v -0.06690001 0.02407466 -0.04787382
v -0.06599155 0.02409090 -0.03987919
v -0.06664162 0.02492693 -0.05818158
v -0.06682501 0.02520543 -0.05083468
v -0.06671273 0.02589432 -0.05108110
v -0.06664351 0.02847688 -0.05022779
v -0.06694785 0.02946951 -0.05220488
v -0.06311540 0.03059697 -0.03969865
v -0.06686551 0.03237484 -0.05984674
v -0.06685339 0.03131314 -0.05631230
v -0.06644180 -0.03114276 -0.05975442
v -0.06495874 -0.03057017 -0.03423507
v -0.06614281 -0.02912183 -0.05245074
v -0.06548456 -0.02688183 -0.03998612
v -0.06672388 -0.02552811 -0.05133884
v -0.06680363 -0.02506370 -0.05599442
v -0.06678682 -0.02444043 -0.05753931
v -0.06700750 -0.02438915 -0.05571666
v -0.06673663 -0.02383273 -0.05317301
v -0.05475370 -0.02551161 -0.03408480
v -0.06634097 -0.02320861 -0.05110229
v -0.06654975 -0.02297160 -0.04715811
v -0.06612385 -0.02147910 -0.04711848
v -0.06664693 -0.02059674 -0.04708318
v -0.06685745 -0.01850665 -0.04460278
v -0.06663337 -0.02036596 -0.04238156
v -0.06666426 -0.01890318 -0.04128538
v -0.06681677 -0.01619072 -0.04122895
v -0.06705659 -0.01616618 -0.04438278
v -0.06688273 -0.01467953 -0.04050742
v -0.06615167 -0.01425325 -0.04013844
v -0.06289207 -0.00803054 -0.03992933
v -0.05801890 0.00991599 -0.05864382
v -0.06192627 0.01521662 -0.03981291
v -0.06653117 0.02091987 -0.04009077
v -0.06487120 0.02233977 -0.04239368
v -0.06562409 0.02209190 -0.04099319
v -0.06630968 0.02262874 -0.04891170
v -0.06627485 0.02267345 -0.04006192
v -0.06600400 0.02351446 -0.05041665
v -0.06641168 0.02353658 -0.04419137
v -0.06644456 0.02417631 -0.04750828
v -0.06714097 0.02529352 -0.05694763
v -0.06686341 0.02519251 -0.05335256
v -0.06645212 0.02611396 -0.05816309
v -0.06678979 0.02603862 -0.05750611
v -0.06633083 0.02564203 -0.04953734
v -0.06455057 0.02783668 -0.03991188
v -0.06598025 0.02853737 -0.04770418
v -0.06649932 0.03020101 -0.05279047
v -0.06559475 -0.03192916 -0.05958587
v -0.06583380 -0.03149172 -0.05792995
v -0.06577192 -0.03093180 -0.05549822
v -0.06549671 -0.02800671 -0.04653045
v -0.06629915 -0.02808384 -0.05812722
v -0.06641774 -0.02820594 -0.05725248
v -0.06631062 -0.02810680 -0.05640601
v -0.06573050 -0.02737389 -0.04625689
v -0.06676653 -0.02755346 -0.05758831
v -0.06666721 -0.02615630 -0.05660611
v -0.06639124 -0.02423583 -0.05822736
v -0.06606876 -0.02622103 -0.05555836
v -0.06585049 -0.02624407 -0.05503617
v -0.06574245 -0.02652465 -0.04521851
v -0.06638472 -0.02570142 -0.05212838
v -0.06607117 -0.02567955 -0.05151577
v -0.06540697 -0.02591732 -0.04309288
v -0.06668077 -0.02498435 -0.05218031
v -0.06641495 -0.02501496 -0.05150294
v -0.06566858 -0.02407547 -0.04492669
v -0.06611910 -0.02354760 -0.04707708
v -0.06562911 -0.02286544 -0.04361665
v -0.06603161 -0.02216699 -0.04262797
v -0.06599621 -0.02182428 -0.04067778
v -0.06625074 -0.02097954 -0.04204915
v -0.06605399 -0.02080845 -0.04122279
v -0.06597526 -0.02008862 -0.04065886
v -0.06615420 -0.01881216 -0.04051774
v -0.06647783 -0.01647385 -0.04064741
v -0.06289852 0.00165168 -0.03932976
v -0.06305000 0.00503630 -0.03353758
v -0.06490394 0.01150009 -0.03993118
v -0.06379953 0.01343237 -0.03930546
v -0.06088849 0.02443524 -0.03931480
v -0.06553539 0.02236536 -0.04538473
v -0.06506760 0.02185437 -0.04046812
v -0.06578860 0.02323613 -0.04194906
v -0.06606131 0.02460098 -0.04719252
v -0.06582713 0.02383363 -0.04384061
v -0.06674555 0.02594213 -0.05215507
v -0.06598093 0.02522019 -0.04760043
v -0.06679402 0.02625616 -0.05417278
v -0.06628879 0.02652316 -0.05157848
v -0.06568994 0.02741835 -0.04574943
v -0.06676382 0.02851547 -0.05753266
v -0.06610838 0.02704861 -0.05319180
v -0.06639695 0.02851425 -0.05823906
v -0.06636185 0.02730044 -0.05379798
v -0.06669038 0.02853664 -0.05445576
v -0.06623487 0.02912175 -0.05392271
v -0.06630627 0.02908319 -0.05780621
v -0.06634463 0.02921239 -0.05441506
v -0.06588437 0.02914666 -0.04892395
v -0.06586134 0.03007430 -0.05200668
v -0.06615545 0.03125592 -0.05589106
v -0.06356306 0.03089065 -0.03874958
v -0.06508720 -0.02994657 -0.05060918
v -0.06425714 -0.03057621 -0.03952298
v -0.06575219 -0.02854311 -0.05720992
v -0.06543352 -0.02822562 -0.05625297
v -0.06539701 -0.02753688 -0.05860178
v -0.06584123 -0.02725479 -0.05594632
v -0.06512699 -0.02675192 -0.04278289
v -0.06582490 -0.02611587 -0.05205237
v -0.06510553 -0.02539802 -0.04005997
v -0.06583830 -0.02472943 -0.05109516
v -0.06515088 -0.02454527 -0.05071361
v -0.06566808 -0.02324842 -0.05061904
v -0.06526629 -0.02234574 -0.04008594
v -0.06511174 -0.02226369 -0.04744875
v -0.06526275 -0.02229206 -0.04097874
v -0.06475653 -0.02140719 -0.04107095
v -0.06579919 -0.02142304 -0.04455811
v -0.06556506 -0.02131682 -0.04204585
v -0.06538521 -0.01824950 -0.04009226
v -0.06140784 -0.00739654 -0.03357091
v -0.06548145 0.02292003 -0.04868634
v -0.06566493 0.02414923 -0.05065474
v -0.06514113 0.02379801 -0.04004797
v -0.06529328 0.02397162 -0.04184385
v -0.06545573 0.02583762 -0.04432712
v -0.06526530 0.02623635 -0.05087158
v -0.06512224 0.02722748 -0.04312082
v -0.06512658 0.02736175 -0.05223289
v -0.06570771 0.02811308 -0.05349822
v -0.06571162 0.02851017 -0.05862040
v -0.06490700 0.02810216 -0.04401360
v -0.06567660 0.02914455 -0.05822183
v -0.06563647 0.02947096 -0.05749554
v -0.06566955 0.02953858 -0.05439405
v -0.05773799 0.03021323 -0.03345906
v -0.06535278 0.03122014 -0.05639503
v -0.06157216 0.03094822 -0.03445648
v -0.05897353 0.03105285 -0.03393480
v -0.06166069 0.03058411 -0.03361939
v -0.06563716 0.03226167 -0.05985326
v -0.06497533 -0.03220862 -0.05922447
v -0.06506647 -0.03163619 -0.05642016
v -0.06482359 -0.03088545 -0.05371904
v -0.06291836 -0.03048348 -0.03370230
v -0.06478391 -0.02839373 -0.04592127
v -0.06442237 -0.02785984 -0.03999885
v -0.06291622 -0.02859916 -0.03849233
v -0.06332664 -0.02880310 -0.03623991
v -0.06477163 -0.02813826 -0.05816681
v -0.06505459 -0.02853424 -0.05719940
v -0.06472064 -0.02740394 -0.04304957
v -0.06467311 -0.02721150 -0.05594343
v -0.06478128 -0.02661933 -0.05519746
v -0.06467761 -0.02656836 -0.04029750
v -0.06419442 -0.02697623 -0.04006946
v -0.06515014 -0.02628733 -0.05412156
v -0.06415324 -0.02526949 -0.05861089
v -0.06514459 -0.02572239 -0.05135793
v -0.06497626 -0.02358167 -0.04115739
v -0.06492804 -0.02334449 -0.04943495
v -0.06474423 -0.02189186 -0.04404147
v -0.06463092 -0.02058255 -0.04037690
v -0.05657911 -0.01926367 -0.05978060
v -0.06404355 0.02143874 -0.04012578
v -0.06481310 0.02231746 -0.04099596
v -0.06501856 0.02290322 -0.04538597
v -0.06490847 0.02345966 -0.04851500
v -0.06491600 0.02418207 -0.04955245
v -0.06485962 0.02513652 -0.04036057
v -0.06481849 0.02664541 -0.04000910
v -0.05727185 0.02550615 -0.05988342
v -0.06437269 0.02720903 -0.04003047
v -0.06413364 0.02844744 -0.05335397
v -0.06470440 0.02866927 -0.04551856
v -0.06309380 0.02950960 -0.05598920
v -0.06504842 0.02935783 -0.04938819
v -0.06005291 0.03050677 -0.03987134
v -0.06529726 0.03018953 -0.05276400
v -0.06399784 0.03158425 -0.05986036
v -0.06408451 -0.03194774 -0.05969866
v -0.06448615 -0.03183831 -0.05780298
v -0.06324241 -0.03118539 -0.05975048
v -0.06435721 -0.03068253 -0.05392141
v -0.06229879 -0.03071294 -0.03977731
v -0.06199141 -0.03100130 -0.03441328
v -0.06438682 -0.02900381 -0.04845207
v -0.06434890 -0.02821749 -0.05720687
v -0.06447746 -0.02811542 -0.05635849
v -0.06436195 -0.02724733 -0.05820868
v -0.06398240 -0.02738031 -0.05718185
v -0.06410028 -0.02729212 -0.04276369
v -0.06111801 -0.02736081 -0.03935703
v -0.06389310 -0.02664769 -0.05781819
v -0.06367880 -0.02659673 -0.05621705
v -0.06371387 -0.02608986 -0.05183061
v -0.06426773 -0.02559728 -0.05033872
v -0.06403230 -0.02519788 -0.04921265
v -0.06425816 -0.02370028 -0.04842472
v -0.06442665 -0.02289616 -0.04666102
v -0.06426098 -0.02196982 -0.04101842
v -0.06449183 -0.01807383 -0.04004498
v -0.05915658 -0.01074947 -0.03407385
v -0.06027080 0.00854541 -0.03985065
v -0.05556603 0.01574185 -0.03352370
v -0.06440729 0.02369966 -0.04488183
v -0.06422764 0.02290383 -0.04087531
v -0.06456151 0.02428853 -0.04837888
v -0.06432098 0.02605896 -0.04603264
v -0.06465810 0.02592118 -0.04912316
v -0.06453563 0.02690075 -0.05062669
v -0.06437321 0.02657867 -0.04866749
v -0.06403254 0.02706009 -0.04986759
v -0.06414137 0.02801746 -0.04255365
v -0.06271166 0.02914298 -0.05391093
v -0.06419450 0.02865344 -0.04551653
v -0.06166428 0.03118931 -0.05989861
v -0.06375450 0.03009329 -0.05505032
v -0.06103933 -0.03102310 -0.03925363
v -0.06378031 -0.02953599 -0.05236100
v -0.06056224 -0.03042418 -0.03999167
v -0.06357389 -0.02820347 -0.04865287
v -0.06362343 -0.02759193 -0.04579350
v -0.06374246 -0.02679108 -0.04056530
v -0.06301394 -0.02579139 -0.05826913
v -0.06304868 -0.02613392 -0.04965454
v -0.06337115 -0.02575381 -0.04908271
v -0.05731429 -0.02574603 -0.05977570
v -0.06358310 -0.02472783 -0.04855258
v -0.06353727 -0.02386272 -0.04708805
v -0.06363808 -0.02352026 -0.04489716
v -0.06391984 -0.02332397 -0.04239041
v -0.06376068 -0.02320478 -0.04142583
v -0.06424646 -0.02270319 -0.04203932
v -0.06329256 -0.02287959 -0.04063435
v -0.06313064 -0.02155283 -0.04018776
v -0.06241840 -0.01044427 -0.03931305
v -0.06244706 -0.00758637 -0.03942319
v -0.06317014 -0.00255905 -0.03933072
v -0.06235762 -0.00014746 -0.03932945
v -0.06303497 0.00667721 -0.03933462
v -0.06311737 0.00980510 -0.03931969
v -0.06394005 0.02278034 -0.04044857
v -0.06407471 0.02396770 -0.04134193
v -0.06428414 0.02617447 -0.04236529
v -0.06366442 0.02526142 -0.04069963
v -0.06390559 0.02662984 -0.04205750
v -0.06395349 0.02674837 -0.04687339
v -0.06382933 0.02736940 -0.05135169
v -0.06379783 0.02742212 -0.04005508
v -0.06203928 0.02937791 -0.05460718
v -0.06209805 -0.02974318 -0.05964398
v -0.06252247 -0.02931433 -0.05732470
v -0.06088011 -0.02883381 -0.05981127
v -0.06288297 -0.02864096 -0.03498108
v -0.06337936 -0.02674004 -0.04213803
v -0.06280050 -0.02625552 -0.04007784
v -0.06276615 -0.02617805 -0.05767186
v -0.06262302 -0.02619300 -0.05581468
v -0.06321028 -0.02366649 -0.04205262
v -0.06272238 -0.02372486 -0.04186889
v -0.05254414 -0.01990206 -0.05863802
v -0.05700023 -0.00542847 -0.05978409
v -0.06240047 -0.00536856 -0.03966029
v -0.06307430 0.01591373 -0.03930122
v -0.06151867 0.01969526 -0.03930432
v -0.06311867 0.02320935 -0.04017973
v -0.06307210 0.02575947 -0.04039313
v -0.06317025 0.02713448 -0.04854929
v -0.06327119 0.02713298 -0.04239048
v -0.06286375 0.02647999 -0.04072736
v -0.05499852 0.02834820 -0.03934877
v -0.06269455 0.02751645 -0.04058426
v -0.06304045 0.02905303 -0.05119313
v -0.05969729 0.02824686 -0.03990663
v -0.05724505 0.02907939 -0.03897787
v -0.05383425 0.02951788 -0.03502448
v -0.06268326 0.03043023 -0.05732363
v -0.05975300 -0.03111032 -0.03402701
v -0.06240543 -0.02920603 -0.03722053
v -0.06250210 -0.02920417 -0.03576799
v -0.06178566 -0.02880241 -0.03874679
v -0.06175732 -0.02901165 -0.03471924
v -0.06194683 -0.02768993 -0.05473757
v -0.06240995 -0.02665552 -0.04790340
v -0.06225918 -0.02581654 -0.04154199
v -0.06246752 -0.02615339 -0.04967643
v -0.06064429 -0.02580784 -0.04905058
v -0.05912847 -0.02517131 -0.04839025
v -0.06196400 -0.02436797 -0.04740584
v -0.06220345 -0.02396373 -0.04572761
v -0.06213027 -0.02349155 -0.04097673
v -0.06215893 -0.02281693 -0.04033837
v -0.05600107 -0.02315555 -0.03932503
v -0.06239127 -0.00283102 -0.03966874
v -0.06208190 0.00406246 -0.03972012
v -0.06146894 0.00855136 -0.03959681
v -0.06216143 0.01126466 -0.03982040
v -0.06126528 0.01764044 -0.03980988
v -0.05916644 0.02854127 -0.05862307
v -0.06233676 0.02576710 -0.04007027
v -0.06225467 0.02658285 -0.04059314
v -0.06110880 0.02720780 -0.05018083
v -0.06140495 0.02779859 -0.05241107
v -0.06096419 0.02844508 -0.05338975
v -0.05489626 0.03161633 -0.03714562
v -0.06186050 -0.02978574 -0.03769720
v -0.06186296 -0.02990925 -0.03534179
v -0.06157600 -0.02809639 -0.05718371
v -0.06081294 -0.02799755 -0.03935528
v -0.05765184 -0.02683732 -0.03999507
v -0.06153108 -0.02659848 -0.05110172
v -0.06155575 -0.02577700 -0.04632128
v -0.06165698 -0.02534682 -0.04018961
v -0.06043431 -0.02328882 -0.04052074
v -0.05785451 -0.01665773 -0.03998987
v -0.06132635 -0.00109265 -0.03966233
v -0.06178064 0.00070102 -0.03959063
v -0.06044230 0.00958427 -0.03982573
v -0.05986435 0.02225214 -0.03997830
v -0.05845158 0.02711640 -0.04235484
v -0.06201389 0.02842342 -0.04865239
v -0.05951904 0.02898025 -0.05368326
v -0.06112028 0.02835049 -0.04859719
v -0.06029315 0.02959435 -0.05755006
v -0.06171921 0.03010538 -0.05640292
v -0.05801911 0.03138430 -0.03875587
v -0.05910772 -0.03126537 -0.03727826
v -0.06143632 -0.03029371 -0.03897192
v -0.06147147 -0.03059861 -0.03838149
v -0.06139609 -0.03053396 -0.03456981
v -0.06185733 -0.03008023 -0.03836921
v -0.06099707 -0.02791046 -0.05731177
v -0.06104149 -0.02838646 -0.03412147
v -0.06098402 -0.02729905 -0.05535874
v -0.06090873 -0.02665179 -0.05229694
v -0.06107274 -0.02588407 -0.04772230
v -0.06100083 -0.02517546 -0.04007344
v -0.06034522 -0.02623279 -0.05755391
v -0.06037254 -0.02602960 -0.04975742
v -0.06065238 -0.02535335 -0.04369431
v -0.05740540 -0.02275019 -0.04011386
v -0.05994694 -0.01138832 -0.03928823
v -0.06057029 -0.00980325 -0.03946529
v -0.06149876 -0.00521495 -0.03976363
v -0.06088134 -0.00281958 -0.03978990
v -0.04823018 0.01016067 -0.05985538
v -0.06092803 0.02746771 -0.04146065
v -0.06112230 0.02773380 -0.04441852
v -0.05966422 0.03118024 -0.03936657
v -0.06080851 -0.03061193 -0.03903000
v -0.06077123 -0.03085461 -0.03838376
v -0.06081022 -0.03083676 -0.03513736
v -0.06086211 -0.03062423 -0.03445182
v -0.06085134 -0.03005044 -0.03934919
v -0.06090680 -0.03009965 -0.03414346
v -0.05833941 -0.02623059 -0.05444052
v -0.06046960 -0.02499274 -0.04038260
v -0.05916270 -0.02416920 -0.04539287
v -0.05956344 -0.02383873 -0.04338865
v -0.05950880 -0.02363200 -0.04133022
v -0.05749421 -0.01120549 -0.03993634
v -0.06042649 0.00427078 -0.03983313
v -0.05848648 0.00628567 -0.03407675
v -0.05974394 0.01981712 -0.03982317
v -0.04641282 0.02564940 -0.03408412
v -0.05994609 0.02598506 -0.04006206
v -0.05979938 0.02666095 -0.04049153
v -0.05912443 0.02747946 -0.05133657
v -0.05970044 0.02746990 -0.04006203
v -0.06049931 0.02911105 -0.05210331
v -0.05723135 0.02920708 -0.05824024
v -0.06000646 0.03075192 -0.05819438
v -0.05523110 -0.03064359 -0.03359317
v -0.06001956 -0.02880324 -0.05980684
v -0.05976687 -0.02778279 -0.05647358
v -0.05404563 -0.02779397 -0.03937201
v -0.06016265 -0.02720352 -0.05491182
v -0.05938262 -0.02659570 -0.05084352
v -0.05927349 -0.02586290 -0.04680275
v -0.05795286 -0.02585365 -0.05822223
v -0.05989653 -0.02548233 -0.04482141
v -0.05680089 -0.02513540 -0.05862154
v -0.05931636 -0.02451416 -0.04692894
v -0.05526348 -0.01092274 -0.03359279
v -0.05782683 -0.00502913 -0.03982904
v -0.05913414 -0.00468860 -0.03355339
v -0.05794874 -0.00699747 -0.03407101
v -0.05963303 0.00135701 -0.03981675
v -0.05959586 0.00066466 -0.03352399
v -0.05866589 0.00664460 -0.03352689
v -0.05828198 0.02290900 -0.03931837
v -0.06024671 0.02801677 -0.04637454
v -0.05960261 0.02765530 -0.04291040
v -0.05794917 0.02948097 -0.05451308
v -0.05058606 0.02945214 -0.03826502
v -0.05959177 0.03147377 -0.05987847
v -0.05965597 0.02999903 -0.05528613
v -0.05931087 -0.02952589 -0.05981516
v -0.05240095 -0.02994759 -0.03933721
v -0.05931910 -0.02502336 -0.04038336
v -0.05544681 -0.02282853 -0.04006364
v -0.05906688 -0.00523449 -0.03970594
v -0.05734257 -0.00131730 -0.03981114
v -0.05847356 -0.00100948 -0.03957285
v -0.05940487 0.00045660 -0.03121103
v -0.05818565 0.00002673 -0.03980477
v -0.05789657 0.02144664 -0.03983050
v -0.05867709 0.02713382 -0.04920456
v -0.05935432 0.02810879 -0.04585851
v -0.05941719 0.02901195 -0.05035190
v -0.05943006 0.02958195 -0.05313945
v -0.05784621 -0.03298329 -0.05966762
v -0.05883496 -0.02794662 -0.05513424
v -0.05868296 -0.02637048 -0.04838604
v -0.05845750 -0.02616772 -0.05745717
v -0.05762809 -0.02619094 -0.04967432
v -0.05859144 -0.02522111 -0.04008771
v -0.05885938 -0.02407655 -0.04335145
v -0.05357255 -0.02048981 -0.03359142
v -0.05770313 -0.01084727 -0.03929868
v -0.05727247 -0.00885263 -0.03953375
v -0.05706811 -0.00863493 -0.03351886
v -0.05905769 -0.00407435 -0.03345325
v -0.05309512 -0.00362392 -0.05864806
v -0.05895899 -0.00188887 -0.02629353
v -0.05866965 0.00036699 -0.01730244
v -0.05937374 0.00190030 -0.03342871
v -0.05886949 0.00257631 -0.02533357
v -0.05892883 0.00525577 -0.03343126
v -0.05846018 0.00380559 -0.02136029
v -0.05848345 0.02794923 -0.04004465
v -0.05832276 0.02808723 -0.04039202
v -0.05712924 0.02946430 -0.05754783
v -0.05884235 0.02912301 -0.04830064
v -0.05903241 0.03078670 -0.05661534
v -0.05877374 0.03016906 -0.05359955
v -0.05931592 0.03114711 -0.05860784
v -0.05631279 0.03123081 -0.03967246
v -0.05789343 0.03285489 -0.05984708
v -0.05717996 -0.03205608 -0.05631802
v -0.05509243 -0.03134603 -0.03973972
v -0.05807802 -0.03009118 -0.05680616
v -0.05276267 -0.03102270 -0.03512481
v -0.05811790 -0.02873544 -0.05479413
v -0.05817394 -0.02760381 -0.05185471
v -0.05813554 -0.02667659 -0.04804093
v -0.05823860 -0.02536744 -0.04038280
v -0.05798032 -0.02572657 -0.04869294
v -0.05793342 -0.02520919 -0.04737629
v -0.05798408 -0.02407880 -0.04135374
v -0.05788260 -0.02347510 -0.04046051
v -0.05295356 -0.01606415 -0.03928558
v -0.05806354 -0.00649472 -0.03125425
v -0.05818469 -0.00642789 -0.03347891
v -0.05813007 -0.00402718 -0.01728797
v -0.05744544 -0.00583582 -0.01687793
v -0.05740766 -0.00392670 -0.03425813
v -0.05830856 -0.00346294 -0.01770769
v -0.05801290 -0.00287825 -0.01172133
v -0.05825506 0.00019296 -0.01092476
v -0.05745470 0.00417062 -0.03426021
v -0.05765960 0.00138125 -0.00433917
v -0.05803959 0.00239193 -0.01101114
v -0.05762578 0.00431523 -0.00914393
v -0.05822334 0.00556223 -0.02513295
v -0.05772957 0.00836064 -0.03344586
v -0.05604266 0.01059699 -0.03407692
v -0.05659718 0.02586423 -0.04008467
v -0.05706754 0.02688149 -0.04132134
v -0.05659585 0.02660426 -0.04050795
v -0.04671406 0.02856308 -0.03410586
v -0.05733185 0.02831372 -0.05319226
v -0.05753686 0.02778347 -0.05107085
v -0.05745547 0.02904386 -0.04003823
v -0.05802879 0.03019234 -0.04783786
v -0.05654009 0.03010577 -0.03993467
v -0.05799579 0.03071772 -0.05123202
v -0.05795005 0.03156364 -0.05456346
v -0.05460592 0.03153907 -0.03944298
v -0.05790806 -0.03243068 -0.05975647
v -0.05093536 -0.03174102 -0.03902882
v -0.05366559 -0.03162206 -0.03693550
v -0.05662984 -0.03123300 -0.05322706
v -0.05596248 -0.03101870 -0.03836852
v -0.05529901 -0.02977470 -0.04004682
v -0.05752295 -0.02733190 -0.04783274
v -0.05755473 -0.02649182 -0.04429579
v -0.05714366 -0.02621502 -0.05820430
v -0.05773853 -0.02676741 -0.05563101
v -0.05775000 -0.02654196 -0.05223563
v -0.05689347 -0.02649747 -0.04037888
v -0.05774708 -0.02505042 -0.04589985
v -0.05730802 -0.02516144 -0.04332812
v -0.05767252 -0.00744841 -0.03271368
v -0.05741849 -0.00648324 -0.03980593
v -0.05700326 -0.00395175 0.00018635
v -0.05704905 -0.00231240 0.00203733
v -0.05711692 0.00022171 0.00354470
v -0.05682179 0.00413942 0.00237355
v -0.05715363 0.00583397 -0.00928308
v -0.05701782 0.00778596 -0.02000822
v -0.05555320 0.01175575 -0.03349197
v -0.05686703 0.00897070 -0.02599775
v -0.05361472 0.02512285 -0.05865356
v -0.05759000 0.02706633 -0.04738008
v -0.05762294 0.02913817 -0.05391587
v -0.05721116 0.02903829 -0.04043260
v -0.05696541 0.02946796 -0.05681513
v -0.05754733 0.02959611 -0.04340673
v -0.05722230 0.03059470 -0.04729687
v -0.05717995 0.03138749 -0.05142500
v -0.05714475 0.03231863 -0.05516374
v -0.05690204 -0.03360797 -0.05961414
v -0.05681356 -0.03355305 -0.05867823
v -0.05673813 -0.03270063 -0.05635881
v -0.05651120 -0.03007269 -0.04998417
v -0.05405557 -0.03108504 -0.04007202
v -0.05715508 -0.02731209 -0.05756705
v -0.05721401 -0.02757371 -0.05627388
v -0.05720296 -0.02755731 -0.05369926
v -0.05719361 -0.02666403 -0.04983138
v -0.05684217 -0.02678994 -0.04005890
v -0.05760593 -0.02664740 -0.05723301
v -0.05714532 -0.02473225 -0.04126353
v -0.05648157 -0.00927748 -0.03183757
v -0.05674693 -0.00726778 -0.01593392
v -0.05569801 -0.00865412 -0.01415674
v -0.05715336 -0.00590425 -0.03419854
v -0.05678069 -0.00563602 -0.00501502
v -0.05723687 -0.00339915 -0.03388456
v -0.05675697 -0.00391113 0.00318834
v -0.05714220 -0.00077387 -0.03324961
v -0.05674901 0.00017519 0.00700282
v -0.05731952 0.00093436 -0.03403167
v -0.05718685 0.00404819 -0.03348682
v -0.05715069 0.00464273 -0.03428859
v -0.05626567 0.00607445 0.00184316
v -0.05716146 0.00688743 -0.03418764
v -0.05626980 0.00784554 -0.00740888
v -0.05642434 0.01034236 -0.03120434
v -0.05688324 0.02772238 -0.04986502
v -0.05328545 0.02852808 -0.05861919
v -0.05674350 0.02845403 -0.05372031
v -0.05689797 0.02906995 -0.05463883
v -0.05701874 0.02987063 -0.04422952
v -0.05250969 0.03100404 -0.03354676
v -0.05682078 0.03143951 -0.05158263
v -0.05677419 0.03351253 -0.05984582
v -0.05679887 0.03318472 -0.05815624
v -0.05556497 -0.03327231 -0.05968748
v -0.05557122 -0.03173379 -0.05240535
v -0.05603374 -0.03141935 -0.05174108
v -0.05217772 -0.03165884 -0.03442806
v -0.05663193 -0.03050977 -0.05812590
v -0.05669779 -0.03058350 -0.05664585
v -0.05608105 -0.02945769 -0.04571494
v -0.05677130 -0.02996359 -0.05825839
v -0.05713818 -0.02997098 -0.05757209
v -0.05713231 -0.02997390 -0.05694460
v -0.05671702 -0.02956490 -0.05617319
v -0.05649665 -0.02875350 -0.05533142
v -0.05677659 -0.02698647 -0.05820355
v -0.05678864 -0.02812994 -0.04967063
v -0.05668346 -0.02804331 -0.04915115
v -0.05578582 -0.02809154 -0.04009346
v -0.05714564 -0.02746038 -0.04972042
v -0.05666438 -0.02665757 -0.04873105
v -0.05650509 -0.02612771 -0.04684974
v -0.05604605 -0.02575315 -0.05862331
v -0.05679028 -0.02583039 -0.04238499
v -0.05652936 -0.02557594 -0.04119842
v -0.05616716 -0.02522989 -0.04062636
v -0.05571857 -0.02474373 -0.04030000
v -0.05513573 -0.00888778 -0.03981896
v -0.05546860 -0.01069792 -0.03963026
v -0.05630045 -0.00848344 -0.03980086
v -0.05688889 -0.00663461 -0.03419213
v -0.05566706 -0.00771295 -0.00326144
v -0.05671829 -0.00654155 -0.01601759
v -0.05642344 -0.00655460 -0.01541409
v -0.05628640 -0.00545284 0.00251492
v -0.05712865 -0.00589415 -0.02334570
v -0.05702786 -0.00582511 -0.01603280
v -0.05676203 -0.00591180 -0.01537722
v -0.05714632 -0.00463209 -0.01601586
v -0.05689801 -0.00438805 -0.01534923
v -0.05626858 -0.00451906 -0.01355121
v -0.05623490 -0.00420651 0.00713230
v -0.05716926 -0.00348620 -0.01507952
v -0.05682246 -0.00414744 -0.01446293
v -0.05671113 -0.00409901 -0.00158329
v -0.05641900 -0.00410172 -0.00098412
v -0.05715114 -0.00347459 -0.00915243
v -0.05698563 -0.00344623 -0.00160280
v -0.05673432 -0.00349939 -0.00095235
v -0.05713528 0.00157861 -0.03106121
v -0.05716605 0.00252185 -0.01461779
v -0.05706438 -0.00127556 -0.00128588
v -0.05675218 -0.00197787 -0.00077153
v -0.05621073 -0.00232389 -0.00031052
v -0.05663346 0.00018836 0.00745073
v -0.05712873 0.00023142 -0.00251004
v -0.05657912 -0.00165782 0.00114342
v -0.05697935 -0.00093325 0.00080299
v -0.05673510 -0.00097786 0.00145857
v -0.05713484 0.00204081 -0.00608646
v -0.05692782 0.00197801 0.00081015
v -0.05666625 0.00230362 0.00141028
v -0.05717048 0.00449935 -0.02051603
v -0.05713233 0.00268795 -0.00639515
v -0.05637570 0.00357377 0.00714760
v -0.05676198 0.00272546 -0.00487499
v -0.05670441 0.00270710 0.00083543
v -0.05620208 0.00329781 -0.00514206
v -0.05667558 0.00498885 -0.00586169
v -0.05707302 0.00440680 -0.00640119
v -0.05610806 0.00492975 0.00698407
v -0.05688237 0.00538058 -0.02016843
v -0.05676823 0.00515891 -0.01960662
v -0.05683985 0.00511521 -0.01361991
v -0.05677130 0.00507121 -0.00638634
v -0.05718310 0.00696724 -0.03290236
v -0.05575184 0.00616826 -0.01941015
v -0.05706669 0.00684914 -0.02084330
v -0.05689373 0.00760135 -0.03418716
v -0.05674374 0.00752818 -0.02084021
v -0.05642775 0.00751590 -0.02025093
v -0.05566432 0.00891163 -0.00850898
v -0.05629606 0.01073210 -0.03318204
v -0.05602658 0.02187943 -0.03978534
v -0.05408069 0.02443604 -0.03998947
v -0.05591380 0.02758248 -0.05009458
v -0.05653360 0.02736072 -0.04804259
v -0.05572119 0.02884416 -0.05562796
v -0.05575330 0.02924627 -0.05622245
v -0.05650491 0.02889792 -0.04043238
v -0.05643717 0.02900155 -0.04003851
v -0.05659026 0.03029411 -0.04677606
v -0.05617166 0.03098968 -0.05158948
v -0.05647274 0.03257953 -0.05617921
v -0.05544422 -0.03034288 -0.04669478
v -0.05602174 -0.03099561 -0.05719835
v -0.05572038 -0.03067711 -0.05624210
v -0.05574558 -0.02996652 -0.05862253
v -0.05588685 -0.02975005 -0.05579645
v -0.05543058 -0.02959676 -0.04397590
v -0.05632964 -0.02858882 -0.05416981
v -0.05613882 -0.02854729 -0.04959049
v -0.05581466 -0.02822210 -0.04898703
v -0.05623943 -0.02732462 -0.04870208
v -0.05552749 -0.02688052 -0.04815335
v -0.05625253 -0.02615906 -0.04235654
v -0.05566992 -0.01036874 -0.03319239
v -0.05570878 -0.00974188 -0.02691055
v -0.05571487 -0.00759680 -0.03417037
v -0.05639218 -0.00695696 -0.03411769
v -0.05531935 -0.00731793 0.00398059
v -0.05619697 -0.00696843 -0.01598661
v -0.05549192 -0.00606796 -0.01463941
v -0.05433859 -0.00730554 0.00835317
v -0.05530914 -0.00409964 0.00930364
v -0.05597360 -0.00454392 -0.00611876
v -0.05619813 -0.00452076 -0.00154115
v -0.05574626 -0.00321868 -0.00044088
v -0.05593342 -0.00209888 0.00101889
v -0.05569330 0.00019080 0.00956954
v -0.05622414 -0.00103467 0.00182712
v -0.05621670 0.00205397 0.00182178
v -0.05548250 0.00338207 0.00928148
v -0.05596349 0.00310855 -0.00392220
v -0.05621106 0.00309695 0.00087328
v -0.05586939 0.00272692 0.00151886
v -0.05616729 0.00412537 -0.00541110
v -0.05572324 0.00309054 0.00047895
v -0.05631899 0.00542661 -0.01867403
v -0.05623046 0.00549984 -0.00635702
v -0.05626089 0.00650250 -0.01985168
v -0.05596624 0.00549450 -0.01806426
v -0.05596970 0.00552251 -0.00720684
v -0.05582470 0.00636430 0.00497389
v -0.05559767 0.00776322 0.00164328
v -0.05612720 0.00791486 -0.03399791
v -0.05620157 0.00792369 -0.02082101
v -0.05542064 0.00887491 -0.03426361
v -0.05567397 0.01034764 -0.02256168
v -0.05507632 0.01045849 -0.01643381
v -0.05565345 0.01139940 -0.03214061
v -0.05029306 0.01369588 -0.03355233
v -0.05473523 0.02392336 -0.03929781
v -0.05565882 0.02712521 -0.04649828
v -0.05533910 0.02712352 -0.04234752
v -0.05149937 0.03086577 -0.05991908
v -0.05573894 0.02788884 -0.05346836
v -0.05589091 0.02913571 -0.04380174
v -0.05185313 0.02957302 -0.03573942
v -0.05573381 0.03256393 -0.05727687
v -0.05412324 0.03153088 -0.03478186
v -0.05577426 0.03346212 -0.05985154
v -0.05548148 -0.03120699 -0.05030406
v -0.05116471 -0.03148196 -0.03396162
v -0.05207266 -0.03109900 -0.03369416
v -0.05334620 -0.03190294 -0.05975097
v -0.05507983 -0.03060203 -0.05818048
v -0.05532317 -0.03100394 -0.05720664
v -0.05500371 -0.03025543 -0.05615274
v -0.05475235 -0.02956382 -0.05594518
v -0.05516689 -0.02871376 -0.04010495
v -0.05506115 -0.02882160 -0.05432948
v -0.05523494 -0.02854109 -0.04995620
v -0.05452015 -0.02767353 -0.05863055
v -0.05499253 -0.02756608 -0.04880331
v -0.05517291 -0.02650397 -0.04705062
v -0.05522015 -0.02642750 -0.04293422
v -0.05526147 -0.02613405 -0.04126746
v -0.04854981 -0.01289283 -0.03407699
v -0.05468370 -0.01264919 -0.03935900
v -0.05339250 -0.01180383 -0.03407363
v -0.05488463 -0.01110881 -0.03345126
v -0.05511496 -0.00975169 -0.01849609
v -0.05355848 -0.01032283 -0.00622118
v -0.05452960 -0.00853691 0.00288344
v -0.05495149 -0.00728837 0.00697783
v -0.05551873 -0.00708074 -0.03172751
v -0.05537614 -0.00727365 -0.02569066
v -0.05570950 -0.00697082 -0.01596811
v -0.05538098 -0.00690502 -0.01538926
v -0.05583398 -0.00693111 -0.03102265
v -0.05506789 -0.00576332 -0.01336198
v -0.05526990 -0.00521890 -0.01218998
v -0.05470436 -0.00570308 -0.00676933
v -0.05530679 -0.00506267 -0.00979132
v -0.05504352 -0.00514947 -0.00305762
v -0.05576816 -0.00452779 -0.00152122
v -0.05537915 -0.00449798 -0.00106488
v -0.05522432 -0.00321731 0.00965174
v -0.05508836 -0.00231008 0.00153930
v -0.05516755 -0.00149422 0.00195679
v -0.05566503 -0.00104477 0.00183460
v -0.05521964 0.00244027 0.00184576
v -0.05523654 0.00339314 0.00964151
v -0.05531414 0.00376968 -0.00359591
v -0.05512517 0.00372613 0.00029379
v -0.05514638 0.00545655 -0.00540188
v -0.05498402 0.00524262 0.00940515
v -0.05570517 0.00536248 -0.00599914
v -0.05531595 0.00605378 -0.01799752
v -0.05526384 0.00600679 -0.01595914
v -0.05523702 0.00620949 -0.01335905
v -0.05527695 0.00601721 -0.00688762
v -0.05498275 0.00773661 0.00681053
v -0.05438932 0.00713311 0.00898511
v -0.05524495 0.00740737 -0.01977133
v -0.05562974 0.00792054 -0.03162618
v -0.05538941 0.00797534 -0.02073889
v -0.05534128 0.00860173 -0.03405040
v -0.05452646 0.00967652 -0.00065492
v -0.05425237 0.01014201 -0.00245329
v -0.05476533 0.01123900 -0.02280953
v -0.05321658 0.01322463 -0.03353367
v -0.05310368 0.01302614 -0.03407425
v -0.05387297 0.02173924 -0.03983121
v -0.05206701 0.02690074 -0.04098515
v -0.05439130 0.02776813 -0.05465660
v -0.05465341 0.02742376 -0.05345195
v -0.05528081 0.02796480 -0.04007221
v -0.05512553 0.02873631 -0.04628269
v -0.05493709 0.02823510 -0.03993465
v -0.05504655 0.02998029 -0.05343837
v -0.05302678 0.03198862 -0.05988083
v -0.05450772 0.03081035 -0.05661069
v -0.05442091 -0.03159879 -0.05573084
v -0.05476818 -0.03103261 -0.05182474
v -0.05465351 -0.03068282 -0.05723106
v -0.05468770 -0.02968561 -0.05821812
v -0.05432635 -0.02997198 -0.05723357
v -0.05463110 -0.02953189 -0.04490228
v -0.05421697 -0.02912958 -0.05777243
v -0.05471732 -0.02867787 -0.04061370
v -0.05392238 -0.02908097 -0.05656961
v -0.05440538 -0.02825077 -0.05212582
v -0.05484521 -0.02812906 -0.04908878
v -0.03568288 -0.02841652 -0.03409490
v -0.05398779 -0.02758028 -0.05003103
v -0.05442855 -0.02689678 -0.04826411
v -0.05450140 -0.02639220 -0.04213645
v -0.05366841 -0.02568915 -0.04050598
v -0.05267375 -0.01260525 -0.03362095
v -0.05409032 -0.01121027 -0.02693577
v -0.05390562 -0.01089648 -0.01894132
v -0.05383929 -0.00986023 -0.03423448
v -0.05472876 -0.00881012 -0.03427078
v -0.05487157 -0.00771429 -0.03203292
v -0.05446754 -0.00796572 0.00713249
v -0.05471223 -0.00801141 -0.02872329
v -0.05486652 -0.00768937 -0.01870113
v -0.05473009 -0.00795685 -0.01742050
v -0.05472843 -0.00706862 -0.01395305
v -0.05472235 -0.00610162 -0.01143989
v -0.05374739 -0.00724708 0.00946262
v -0.05472964 -0.00474143 0.00014566
v -0.05378870 -0.00441472 0.01061038
v -0.05470014 -0.00248686 0.00257204
v -0.05417440 -0.00237613 0.01065728
v -0.05502342 0.00080398 0.00248393
v -0.05448229 0.00042136 0.01067296
v -0.05467896 0.00158155 0.00351444
v -0.05472738 0.00352132 0.00273777
v -0.05413713 0.00312521 0.01066689
v -0.05486048 0.00482368 -0.00374750
v -0.05472411 0.00468609 0.00112412
v -0.05474551 0.00617783 -0.00475131
v -0.05473697 0.00680916 -0.01776215
v -0.05473730 0.00700360 -0.00620482
v -0.05468481 0.00740421 -0.01847134
v -0.05481628 0.00859926 -0.03198700
v -0.05482967 0.00864692 -0.02651226
v -0.05477511 0.00877797 -0.02252773
v -0.05472130 0.00857131 -0.01996961
v -0.05383171 0.00947707 0.00665043
v -0.05477287 0.00935674 -0.03402811
v -0.05418283 0.01024252 -0.03428372
v -0.05475624 0.01219034 -0.03307925
v -0.04660683 0.01315267 -0.03406680
v -0.04632195 0.02802660 -0.03348208
v -0.05438635 0.02716139 -0.05172342
v -0.04965137 0.02839557 -0.03935641
v -0.05459323 0.02917209 -0.05253236
v -0.05445376 0.02962931 -0.05428611
v -0.05464229 0.03285417 -0.05988072
v -0.04974996 0.03141129 -0.03368818
v -0.05338835 -0.03101791 -0.05694016
v -0.05276399 -0.02882384 -0.05132839
v -0.05396203 -0.02812836 -0.04040374
v -0.05362762 -0.02862712 -0.05428960
v -0.05344966 -0.02770083 -0.04010000
v -0.05337916 -0.02821995 -0.05827367
v -0.05361181 -0.02811343 -0.05313815
v -0.05389306 -0.02706339 -0.04907757
v -0.05373565 -0.02641804 -0.04689994
v -0.05409933 -0.02646327 -0.04325142
v -0.03250858 -0.02252597 -0.05977262
v -0.05271356 -0.02511605 -0.04016123
v -0.05341064 -0.01212031 -0.03354508
v -0.05292029 -0.00854133 -0.03957922
v -0.05411937 -0.00935311 -0.03402609
v -0.05355963 -0.00979613 0.00103609
v -0.05444175 -0.00906316 -0.03209061
v -0.05438004 -0.00898978 -0.00879099
v -0.05403885 -0.00897983 -0.00821495
v -0.05343251 -0.00911333 0.00725362
v -0.05472233 -0.00842901 -0.03108274
v -0.05474584 -0.00837947 -0.00878217
v -0.05442776 -0.00841207 -0.00816081
v -0.05448205 -0.00691708 -0.00812369
v -0.05377350 -0.00747546 -0.00765775
v -0.05469971 -0.00603689 -0.00753948
v -0.05435697 -0.00665372 -0.00749425
v -0.05442246 -0.00661156 0.00582528
v -0.05405872 -0.00656597 0.00639348
v -0.05473875 -0.00594966 0.00582230
v -0.05441753 -0.00596519 0.00644019
v -0.05470757 -0.00554309 -0.00182378
v -0.05475436 -0.00443115 0.00580988
v -0.05418981 -0.00442353 0.00725551
v -0.05430706 -0.00407259 0.00871093
v -0.05473659 -0.00353297 0.00816273
v -0.05441780 -0.00354207 0.00881482
v -0.05473592 0.00007295 0.00815850
v -0.05474740 0.00466395 0.00611037
v -0.05441616 0.00451447 0.00882149
v -0.05473892 0.00450163 0.00817778
v -0.05367640 0.00511705 0.01059675
v -0.05448889 0.00544677 0.00645228
v -0.05436975 0.00517975 0.00702378
v -0.05430951 0.00504208 0.00871846
v -0.05380672 0.00605146 0.00699467
v -0.05294418 0.00773660 0.01005071
v -0.05473161 0.00694320 0.00581271
v -0.05434863 0.00721254 0.00639921
v -0.05474849 0.00818717 -0.00636057
v -0.05446743 0.00786268 -0.00570234
v -0.05434460 0.00761762 -0.00514189
v -0.05439862 0.00757535 0.00580631
v -0.05474312 0.00939348 -0.01833565
v -0.05330612 0.00828935 -0.00495998
v -0.05350430 0.00882965 0.00857959
v -0.05326772 0.00830762 0.00944468
v -0.05438821 0.00936573 -0.00575812
v -0.05469613 0.00934493 -0.00639324
v -0.05444061 0.01000306 -0.03373055
v -0.05441645 0.00999203 -0.02305381
v -0.05430054 0.00995268 -0.00640302
v -0.05397512 0.00993199 -0.00582004
v -0.05325623 0.01071562 0.00042427
v -0.05386343 0.01128179 -0.01357200
v -0.05261621 0.01236252 -0.01915340
v -0.05310808 0.01248893 -0.02514612
v -0.05213602 0.02237248 -0.03933344
v -0.04874124 0.02367572 -0.04013944
v -0.05183105 0.02712783 -0.04236329
v -0.05392060 0.02804619 -0.04766292
v -0.05433470 0.02776277 -0.04304364
v -0.05337603 0.02749117 -0.04009173
v -0.05408465 0.02881711 -0.05216844
v -0.05149527 0.02951188 -0.05752589
v -0.05336053 0.02912205 -0.05393431
v -0.05385509 0.03072666 -0.05719588
v -0.05280562 0.03112281 -0.03992114
v -0.05367740 0.03172589 -0.05911242
v -0.05038090 0.03182122 -0.03901030
v -0.04268377 -0.03104682 -0.03833546
v -0.04789887 -0.02754459 -0.04002994
v -0.05312432 -0.02862374 -0.05767734
v -0.05276475 -0.02866691 -0.05628791
v -0.05255816 -0.02679777 -0.05165208
v -0.05316829 -0.02655198 -0.04884696
v -0.05352897 -0.02616793 -0.04146272
v -0.05308845 -0.02621063 -0.04351600
v -0.05126889 -0.01570641 -0.03994810
v -0.05186175 -0.01148377 -0.03991859
v -0.05292897 -0.01156907 -0.01914562
v -0.05300227 -0.00998863 0.00448544
v -0.05369215 -0.00937175 -0.03233767
v -0.05377575 -0.00937272 -0.00878160
v -0.05253744 -0.00902714 0.00898444
v -0.05352471 -0.00837894 -0.00782461
v -0.05385861 -0.00687693 -0.00663130
v -0.05341388 -0.00685451 -0.00611603
v -0.05381088 -0.00696017 0.00582046
v -0.05357957 -0.00566039 0.00685956
v -0.05380839 -0.00354450 0.00915846
v -0.05368201 0.00044318 0.01120650
v -0.05380116 0.00454202 0.00915709
v -0.05308855 0.00334681 0.01127973
v -0.05378831 0.00548106 0.00791352
v -0.05315631 0.00522597 0.00880803
v -0.05352235 0.00697741 0.00678389
v -0.05360087 0.00785470 -0.00448098
v -0.05379208 0.00791405 0.00580167
v -0.05378733 0.00759852 0.00644462
v -0.05383200 0.00897699 -0.00541873
v -0.05380536 0.01029376 -0.03342522
v -0.05377061 0.01030745 -0.01503661
v -0.05369231 0.01030894 -0.00639622
v -0.05217142 0.01009092 0.00847429
v -0.05285761 0.01196601 -0.01483981
v -0.05177988 0.02665702 -0.04048045
v -0.05188423 0.02731447 -0.05374466
v -0.05242661 0.02806276 -0.05519345
v -0.05336339 0.02759988 -0.04356622
v -0.05244899 0.02925940 -0.05622435
v -0.05319748 0.02833773 -0.05049707
v -0.05222038 -0.03016697 -0.05696212
v -0.04116759 -0.03065139 -0.03898804
v -0.05286019 -0.02825164 -0.05375169
v -0.05276754 -0.02710881 -0.04122549
v -0.05259527 -0.02739765 -0.05284987
v -0.04310889 -0.02696137 -0.03361337
v -0.05230158 -0.02624055 -0.04827599
v -0.04539091 -0.02477115 -0.03934043
v -0.04914422 -0.02495882 -0.04010025
v -0.04452972 -0.02378516 -0.04005903
v -0.05229786 -0.01103614 -0.03928083
v -0.05231532 -0.01226529 -0.02762691
v -0.05218273 -0.01151542 -0.00974303
v -0.05201226 -0.01154228 -0.03419777
v -0.05329447 -0.00983429 -0.03399437
v -0.05248433 -0.01008963 0.00699491
v -0.05345701 -0.00931993 -0.03045940
v -0.05295907 -0.00968372 -0.02297065
v -0.05344891 -0.00938880 -0.01297056
v -0.05237378 -0.01003642 -0.01120465
v -0.05279528 -0.00944033 -0.01004613
v -0.05251015 -0.00867235 -0.00783118
v -0.05239372 -0.00742393 -0.03979732
v -0.05308855 -0.00743373 -0.00712669
v -0.05214380 -0.00680593 0.01067013
v -0.05304008 -0.00699507 -0.00391198
v -0.05313021 -0.00707304 0.00210308
v -0.05333252 -0.00694581 0.00581057
v -0.05289897 -0.00675284 0.00657824
v -0.05285182 -0.00546252 0.00777981
v -0.05213419 -0.00442417 0.01142405
v -0.05219700 -0.00403844 0.00980356
v -0.05306685 -0.00394796 0.00904787
v -0.05326751 -0.00275691 0.00923121
v -0.05240348 -0.00202096 0.01163584
v -0.05315446 0.00228006 0.00917872
v -0.05275721 0.00454895 0.00918355
v -0.05273165 0.00573806 0.00851157
v -0.05289599 0.00792062 0.00529667
v -0.05287150 0.00813527 -0.00376200
v -0.05226290 0.00980493 -0.00553240
v -0.05324616 0.01032544 -0.03280805
v -0.05320492 0.01036467 -0.02386550
v -0.05298838 0.01028370 -0.02025936
v -0.05212324 0.01032952 -0.00622576
v -0.05295058 0.01133238 -0.03426180
v -0.05291063 0.01104694 -0.03399377
v -0.05217902 0.01074434 0.00670540
v -0.05206083 0.01158844 -0.00272503
v -0.05288715 0.01326420 -0.03342452
v -0.05181259 0.02117590 -0.03982281
v -0.05148749 0.02581629 -0.04010686
v -0.05217235 0.02766527 -0.04005967
v -0.05306824 0.02779463 -0.04673004
v -0.05011973 0.03017082 -0.03993544
v -0.05283814 0.03103441 -0.05817595
v -0.05183146 -0.02897225 -0.05418682
v -0.05199998 -0.02846911 -0.05202942
v -0.04816210 -0.02866696 -0.05775397
v -0.05194793 -0.02790601 -0.04939522
v -0.05145997 -0.02752687 -0.05329545
v -0.05187058 -0.02709335 -0.04496754
v -0.05181408 -0.02650301 -0.04038880
v -0.05089849 -0.02620135 -0.04503484
v -0.04972561 -0.02601831 -0.04191936
v -0.05168972 -0.01272338 -0.03329618
v -0.05139006 -0.01191972 -0.01067807
v -0.05255548 -0.01068461 -0.03411383
v -0.05234716 -0.01074805 -0.03315087
v -0.05246151 -0.01012559 -0.03201178
v -0.05260064 -0.00996867 -0.02678818
v -0.05251220 -0.01013857 -0.01699192
v -0.05209790 -0.00885405 -0.03931785
v -0.05163207 -0.00935618 0.00938500
v -0.05224578 -0.00838339 -0.00686801
v -0.05233664 -0.00757046 -0.00466166
v -0.05238869 -0.00761913 0.00209944
v -0.05230363 -0.00751521 0.00557178
v -0.05232030 -0.00709837 0.00739918
v -0.05231340 -0.00839997 0.00818112
v -0.05216785 -0.00578032 0.00865972
v -0.05265394 -0.00251664 0.00969428
v -0.05227494 0.00050847 0.01037000
v -0.05230885 0.00054410 0.01176209
v -0.05247382 0.00202394 0.00984663
v -0.05240939 0.00311143 0.01158600
v -0.05248489 0.00365583 0.00944892
v -0.05224045 0.00549489 0.01129195
v -0.05218951 0.00639355 0.00864108
v -0.05245905 0.00721108 0.00728551
v -0.05213913 0.00762709 0.01064784
v -0.04668821 0.01208298 -0.05865437
v -0.05237446 0.00860126 0.00384833
v -0.05230572 0.00808420 0.00615778
v -0.05226493 0.00926063 -0.00430070
v -0.05223956 0.00897981 -0.00354209
v -0.05192362 0.01023494 -0.01900580
v -0.05235461 0.01102295 -0.03166411
v -0.05253680 0.01105291 -0.02459717
v -0.05240644 0.01096732 -0.02076466
v -0.05203486 0.01124035 0.00350416
v -0.05232237 0.01175265 -0.03398632
v -0.05212478 0.01203592 -0.01093390
v -0.05222374 0.01294841 -0.02796131
v -0.04439762 0.01352475 -0.03406951
v -0.04726818 0.02630053 -0.05866647
v -0.05162770 0.02714539 -0.05215434
v -0.05265432 0.02813355 -0.04896183
v -0.05235629 0.02761115 -0.04290294
v -0.05237575 0.02884055 -0.05237758
v -0.05212626 0.02825363 -0.04775125
v -0.05019493 0.02963237 -0.04003065
v -0.05097402 0.02915769 -0.05824176
v -0.05004485 0.02945177 -0.05690536
v -0.05220716 0.02962759 -0.05489452
v -0.04912196 0.02921059 -0.03440003
v -0.05256953 0.03166415 -0.05914980
v -0.04854305 0.03161635 -0.03978724
v -0.04789023 0.03183603 -0.03450436
v -0.04870071 0.03167307 -0.03400455
v -0.05233818 0.03247113 -0.05988479
v -0.05071905 -0.03063939 -0.05978127
v -0.05061175 -0.02854630 -0.05456854
v -0.05172374 -0.02690903 -0.05215274
v -0.05162906 -0.02643756 -0.04011219
v -0.05171970 -0.02652092 -0.05102732
v -0.04968475 -0.01315633 -0.03362919
v -0.05132717 -0.01147693 -0.00091804
v -0.05194788 -0.01144741 -0.02319812
v -0.05189348 -0.01134676 -0.01120191
v -0.05189942 -0.01105024 -0.01061768
v -0.05162990 -0.01095496 0.00459343
v -0.05084260 -0.01113108 0.00694315
v -0.05232851 -0.01079500 -0.01118632
v -0.05230376 -0.01042760 -0.02650371
v -0.05197151 -0.00997201 -0.01022299
v -0.05138108 -0.00937107 -0.00835615
v -0.04721236 -0.00755208 -0.03995340
v -0.05197220 -0.00902958 -0.00787081
v -0.05199902 -0.00903772 0.00301595
v -0.05196456 -0.00902344 0.00816951
v -0.05197569 -0.00839183 0.00882276
v -0.03779943 -0.01231164 -0.05977820
v -0.04983999 -0.00708050 -0.03930996
v -0.05112600 -0.00665529 -0.03986175
v -0.05138839 -0.00520882 0.00948597
v -0.05190203 -0.00413589 0.01085026
v -0.05227852 -0.00351708 0.01064076
v -0.05195200 -0.00349799 0.01113218
v -0.05195586 0.00206930 0.01118351
v -0.05227412 0.00207903 0.01065360
v -0.05185817 0.00261723 0.01110671
v -0.05179952 0.00315653 0.01019358
v -0.05171672 0.00581405 0.00921567
v -0.05187015 0.00747341 0.00874582
v -0.05147496 0.00783277 0.00777607
v -0.05090434 0.00849386 0.00728126
v -0.05229836 0.00937875 0.00579622
v -0.05168056 0.00909120 0.00660289
v -0.05103831 0.00880322 0.01042313
v -0.05197934 0.00995471 -0.00470630
v -0.05197638 0.00998854 0.00579859
v -0.05160331 0.00993955 0.00637810
v -0.05138522 0.01007399 0.00924537
v -0.05171014 0.01110878 -0.02001692
v -0.05232757 0.01180342 -0.02082967
v -0.05187785 0.01199976 -0.02028307
v -0.05199236 0.01247553 -0.03418790
v -0.05189593 0.01225863 -0.02087410
v -0.05185342 0.01242639 -0.01693192
v -0.05126615 0.01273413 -0.03416081
v -0.03182429 0.02748925 -0.05988705
v -0.04731635 0.01955401 -0.05864648
v -0.04932406 0.02125632 -0.03932137
v -0.05142380 0.02803825 -0.04037614
v -0.05164396 0.02905827 -0.04885550
v -0.05103601 0.02876663 -0.04004855
v -0.04992634 0.02911727 -0.03891277
v -0.05168825 0.02975715 -0.05344386
v -0.05216676 0.03075933 -0.05716262
v -0.05147079 0.03248357 -0.05773023
v -0.04724341 0.03198182 -0.03652734
v -0.05141740 0.03367721 -0.05986787
v -0.04198905 -0.03167257 -0.04006191
v -0.03280700 -0.03072923 -0.03363339
v -0.05093173 -0.02874597 -0.05371791
v -0.04780695 -0.02824972 -0.05830723
v -0.05121170 -0.02801142 -0.05083825
v -0.05126965 -0.02691725 -0.04481600
v -0.04731121 -0.02754446 -0.05862386
v -0.04989233 -0.02624624 -0.04932068
v -0.04850116 -0.02567593 -0.04055494
v -0.05064928 -0.01231824 -0.01568933
v -0.05127905 -0.01180464 -0.03419227
v -0.05064704 -0.01153504 0.00368275
v -0.05123121 -0.01176800 -0.01731770
v -0.05119457 -0.01170074 -0.01119934
v -0.05126669 -0.01142345 -0.01056315
v -0.05102991 -0.01094363 -0.01022662
v -0.05103422 -0.00990581 -0.00963514
v -0.05108602 -0.00933328 0.00256069
v -0.05138441 -0.00933828 0.00287614
v -0.05133742 -0.00936504 0.00819113
v -0.05132760 -0.00901772 0.00882080
v -0.05134642 -0.00840285 0.00915242
v -0.04958612 -0.00822739 0.01073900
v -0.05141847 -0.00638528 0.00917838
v -0.05033715 -0.00493519 0.01158537
v -0.05071875 -0.00453355 0.01035825
v -0.05132892 -0.00453470 0.01065939
v -0.05072357 -0.00421548 0.01116157
v -0.05129587 -0.00350455 0.01135229
v -0.05133967 0.00022984 0.01148623
v -0.05048282 0.00331847 0.01076977
v -0.05044611 0.00567301 0.01165700
v -0.05094999 0.00705683 0.00919436
v -0.05035591 0.00801778 0.00851139
v -0.05031616 0.00965823 0.00673188
v -0.05002971 0.01022361 -0.01356350
v -0.05136278 0.01031920 -0.00515574
v -0.05135232 0.01031291 0.00579776
v -0.04996250 0.00997844 0.01008080
v -0.05047658 0.01061594 -0.01947852
v -0.05010069 0.01055177 0.00943748
v -0.04984918 0.01121487 0.00835360
v -0.05094915 0.01180458 -0.01989779
v -0.05080552 0.01195550 -0.00265910
v -0.04971166 0.01162300 0.00695181
v -0.05112168 0.01247116 -0.02090898
v -0.05086214 0.01229340 -0.02026402
v -0.04996339 0.01253721 -0.01249946
v -0.04977795 0.01325634 -0.02708917
v -0.04977000 0.01286469 -0.01891257
v -0.04965544 0.02023500 -0.03987105
v -0.05039156 0.02704402 -0.05053043
v -0.05069752 0.02705992 -0.04235687
v -0.05113420 0.02773601 -0.05478463
v -0.05100648 0.02833324 -0.05557019
v -0.05114624 0.02985388 -0.04716514
v -0.05082785 0.02954233 -0.04212784
v -0.05121572 0.03078534 -0.05276409
v -0.05074839 0.03050144 -0.04760574
v -0.05078743 0.03147553 -0.05245013
v -0.04789443 0.03108951 -0.03998918
v -0.05086258 0.03243676 -0.05562557
v -0.05080396 0.03405094 -0.05984494
v -0.05042620 0.03325309 -0.05698951
v -0.04489659 -0.03173989 -0.03983994
v -0.04727369 -0.03183039 -0.03585191
v -0.04620405 -0.03109322 -0.04010199
v -0.04983063 -0.03061597 -0.05978750
v -0.02636937 -0.03071153 -0.03444174
v -0.04873070 -0.02804912 -0.05357095
v -0.05000836 -0.02704244 -0.04606022
v -0.05032918 -0.02627167 -0.04103820
v -0.04837950 -0.02643633 -0.04011258
v -0.04068478 -0.02543354 -0.05862517
v -0.04977228 -0.01304016 -0.03346403
v -0.04939888 -0.01292765 -0.02885087
v -0.05039857 -0.01196856 -0.00344877
v -0.04957322 -0.01161378 0.00691867
v -0.04967754 -0.01033592 0.00940908
v -0.04654875 -0.01037262 -0.03932491
v -0.05021042 -0.01094329 -0.00983874
v -0.05062955 -0.00983515 -0.00811887
v -0.05022489 -0.01001755 -0.00107084
v -0.05099036 -0.00934493 0.00550973
v -0.04998429 -0.00938290 0.00743689
v -0.04988638 -0.00716801 0.01106701
v -0.05045947 0.00024736 0.01196006
v -0.04922108 0.00218183 0.01152057
v -0.03138388 -0.00364243 -0.05982800
v -0.05017560 0.00275426 0.01118997
v -0.04979609 0.00383336 0.01100174
v -0.04975274 0.00537345 0.01032117
v -0.04848032 0.00572584 0.01179165
v -0.04906133 0.01021502 -0.01924494
v -0.04984461 0.01032370 0.00579310
v -0.04971697 0.01265885 -0.02332759
v -0.05048706 0.01261084 -0.02301487
v -0.04966754 0.01222921 -0.00394677
v -0.05027991 0.02642822 -0.04065828
v -0.04975029 0.02760879 -0.05385798
v -0.05033056 0.02941008 -0.04043523
v -0.04913297 0.02955393 -0.03473801
v -0.05034527 0.02969701 -0.03590267
v -0.04996343 0.03066589 -0.04606283
v -0.05030506 0.03136001 -0.05060712
v -0.04994679 0.03231206 -0.05384655
v -0.04976293 -0.03028632 -0.05852391
v -0.04965012 -0.02954470 -0.05623589
v -0.04951395 -0.02862051 -0.05298879
v -0.04779507 -0.02860589 -0.05447603
v -0.04919687 -0.02774674 -0.04901792
v -0.04204921 -0.02770711 -0.03937879
v -0.04981572 -0.02703411 -0.05213308
v -0.04977435 -0.02649405 -0.05059475
v -0.04893727 -0.01252526 -0.01149769
v -0.04823329 -0.01231927 0.00105733
v -0.04932942 -0.01190584 0.00455259
v -0.04813283 -0.01180154 -0.03420184
v -0.04907297 -0.01182145 -0.01119742
v -0.04881706 -0.01182026 -0.01060122
v -0.04993437 -0.01090874 -0.00933274
v -0.04988089 -0.01057844 -0.00812775
v -0.05013530 -0.00998387 0.00325861
v -0.04992964 -0.00983404 0.00568463
v -0.04928658 -0.00622531 -0.03986460
v -0.04982375 -0.00515740 0.00984325
v -0.04975630 -0.00307008 0.01180601
v -0.04994492 0.00697939 0.00939485
v -0.05016538 0.00828338 0.01102022
v -0.04975883 0.00878401 0.00854850
v -0.04954414 0.00996367 0.00773355
v -0.04959721 0.01094220 -0.02024658
v -0.04954602 0.01155421 -0.02083541
v -0.04923216 0.01146350 -0.02174889
v -0.05000880 0.01225325 -0.02034403
v -0.04963052 0.01191933 0.00362847
v -0.04968976 0.01239417 -0.02263610
v -0.04897966 0.02483945 -0.04053061
v -0.04974568 0.02651602 -0.04196099
v -0.04955553 0.02670462 -0.04966506
v -0.04973623 0.02661998 -0.04353138
v -0.04840780 0.02919170 -0.05626608
v -0.04927893 0.02824197 -0.05519503
v -0.04977848 0.03004037 -0.04309120
v -0.04985579 0.02991327 -0.03835333
v -0.04998569 0.02998486 -0.03729961
v -0.04985811 0.03149572 -0.05067297
v -0.04978800 0.03293981 -0.05576393
v -0.04995063 0.03417842 -0.05953623
v -0.04859260 -0.03163075 -0.05976131
v -0.04846815 -0.03002819 -0.05607783
v -0.04880180 -0.02863217 -0.05210590
v -0.04908119 -0.02720064 -0.04632689
v -0.04910917 -0.02653311 -0.04231752
v -0.04818619 -0.02627139 -0.04778235
v -0.04673143 -0.02616681 -0.04167890
v -0.04279470 -0.01746667 -0.04005044
v -0.04540759 -0.01199270 -0.04000524
v -0.04951024 -0.01142382 -0.00991640
v -0.04942396 -0.01135547 0.00581362
v -0.04944387 -0.01105563 0.00641604
v -0.04985505 -0.01082688 -0.00620377
v -0.04989539 -0.01081441 0.00582709
v -0.04988198 -0.01041230 0.00286219
v -0.04930286 -0.00996326 0.00691707
v -0.04827705 -0.00933826 0.00796557
v -0.04623707 -0.00700472 0.00919951
v -0.04875269 -0.00128002 0.01151811
v -0.04912693 0.00065478 0.01199633
v -0.04952463 0.00480859 0.01117377
v -0.04774789 0.00739800 0.01154989
v -0.04881695 0.00823585 0.00920723
v -0.04948970 0.00960682 0.00875661
v -0.04775593 0.00971668 0.01074105
v -0.04540326 0.01029463 -0.00007389
v -0.04821016 0.01272073 -0.03414125
v -0.04835379 0.01253261 -0.02331883
v -0.04792884 0.01238323 -0.01388697
v -0.04901087 0.01353343 -0.03308758
v -0.04872332 0.01980252 -0.03979508
v -0.04853768 0.02549884 -0.04327109
v -0.04855211 0.02509462 -0.04138932
v -0.04862009 0.02704808 -0.05209964
v -0.04724315 0.02713951 -0.05406968
v -0.04709313 0.02858819 -0.05862688
v -0.04917796 0.02930906 -0.04007718
v -0.04942546 0.02930705 -0.03904135
v -0.04931315 0.03029081 -0.03656049
v -0.04922005 0.03114815 -0.05065773
v -0.04960724 0.03064753 -0.04617155
v -0.04946663 0.03102758 -0.03899168
v -0.04981831 0.03104725 -0.03803144
v -0.04938075 0.03149351 -0.03865484
v -0.04934529 0.03145763 -0.03721120
v -0.04919773 0.03254850 -0.05559547
v -0.04926689 0.03360085 -0.05855791
v -0.04933236 0.03393272 -0.05977449
v -0.04793696 -0.02795394 -0.04776038
v -0.04830214 -0.02772444 -0.05264771
v -0.04861863 -0.02669063 -0.05013026
v -0.03960083 -0.01554560 -0.03936211
v -0.04865459 -0.01295889 -0.03331184
v -0.04894604 -0.01267526 -0.01989557
v -0.04779178 -0.01237988 -0.01074280
v -0.04795637 -0.01218740 0.00442406
v -0.04768021 -0.01149760 0.00801784
v -0.04867550 -0.01168232 0.00580536
v -0.04877166 -0.01140822 0.00646730
v -0.04888917 -0.01087135 0.00678720
v -0.04799280 -0.01053843 0.00954345
v -0.04798410 -0.00995845 0.00717714
v -0.04759406 -0.00495348 0.01166109
v -0.04294260 -0.00354540 0.01137249
v -0.04893920 0.00485935 0.01134621
v -0.04763948 0.00546737 0.01109074
v -0.04757553 0.00785645 0.00967668
v -0.04891211 0.00935668 0.00912856
v -0.04564912 0.01024983 -0.01507362
v -0.04891111 0.01028960 0.00819097
v -0.04890800 0.00996946 0.00879606
v -0.04801301 0.01073021 -0.02185321
v -0.04772314 0.01113065 0.00925412
v -0.04816312 0.01147109 -0.02221813
v -0.04813942 0.01208589 0.00385996
v -0.04771173 0.01184069 0.00757181
v -0.04825639 0.01231552 -0.02266811
v -0.04863929 0.01221684 -0.00186758
v -0.04809257 0.01289691 -0.02573275
v -0.04821066 0.02541449 -0.04719109
v -0.04853516 0.02649321 -0.05067304
v -0.04797161 0.02856149 -0.05574899
v -0.04865179 0.02854374 -0.04009790
v -0.04763499 0.02954047 -0.05755157
v -0.04870360 0.02990556 -0.04641263
v -0.04881954 0.02925428 -0.03935452
v -0.04913014 0.02991125 -0.04369799
v -0.04872400 0.03093496 -0.05274977
v -0.04882432 0.03083684 -0.03662373
v -0.04880822 0.03101368 -0.03931983
v -0.04717752 0.03178314 -0.05988077
v -0.04821620 0.03205848 -0.05787067
v -0.04876566 0.03153211 -0.03902882
v -0.04874114 0.03171054 -0.03842660
v -0.04692064 -0.03220942 -0.05676390
v -0.03618809 -0.03203415 -0.03901390
v -0.04790533 -0.03036292 -0.05535782
v -0.04786912 -0.02905153 -0.05128944
v -0.04754079 -0.02914902 -0.05662861
v -0.04759068 -0.02788240 -0.05133557
v -0.04808039 -0.02711554 -0.04410931
v -0.04623891 -0.01214129 -0.02675829
v -0.04767627 -0.01197452 0.00699877
v -0.04829287 -0.01180771 -0.00729145
v -0.04816119 -0.01174215 0.00581319
v -0.04784667 -0.00596026 -0.03930865
v -0.04824164 -0.00578777 -0.03987249
v -0.04398112 -0.00599671 0.00949180
v -0.04767117 -0.00460845 -0.03987651
v -0.04437442 -0.00519080 0.00991222
v -0.04398959 -0.00454375 0.01046138
v -0.03811398 -0.00309987 -0.05865190
v -0.04249376 0.00013270 0.01151539
v -0.04679377 0.00466508 0.01149215
v -0.04764538 0.01027300 -0.02117492
v -0.04590075 0.01274683 -0.03352238
v -0.04572803 0.01929338 -0.03984222
v -0.04633493 0.02001079 -0.03933139
v -0.04751697 0.02462830 -0.04099846
v -0.04785594 0.02433496 -0.04047547
v -0.04762558 0.02547337 -0.04907332
v -0.04802928 0.02675761 -0.05134271
v -0.04594837 0.02711023 -0.05203711
v -0.04781835 0.02735648 -0.04774200
v -0.04816999 0.02751908 -0.04163440
v -0.04801941 0.02730874 -0.04009020
v -0.04778202 0.02876737 -0.05213073
v -0.04845942 0.02899972 -0.04464644
v -0.04837892 0.02969967 -0.05048503
v -0.04712575 0.02761674 -0.04000549
v -0.04778938 0.03029237 -0.05555236
v -0.04798258 0.03010102 -0.03490111
v -0.04732061 0.03149181 -0.03676150
v -0.04681594 -0.03337003 -0.05964374
v -0.03936393 -0.03193937 -0.03950307
v -0.04730921 -0.02824487 -0.04651703
v -0.03194021 -0.03103867 -0.03510545
v -0.04720915 -0.02936361 -0.05819680
v -0.04733830 -0.02713915 -0.04182137
v -0.04751935 -0.02745845 -0.04954896
v -0.04684878 -0.02753308 -0.04023022
v -0.04647765 -0.02816200 -0.04008917
v -0.04747277 -0.02696549 -0.04902360
v -0.04717214 -0.02663077 -0.04836622
v -0.04550955 -0.02612885 -0.04098386
v -0.04028507 -0.02991825 -0.05978366
v -0.04655561 -0.01239183 -0.03349699
v -0.04733271 -0.01228870 -0.00227503
v -0.04740898 -0.01152963 -0.03421047
v -0.04750270 -0.01146549 -0.02714066
v -0.04752924 -0.01139090 -0.00821159
v -0.04728034 -0.01150620 -0.00763329
v -0.04707595 -0.01063501 -0.03422253
v -0.04715089 -0.01083796 -0.02987942
v -0.04717239 -0.01088020 -0.01768699
v -0.04701972 -0.01065840 -0.00936951
v -0.04343168 -0.01059670 0.00677817
v -0.04717446 -0.01045310 -0.03093521
v -0.04751226 -0.00160848 -0.03987616
v -0.04706878 -0.00041620 -0.03988294
v -0.04407083 0.00567240 0.01182954
v -0.04711975 0.00759950 0.01037879
v -0.04610157 0.01025975 -0.02319279
v -0.04569227 0.01028767 -0.00097049
v -0.04705630 0.01098278 -0.02320131
v -0.04715596 0.01159612 -0.03416719
v -0.04706948 0.01129039 -0.02700651
v -0.04746615 0.01146899 -0.02260085
v -0.04712652 0.01182043 -0.03369622
v -0.04714522 0.01178779 -0.02323630
v -0.04746706 0.01244417 -0.03415922
v -0.04763597 0.01224439 -0.02302366
v -0.04698558 0.01247983 -0.02295581
v -0.04726459 0.01202939 -0.00281558
v -0.04728868 0.01316398 -0.03317490
v -0.04695051 0.02508908 -0.04791413
v -0.04724299 0.02484564 -0.04377396
v -0.04739380 0.02606391 -0.05054823
v -0.04727328 0.02691360 -0.04843039
v -0.04770555 0.02678576 -0.04121741
v -0.04745956 0.02675103 -0.04009730
v -0.04744558 0.02770542 -0.05497969
v -0.04732291 0.02735414 -0.04999927
v -0.04725292 0.02832513 -0.05261574
v -0.04711854 0.02976595 -0.05578159
v -0.04591382 0.03061994 -0.05989221
v -0.04748585 0.03077924 -0.03510869
v -0.03916316 0.03208179 -0.03973408
v -0.04582878 -0.03271805 -0.05542244
v -0.04641513 -0.03197434 -0.05428309
v -0.04711478 -0.03026926 -0.05820797
v -0.04719065 -0.03064827 -0.05726716
v -0.04706719 -0.03053704 -0.05640696
v -0.04623494 -0.02968216 -0.04609868
v -0.04753766 -0.03002311 -0.05729186
v -0.04684283 -0.02899787 -0.05554830
v -0.04636289 -0.02874493 -0.05426292
v -0.04721003 -0.02851722 -0.05369032
v -0.04634410 -0.02847959 -0.04232991
v -0.04708835 -0.02809486 -0.04914952
v -0.04668799 -0.02708641 -0.04861609
v -0.04518126 -0.01254616 -0.03362503
v -0.04584773 -0.01203434 -0.01271850
v -0.04496928 -0.01208810 0.00204042
v -0.04581652 -0.01173693 0.00222725
v -0.04713067 -0.01058071 -0.01327165
v -0.04626187 -0.01046825 -0.00837663
v -0.04587286 -0.01057777 0.00959199
v -0.04615339 -0.01007891 -0.03419021
v -0.04651201 -0.01000012 -0.03355689
v -0.04686038 -0.00998642 -0.03170766
v -0.04659718 -0.00989247 -0.02319994
v -0.04657521 -0.00991247 -0.01448440
v -0.04689997 -0.00403616 -0.03931060
v -0.04675809 -0.00068528 -0.03932130
v -0.04622980 0.00241598 -0.03986526
v -0.04702455 0.00742013 0.01105866
v -0.04641506 0.01083502 -0.03398574
v -0.04638872 0.01044631 -0.03290656
v -0.04691339 0.01089351 -0.03131476
v -0.04657489 0.01056746 -0.02411099
v -0.04673198 0.01196496 -0.00853649
v -0.04580688 0.01199648 0.00432714
v -0.04285728 0.01876190 -0.03990491
v -0.04329756 0.02381704 -0.04013044
v -0.04132567 0.02644943 -0.03932590
v -0.04695141 0.02570547 -0.04988067
v -0.04682438 0.02627474 -0.04140638
v -0.04668073 0.02699007 -0.04941865
v -0.04642719 0.02656431 -0.04694069
v -0.04635609 0.02635387 -0.04047715
v -0.04055187 0.02850259 -0.05861485
v -0.04641621 0.02953224 -0.03411211
v -0.04692874 0.03144656 -0.03463325
v -0.04241374 0.03219044 -0.03781221
v -0.04579675 -0.03182689 -0.05211060
v -0.04265048 -0.03126825 -0.05977696
v -0.04567101 -0.03091543 -0.04865589
v -0.04572540 -0.03009962 -0.04574080
v -0.04649528 -0.03063850 -0.05823967
v -0.04651635 -0.03100407 -0.05719981
v -0.04616257 -0.03067776 -0.05623441
v -0.04613402 -0.02996374 -0.05862485
v -0.04658826 -0.02983012 -0.05593041
v -0.04573759 -0.02916843 -0.04235504
v -0.04639986 -0.02828704 -0.05862525
v -0.04655129 -0.02851314 -0.04964611
v -0.04447740 -0.02634309 -0.04658330
v -0.04447029 -0.02639388 -0.04326989
v -0.04555195 -0.02638666 -0.04248319
v -0.04468332 -0.01120566 -0.03359793
v -0.04546406 -0.01196942 -0.00472716
v -0.04314858 -0.01198454 0.00695893
v -0.04570025 -0.01139145 -0.00761586
v -0.04326898 -0.01144415 0.00646584
v -0.04584825 -0.00935629 -0.03170874
v -0.04580530 -0.00937220 -0.02152026
v -0.04560298 -0.00935816 -0.00936170
v -0.02969389 -0.00898724 0.00883950
v -0.04462678 -0.00836859 0.01086497
v -0.04494310 -0.00100647 -0.03997655
v -0.04607330 0.00012231 -0.03932438
v -0.04649455 0.00683160 0.01133855
v -0.04646576 0.00782858 0.01046092
v -0.04586275 0.00846480 0.00958203
v -0.04580296 0.01025247 -0.03416863
v -0.04624556 0.01033999 -0.03040195
v -0.04019043 0.01027803 0.00815865
v -0.04491136 0.01082220 0.00975808
v -0.04613837 0.01190391 -0.01637079
v -0.04533033 0.01184344 0.00108482
v -0.04498773 0.01116358 0.00929495
v -0.04557137 0.01227465 -0.03330773
v -0.04606029 0.01217330 -0.02534980
v -0.04186668 0.02267704 -0.05864408
v -0.04567109 0.02461683 -0.04100056
v -0.04495724 0.02497890 -0.04483353
v -0.04502950 0.02534195 -0.04837492
v -0.04553033 0.02642170 -0.04396845
v -0.04495169 0.02716276 -0.05403075
v -0.04468948 0.02772556 -0.05494061
v -0.04611138 0.02773408 -0.05186212
v -0.04625802 0.02948941 -0.05568868
v -0.04474171 0.02919133 -0.05824833
v -0.04599699 0.03137110 -0.05966845
v -0.04643246 0.03105070 -0.03414557
v -0.04633933 0.03174698 -0.03683773
v -0.04639555 0.03151018 -0.03453778
v -0.04572320 -0.03359698 -0.05913455
v -0.04474926 -0.03323606 -0.05966458
v -0.04424903 -0.03184805 -0.03445922
v -0.04550981 -0.03058088 -0.05816212
v -0.04579680 -0.03099549 -0.05717225
v -0.04543200 -0.03020451 -0.04612442
v -0.04545991 -0.03024467 -0.05613039
v -0.04545990 -0.02906785 -0.05542479
v -0.04548220 -0.02913726 -0.04011845
v -0.04585070 -0.02850216 -0.04962002
v -0.04479507 -0.02775910 -0.05859467
v -0.04555518 -0.02814345 -0.04904966
v -0.04569309 -0.02729518 -0.04867995
v -0.04479175 -0.02699411 -0.04855270
v -0.03945319 -0.02489478 -0.04009773
v -0.04457791 -0.01077389 -0.03408851
v -0.04439546 -0.01187466 -0.00129981
v -0.04479500 -0.01119873 -0.03310957
v -0.04504691 -0.01160946 -0.01014545
v -0.04573154 -0.01168634 -0.00700202
v -0.04530523 -0.01023446 -0.00779165
v -0.04504152 -0.00962101 -0.03422446
v -0.04515391 -0.00924846 -0.03394148
v -0.04582213 -0.00936407 -0.01448283
v -0.04551893 -0.00930157 -0.02193201
v -0.03946036 -0.00840838 0.00915332
v -0.04357291 -0.00752141 0.01111644
v -0.04408050 0.00761281 0.01149916
v -0.04560039 0.01028078 -0.03173745
v -0.04212101 0.01003740 0.01047969
v -0.04573371 0.01161706 -0.00579933
v -0.04530319 0.01195214 0.00706881
v -0.04474250 0.01146097 -0.03218893
v -0.04437851 0.02467431 -0.04065539
v -0.04493351 0.02581087 -0.04983668
v -0.04555374 0.02715684 -0.05013231
v -0.04488351 0.02689537 -0.04884256
v -0.04510700 0.02639556 -0.04103007
v -0.04265008 0.03229108 -0.05991632
v -0.04417214 0.02862981 -0.05574197
v -0.04347564 0.03019211 -0.03996131
v -0.03930938 0.03225087 -0.03924597
v -0.04536360 -0.03285834 -0.05663511
v -0.04504189 -0.03187832 -0.05379651
v -0.04512393 -0.03087401 -0.04949496
v -0.04396656 -0.03176936 -0.03416916
v -0.04507150 -0.03066370 -0.05718645
v -0.04508207 -0.02968900 -0.05820945
v -0.04473958 -0.03000108 -0.05753911
v -0.04478340 -0.02980156 -0.05653447
v -0.04520703 -0.02933522 -0.04315955
v -0.03763055 -0.02990124 -0.03933568
v -0.04469781 -0.02912511 -0.05578292
v -0.04346744 -0.02864334 -0.05421632
v -0.04464135 -0.02860016 -0.05210027
v -0.04496382 -0.02873502 -0.04056094
v -0.04412417 -0.02802608 -0.04011123
v -0.04471976 -0.02815748 -0.05021844
v -0.04479321 -0.02760570 -0.04924347
v -0.04331359 -0.02571271 -0.04050970
v -0.04436652 -0.01080817 -0.02443709
v -0.04513547 -0.01103737 -0.00755943
v -0.04512901 -0.01135283 -0.00700112
v -0.04510596 -0.01141190 0.00112084
v -0.04489557 -0.01171899 0.00266977
v -0.04337501 -0.01171647 0.00431323
v -0.04474052 -0.01080849 -0.00700427
v -0.04464122 -0.01078000 0.00000152
v -0.04322066 -0.01080859 0.00931863
v -0.04506743 -0.00897544 -0.00873929
v -0.04463268 -0.00974902 -0.00740259
v -0.04470504 -0.00808500 -0.03428555
v -0.04501331 -0.00901510 -0.02925613
v -0.04449679 -0.00808062 -0.03397668
v -0.04467873 -0.00842641 -0.03149979
v -0.04473967 -0.00826068 -0.00955755
v -0.04468913 -0.00811737 -0.03026607
v -0.02879234 -0.00449574 0.01066077
v -0.04469429 0.00200453 -0.03937002
v -0.04216315 0.00307550 -0.03996376
v -0.04435904 0.00352730 -0.03983855
v -0.04104074 0.00673500 0.01128453
v -0.04470949 0.00820734 -0.03426042
v -0.04475524 0.00714673 -0.02660207
v -0.04477502 0.00720847 -0.01283740
v -0.04469274 0.00930129 -0.03420268
v -0.04471836 0.00893391 -0.00694497
v -0.04474864 0.00771499 -0.00920921
v -0.04473486 0.00936278 -0.00680093
v -0.04472031 0.00922972 -0.00293829
v -0.04502412 0.00990683 -0.00101226
v -0.04151205 0.00910200 0.00917263
v -0.04496288 0.00999740 -0.03418786
v -0.04504667 0.00995234 -0.00986042
v -0.04497348 0.01122407 -0.02112712
v -0.04509512 0.01123524 -0.00882052
v -0.04434628 0.01126497 -0.00164977
v -0.04291938 0.01191931 0.00516256
v -0.04339797 0.02114933 -0.04003262
v -0.04479771 0.02487137 -0.04226963
v -0.04412676 0.02679919 -0.05133234
v -0.04468866 0.02680965 -0.04008896
v -0.04494318 0.02770561 -0.05156783
v -0.04413005 0.02741167 -0.04008458
v -0.04519626 0.02908278 -0.05472184
v -0.04346032 0.02946947 -0.05690608
v -0.04499174 0.03033701 -0.05693024
v -0.04508725 0.03185583 -0.05988052
v -0.04050684 0.03169551 -0.03995604
v -0.04377982 -0.02829015 -0.04471396
v -0.04331799 -0.02802552 -0.04004710
v -0.04423030 -0.02882357 -0.05768584
v -0.04420127 -0.02905335 -0.05689011
v -0.04387029 -0.02826003 -0.05819798
v -0.04377933 -0.02834154 -0.05142227
v -0.03630202 -0.01041728 -0.03406857
v -0.04451771 -0.01145449 -0.00591752
v -0.04362815 -0.01042165 -0.01630026
v -0.04414804 -0.01094383 0.00133243
v -0.04328581 -0.01136229 0.00197693
v -0.04393858 -0.01038417 -0.02733100
v -0.04469139 -0.01059039 -0.00426847
v -0.04433383 -0.00991200 -0.00600638
v -0.04417066 -0.00990136 -0.00215338
v -0.04410253 -0.00780725 -0.00876666
v -0.04467026 -0.00821232 -0.02442017
v -0.04417283 -0.00745758 -0.03221662
v -0.04416916 -0.00746046 -0.01631411
v -0.03673863 -0.00690998 0.00918209
v -0.04338711 -0.00726347 -0.03418049
v -0.04409580 -0.00750972 -0.02518489
v -0.04448440 0.00662848 -0.03153156
v -0.04345582 0.00544804 -0.03325552
v -0.04412472 0.00602609 -0.02621298
v -0.04376478 0.00646748 -0.03421420
v -0.04448468 0.00697696 -0.03319440
v -0.04468044 0.00683014 -0.02501561
v -0.04434963 0.00634353 -0.02139513
v -0.04429504 0.00641403 -0.01119028
v -0.04429711 0.00666035 -0.00945593
v -0.04468223 0.00682310 -0.01750354
v -0.04415637 0.00778605 -0.00776454
v -0.04100016 0.00782915 0.01063129
v -0.04049596 0.00736261 0.01102401
v -0.04388834 0.00801386 -0.00667924
v -0.04421861 0.00842935 -0.00309682
v -0.04160000 0.00836200 0.00965670
v -0.04362468 0.00919146 -0.03408806
v -0.04330325 0.01027106 0.00013754
v -0.04092334 0.00949051 0.01081263
v -0.04350503 0.01006264 -0.03342872
v -0.04435831 0.01059242 -0.01702250
v -0.04391864 0.01054340 -0.00460998
v -0.04351486 0.01069056 -0.03351252
v -0.04298629 0.01131203 0.00042359
v -0.04254332 0.01173239 0.00285345
v -0.02949293 0.01181463 0.00730962
v -0.04298370 0.01935432 -0.03941302
v -0.04334885 0.02705107 -0.05153802
v -0.04445978 0.02684531 -0.04664981
v -0.04447202 0.02684783 -0.04069586
v -0.04439566 0.02787208 -0.05117640
v -0.04445043 0.02903765 -0.05387114
v -0.04329479 0.02946434 -0.05750441
v -0.04450495 0.03127871 -0.05799459
v -0.04441203 0.03072802 -0.05680176
v -0.03669119 0.03108138 -0.03346012
v -0.04134020 0.03189621 -0.03840147
v -0.04032571 0.03182555 -0.03524097
v -0.04436525 0.03248989 -0.05926682
v -0.04364569 0.03374154 -0.05985600
v -0.04241385 -0.03020818 -0.05748927
v -0.04297600 -0.02896266 -0.05115955
v -0.01829677 -0.03006997 -0.03412391
v -0.04325275 -0.02865208 -0.05674557
v -0.04256251 -0.02850618 -0.05214690
v -0.04333737 -0.02735777 -0.05022611
v -0.04286820 -0.02672529 -0.04923641
v -0.04269105 -0.02636271 -0.04794007
v -0.04321482 -0.02621299 -0.04641534
v -0.04369058 -0.02617304 -0.04167999
v -0.03469010 -0.02437008 -0.03934302
v -0.04239565 -0.01181820 0.00118598
v -0.04013776 -0.01194151 0.00414450
v -0.04353966 -0.01114773 -0.00290579
v -0.04359106 -0.01067820 -0.00971549
v -0.04406134 -0.01060920 -0.03311665
v -0.04358549 -0.00992577 0.00051385
v -0.04300426 -0.00885263 -0.03328112
v -0.04309454 -0.00939828 -0.00058620
v -0.04383703 -0.00875014 -0.00780763
v -0.04325556 -0.00932295 -0.00698300
v -0.04094406 -0.01056138 0.00958694
v -0.04327754 -0.00777774 -0.00807522
v -0.04344015 -0.00698430 -0.03274581
v -0.04335413 -0.00700184 -0.02413793
v -0.04313835 -0.00692802 -0.00918539
v -0.04249374 -0.00686128 -0.00764540
v -0.04344427 0.00245979 -0.03933261
v -0.04321118 0.00548933 -0.03400130
v -0.04347195 0.00544898 -0.02642373
v -0.04348229 0.00544146 -0.01600437
v -0.04339147 0.00554109 -0.00939516
v -0.04262708 0.00512321 -0.00824689
v -0.04339204 0.00665265 -0.00809080
v -0.04138332 0.00786447 0.01018561
v -0.04345169 0.00790377 -0.00246591
v -0.04275347 0.00772412 -0.00124169
v -0.04349510 0.00912198 -0.00091901
v -0.03471726 0.01247164 -0.05865427
v -0.04186773 0.00936917 0.00915886
v -0.04277876 0.00822687 -0.03323580
v -0.04361636 0.01003144 -0.03183178
v -0.04374701 0.00993375 -0.01149492
v -0.04330792 0.01029270 0.00168208
v -0.04105746 0.01156972 0.00834483
v -0.04390875 0.02574422 -0.04876586
v -0.04408138 0.02525505 -0.04318080
v -0.04366762 0.02519974 -0.04167424
v -0.04383986 0.02596441 -0.04957383
v -0.04330516 0.02593232 -0.04651535
v -0.04385999 0.02770963 -0.05438334
v -0.04416048 0.02732552 -0.04414933
v -0.04398047 0.02804031 -0.04817887
v -0.04400218 0.02775549 -0.04559196
v -0.04362160 0.02859656 -0.04006984
v -0.04398021 0.02883158 -0.05071276
v -0.04354339 0.02941502 -0.04447328
v -0.04327273 0.02900359 -0.05587936
v -0.04417834 0.02938178 -0.05329809
v -0.04355315 0.03048655 -0.04983743
v -0.04357417 0.03270159 -0.05659158
v -0.04073832 0.03099224 -0.04000869
v -0.04324096 0.03119484 -0.05151232
v -0.04266190 -0.02861283 -0.05753858
v -0.04278481 -0.02775284 -0.05098182
v -0.04309993 -0.02738758 -0.04251764
v -0.04271367 -0.01132073 0.00232689
v -0.04272158 -0.00819613 -0.03407293
v -0.04310766 -0.01044709 -0.03360292
v -0.04315926 -0.01017455 -0.01035187
v -0.04265597 -0.00992693 0.00133179
v -0.04241564 -0.01047274 0.00203838
v -0.04309347 -0.00915450 -0.02629243
v -0.04301438 -0.00892308 -0.00754939
v -0.04014559 -0.00627283 -0.04006619
v -0.04312126 -0.00701345 -0.03336293
v -0.04306497 -0.00692775 -0.01697739
v -0.03890608 -0.00071732 -0.03936621
v -0.04341067 0.00470431 -0.03986167
v -0.04316560 0.00543891 -0.01926970
v -0.04278402 0.00579015 -0.00791160
v -0.04298196 0.00803421 -0.03986155
v -0.04274783 0.00736155 -0.00750997
v -0.04322316 0.00783613 -0.00699401
v -0.04321646 0.00905116 -0.01940799
v -0.04326644 0.00945590 -0.00832448
v -0.03883488 0.00791337 0.01129974
v -0.04282293 0.00974663 -0.00375650
v -0.04279999 0.00984319 -0.00037293
v -0.04047894 0.00997172 0.00879510
v -0.04272723 0.01008129 -0.00217815
v -0.04296557 0.02511918 -0.04074086
v -0.04296756 0.02650135 -0.04957918
v -0.04325465 0.02790276 -0.05347359
v -0.04309311 0.03010782 -0.04520050
v -0.04284771 0.02930500 -0.04007753
v -0.04279396 0.03268375 -0.05475343
v -0.04297663 0.03371114 -0.05776923
v -0.04272658 0.03439225 -0.05982986
v -0.03620310 -0.03206267 -0.03503679
v -0.04237183 -0.02888067 -0.05269517
v -0.04240353 -0.02829141 -0.04956365
v -0.04112785 -0.02858395 -0.05462702
v -0.04246283 -0.02774877 -0.04701748
v -0.04248872 -0.02711161 -0.04305265
v -0.04259992 -0.02697367 -0.04010709
v -0.04254801 -0.02717411 -0.05024121
v -0.04013193 -0.02626709 -0.04656243
v -0.04216164 -0.01036042 -0.00250421
v -0.04170958 -0.01034973 -0.00160672
v -0.04246550 -0.01124424 0.00357034
v -0.04200711 -0.01145054 0.00436251
v -0.04248220 -0.01171665 0.00508635
v -0.04283795 -0.01041353 -0.00514850
v -0.04053297 -0.01087708 0.00677749
v -0.04228640 -0.00860444 -0.01007736
v -0.04231295 -0.00916920 -0.00025548
v -0.04210691 -0.00729593 -0.03348825
v -0.04254103 -0.00793367 -0.02630675
v -0.04253518 -0.00852328 -0.01642500
v -0.04268647 -0.00893592 -0.00698275
v -0.04257942 -0.00895644 -0.00105418
v -0.04263710 -0.00832614 -0.00760756
v -0.04233101 -0.00828538 -0.00699680
v -0.04230033 -0.00845172 -0.00147591
v -0.04215047 -0.00674531 -0.03308784
v -0.04224572 -0.00713784 -0.00702622
v -0.04227593 -0.00697694 -0.00195743
v -0.04260392 -0.00659878 -0.03413197
v -0.04258081 -0.00656170 -0.02187532
v -0.04258339 -0.00657467 -0.00850000
v -0.04233788 -0.00583111 -0.03411702
v -0.04224451 -0.00581422 -0.03349372
v -0.04231852 -0.00581170 -0.02902720
v -0.04224793 -0.00590949 -0.01637176
v -0.04224301 -0.00593044 -0.00792769
v -0.04225454 -0.00494314 -0.03090651
v -0.04039029 -0.00513143 0.00984905
v -0.04232766 0.00439836 -0.03411185
v -0.04225088 0.00200627 -0.03051939
v -0.04231098 0.00094586 -0.00244512
v -0.03351332 -0.00465424 0.01161079
v -0.04224521 0.00103642 -0.01513618
v -0.04224655 0.00444123 -0.00762513
v -0.04223688 0.00444453 -0.03347369
v -0.04216860 0.00407351 -0.03933085
v -0.04224506 0.00474728 -0.00702661
v -0.04227256 0.00440622 -0.02243326
v -0.04225310 0.00355987 -0.00210627
v -0.04258579 0.00513198 -0.03413480
v -0.04258468 0.00507898 -0.02836343
v -0.04262117 0.00831496 -0.03958411
v -0.04220257 0.00633569 -0.03323487
v -0.04257111 0.00748898 -0.02090764
v -0.04232533 0.00677476 -0.00699929
v -0.04228041 0.00700048 -0.00152002
v -0.04249578 0.00759693 -0.01217727
v -0.04265009 0.00744611 -0.00699489
v -0.04175181 0.00715396 -0.00089417
v -0.04219069 0.00742749 -0.00769402
v -0.04223599 0.00882518 0.00004565
v -0.04222288 0.00941645 0.00076024
v -0.04263730 0.01097191 -0.03987085
v -0.04266431 0.01006348 0.00163912
v -0.04197748 0.01029937 0.00256093
v -0.04248063 0.01143913 -0.03940207
v -0.04255916 0.01435990 -0.03986793
v -0.04247365 0.01824838 -0.03987897
v -0.04215431 0.02664572 -0.04168797
v -0.04253756 0.02653566 -0.04503945
v -0.04258730 0.02748379 -0.05100280
v -0.04222334 0.02910676 -0.05205245
v -0.04268669 0.02880521 -0.05395593
v -0.04216135 0.03011485 -0.04359627
v -0.03245077 0.03096783 -0.03933544
v -0.04237640 0.03071410 -0.04632019
v -0.04256330 0.03151015 -0.05086589
v -0.04139591 -0.03075759 -0.05977678
v -0.04185429 -0.02960259 -0.05587157
v -0.03867181 -0.02840017 -0.04004631
v -0.04220097 -0.02681421 -0.04039806
v -0.04029544 -0.02596809 -0.04135678
v -0.04169069 -0.00855594 -0.00510496
v -0.04088525 -0.00935974 0.00044439
v -0.04188910 -0.00854828 -0.00080364
v -0.04206055 -0.00652396 -0.02774795
v -0.04197514 -0.00707346 -0.01737447
v -0.04165664 -0.00489770 -0.03324952
v -0.04175253 -0.00527589 -0.00141715
v -0.04225934 -0.00010646 -0.00216297
v -0.03137688 -0.00354711 0.01130379
v -0.03803563 0.00480514 -0.04003328
v -0.04168600 0.00327324 -0.00149930
v -0.04159166 0.00333821 -0.03325075
v -0.04041508 0.00448523 0.01142000
v -0.04191533 0.00499526 -0.02917953
v -0.04168047 0.00498310 -0.03406014
v -0.04175909 0.00527358 -0.01287990
v -0.04150599 0.00493834 -0.03349097
v -0.04005526 0.01010954 -0.03998260
v -0.04200236 0.01263771 -0.03932402
v -0.04163355 0.00750252 -0.00403529
v -0.04202831 0.00905606 -0.00238465
v -0.04092327 0.00826379 0.00063545
v -0.04168073 0.00981818 0.00165989
v -0.03697987 0.00660127 -0.03407129
v -0.03498358 0.01249787 -0.03349904
v -0.04133567 0.01039437 -0.00009126
v -0.04116308 0.01149997 0.00211455
v -0.03842937 0.01182129 0.00484866
v -0.04177425 0.01639254 -0.03987606
v -0.04143450 0.02530295 -0.04025418
v -0.04182872 0.02638021 -0.04067081
v -0.04213791 0.02699088 -0.04930861
v -0.04209179 0.02901653 -0.05154444
v -0.04100356 0.02911721 -0.05822099
v -0.04187783 0.02935108 -0.05514203
v -0.04134276 0.02953831 -0.04001753
v -0.04205540 0.03103598 -0.04858853
v -0.04196378 0.03210207 -0.05301260
v -0.04078218 0.03158421 -0.03452029
v -0.04220513 0.03307366 -0.05533212
v -0.03531724 0.03240453 -0.03684695
v -0.04212470 0.03426054 -0.05872141
v -0.04148347 0.03449262 -0.05983185
v -0.04131585 -0.02894879 -0.05353061
v -0.04000659 -0.02820190 -0.05147739
v -0.04148336 -0.02712442 -0.04395103
v -0.04088566 -0.02680586 -0.04141130
v -0.04018441 -0.02694867 -0.04962632
v -0.03601587 -0.02034137 -0.04006121
v -0.04113031 -0.01090547 0.00392565
v -0.04097433 -0.00994637 0.00290739
v -0.04111923 -0.00862687 -0.00257683
v -0.04042285 -0.00886184 -0.00037056
v -0.04105979 -0.00668499 -0.00584635
v -0.04139251 -0.00369055 -0.03406292
v -0.04149800 -0.00636629 -0.01101062
v -0.04104619 -0.00712199 -0.00086840
v -0.04171019 -0.00637981 -0.01577676
v -0.04163188 -0.00461625 -0.02905416
v -0.04126231 -0.00512943 -0.01068965
v -0.04135112 -0.00478010 -0.01516351
v -0.04114270 0.00025710 -0.03345400
v -0.04136462 -0.00191856 -0.02975093
v -0.04072904 -0.00214626 -0.00092500
v -0.04126939 0.00017114 -0.03309720
v -0.04127272 0.00006398 -0.02874832
v -0.04112621 0.00005627 -0.02058283
v -0.04153238 0.00313609 -0.02375123
v -0.04105565 0.00008078 -0.01228117
v -0.04137569 0.00319978 -0.01250794
v -0.03543374 0.00570432 0.01169517
v -0.04117419 0.00315721 -0.00812970
v -0.04147099 0.00512058 -0.00803810
v -0.04130965 0.00556474 -0.00574470
v -0.04111291 0.00759677 -0.00252753
v -0.04154678 0.00782590 -0.00027545
v -0.03897369 0.00988076 -0.03935084
v -0.04067573 0.00911646 -0.00122124
v -0.03978109 0.00182057 -0.03351321
v -0.03992160 0.00915413 0.00158638
v -0.04083635 0.01490787 -0.03933428
v -0.04152849 0.02703437 -0.04597507
v -0.04148763 0.02699302 -0.04201186
v -0.04033677 0.02655259 -0.04055219
v -0.04125477 0.02756764 -0.05044285
v -0.04075868 0.02724128 -0.04928095
v -0.04171441 0.02821674 -0.05112052
v -0.03595375 0.02797777 -0.03936957
v -0.03779934 0.02952847 -0.05747012
v -0.04145742 0.02947513 -0.05204270
v -0.04180681 0.02992365 -0.04312149
v -0.04184600 0.02925530 -0.04042894
v -0.04107489 0.02873386 -0.04008307
v -0.04133928 0.03021562 -0.04632809
v -0.04155092 0.03132930 -0.05142994
v -0.03895702 0.03212292 -0.03422264
v -0.04144978 0.03364254 -0.05740856
v -0.03972386 0.03332647 -0.05988006
v -0.03389713 -0.03130351 -0.04012852
v -0.03256285 -0.03115738 -0.03367193
v -0.04046217 -0.03071690 -0.05976864
v -0.04016675 -0.02952066 -0.05567574
v -0.03862082 -0.02830673 -0.05818947
v -0.03851876 -0.02864737 -0.05755748
v -0.03755417 -0.02754937 -0.05862649
v -0.03975884 -0.02770196 -0.05097120
v -0.04064285 -0.02737145 -0.04506549
v -0.03940526 -0.02696616 -0.04012292
v -0.04014656 -0.01178107 0.00267570
v -0.04017677 -0.01017282 -0.00049452
v -0.03952974 -0.00916540 0.00188335
v -0.04089712 -0.00832934 -0.00083518
v -0.04073224 -0.00693176 -0.00396403
v -0.04120500 -0.00565647 -0.03352986
v -0.04076493 -0.00476925 -0.00581411
v -0.04113713 -0.00209335 -0.01457297
v -0.04100452 -0.00225699 -0.00977226
v -0.04074419 -0.00226697 -0.00658422
v -0.04087200 0.00021474 -0.00792334
v -0.04068326 0.00425552 -0.00091442
v -0.04063314 0.00024265 -0.00571116
v -0.04100512 0.00434906 -0.00534252
v -0.04009725 0.00021447 -0.00312857
v -0.04073608 0.00549500 -0.00350956
v -0.04055209 0.00692121 -0.00069901
v -0.02657346 0.01295529 -0.05989449
v -0.04036568 0.00743591 -0.00041545
v -0.04007920 0.00804567 0.00103809
v -0.03881266 0.00847930 0.00916883
v -0.04021921 0.01700953 -0.03934359
v -0.03900572 0.01756373 -0.04001348
v -0.04026829 0.02711223 -0.04236729
v -0.04056632 0.02786591 -0.05083262
v -0.04028085 0.02850857 -0.04376923
v -0.04054690 0.02952241 -0.05427555
v -0.04060285 0.02913155 -0.05150060
v -0.04057315 0.02948328 -0.04818182
v -0.04065487 0.03060302 -0.05242855
v -0.04071903 0.03260199 -0.05681802
v -0.03791647 0.03257662 -0.05988947
v -0.04012690 -0.02880774 -0.05256692
v -0.03793579 -0.02863606 -0.05452779
v -0.03947599 -0.02704024 -0.04129752
v -0.03878041 -0.02618424 -0.04204760
v -0.03798770 -0.01139228 0.00432801
v -0.03795733 -0.00988390 0.00350040
v -0.04020014 -0.00691547 -0.00259436
v -0.03988267 -0.00878271 0.00109143
v -0.03999354 -0.00742123 -0.00026106
v -0.03984088 -0.00655304 -0.00064135
v -0.03439747 -0.00719313 0.01112982
v -0.04014598 -0.00363087 -0.00326750
v -0.03859348 -0.00592074 -0.00080599
v -0.02918869 -0.00478773 -0.03936737
v -0.04029579 0.00549728 -0.00271406
v -0.04024779 0.00450463 -0.00089524
v -0.04033570 0.00516964 0.01120196
v -0.03970990 0.00601813 -0.00001136
v -0.03974589 0.00628854 0.01051766
v -0.04004011 0.00735472 0.00045728
v -0.04007078 0.00762848 0.00989025
v -0.03844990 0.01007819 0.00098115
v -0.03852442 0.01027348 0.00257824
v -0.03765450 0.01029133 0.00500117
v -0.03876113 0.02572948 -0.04010969
v -0.03318602 0.02849731 -0.05862141
v -0.04000329 0.02806122 -0.05131274
v -0.04016857 0.02799330 -0.04127245
v -0.03997921 0.02903183 -0.05322591
v -0.04025322 0.02919980 -0.05207206
v -0.03998922 0.02881935 -0.04786709
v -0.03990668 0.02790898 -0.04018465
v -0.04012963 0.02987676 -0.05175299
v -0.03990615 0.03062835 -0.05422991
v -0.03997737 0.03225176 -0.05765685
v -0.03916622 -0.03119592 -0.05975860
v -0.03950478 -0.03017219 -0.05744762
v -0.03892414 -0.03008409 -0.05602878
v -0.03848241 -0.02858921 -0.05212635
v -0.03992488 -0.02776129 -0.04649390
v -0.03263210 -0.02823607 -0.03361298
v -0.03678604 -0.02570284 -0.04051906
v -0.03743336 -0.01185924 0.00355587
v -0.03810224 -0.01031808 0.00073414
v -0.03786750 -0.01059043 0.00398581
v -0.03957002 -0.00876153 -0.00100249
v -0.03825083 -0.00937130 0.00270597
v -0.03898803 -0.00668635 -0.00163279
v -0.03984457 -0.00374874 -0.00272569
v -0.03857581 0.00005408 -0.00084536
v -0.03974901 0.00058041 -0.00257844
v -0.03964347 0.00520016 -0.00051509
v -0.03846948 0.00548263 0.00008545
v -0.03868100 0.00564924 -0.00142814
v -0.03880868 0.00858430 -0.00026635
v -0.03852590 0.00994477 0.00197881
v -0.03096639 0.01070420 0.00964312
v -0.03634080 0.01165909 0.00404638
v -0.03916647 0.02765145 -0.04212870
v -0.03967627 0.02918634 -0.05375196
v -0.03920846 0.02914554 -0.05048271
v -0.03906390 0.03046241 -0.05474194
v -0.03956290 0.03144607 -0.05662145
v -0.02736555 0.03164994 -0.03902614
v -0.02956321 0.03194031 -0.03521366
v -0.03870699 -0.03094162 -0.05806607
v -0.03917020 -0.02907212 -0.05172759
v -0.03887384 -0.02762529 -0.04318070
v -0.03917944 -0.02714943 -0.04954882
v -0.03823764 -0.02765032 -0.04040967
v -0.03936615 -0.02646026 -0.04701440
v -0.02737712 -0.01170896 0.00571137
v -0.03675868 -0.00931366 0.00249262
v -0.03863105 -0.00777677 0.00111911
v -0.03898700 -0.00695258 -0.00000049
v -0.03873576 -0.00257912 -0.00191058
v -0.03865044 0.00018991 -0.00186197
v -0.03858936 0.00450661 -0.00080408
v -0.03826288 0.00559178 0.01049124
v -0.03764692 0.00548004 0.00110819
v -0.03821790 0.00727724 0.00151419
v -0.03849478 0.00935127 0.00161722
v -0.03802261 0.01127383 0.00267318
v -0.02950851 0.02322401 -0.05863998
v -0.03587474 0.02665894 -0.04046765
v -0.03760967 0.02715442 -0.05045779
v -0.03814775 0.02762552 -0.05183137
v -0.03916337 0.02760515 -0.04041514
v -0.03914410 0.02844115 -0.04759259
v -0.03784085 0.02756642 -0.04008015
v -0.03728811 -0.03280751 -0.05969523
v -0.03831641 -0.03037930 -0.05521624
v -0.03849049 -0.02916389 -0.04952211
v -0.03839924 -0.02880963 -0.05661766
v -0.03829434 -0.02819586 -0.05115539
v -0.03850653 -0.02740221 -0.04916798
v -0.03809001 -0.02715769 -0.04685696
v -0.03801508 -0.02665960 -0.04577724
v -0.03719705 -0.02620028 -0.04125797
v -0.02779639 -0.01939928 -0.03936380
v -0.02504181 -0.02752950 -0.05862333
v -0.02941147 -0.01398911 -0.04009207
v -0.02191728 -0.01044711 0.00956914
v -0.03774092 -0.00865234 -0.00008943
v -0.02892200 -0.00981224 0.00720641
v -0.03817577 -0.00845726 0.00163350
v -0.03781217 -0.00658884 0.00038963
v -0.03827973 -0.00651184 -0.00043003
v -0.03322838 0.00022983 0.01179934
v -0.03801613 0.00505109 -0.00038743
v -0.02855037 0.01188509 0.00607414
v -0.02801736 0.02419338 -0.03934230
v -0.03785539 0.02780491 -0.04513868
v -0.03778075 0.02735957 -0.04026424
v -0.03791251 0.02850845 -0.05325097
v -0.03745226 0.02859513 -0.04961012
v -0.03639056 0.02951122 -0.05448784
v -0.03636129 0.02818897 -0.03998235
v -0.03830694 0.03162354 -0.05797202
v -0.02739302 0.03198016 -0.03840380
v -0.02624139 0.03153052 -0.03346480
v -0.03697375 -0.03195505 -0.05598858
v -0.03772262 -0.03045384 -0.05306965
v -0.03688689 -0.03120456 -0.05233993
v -0.03677775 -0.03050384 -0.04842135
v -0.03756352 -0.02968427 -0.05823958
v -0.03788922 -0.02924212 -0.05712617
v -0.03805248 -0.02849710 -0.05813926
v -0.03697995 -0.02889797 -0.04182938
v -0.03752476 -0.02821213 -0.04012930
v -0.03760105 -0.02827384 -0.04989873
v -0.03785552 -0.02646195 -0.04478267
v -0.03750467 -0.02640327 -0.04278900
v -0.02336809 -0.01407568 -0.03407115
v -0.03377609 -0.01197810 0.00495468
v -0.03660386 -0.01081215 0.00399286
v -0.03293312 -0.00929705 0.00795402
v -0.03710777 -0.00685185 -0.00057922
v -0.03748461 -0.00638752 0.00091002
v -0.03792726 -0.00592507 -0.00047486
v -0.03750220 -0.00561467 0.00027195
v -0.03760144 -0.00268588 -0.00122512
v -0.02836452 -0.00505325 0.00980022
v -0.02925831 -0.00420409 0.01112847
v -0.03750954 0.00450848 0.00008022
v -0.03792467 0.00450529 -0.00048172
v -0.03742282 0.00349881 0.00063474
v -0.03746065 0.00467552 0.00091240
v -0.03734865 0.00675393 0.00964314
v -0.03662659 0.00823054 0.00049927
v -0.03755432 0.00816864 0.00213230
v -0.03793669 0.00958974 0.00202003
v -0.03730029 0.00937878 0.00340137
v -0.03783305 0.00997915 0.00399000
v -0.03788988 0.00995945 0.00258343
v -0.03564636 0.02577244 -0.04009811
v -0.03505522 0.02711518 -0.04240937
v -0.03708072 0.02705390 -0.04245285
v -0.03731475 0.02741586 -0.05147383
v -0.03713588 0.02755219 -0.04372703
v -0.03394413 0.02914180 -0.05378604
v -0.03768099 0.02939385 -0.05236111
v -0.03727286 0.03092205 -0.05665573
v -0.03471119 0.03016138 -0.03998211
v -0.02998884 0.03249610 -0.03570260
v -0.03623811 -0.03358696 -0.05964884
v -0.03744565 -0.03053261 -0.05817818
v -0.03749002 -0.03057791 -0.05672837
v -0.03790300 -0.03002382 -0.05729866
v -0.03754021 -0.02971645 -0.05628205
v -0.03670977 -0.03003388 -0.04604543
v -0.03676918 -0.02946855 -0.04401673
v -0.03678749 -0.02915461 -0.05574129
v -0.03679809 -0.02873348 -0.04013374
v -0.03722866 -0.02856715 -0.05167413
v -0.03680856 -0.02813893 -0.05862474
v -0.03749930 -0.02819709 -0.04697093
v -0.03697546 -0.02729969 -0.04621604
v -0.03400710 -0.01309538 -0.03361607
v -0.03645888 -0.01064664 0.00167970
v -0.03641785 -0.00676776 0.00156981
v -0.03719743 -0.00529926 0.00089007
v -0.03684326 -0.00014428 0.00109406
v -0.03685563 0.00050108 -0.00096776
v -0.03342916 0.00035614 0.01144913
v -0.03693405 0.00568415 -0.00052704
v -0.03697988 0.00694221 0.00156433
v -0.03723104 0.00760798 0.00193147
v -0.03703537 0.00998115 0.00433123
v -0.03643473 0.02727015 -0.04039638
v -0.03575207 0.02827921 -0.05301359
v -0.03663059 0.02798040 -0.04689324
v -0.03569726 0.02736987 -0.04010077
v -0.03622852 0.02917051 -0.05194740
v -0.03667278 0.03235838 -0.05985262
v -0.03610323 -0.03211650 -0.05378128
v -0.02799498 -0.03193873 -0.03416222
v -0.02988971 -0.03165864 -0.03392427
v -0.03690980 -0.03098125 -0.05729024
v -0.03656314 -0.03066434 -0.05629560
v -0.03655417 -0.02996443 -0.05862803
v -0.03656018 -0.03005036 -0.05594950
v -0.03600839 -0.02887203 -0.05518275
v -0.03683669 -0.02857891 -0.04722021
v -0.03611479 -0.02856903 -0.04721473
v -0.03648716 -0.02825780 -0.04659540
v -0.03629792 -0.02688453 -0.04590472
v -0.03645149 -0.02635785 -0.04231117
v -0.03170887 -0.02491575 -0.04011506
v -0.03624679 -0.00999390 0.00120935
v -0.02955016 -0.01016346 0.00686990
v -0.03497430 -0.00984004 0.00353741
v -0.03529444 -0.00893561 0.00193223
v -0.03162366 -0.00622043 0.00930727
v -0.03629857 -0.00288093 -0.00066346
v -0.02773087 -0.00448119 0.01037999
v -0.03319991 0.00544536 0.01074915
v -0.03149577 0.00549073 0.01044791
v -0.03588391 0.00935245 0.00392480
v -0.03631643 0.00995494 0.00167221
v -0.03324628 0.01244365 -0.04006988
v -0.03558086 0.02689193 -0.04100227
v -0.03596431 0.02970530 -0.05342581
v -0.03650750 0.03175542 -0.05988627
v -0.02793169 0.03240440 -0.03452862
v -0.03521206 -0.03385846 -0.05963855
v -0.03616134 -0.03096598 -0.04940321
v -0.03595731 -0.03056856 -0.05819352
v -0.03625304 -0.03097162 -0.05725432
v -0.03583065 -0.03000216 -0.04732102
v -0.03607424 -0.02880934 -0.04317193
v -0.03568401 -0.02849509 -0.05342969
v -0.03639226 -0.02846654 -0.04043655
v -0.03568817 -0.02794760 -0.04012615
v -0.03573287 -0.02797904 -0.05856328
v -0.03420214 -0.02622624 -0.04501299
v -0.03483117 -0.02620725 -0.04289651
v -0.03505045 -0.02609039 -0.04141880
v -0.03559872 -0.00885415 0.00066978
v -0.02948374 -0.00929002 0.00823953
v -0.03582013 -0.00675486 -0.00014361
v -0.03600280 -0.00474781 0.00151953
v -0.03568917 0.00213148 0.00153300
v -0.03563567 0.00038499 -0.00058385
v -0.03519449 0.00566081 0.00002911
v -0.03147884 -0.00638694 -0.03355146
v -0.03422652 0.00788729 0.00248879
v -0.03112929 0.00720034 0.00931488
v -0.03553228 0.00794036 0.00274628
v -0.02853490 0.00845457 0.01085562
v -0.03471776 0.01121328 0.00313949
v -0.03507386 0.02739759 -0.05163064
v -0.03564269 0.02747285 -0.04168909
v -0.03579232 0.02852543 -0.04912349
v -0.03603818 0.03095794 -0.05659628
v -0.03592539 0.03182106 -0.05844742
v -0.02832629 0.03215221 -0.03384938
v -0.03576720 0.03279475 -0.05987752
v -0.03527776 -0.03352724 -0.05822847
v -0.03560368 -0.03270614 -0.05552600
v -0.03325371 -0.03261753 -0.05972470
v -0.03556160 -0.03160328 -0.05261396
v -0.02590265 -0.03212419 -0.03766472
v -0.02628928 -0.03209813 -0.03448968
v -0.03552744 -0.03064319 -0.05722083
v -0.03553760 -0.03012841 -0.05627645
v -0.02449673 -0.03064681 -0.03898729
v -0.03550880 -0.02965849 -0.05820978
v -0.03510751 -0.02967965 -0.05751310
v -0.03511654 -0.02988188 -0.05677829
v -0.03493700 -0.02873986 -0.05797697
v -0.03477340 -0.02904320 -0.05619770
v -0.03514354 -0.02803876 -0.05140704
v -0.03541809 -0.02822149 -0.04722504
v -0.03502121 -0.02736752 -0.04720267
v -0.03523558 -0.02683644 -0.04640544
v -0.02951968 -0.01148306 0.00302000
v -0.03376534 -0.01085691 0.00217098
v -0.02872922 -0.01169298 0.00499715
v -0.01844191 -0.01087867 0.00674541
v -0.03427828 -0.00667076 0.00010743
v -0.03503214 0.00796485 0.00089650
v -0.03101091 0.01064048 -0.03935643
v -0.03460276 0.02654827 -0.04052704
v -0.03416111 0.02708051 -0.04828963
v -0.03473198 0.02770186 -0.05230270
v -0.03543881 0.02802943 -0.04589418
v -0.03500424 0.02780956 -0.04038075
v -0.03294785 0.02913208 -0.05822357
v -0.03359368 0.03211515 -0.05991699
v -0.03530446 0.02973279 -0.05297293
v -0.03538455 0.03097259 -0.05595256
v -0.03385812 0.03451997 -0.05980945
v -0.03431475 -0.03358999 -0.05965836
v -0.03478574 -0.03221782 -0.05562827
v -0.02921721 -0.03203083 -0.03968593
v -0.03342501 -0.02916025 -0.05286754
v -0.03414755 -0.02820387 -0.04770236
v -0.03466909 -0.02899787 -0.05721464
v -0.03413092 -0.02819558 -0.05825975
v -0.03477148 -0.02815127 -0.05313092
v -0.03480361 -0.02762031 -0.04338288
v -0.03465578 -0.02753365 -0.05861826
v -0.03460266 -0.02710596 -0.04105114
v -0.03419501 -0.02691666 -0.04013985
v -0.03085221 -0.02863760 -0.05978030
v -0.03406867 -0.02702915 -0.05099730
v -0.03451356 -0.02683785 -0.04845792
v -0.02367768 -0.01182261 0.00733938
v -0.02894548 -0.01055259 0.00399025
v -0.02178263 -0.01052488 0.00673454
v -0.03393820 -0.00899151 0.00098453
v -0.02905356 -0.00375488 0.00154191
v -0.02976575 0.00444215 -0.04010769
v -0.03377392 0.00847862 0.00342122
v -0.03404383 0.00975880 0.00194049
v -0.02857720 0.01163791 0.00797796
v -0.03187344 0.02374856 -0.04016660
v -0.03385525 0.02703654 -0.04237986
v -0.03528962 0.02883351 -0.04926316
v -0.03490452 0.02930335 -0.04858413
v -0.03452963 0.02869030 -0.04019160
v -0.03415964 0.02943723 -0.05769381
v -0.03489000 0.03006322 -0.05213896
v -0.03436242 0.03116205 -0.05152056
v -0.03481059 0.03132161 -0.05458733
v -0.03433611 0.03298084 -0.05612677
v -0.03008404 0.03224774 -0.03982689
v -0.03428987 0.03358694 -0.05760035
v -0.03387096 -0.02858687 -0.05766902
v -0.03382194 -0.02860190 -0.05442393
v -0.02730034 -0.02784170 -0.04009077
v -0.03389251 -0.02828931 -0.05376582
v -0.03385603 -0.02736166 -0.05248154
v -0.03332433 -0.02624057 -0.04837573
v -0.02649413 -0.01192727 0.00695128
v -0.02866442 -0.01052491 0.00215714
v -0.02324562 -0.00801250 0.01078860
v -0.03262844 -0.00290770 -0.00008758
v -0.03400661 0.00025247 -0.00033566
v -0.03165377 0.00791555 0.00282318
v -0.03377769 0.02754475 -0.05046876
v -0.03400990 0.02859476 -0.05309613
v -0.03440238 0.02950287 -0.05582495
v -0.03311704 0.02939063 -0.05410021
v -0.03444226 0.02990127 -0.04591217
v -0.03410473 0.02940532 -0.04041278
v -0.03403045 0.03046432 -0.04626422
v -0.03394354 0.03146837 -0.05048207
v -0.03392063 0.03238549 -0.05333987
v -0.03258288 -0.03020748 -0.05686638
v -0.03188027 -0.03113729 -0.05976288
v -0.03315717 -0.02863464 -0.05550975
v -0.03286867 -0.02839433 -0.05186377
v -0.03320622 -0.02704720 -0.04524323
v -0.03051849 -0.02637363 -0.04016518
v -0.03306458 -0.02758202 -0.05325054
v -0.03318426 -0.02667569 -0.04260631
v -0.03349415 -0.02665479 -0.04041725
v -0.01950412 -0.02368513 -0.04008834
v -0.03241350 -0.00671988 0.00030166
v -0.03351764 0.00539691 0.00028219
v -0.02715374 0.00510836 0.00154054
v -0.02177101 0.00508290 0.01108550
v -0.02739220 0.00525182 0.01155686
v -0.03176485 0.00538809 0.00041847
v -0.02194582 0.00687810 0.00160740
v -0.03179029 0.00831182 0.00129438
v -0.02961222 0.01006470 0.01014094
v -0.01624519 0.01029351 0.00494842
v -0.02840247 0.01175794 0.00464508
v -0.03221006 0.02490185 -0.04049508
v -0.03349151 0.02633262 -0.04066449
v -0.03300634 0.02856152 -0.05157788
v -0.03323280 0.02967424 -0.05688064
v -0.03357581 0.03027932 -0.04389953
v -0.03345311 0.02962835 -0.04024572
v -0.03308751 0.03138721 -0.04856468
v -0.03203863 0.02996346 -0.04000365
v -0.03307140 0.03258100 -0.05281481
v -0.03315564 0.03374154 -0.05644791
v -0.03252731 0.03457692 -0.05981483
v -0.03271566 -0.02896074 -0.05385308
v -0.03275412 -0.02770992 -0.04895876
v -0.03265835 -0.02663262 -0.05123283
v -0.03130691 -0.02623916 -0.04918379
v -0.03109353 -0.02619267 -0.04505360
v -0.03018881 -0.02601125 -0.04197063
v -0.02466552 -0.00686657 -0.05864936
v -0.02490909 -0.01191246 0.00536852
v -0.02517776 -0.00931398 0.00253067
v -0.01823595 -0.00715205 0.00157073
v -0.02553519 -0.00551026 0.00954029
v -0.03189773 0.00025115 -0.00016663
v -0.02930756 0.01089477 0.00290016
v -0.03293080 0.02643259 -0.04157102
v -0.03282860 0.02695193 -0.04810218
v -0.03284758 0.02675236 -0.04689319
v -0.03309712 0.02674494 -0.04236203
v -0.03251173 0.02736392 -0.04977632
v -0.03126083 0.02946461 -0.05748232
v -0.03304609 0.03018861 -0.04324225
v -0.02989317 0.03204311 -0.04005933
v -0.02879388 0.03250920 -0.03955704
v -0.03080588 0.03344489 -0.05985912
v -0.03214943 -0.02992314 -0.05692079
v -0.01745866 -0.02989929 -0.03934292
v -0.02086278 -0.02787161 -0.03937316
v -0.03183188 -0.02721430 -0.05275283
v -0.02879451 -0.02568223 -0.04054244
v -0.02731198 -0.01180002 0.00403727
v -0.01222301 -0.01140869 0.00639301
v -0.02774954 -0.00894101 0.00127679
v -0.02318403 -0.00460806 0.01148479
v -0.02781003 0.00708223 0.01121874
v -0.03208996 0.02525886 -0.04086451
v -0.03189001 0.02590041 -0.04399936
v -0.03240957 0.02823998 -0.05098201
v -0.03180302 0.02950579 -0.05209221
v -0.03248328 0.02936795 -0.04042695
v -0.03193355 0.02919335 -0.04006690
v -0.03251347 0.03051362 -0.04563372
v -0.03259637 0.03143318 -0.04939985
v -0.03253200 0.03256952 -0.05335819
v -0.03229554 0.03382491 -0.05755956
v -0.03197306 -0.02908986 -0.05461992
v -0.03122032 -0.02786008 -0.04989661
v -0.03022279 -0.02758550 -0.05317972
v -0.03130402 -0.02697314 -0.04584951
v -0.02736790 -0.02694965 -0.04014812
v -0.03136361 -0.02652760 -0.04313323
v -0.03150958 -0.02639579 -0.04041856
v -0.03080073 -0.02645027 -0.05073514
v -0.02646612 -0.01099199 0.00884109
v -0.02412437 -0.01247788 -0.05977291
v -0.02931454 -0.00667422 0.00043232
v -0.02347579 0.00615070 0.00973440
v -0.02944398 0.02124923 -0.04010644
v -0.03142151 0.02527149 -0.04176629
v -0.03135557 0.02576307 -0.04633001
v -0.03114587 0.02766297 -0.05042386
v -0.03182142 0.02917741 -0.05145115
v -0.03169730 0.02949762 -0.05481736
v -0.03191866 0.02994387 -0.04555332
v -0.03170363 0.02874153 -0.04041588
v -0.03183542 0.03089628 -0.04993998
v -0.03178405 0.03274476 -0.05571997
v -0.02855630 0.03215845 -0.05984723
v -0.02950617 0.03258451 -0.03906064
v -0.03088564 -0.03065686 -0.05967546
v -0.03101091 -0.03022096 -0.05810101
v -0.03047947 -0.02847777 -0.05234548
v -0.02597876 -0.02813532 -0.05830873
v -0.02847846 -0.02861778 -0.05752923
v -0.02497846 -0.02854920 -0.03359066
v -0.02875230 -0.00932444 0.00285175
v -0.02400133 0.00159840 -0.03350997
v -0.02496479 0.00886734 0.00170384
v -0.03044546 0.02469778 -0.04067337
v -0.03061615 0.02517340 -0.04417103
v -0.03053344 0.02565097 -0.04698742
v -0.03116851 0.02676699 -0.04889844
v -0.03006368 0.02712945 -0.04987015
v -0.03096936 0.02737590 -0.04523398
v -0.03106769 0.02736546 -0.04136777
v -0.03113042 0.02795124 -0.04011308
v -0.02691093 0.02863076 -0.05096513
v -0.02893067 0.02842011 -0.05093654
v -0.03099154 0.02847231 -0.04705929
v -0.03103049 0.02969646 -0.04994173
v -0.03100316 0.03148485 -0.05527603
v -0.01323944 0.03196797 -0.03519320
v -0.03037220 0.03173932 -0.05744780
v -0.02987705 0.03173260 -0.05814145
v -0.02868382 -0.02813668 -0.05356152
v -0.02761805 -0.02622654 -0.04576595
v -0.02138173 -0.02568544 -0.03934397
v -0.02826461 -0.02485216 -0.04012586
v -0.02467526 -0.00411087 -0.04010672
v -0.02835940 -0.00246111 0.00004501
v -0.02150146 0.00228468 0.01124043
v -0.02829552 0.00023115 -0.00004612
v -0.02803818 0.00507923 0.00045154
v -0.02428468 0.00995907 0.00874139
v -0.01971408 0.02251607 -0.03407877
v -0.02771802 0.02337403 -0.04017667
v -0.03015958 0.02487349 -0.04181996
v -0.03043003 0.02684660 -0.04583635
v -0.03055334 0.02659596 -0.04304380
v -0.03050505 0.02669913 -0.04081975
v -0.03046294 0.02858727 -0.04893943
v -0.03007265 0.02953545 -0.05749116
v -0.02982070 0.02953677 -0.05362972
v -0.03045175 0.03023154 -0.05305747
v -0.02835982 0.02800514 -0.04004159
v -0.03016387 -0.03075947 -0.05978786
v -0.02837139 -0.02862247 -0.05450283
v -0.02994044 -0.02684729 -0.04496113
v -0.02886670 -0.02698616 -0.05140380
v -0.02948561 -0.02643139 -0.04145340
v -0.02514479 -0.00357370 0.00015479
v -0.03009349 0.02512927 -0.04520500
v -0.03010100 0.02599954 -0.04793709
v -0.02988856 0.02621819 -0.04235582
v -0.02807954 0.02718499 -0.04976549
v -0.02992165 0.02691562 -0.04644282
v -0.02970420 0.02622065 -0.04125002
v -0.02966992 0.02669327 -0.04015218
v -0.02987712 0.02772046 -0.04794491
v -0.02984564 0.02875225 -0.04985687
v -0.02609333 0.02921146 -0.05818861
v -0.02979164 0.03122475 -0.05708781
v -0.01380867 -0.03214974 -0.03904622
v -0.02558038 -0.02859219 -0.04015663
v -0.02901369 -0.02907356 -0.05385801
v -0.02523687 -0.02415923 -0.05974186
v -0.02922479 -0.02781032 -0.04902899
v -0.02870984 -0.02664026 -0.04270599
v -0.02833946 -0.02654636 -0.04041882
v -0.02616445 -0.01144193 -0.03358250
v -0.01086302 0.00383741 -0.03407472
v -0.02717415 0.02989330 -0.03340829
v -0.02735345 0.02462178 -0.04052927
v -0.02833841 0.02541368 -0.04623416
v -0.02877583 0.02507008 -0.04482985
v -0.02923423 0.02481746 -0.04252880
v -0.02396471 0.02792439 -0.03936944
v -0.02710915 0.02720689 -0.04938246
v -0.02888787 0.02626269 -0.04056487
v -0.02879264 0.02687106 -0.04633007
v -0.02862642 0.02938343 -0.05220201
v -0.02896926 0.02932182 -0.05115482
v -0.01338261 0.03165759 -0.03449591
v -0.02890080 -0.03134293 -0.05977919
v -0.02842591 -0.03079297 -0.05765523
v -0.02864491 -0.02992027 -0.05601357
v -0.02872967 -0.02858082 -0.05175452
v -0.02881664 -0.02702668 -0.04498777
v -0.02790787 -0.02645130 -0.04925237
v -0.02234007 -0.00929889 0.00797254
v -0.02182217 0.00446847 0.01123226
v -0.02814642 0.02590681 -0.04741803
v -0.02865891 0.02622521 -0.04271401
v -0.02869252 0.02651478 -0.04485548
v -0.02601222 0.02852164 -0.05862780
v -0.01556613 0.03105183 -0.03412696
v -0.02867120 0.03135311 -0.05790606
v -0.02165291 0.03269390 -0.03687843
v -0.02806346 -0.02936526 -0.05310607
v -0.02805306 -0.02820411 -0.04888118
v -0.02837937 -0.02750328 -0.05211089
v -0.02758096 -0.02702392 -0.04205324
v -0.02601377 -0.02615779 -0.04157151
v -0.02537250 0.01167303 -0.05865314
v -0.02414325 0.02162230 -0.04011268
v -0.02780551 0.02486533 -0.04141422
v -0.02770741 0.02630597 -0.04102600
v -0.02679195 0.02681492 -0.04016794
v -0.02802932 0.02757355 -0.04751760
v -0.02773933 0.02886503 -0.04995853
v -0.02610753 0.02946728 -0.05212024
v -0.02783228 0.02971797 -0.05240727
v -0.01977630 0.03089892 -0.03934182
v -0.02788566 0.03096228 -0.05663084
v -0.02682897 -0.03218702 -0.05706852
v -0.02703665 -0.03019152 -0.05225732
v -0.02742009 -0.02767957 -0.04431480
v -0.02711695 -0.02859140 -0.05539052
v -0.02736938 -0.02858912 -0.05389047
v -0.02799276 -0.02823878 -0.05319575
v -0.02789288 -0.02818599 -0.05181282
v -0.02680220 -0.02756131 -0.05068114
v -0.02715179 -0.02681396 -0.04963232
v -0.01456443 -0.02124625 -0.04008510
v -0.02369523 -0.00677717 0.00917442
v -0.01538270 -0.00615648 0.00047026
v -0.02175533 0.00036500 -0.00001867
v -0.02171872 0.00540319 0.01065957
v -0.02371056 0.00785316 0.00125711
v -0.01991568 0.00937577 0.00399035
v -0.01292690 0.00933510 0.00910280
v -0.01544375 0.01028958 0.00810768
v -0.01672061 0.01172981 0.00438683
v -0.01873653 0.01869759 -0.03937796
v -0.02747039 0.02534431 -0.04425036
v -0.02701782 0.02596485 -0.04682716
v -0.02754583 0.02683827 -0.04512511
v -0.01976848 0.02582817 -0.05986373
v -0.02721400 0.02788999 -0.04720341
v -0.02647448 0.02957168 -0.05758938
v -0.02606770 0.02911777 -0.05138974
v -0.02519012 0.02952930 -0.04007792
v -0.02774338 0.03242786 -0.05983773
v -0.02676326 -0.03316751 -0.05971229
v -0.01104623 -0.03174886 -0.04012450
v -0.02612955 -0.02934859 -0.04581846
v -0.02649592 -0.02852441 -0.05769126
v -0.02735712 -0.02853774 -0.05210443
v -0.02704118 -0.02822309 -0.05139878
v -0.02599047 -0.02867185 -0.04302523
v -0.01659637 -0.00998357 0.00185751
v -0.01409875 -0.00818059 0.00161498
v -0.02221174 0.00722275 0.00917712
v -0.02174326 0.00823307 0.00334863
v -0.02023647 0.00908142 0.00398723
v -0.01714841 0.01154526 0.00810006
v -0.02100381 0.01538594 -0.03344312
v -0.02481715 0.02451117 -0.04018878
v -0.02670264 0.02672239 -0.04101415
v -0.02688356 0.02708149 -0.04382599
v -0.02627143 0.02952418 -0.05578016
v -0.02693559 0.02957508 -0.05119028
v -0.02549983 0.03407156 -0.05984669
v -0.02698584 0.03073153 -0.05493891
v -0.02701209 0.03177870 -0.05756737
v -0.02567572 0.03425235 -0.05978492
v -0.02607469 -0.03176949 -0.05391253
v -0.02587430 -0.03023230 -0.04849408
v -0.02094202 -0.03168630 -0.05972997
v -0.02643267 -0.02882625 -0.05674193
v -0.02571618 -0.02838494 -0.04044455
v -0.02612452 -0.02733924 -0.04935533
v -0.02623634 -0.02679499 -0.04764511
v -0.02575263 -0.02652500 -0.04521362
v -0.02575474 -0.02635870 -0.04293973
v -0.02165565 -0.01048575 0.00400137
v -0.01935524 -0.00418242 0.01107704
v -0.01939119 -0.00350542 0.01121145
v -0.01907003 -0.00093093 0.01122765
v -0.02223804 0.00508001 0.00047128
v -0.01590604 0.00998636 0.00432434
v -0.02626455 0.02535225 -0.04092269
v -0.02634237 0.02618457 -0.04494685
v -0.02609918 0.02611182 -0.04295713
v -0.02641315 0.02759248 -0.04912071
v -0.02623703 0.02744188 -0.04241926
v -0.02615597 0.02742050 -0.04020833
v -0.02547523 0.02867352 -0.04010441
v -0.02625401 0.02851030 -0.04591161
v -0.02631012 0.03014960 -0.05144813
v -0.02548760 0.03361628 -0.05784875
v -0.02546636 -0.03351605 -0.05852106
v -0.02538128 -0.03262216 -0.05551856
v -0.02537748 -0.03129274 -0.05121384
v -0.01803602 -0.03138203 -0.04015855
v -0.01968099 -0.03104275 -0.03832413
v -0.02540003 -0.02969190 -0.04574208
v -0.02574904 -0.02937177 -0.05662797
v -0.02565665 -0.02916775 -0.05568993
v -0.02504051 -0.02906642 -0.05509082
v -0.02535783 -0.02875487 -0.05411493
v -0.02571829 -0.02819542 -0.05065275
v -0.02518600 -0.02817920 -0.04934826
v -0.01708187 -0.01082532 0.00397878
v -0.02007845 0.00132418 0.00154572
v -0.01705392 0.00488691 0.01142409
v -0.02115272 0.01093249 0.00294086
v -0.02518311 0.02634585 -0.04066472
v -0.02588206 0.02677435 -0.04570085
v -0.02569714 0.02781197 -0.04674833
v -0.02577615 0.02893801 -0.05083483
v -0.02525631 0.02942825 -0.04311546
v -0.02496463 0.02943613 -0.05128873
v -0.02568487 0.03004015 -0.05795933
v -0.02546251 0.03033488 -0.05622339
v -0.02532221 0.03012285 -0.04669278
v -0.02586668 0.03069058 -0.05687748
v -0.02553342 0.03123364 -0.05192710
v 0.00190742 0.03156435 -0.03346842
v -0.01748035 0.03225649 -0.03381280
v -0.02529790 -0.03371087 -0.05967714
v -0.02407468 -0.03323689 -0.05972824
v -0.02530412 -0.03024042 -0.05818400
v -0.02534432 -0.03064469 -0.05753676
v -0.02529051 -0.03060810 -0.05662441
v -0.02574357 -0.02985129 -0.05721256
v -0.02542898 -0.02876607 -0.05820895
v -0.02505419 -0.02868487 -0.04237956
v -0.02498792 -0.02851927 -0.05137766
v -0.02511401 -0.02843755 -0.04044771
v -0.02472308 -0.02812948 -0.05862450
v -0.02476351 -0.02765879 -0.04863035
v -0.02493753 -0.02713041 -0.04817418
v -0.02537324 -0.02676297 -0.04713304
v -0.02463460 -0.02604984 -0.04101674
v -0.00638112 -0.02681327 -0.03407527
v -0.01267726 -0.01404212 -0.05864418
v -0.01490351 -0.00889169 0.00193895
v -0.01601700 0.00994709 0.01009443
v -0.00839573 0.01359284 -0.05984911
v -0.02548374 0.02668992 -0.04203632
v -0.02512097 0.02702951 -0.04442069
v -0.02486516 0.02735035 -0.04581587
v -0.02584291 0.02850547 -0.04727660
v -0.02452700 0.02803513 -0.04630817
v -0.02508767 0.02925614 -0.05854685
v -0.02535223 0.02904061 -0.04674729
v -0.02476137 0.03015423 -0.05587076
v -0.02487775 0.02951522 -0.04040826
v -0.02467598 0.03019015 -0.04452425
v -0.02362069 0.02958754 -0.04008396
v -0.02567323 0.03097173 -0.05789051
v -0.02482992 0.03110715 -0.04942566
v -0.02543905 0.03151169 -0.05782283
v -0.02537218 0.03147342 -0.05640255
v -0.02475129 0.03197064 -0.05260938
v -0.01861604 0.03258984 -0.03970657
v -0.02485291 0.03316808 -0.05596182
v -0.01663921 0.03244877 -0.03405361
v -0.02493221 0.03463729 -0.05975996
v -0.02486526 -0.03137026 -0.05230990
v -0.02466547 -0.03063512 -0.05825131
v -0.02461870 -0.03100436 -0.05722215
v -0.02462915 -0.03069288 -0.05626007
v -0.02488951 -0.02973675 -0.04686178
v -0.02471151 -0.02995404 -0.05862504
v -0.02464620 -0.02985570 -0.05588201
v -0.02456468 -0.02832509 -0.04015391
v -0.02460755 -0.02855410 -0.04964270
v -0.02377463 -0.02670612 -0.04730864
v -0.02399650 -0.02648643 -0.04654136
v -0.02400682 -0.02629877 -0.04448114
v -0.02341213 -0.02619335 -0.04191405
v -0.02334640 -0.02572738 -0.04047619
v -0.02218506 -0.02530626 -0.04021356
v -0.02175862 -0.00932785 0.00289357
v -0.01760748 -0.00851842 0.01055454
v -0.01222624 -0.00026988 -0.03937646
v -0.02171146 0.00538940 0.01027348
v -0.01820885 0.00754797 0.00193273
v -0.01880522 0.01628620 -0.04013494
v -0.01429949 0.02989605 -0.03341403
v -0.02486272 0.02699808 -0.04204373
v -0.02379368 0.02703416 -0.04130818
v -0.02447109 0.02853792 -0.04632535
v -0.02299013 0.02951840 -0.05506544
v -0.02444826 0.02948689 -0.04722118
v -0.02445870 0.02917376 -0.04662413
v -0.02441984 0.02969340 -0.05528263
v -0.02444232 0.03092436 -0.05861122
v -0.02440361 0.03094511 -0.05597542
v -0.02443170 0.03154259 -0.05821725
v -0.02477309 0.03187065 -0.05718711
v -0.02440710 0.03156976 -0.05627131
v -0.02295722 0.03144031 -0.04004351
v -0.02440726 0.03397505 -0.05778627
v -0.02325594 -0.02963276 -0.05109766
v -0.02335509 -0.02878586 -0.05421553
v -0.02116694 -0.02867208 -0.05400253
v -0.02369545 -0.02791871 -0.04326658
v -0.02067464 -0.02821027 -0.04905848
v -0.02360904 -0.02753645 -0.04036204
v -0.02317577 -0.02750038 -0.04856803
v -0.01604381 -0.02767722 -0.05862636
v -0.01450372 -0.00678651 0.01097158
v -0.01405962 0.00510720 0.00041011
v -0.01512880 0.00655132 0.01114539
v -0.01453097 0.00788835 0.01085648
v -0.01689366 0.01060415 0.00955482
v -0.02303514 0.02608123 -0.04026279
v -0.02350546 0.02851233 -0.05862194
v -0.02344507 0.02728332 -0.04526416
v -0.02413215 0.02910187 -0.05861653
v -0.02312732 0.02945817 -0.05208750
v -0.02404257 0.02943729 -0.05143116
v -0.02401515 0.02987232 -0.04240571
v -0.02336493 0.03007369 -0.05609512
v -0.02398485 0.03055173 -0.04651726
v -0.02407738 0.03145743 -0.05060208
v -0.02405564 0.03186170 -0.05718500
v -0.02397731 0.03222506 -0.05361966
v -0.02402328 0.03319676 -0.05597075
v -0.02396990 0.03461346 -0.05973265
v -0.02300114 -0.03114463 -0.05626983
v -0.02088994 -0.03080046 -0.05707249
v -0.02322821 -0.02837151 -0.04701490
v -0.02207820 -0.02695191 -0.04016848
v -0.02292818 -0.02776657 -0.04473598
v -0.01390771 -0.02135754 -0.05972737
v -0.01112814 -0.01135606 0.00432837
v -0.01459242 -0.00927030 0.00821340
v -0.02197832 0.02712790 -0.04576952
v -0.02197320 0.02707622 -0.04223797
v -0.02261864 0.02664997 -0.04047650
v -0.02333233 0.02777160 -0.04625089
v -0.02291614 0.02813888 -0.04711665
v -0.02333970 0.02917880 -0.05069810
v -0.02338774 0.02912237 -0.04724657
v -0.02350721 0.02902468 -0.04673532
v -0.02321403 0.02990692 -0.05785052
v -0.02304622 0.03002805 -0.05689843
v -0.02347011 0.02939448 -0.04040763
v -0.02344393 0.03120211 -0.05816884
v -0.02332643 0.03030202 -0.04728890
v -0.02302785 0.03096614 -0.05724385
v -0.02347914 0.03144090 -0.05640476
v -0.02329297 0.03108389 -0.05141316
v -0.02336766 0.03154706 -0.05723016
v -0.02336783 0.03204936 -0.05448819
v -0.02350802 0.03368471 -0.05810943
v -0.02209893 -0.03152049 -0.05851235
v -0.02090144 -0.03068386 -0.05831411
v -0.02120687 -0.03087726 -0.05768687
v -0.02255227 -0.03050066 -0.05511468
v -0.02166444 -0.03007978 -0.05589484
v -0.02272580 -0.02884307 -0.04961691
v -0.02117123 -0.02918649 -0.05533075
v -0.02264364 -0.02707361 -0.04098484
v -0.02065040 -0.02659799 -0.04619302
v -0.01511347 -0.00896221 0.00883024
v -0.01030946 -0.00836875 0.00914340
v -0.01930560 -0.00447545 0.01045451
v -0.00867364 0.00572965 0.00156829
v -0.01325287 0.02580118 -0.03935279
v -0.02082507 0.02686354 -0.04100211
v -0.02252071 0.02763132 -0.04708025
v -0.02189502 0.02777608 -0.04923258
v -0.02266327 0.02889563 -0.05095170
v -0.02271971 0.02854716 -0.04011288
v -0.02280356 0.02922376 -0.05818957
v -0.02223895 0.02952609 -0.05753884
v -0.02221789 0.02861323 -0.04445064
v -0.02243947 0.03037532 -0.05287177
v -0.02235756 0.03223922 -0.03993264
v -0.02237074 0.03315443 -0.05975399
v -0.02107576 0.03175728 -0.05982060
v -0.02204040 -0.02986425 -0.05345002
v -0.02234187 -0.02798555 -0.04637299
v -0.02087100 -0.02843405 -0.04977476
v -0.01844982 -0.02624198 -0.04262358
v -0.02052589 -0.02601244 -0.04133963
v -0.01526394 -0.01089636 0.00243702
v -0.01140474 -0.00936532 -0.05974687
v -0.01009576 -0.00976531 0.00715471
v -0.01480153 -0.00719292 0.00074671
v -0.01551216 -0.00403231 0.01139828
v -0.02091124 0.00626014 0.00943460
v -0.02051871 0.02561795 -0.04013093
v -0.02089581 0.02921198 -0.05186149
v -0.02202680 0.02964354 -0.05093487
v -0.02196760 0.03143979 -0.05758921
v -0.02176936 -0.03063537 -0.05614745
v -0.02094397 -0.02878379 -0.04965530
v -0.02090807 -0.02767692 -0.04511527
v -0.02100998 -0.02725600 -0.04290520
v -0.02129345 -0.02692564 -0.04073232
v -0.02076200 -0.02742700 -0.04835658
v -0.01977542 -0.02638436 -0.04490560
v -0.01001710 -0.01013574 0.00684480
v -0.01965812 -0.00950052 0.00321514
v -0.01953068 -0.00480132 0.00974623
v -0.01565252 0.00038213 -0.00003373
v -0.01431219 0.00022605 0.01145421
v -0.02082090 0.00530166 0.00991743
v -0.01642095 0.00686330 -0.04016255
v -0.01824913 0.02712965 -0.04221976
v -0.02104776 0.02740661 -0.04894983
v -0.02151779 0.02857016 -0.05088843
v -0.02092097 0.02773652 -0.04989254
v -0.02142588 0.02862799 -0.04736954
v -0.02202719 0.02795585 -0.04104971
v -0.02157572 0.02786457 -0.04012620
v -0.02094648 0.02950231 -0.05443168
v -0.02127672 0.02956494 -0.05193430
v -0.01886412 0.02791365 -0.04011363
v -0.02135435 0.03058120 -0.05619978
v -0.02142273 0.03120900 -0.05812621
v -0.01667126 0.03169650 -0.04003667
v -0.02084587 -0.03130824 -0.05873835
v -0.02086050 -0.03076706 -0.05646907
v -0.02086821 -0.03052472 -0.05596893
v -0.02058714 -0.02948296 -0.05229237
v -0.02021393 -0.02694459 -0.04016294
v -0.01963614 -0.01015478 0.00383361
v -0.01915477 -0.00576875 0.00933054
v -0.01067454 -0.00237762 -0.04013116
v -0.02110668 0.00268217 0.01108666
v -0.02045009 0.00385001 0.01047731
v -0.02122722 0.00499525 0.01102928
v -0.01748224 0.00688642 0.00919879
v -0.01483090 0.00790903 0.00121849
v -0.01273845 0.00939264 0.00188139
v -0.01524446 0.01185554 0.00655067
v -0.02007460 0.02717880 -0.04776411
v -0.02102509 0.02791757 -0.04405064
v -0.02086794 0.02769857 -0.04208486
v -0.02048576 0.02764729 -0.04040399
v -0.01948604 0.02859980 -0.05098181
v -0.02065343 0.02893565 -0.04955465
v -0.02014491 0.03185874 -0.05980834
v -0.01907107 0.02955536 -0.04001617
v -0.01863514 -0.02983509 -0.05588361
v -0.01786157 -0.02854245 -0.04937388
v -0.01828088 -0.02575759 -0.04045156
v -0.01357759 -0.01784965 -0.03937001
v -0.01139511 -0.01100311 0.00889563
v -0.01602037 0.02848246 -0.05861682
v -0.01924009 0.02918176 -0.05823331
v -0.01858923 0.02949984 -0.05750310
v -0.01904780 0.02956168 -0.05543875
v -0.02059769 0.03087222 -0.05769206
v -0.02046021 0.03165784 -0.05954522
v -0.01850764 -0.03315831 -0.05972575
v -0.01944911 -0.03149484 -0.05748683
v -0.01906953 -0.03069120 -0.05496326
v -0.01987242 -0.03019575 -0.05436990
v -0.01918968 -0.03100386 -0.05765412
v -0.01942480 -0.03062442 -0.05632210
v -0.01697917 -0.02994266 -0.05862831
v -0.01941548 -0.02847648 -0.04732616
v -0.01932184 -0.02879330 -0.05407508
v -0.01971931 -0.02778829 -0.04481576
v -0.01969629 -0.02719933 -0.04154311
v -0.01921261 -0.02686076 -0.04627651
v -0.00713240 -0.00816836 -0.03358112
v -0.01900602 0.00308162 0.01043846
v -0.00799515 0.00410128 -0.05981435
v -0.01283081 0.01136701 0.00360870
v -0.00880069 0.02256776 -0.05863864
v -0.00917148 0.01994053 -0.03937860
v -0.01746608 0.02703445 -0.04111183
v -0.01823215 0.02740064 -0.04954575
v -0.01968489 0.02814351 -0.04589773
v -0.01961583 0.02773542 -0.04172825
v -0.01967224 0.02881399 -0.04901092
v -0.01942196 0.02960754 -0.05213779
v -0.01311806 0.02933125 -0.03937243
v -0.01948859 0.03121481 -0.05755641
v -0.01542973 0.03280694 -0.03878071
v -0.01823911 -0.03238677 -0.05737442
v -0.01859085 -0.03099193 -0.05699058
v -0.01905295 -0.03008520 -0.05293225
v -0.01866464 -0.02904288 -0.04782655
v -0.01946220 -0.02923331 -0.05524365
v -0.01888664 -0.02805735 -0.04853621
v -0.01816400 -0.02611712 -0.04120765
v -0.01532203 -0.02512577 -0.04014681
v -0.00999477 -0.00225930 -0.05864931
v -0.01436005 -0.00587862 0.00918367
v -0.01463163 0.00192249 0.01120157
v -0.01886855 0.00414030 0.00976238
v -0.01838258 0.00510932 0.00941232
v -0.00715907 0.01039692 -0.03938657
v -0.01711238 0.02586270 -0.04027706
v -0.01888534 0.02793728 -0.04268211
v -0.01704468 0.02945765 -0.05205315
v -0.01851516 0.02916358 -0.05145840
v -0.01871282 0.03287206 -0.05981333
v -0.01886978 0.03195371 -0.05771540
v -0.01830112 0.03419551 -0.05972612
v -0.00966538 0.03278902 -0.03950471
v -0.01342116 -0.03207450 -0.03974057
v -0.01855809 -0.03065526 -0.05361962
v -0.01847162 -0.02774556 -0.04211465
v -0.01741216 -0.02848922 -0.04013086
v -0.01736331 -0.02854115 -0.05361834
v -0.01837528 -0.02754085 -0.04014177
v -0.01839899 -0.02726828 -0.04649271
v -0.01301179 -0.01140957 0.00301022
v -0.01774363 -0.00363194 0.00981386
v -0.01864559 -0.00421289 0.01006893
v -0.01883840 -0.00406677 0.01102221
v -0.01812567 -0.00254925 0.01059561
v -0.00891714 0.01174705 0.00751568
v -0.01295251 0.01326205 -0.05865258
v -0.01332325 0.02310651 -0.04013665
v -0.01763660 0.02718422 -0.04763514
v -0.01644859 0.02809565 -0.05101043
v -0.01884719 0.02912154 -0.04952006
v -0.01822154 0.02850794 -0.04009646
v -0.01849845 0.02935496 -0.04952604
v -0.01841672 0.03030791 -0.05247491
v -0.01863830 0.03122966 -0.05573848
v -0.01737822 0.03260132 -0.03452963
v -0.01776331 -0.03349963 -0.05972296
v -0.01753894 -0.03128103 -0.05243414
v -0.01696751 -0.03060586 -0.05824264
v -0.01697876 -0.03066457 -0.05625600
v -0.01686749 -0.02922925 -0.04375428
v -0.01258158 -0.03117381 -0.05974710
v -0.01622193 -0.02903287 -0.05560631
v -0.01714984 -0.02871068 -0.05454309
v -0.01251978 -0.02836236 -0.03358910
v -0.01822351 -0.02813534 -0.04671118
v -0.01675807 -0.02867921 -0.04080458
v -0.01683841 -0.02673316 -0.04585547
v -0.01568801 -0.02643130 -0.04511929
v -0.01569213 -0.00485951 0.00925229
v -0.01720036 -0.00444029 0.00939615
v -0.01434816 -0.00371463 0.00019619
v -0.01784815 -0.00165579 0.01104278
v -0.01207013 0.01032011 0.00245517
v -0.01544772 0.01184748 0.00489449
v -0.01483943 0.02401341 -0.04018542
v -0.01847910 0.02855076 -0.04517639
v -0.01668179 0.02935622 -0.05558155
v -0.01780237 0.02958765 -0.04263035
v -0.01773600 0.02932335 -0.04070863
v -0.01745384 0.03054670 -0.04806001
v -0.01716832 0.02959383 -0.04010263
v -0.01770412 0.03214678 -0.05433306
v -0.01754298 0.03353954 -0.05684380
v -0.01774008 0.03466991 -0.05967617
v -0.01691185 -0.03307607 -0.05722157
v -0.01683488 -0.03150734 -0.05161936
v -0.01695886 -0.03095828 -0.05720958
v -0.01682632 -0.03006306 -0.04647012
v -0.01693458 -0.02981003 -0.05589155
v -0.01734056 -0.02852573 -0.04723600
v -0.01735429 -0.02823952 -0.04660023
v -0.01780575 -0.02733332 -0.04627293
v -0.01618462 -0.02636676 -0.04215139
v -0.01251908 -0.01508922 -0.03358940
v -0.00949418 -0.02373189 -0.03406605
v -0.01000247 -0.01178220 0.00744966
v -0.00693454 -0.01162398 0.00498698
v -0.00820796 -0.01277146 -0.04012356
v -0.01087644 -0.01043378 0.00961064
v -0.01690853 -0.00214557 0.01054846
v -0.01153470 0.00515087 0.01127436
v -0.01633769 0.02696603 -0.04662645
v -0.01655779 0.02696736 -0.04180268
v -0.01643307 0.02646669 -0.04058209
v -0.01663643 0.02752918 -0.04970403
v -0.01704343 0.02998768 -0.04260481
v -0.01714953 0.03053963 -0.04635199
v -0.01695558 0.03144585 -0.04992093
v -0.01714862 0.03280814 -0.05431451
v -0.01627783 -0.03352603 -0.05970951
v -0.01659906 -0.03211955 -0.05387447
v -0.01652087 -0.03033262 -0.04721521
v -0.01645180 -0.02846529 -0.05149089
v -0.01663047 -0.02718145 -0.04630296
v -0.01567728 -0.02612123 -0.04069861
v -0.01366145 -0.00461381 0.01131111
v -0.01594260 -0.00303016 0.00965956
v -0.01457451 0.00262428 0.01106945
v -0.01395274 0.00456119 0.00940490
v -0.00122190 0.00790174 0.00249722
v -0.01671815 0.02911358 -0.05148946
v -0.01635335 0.03104778 -0.04751580
v -0.01604449 0.02967050 -0.04010967
v -0.01650442 0.03228512 -0.05229103
v -0.01452372 0.03368317 -0.05977713
v -0.01662172 0.03422424 -0.05775268
v -0.01652571 0.03508618 -0.05966178
v -0.01628613 -0.03277575 -0.05694659
v -0.01434117 -0.03233196 -0.05974228
v -0.00305636 -0.03209021 -0.03448085
v -0.01617499 -0.03168094 -0.05310084
v -0.01637883 -0.03093894 -0.04962879
v -0.00058135 -0.03153652 -0.03383578
v -0.01632415 -0.03057700 -0.05781630
v -0.01636894 -0.03055502 -0.05635935
v -0.01612217 -0.02873110 -0.04016454
v -0.01626487 -0.02965478 -0.05820899
v -0.01587524 -0.02967831 -0.05748267
v -0.01581775 -0.02960840 -0.05675508
v -0.01631893 -0.02911806 -0.04313425
v -0.01585778 -0.02928216 -0.05617608
v -0.01547458 -0.02875966 -0.05779828
v -0.01464535 -0.02857848 -0.05204518
v -0.01554259 -0.02811378 -0.05074178
v -0.01602666 -0.02802640 -0.04853393
v -0.01640106 -0.02812058 -0.04669594
v -0.01564249 -0.02728473 -0.04704886
v -0.01446492 -0.02579960 -0.04043610
v -0.00762133 -0.00896054 0.00127318
v -0.00528411 -0.00830236 0.01052151
v -0.01462423 -0.00091681 0.01119368
v -0.01424160 0.00278341 0.01073835
v -0.01539735 0.02702761 -0.04820212
v -0.01542408 0.02769730 -0.05077145
v -0.01620896 0.02910445 -0.05209767
v -0.01374636 0.02916395 -0.05823364
v -0.01580563 0.02933419 -0.05657845
v -0.01638261 0.02979980 -0.04114189
v -0.01496067 -0.03233343 -0.05833507
v -0.01551727 -0.02976287 -0.04779083
v -0.00703673 -0.03064952 -0.03899504
v -0.01539006 -0.02905621 -0.05688661
v -0.01464290 -0.02863494 -0.05500436
v -0.01572314 -0.02851114 -0.04169777
v -0.01491602 -0.02819227 -0.05825330
v -0.01513704 -0.02748729 -0.04954529
v -0.01484120 -0.02658132 -0.04699026
v -0.00867624 -0.02754872 -0.05862692
v -0.01000535 -0.01185659 0.00701897
v -0.00006201 -0.00926179 0.00791564
v -0.01415243 -0.00319748 0.00936263
v -0.01464796 -0.00203303 0.01044553
v -0.01456659 -0.00162566 0.01106435
v -0.01417121 0.00281857 0.01021514
v -0.01092349 0.00808624 0.00320041
v -0.00912455 0.00842633 0.00348623
v -0.01249114 0.00938331 0.00400878
v -0.01554990 0.02613352 -0.04121282
v -0.01519628 0.02543612 -0.04053927
v -0.01528437 0.02655656 -0.04727938
v -0.01570296 0.02655858 -0.04262430
v -0.01500413 0.02583571 -0.04192910
v -0.01562303 0.02879063 -0.05426794
v -0.01529921 0.02784400 -0.05145194
v -0.01540330 0.02894558 -0.05548111
v -0.01275659 0.02954539 -0.05753135
v -0.01555754 0.03018021 -0.04477005
v -0.01559185 0.02942870 -0.04042213
v -0.01546066 0.03146027 -0.05007879
v -0.00823258 0.03163576 -0.03902230
v -0.01546087 0.03278120 -0.05410485
v -0.00547851 0.03284903 -0.03879293
v -0.00824496 0.03272930 -0.03567466
v -0.01578358 0.03373283 -0.05648750
v 0.00022179 -0.03116783 -0.03365892
v -0.01426627 -0.02760660 -0.04424868
v -0.01366889 -0.02695847 -0.04016087
v -0.01491549 -0.02833284 -0.05139447
v -0.01418482 -0.02723565 -0.04071553
v -0.01409470 -0.02680384 -0.04923749
v -0.01442429 -0.02619444 -0.04341271
v -0.01381024 -0.02605164 -0.04100975
v -0.01108475 -0.00944266 0.00327757
v -0.00520947 -0.00884503 0.01033501
v -0.00837889 -0.00060511 0.00155729
v -0.01466217 0.00353124 0.00977261
v -0.00498726 0.01097341 0.00291790
v -0.00545000 0.01149520 0.00818408
v -0.00848587 0.01793906 -0.04014963
v -0.01459967 0.02582285 -0.04602511
v -0.01469011 0.02646597 -0.04811480
v -0.01462568 0.02716600 -0.05008158
v -0.01462477 0.02766949 -0.05392603
v -0.01401308 0.02860994 -0.05584385
v -0.01501314 0.02887213 -0.04141905
v -0.01045746 0.02937684 -0.05982527
v -0.01373777 0.02952147 -0.05690962
v -0.01488115 0.02915030 -0.05619030
v -0.01493685 0.02973070 -0.04573050
v -0.01505234 0.02918548 -0.04008960
v -0.01493717 0.03092125 -0.04974942
v -0.01486538 0.03192253 -0.05306857
v -0.01479147 0.03289467 -0.05565593
v 0.00466225 0.03198097 -0.03361529
v -0.01433400 0.03415622 -0.05970849
v -0.01487145 0.03463477 -0.05968022
v 0.00379735 -0.03185022 -0.03406198
v 0.00041938 -0.03070356 -0.03359251
v -0.01435257 -0.02856037 -0.05758027
v -0.01399904 -0.02719366 -0.04267527
v -0.00986096 -0.01172957 0.00409991
v -0.00963428 -0.01157499 -0.03407230
v -0.00762665 0.00881998 -0.03353126
v -0.01106348 0.00503032 0.00922557
v -0.00599743 0.00911545 0.00399606
v -0.00809942 0.02003544 -0.03348200
v -0.01377599 0.02517947 -0.04446705
v -0.01409986 0.02525322 -0.04127813
v -0.01427230 0.02680481 -0.04892876
v -0.01375120 0.02714663 -0.05372840
v -0.01244272 0.02705042 -0.04972702
v -0.01351875 0.02774630 -0.05523918
v -0.01412530 0.02742644 -0.04525948
v -0.01407533 0.02691641 -0.04099656
v -0.01428194 0.02731462 -0.04012964
v -0.00886264 0.02851301 -0.05862481
v -0.01361376 0.02819839 -0.05038619
v -0.01403692 0.02978726 -0.05261257
v -0.01405662 0.02874980 -0.04005092
v -0.00226464 0.02944756 -0.03345615
v -0.01405132 0.03309240 -0.05846367
v -0.01309341 -0.03055300 -0.05721470
v -0.01352380 -0.03000632 -0.05502875
v 0.00932595 -0.03103767 -0.03509516
v -0.01356961 -0.02888620 -0.05143506
v -0.00892068 -0.03060438 -0.04017857
v -0.01340661 -0.02782706 -0.04751717
v -0.01352421 -0.02755624 -0.05087891
v -0.01122436 -0.03111398 -0.05973188
v -0.01362543 -0.02633738 -0.04746262
v -0.00849249 -0.01135692 0.00309152
v -0.00982242 -0.00641941 0.00040837
v -0.01358974 -0.00197780 0.00961939
v -0.01386304 -0.00169727 0.01035557
v -0.01399780 -0.00123875 0.01104034
v -0.01360363 -0.00101321 0.01044252
v -0.01359207 0.00176186 0.01046912
v -0.01395774 0.00197416 0.01106133
v -0.01331736 0.00283740 0.00968917
v -0.01343641 0.02534979 -0.04641890
v -0.01217772 0.02483086 -0.04055147
v -0.01349030 0.02590103 -0.04789880
v -0.01364216 0.02678281 -0.04530800
v -0.01374157 0.02672964 -0.04013862
v -0.01355036 0.02919738 -0.05358567
v -0.01350181 0.03108296 -0.05724489
v -0.01302732 0.03232458 -0.05979694
v -0.01285082 -0.02990412 -0.05547910
v -0.01303813 -0.02886363 -0.05202875
v -0.00931096 -0.02776172 -0.04009094
v -0.01199338 -0.02849419 -0.05217096
v -0.01340396 -0.02701333 -0.04378525
v -0.01324668 -0.02677619 -0.04935969
v -0.01287589 -0.02666699 -0.04158660
v -0.01114566 -0.02602507 -0.04174556
v -0.01183602 -0.00157656 0.00921462
v -0.01291310 -0.00048790 0.00959578
v -0.00805909 0.00743346 0.00086370
v -0.00857497 0.00819571 0.00115451
v -0.00805502 0.00940162 0.01031270
v 0.00408004 0.00994589 0.00871343
v -0.00936460 0.01181339 0.00602753
v -0.01108808 0.02557397 -0.04709306
v -0.01329137 0.02502039 -0.04447325
v -0.01296452 0.02682557 -0.04704584
v -0.01339183 0.02643684 -0.04201062
v -0.01295834 0.02638483 -0.04070541
v -0.01297821 0.02742005 -0.04933519
v -0.01295387 0.02819909 -0.05186363
v -0.01288759 0.02920224 -0.05473338
v 0.00118978 0.02991470 -0.03409575
v -0.01302235 0.03023936 -0.05678361
v -0.01230132 0.03160948 -0.05979879
v -0.00176882 -0.03104711 -0.03832370
v -0.01030139 -0.02865602 -0.05495054
v -0.01185565 -0.02823010 -0.05146407
v -0.01157930 -0.02756901 -0.05082917
v -0.01120688 -0.02648310 -0.04042133
v -0.01144010 -0.02672501 -0.04014369
v -0.01156969 -0.02626824 -0.04669713
v -0.00956721 -0.02625199 -0.04476312
v -0.00337361 -0.02756502 -0.05862847
v -0.00819316 -0.01185240 0.00496721
v -0.01059298 -0.01164245 0.00565348
v -0.00873702 0.00023689 0.01137343
v -0.01221841 0.00286276 0.00932899
v -0.00818297 0.00562646 0.00036391
v -0.00501842 0.01154699 -0.04017701
v -0.01108496 0.02715311 -0.05388018
v -0.01003896 0.02714410 -0.04966679
v -0.01245628 0.02638663 -0.04363349
v -0.01108420 0.02737786 -0.05465362
v -0.01241154 0.03035224 -0.05745356
v -0.01153733 -0.02927979 -0.05361826
v -0.01132114 -0.02771401 -0.04762907
v -0.00980910 -0.02831135 -0.05820224
v -0.00675133 -0.02821138 -0.03937649
v -0.01151304 -0.02672868 -0.04345171
v -0.01129804 -0.02654601 -0.04801688
v -0.00966242 -0.00372414 0.00915817
v -0.00571998 0.00789914 0.00289303
v 0.00401004 0.01029612 0.00495790
v -0.00958430 0.02413596 -0.04023530
v -0.01133691 0.02501223 -0.04461569
v -0.01127543 0.02498830 -0.04097801
v -0.01046448 0.02679363 -0.04893889
v -0.01205217 0.02688462 -0.04740551
v -0.01187628 0.02660969 -0.04549780
v -0.01179088 0.02640528 -0.04070924
v -0.01093376 0.02774656 -0.05525548
v -0.01193258 0.02785520 -0.05089892
v -0.01106221 0.02843806 -0.05581744
v -0.00931556 0.02835573 -0.04011336
v -0.01220597 0.02903254 -0.05453213
v -0.01089906 0.03180567 -0.05979724
v -0.00621074 0.03198746 -0.03839140
v -0.01088077 0.03215482 -0.04004490
v -0.00825627 -0.03199225 -0.03972947
v -0.01115526 -0.03052316 -0.05765155
v -0.01038635 -0.02862641 -0.05749825
v -0.00982658 -0.02865893 -0.05350616
v -0.00761232 -0.02462961 -0.03356479
v -0.00847167 0.00073559 -0.00019596
v -0.00742819 0.00511951 0.00024364
v -0.00467732 0.00568493 0.01118330
v -0.00910599 0.01055397 0.00947249
v -0.00731200 0.02653454 -0.05862163
v -0.01123195 0.02653857 -0.04304705
v -0.01050954 0.02695823 -0.04015523
v -0.01132056 0.02742675 -0.04888758
v -0.01126647 0.02685958 -0.04645744
v -0.01134815 0.02925392 -0.05448742
v -0.01134777 0.03060144 -0.05802920
v -0.01164504 0.03142343 -0.05966151
v -0.01029848 -0.03135425 -0.05889199
v -0.01074323 -0.02973726 -0.05472169
v -0.01062485 -0.02856655 -0.05034366
v -0.00903130 -0.02849234 -0.05162307
v -0.01065300 -0.02683107 -0.04352438
v -0.00917662 -0.02650353 -0.04683054
v -0.00658091 -0.02516911 -0.04015599
v -0.00790823 -0.02052374 -0.05968326
v -0.00961524 -0.01607959 -0.03407008
v -0.00938051 -0.00586471 -0.03407226
v -0.00886624 -0.00248240 -0.00005952
v -0.01038461 0.00048242 0.00916817
v 0.00828546 0.00101765 -0.03937654
v -0.00996722 0.02524868 -0.04097577
v -0.01047345 0.02595891 -0.04764491
v -0.01056902 0.02676568 -0.04183575
v -0.01065550 0.02735003 -0.04679557
v -0.01025084 0.02885768 -0.05084056
v -0.00922274 0.02922915 -0.05818377
v -0.00986599 0.02920935 -0.05619724
v -0.01065292 0.02958274 -0.05446302
v -0.01074596 0.03086063 -0.05780402
v -0.00210306 0.03085648 -0.03934694
v 0.00469750 0.03280083 -0.03682687
v -0.00906378 -0.03267116 -0.05969313
v -0.00859596 -0.03207822 -0.03903623
v -0.01005353 -0.03067519 -0.05685735
v -0.00948999 -0.02876990 -0.04949203
v -0.01002468 -0.02731096 -0.04503649
v -0.00929763 -0.02713200 -0.04857226
v -0.01004063 -0.02661061 -0.04146757
v -0.00881325 -0.02621747 -0.04271850
v -0.00764990 -0.01423223 -0.03354430
v -0.01024784 0.02538419 -0.04506254
v -0.00975879 0.02499364 -0.04050822
v -0.00958208 0.02728942 -0.04926333
v -0.01014031 0.02770325 -0.05455907
v -0.00982457 0.02727840 -0.04065568
v -0.00945357 0.02953166 -0.05752088
v -0.00928829 0.02955994 -0.05663457
v -0.01004885 0.03036488 -0.05502488
v -0.00870606 0.03151122 -0.04010436
v -0.00966532 0.03287746 -0.05976590
v -0.00836546 -0.03257846 -0.05766499
v -0.00932000 -0.02893141 -0.05776065
v -0.00946838 -0.02767194 -0.04585079
v -0.00924355 -0.02686845 -0.04012706
v -0.00903520 -0.02604416 -0.04101208
v -0.00801640 -0.02596403 -0.04054886
v -0.00733083 -0.02175617 -0.03938255
v -0.00863801 -0.01250736 -0.03407183
v -0.00513342 0.00477021 0.00920032
v -0.00965226 0.02613141 -0.04678450
v -0.00952672 0.02597505 -0.04417746
v -0.00947227 0.02564189 -0.04132251
v -0.00918372 0.02549571 -0.04055687
v -0.00977728 0.02760717 -0.05217381
v -0.00926011 0.02881010 -0.04420538
v -0.00837070 0.03092461 -0.04968687
v -0.00811907 0.03356523 -0.05728465
v -0.00789929 -0.03209095 -0.05486464
v -0.00931349 -0.02944978 -0.05723214
v -0.00905658 -0.02998254 -0.05452178
v -0.00869717 -0.02972814 -0.05822816
v -0.00924737 -0.02913193 -0.05424532
v -0.00890398 -0.02829900 -0.04668836
v -0.00872688 -0.02848326 -0.05837853
v -0.00892629 -0.02814368 -0.05010248
v -0.00908337 -0.02699626 -0.04199138
v -0.00866970 -0.01669127 -0.03443281
v -0.00838998 -0.01122902 -0.03459532
v -0.00861991 -0.00678585 -0.03437540
v -0.00924959 0.02680847 -0.04722596
v -0.00908651 0.02695820 -0.04412889
v -0.00894672 0.02695549 -0.04159605
v -0.00907329 0.02784747 -0.04811222
v -0.00885150 0.02907961 -0.05483813
v -0.00869925 0.02928881 -0.04094707
v -0.00905827 0.03009000 -0.05719997
v -0.00846632 0.03010121 -0.04567179
v -0.00816369 0.03191004 -0.05275722
v -0.00830961 -0.03059548 -0.05820798
v -0.00871290 -0.03068008 -0.05758701
v -0.00858295 -0.03054602 -0.05424901
v -0.00743931 -0.02988101 -0.04668194
v -0.00848733 -0.02944604 -0.05365584
v -0.00791400 -0.02912546 -0.05302049
v -0.00836242 -0.02818980 -0.04908400
v -0.00848269 -0.02768649 -0.04302836
v -0.00697304 -0.02865997 -0.04013970
v -0.00784616 -0.02694199 -0.04791268
v -0.00723064 -0.02590453 -0.03407115
v -0.00841908 -0.02448704 -0.03406949
v -0.00841920 -0.02327227 -0.03455939
v -0.00715228 -0.02268688 -0.03358267
v -0.00807160 -0.02159537 -0.03476188
v -0.00844038 -0.01943412 -0.03469216
v -0.00716138 -0.01554319 -0.03407377
v 0.00452755 -0.01067951 -0.05972648
v -0.00786258 -0.00915196 -0.03503457
v -0.00729839 -0.00672992 -0.03937284
v -0.00655242 -0.00735058 -0.03358470
v -0.00284855 -0.00324204 -0.00002220
v -0.00623716 -0.00133729 0.00918596
v -0.00343407 0.00956721 0.00185518
v 0.00468465 0.01180402 0.00482149
v -0.00479325 0.02524066 -0.04013488
v -0.00779523 0.02537319 -0.04025125
v -0.00889078 0.02816419 -0.04226753
v -0.00830069 0.02816808 -0.04063989
v -0.00900744 0.02856262 -0.04844108
v -0.00018633 0.02653823 -0.03935317
v -0.00864512 0.02944560 -0.05832664
v -0.00840974 0.02952544 -0.05547224
v -0.00867973 0.02918890 -0.05062298
v -0.00849697 0.02917131 -0.04245497
v -0.00832173 0.02889834 -0.04125536
v -0.00808953 0.02962936 -0.04013028
v -0.00799367 0.03041595 -0.04524525
v -0.00867160 0.03096915 -0.05825851
v -0.00859421 0.03108632 -0.05632718
v -0.00771025 0.03020102 -0.05586628
v -0.00901896 0.03099384 -0.05725497
v -0.00828224 0.03153327 -0.05817918
v -0.00866450 0.03160486 -0.05724243
v -0.00793075 0.03119411 -0.04957634
v 0.00204202 0.03229790 -0.04002496
v 0.00335691 0.03268974 -0.03980147
v 0.00900647 0.03238964 -0.03392276
v -0.00793819 0.03450285 -0.05964769
v -0.00755574 -0.03371926 -0.05967936
v -0.00741063 -0.03254226 -0.05514547
v -0.00739001 -0.03143218 -0.05143230
v -0.00805849 -0.03099763 -0.05757579
v -0.00766751 -0.03098873 -0.05443588
v -0.00768595 -0.03066748 -0.05383471
v -0.00799580 -0.02997129 -0.05863171
v -0.00769782 -0.03003712 -0.05352728
v -0.00754474 -0.02872116 -0.04317540
v -0.00720886 -0.02864486 -0.05135103
v -0.00776920 -0.02852921 -0.04965318
v -0.00572803 -0.02670029 -0.04710571
v -0.00678359 -0.02649985 -0.04417685
v -0.00695975 -0.02648322 -0.04199928
v -0.00722908 -0.02338021 -0.03473933
v -0.00689237 -0.02255991 -0.03548390
v -0.00717589 -0.02002233 -0.03574298
v -0.00736199 -0.01820464 -0.03537894
v -0.00772053 -0.01673580 -0.03464139
v -0.00705829 -0.01705851 -0.03532364
v -0.00717829 -0.01248641 -0.03407435
v -0.00745386 -0.01115024 -0.03486326
v 0.00710998 -0.01159709 0.00567464
v -0.00711430 -0.01041475 -0.03547129
v -0.00038631 -0.00895969 0.00883719
v -0.00736702 -0.00781175 -0.03508234
v 0.00312511 -0.00321493 -0.04014065
v -0.00091559 -0.00467310 0.01115681
v 0.00659470 -0.00223060 0.01122091
v -0.00408022 0.00032246 0.00913478
v -0.00370980 0.00025194 -0.00022210
v 0.00006781 0.00192331 0.00156433
v 0.00279949 0.00849866 -0.05863975
v 0.01122364 0.00945363 0.00401356
v -0.00229608 0.01051952 0.00250004
v -0.00796458 0.02940020 -0.05862291
v -0.00766772 0.02947225 -0.05473681
v -0.00791527 0.02956032 -0.04244819
v -0.00297904 0.03099005 -0.05982869
v -0.00671052 0.03008325 -0.04221293
v -0.00733405 0.03093059 -0.05862152
v -0.00767307 0.03098924 -0.05594962
v -0.00802021 0.03192801 -0.05720090
v -0.00768366 0.03161528 -0.05625801
v -0.00764398 0.03257418 -0.05425565
v -0.00688196 0.03468143 -0.05966064
v -0.00632127 -0.03390455 -0.05966780
v -0.00663828 -0.03205760 -0.05249441
v -0.00665355 -0.03096025 -0.04858226
v -0.00662952 -0.02978499 -0.04488216
v -0.00683018 -0.02989852 -0.05363610
v -0.00670234 -0.02895370 -0.04212320
v -0.00358894 -0.02841737 -0.05969293
v -0.00472740 -0.02829720 -0.05863049
v -0.00683008 -0.02810123 -0.04909260
v -0.00320448 -0.02634778 -0.03359981
v -0.00717064 -0.02445797 -0.03407109
v -0.00682566 -0.02434360 -0.03164475
v -0.00674318 -0.02384735 -0.03146116
v -0.00702296 -0.02224623 -0.03152442
v -0.00663384 -0.02455623 -0.03350803
v -0.00721183 -0.01935329 -0.03349414
v -0.00715400 -0.02079471 -0.03210616
v -0.00696796 -0.01601190 -0.03140270
v -0.00711041 -0.01966082 -0.03308184
v -0.00720101 -0.01794748 -0.03213336
v -0.00713866 -0.01277143 -0.03151972
v -0.00707782 -0.01051478 -0.03209398
v -0.00707420 -0.01283688 -0.03342154
v -0.00692016 -0.01019857 -0.03150948
v -0.00685365 -0.00872124 -0.03349344
v 0.00712748 -0.01081718 0.00396708
v 0.00394136 -0.01095518 0.00899551
v 0.00229365 -0.01084631 0.00244885
v -0.00681274 -0.00938882 -0.03609330
v 0.00005606 -0.00925360 0.00821209
v -0.00677071 -0.00795746 -0.03162256
v -0.00278755 -0.01227331 -0.04015983
v 0.00599070 -0.00719581 0.00157700
v -0.00695408 -0.00675981 -0.03450960
v -0.00249533 -0.00641303 0.00036235
v -0.00260251 -0.00587360 0.00918418
v -0.00641032 -0.00583539 -0.03937236
v 0.00208736 0.00032482 0.01130584
v 0.00183291 0.00832441 0.00113663
v 0.00414507 0.00833569 0.01056810
v 0.00418250 0.01636492 -0.03349528
v -0.00669352 0.02652199 -0.04031054
v -0.00700397 0.02807325 -0.04068102
v -0.00686845 0.02894165 -0.04154155
v -0.00734061 0.02946662 -0.05061903
v -0.00733405 0.02956233 -0.04242695
v -0.00711657 0.02974475 -0.05562473
v -0.00677695 0.03146351 -0.05809799
v -0.00735909 0.03190733 -0.05718268
v -0.00678265 0.03144130 -0.05019333
v -0.00641639 -0.03329386 -0.05729296
v -0.00472895 -0.03099939 -0.05756084
v -0.00628252 -0.03094240 -0.05652588
v -0.00477303 -0.03065726 -0.05825855
v -0.00634977 -0.03061055 -0.05546444
v -0.00679396 -0.03054848 -0.05391616
v -0.00612290 -0.03005519 -0.05450019
v -0.00101881 -0.02992130 -0.03935147
v -0.00616751 -0.02936104 -0.05343906
v -0.00511911 -0.02805262 -0.05089216
v -0.00573888 -0.02726106 -0.04891615
v -0.00641009 -0.02615509 -0.04058247
v -0.00569451 -0.02517567 -0.03472763
v -0.00639630 -0.02476614 -0.03166520
v -0.00606259 -0.02428557 -0.03510356
v -0.00635695 -0.02450847 -0.03151200
v -0.00549994 -0.02337852 -0.03610402
v -0.00673225 -0.02205801 -0.03938188
v -0.00617624 -0.02109235 -0.03660835
v -0.00641192 -0.02085369 -0.03889758
v -0.00667136 -0.01998813 -0.03899875
v -0.00636897 -0.01934379 -0.03844337
v -0.00635901 -0.01929737 -0.03734921
v -0.00642607 -0.01637631 -0.03721312
v -0.00635601 -0.00994690 -0.03831308
v -0.00667731 -0.01582188 -0.03471126
v -0.00668226 -0.00852409 -0.03903866
v -0.00636182 -0.01549715 -0.03528731
v -0.00636345 -0.01240745 -0.03528047
v -0.00671080 -0.01216630 -0.03456717
v -0.00653929 -0.01113862 -0.03648851
v 0.00711854 -0.01137349 0.00640043
v -0.00635630 -0.00932065 -0.03704455
v -0.00626637 -0.00848552 -0.03850734
v 0.00687385 -0.00937059 0.00329811
v -0.00629604 -0.00790896 -0.03587903
v -0.00629259 -0.00761855 -0.03349337
v -0.00662578 -0.00772878 -0.03274282
v -0.00586062 -0.00736935 -0.03870044
v -0.00610991 -0.00647005 -0.03910605
v -0.00036861 0.00076959 -0.03355861
v 0.00245739 0.01029266 0.00809233
v 0.00499877 0.01051988 0.00943336
v 0.00743060 0.01131474 0.00344439
v -0.00115887 0.01820574 -0.03938493
v 0.00688450 0.02440958 -0.03348794
v -0.00640554 0.02607656 -0.05862025
v -0.00202800 0.03072812 -0.05983976
v -0.00665090 0.02743918 -0.05829036
v -0.00631956 0.02773862 -0.04138641
v -0.00634125 0.02728805 -0.04060326
v -0.00601864 0.02787972 -0.05727164
v -0.00615169 0.02808895 -0.04525201
v -0.00623608 0.02856687 -0.04237218
v -0.00633483 0.02855167 -0.05756411
v -0.00625173 0.02888142 -0.05230947
v -0.00633068 0.02906298 -0.05596888
v -0.00668720 0.02922474 -0.05504494
v -0.00662932 0.02921254 -0.04239863
v -0.00666365 0.03094838 -0.05823963
v -0.00631142 0.03097320 -0.05722337
v -0.00667290 0.03064521 -0.05623989
v -0.00582026 0.02958941 -0.04012183
v -0.00671126 0.03153774 -0.05662595
v -0.00637671 0.03286142 -0.05484035
v -0.00467656 -0.03317940 -0.05970146
v -0.00523867 -0.03264244 -0.05668534
v -0.00630719 -0.03166446 -0.05119030
v -0.00617234 -0.03032853 -0.04685789
v 0.00214972 -0.03137926 -0.04019892
v -0.00473995 -0.03098532 -0.05692121
v -0.00618857 -0.02919484 -0.04316102
v -0.00581714 -0.02866338 -0.04014321
v -0.00485703 -0.02859164 -0.05189875
v -0.00505584 -0.02736598 -0.04987667
v -0.00605010 -0.02649472 -0.04199755
v -0.00563347 -0.02584000 -0.03448990
v -0.00595301 -0.02495339 -0.03255205
v -0.00083683 -0.01885164 -0.04016590
v -0.00590895 -0.02063728 -0.03804787
v -0.00573408 -0.01641439 -0.03138823
v -0.00494366 -0.00934904 -0.03149585
v 0.00560720 -0.01010099 0.00389476
v -0.00599769 -0.00791896 -0.03647665
v -0.00581126 -0.00795146 -0.03774449
v -0.00598163 -0.00757455 -0.03161603
v 0.00204603 0.00321229 0.01126845
v 0.00001491 0.00745032 0.01083004
v 0.00423965 0.01175148 0.00433188
v 0.00428184 0.02239768 -0.05985544
v 0.00047567 0.01667428 -0.04010457
v -0.00578045 0.02673005 -0.05824283
v -0.00543630 0.02671588 -0.04046512
v -0.00576294 0.02721101 -0.05772752
v -0.00566126 0.02757231 -0.04681800
v -0.00558226 0.02783576 -0.05322759
v -0.00614544 0.02985052 -0.04170820
v -0.00582283 0.03033157 -0.04538981
v -0.00591971 0.03106038 -0.04927723
v -0.00591827 0.03188693 -0.05239280
v -0.00572993 0.03455722 -0.05966466
v 0.00183179 -0.03210061 -0.03501083
v -0.00483443 -0.02987323 -0.05575664
v -0.00539656 -0.03034518 -0.04899387
v -0.00409542 -0.02906940 -0.05557791
v -0.00530005 -0.02849646 -0.04298537
v -0.00511219 -0.02801382 -0.04027300
v -0.00456957 -0.02624413 -0.04486712
v -0.00464391 -0.02615154 -0.04083523
v -0.00452310 -0.02583592 -0.04043197
v -0.00412927 -0.02517391 -0.03363370
v -0.00511879 -0.02501831 -0.03349976
v 0.00166438 -0.02444276 -0.04012103
v -0.00512735 -0.02329598 -0.03150734
v -0.00553755 -0.02158946 -0.03663143
v -0.00552832 -0.02137999 -0.03896541
v -0.00533566 -0.02102266 -0.03839106
v -0.00524987 -0.02101615 -0.03728800
v 0.00528466 -0.00941829 0.00332250
v -0.00544607 -0.00737469 -0.03546454
v -0.00278581 -0.00756037 -0.03150269
v -0.00379208 -0.00742030 -0.03355928
v 0.00555799 -0.00583664 -0.03407030
v -0.00496550 0.02710456 -0.04828748
v -0.00516616 0.02708800 -0.04169093
v -0.00535078 0.02705456 -0.04092215
v -0.00486640 0.02708674 -0.05728870
v -0.00481934 0.02720245 -0.05210822
v -0.00533160 0.02935285 -0.04333095
v -0.00545423 0.02904526 -0.04040178
v -0.00535153 0.03089971 -0.05084837
v -0.00520633 0.03184558 -0.05399380
v -0.00536244 0.03313375 -0.05645308
v -0.00399659 -0.03040237 -0.05424896
v -0.00422816 -0.03053736 -0.05641060
v -0.00393661 -0.02832751 -0.04864403
v -0.00369215 -0.02866957 -0.05422368
v -0.00439040 -0.02766535 -0.04348113
v -0.00413752 -0.02763870 -0.05077318
v -0.00440853 -0.02682745 -0.04918738
v -0.00442532 -0.02637192 -0.04700646
v -0.00440893 -0.02621283 -0.04169426
v -0.00468672 -0.02419310 -0.03605385
v -0.00208951 -0.02493273 -0.03145175
v -0.00420887 -0.02378227 -0.03154466
v -0.00481709 -0.02323459 -0.03409879
v -0.00486768 -0.02324630 -0.03202293
v -0.00476084 -0.02294240 -0.03449496
v -0.00499646 -0.02073667 -0.03312317
v -0.00516879 -0.02061289 -0.03152208
v -0.00488467 -0.02005684 -0.03463840
v -0.00480598 -0.01976760 -0.03179002
v -0.00497347 -0.01798716 -0.03158045
v -0.00471372 -0.01779200 -0.03762555
v -0.00487881 -0.01784563 -0.03194663
v -0.00458759 -0.01578264 -0.03828386
v -0.00490067 -0.01678001 -0.03195552
v -0.00473386 -0.01250518 -0.03421811
v -0.00453666 -0.01077518 -0.03778321
v -0.00478749 -0.00985632 -0.03198358
v 0.00741341 -0.01184259 0.00705556
v 0.00591447 -0.01040443 0.00399340
v -0.00448001 -0.00752742 -0.03789123
v -0.00387508 -0.00757759 -0.03712337
v -0.00400361 -0.00714905 -0.03856141
v 0.00342105 -0.00703250 -0.03467430
v -0.00178748 -0.00659115 0.01084823
v 0.00462052 -0.00422048 -0.05977888
v 0.00775841 0.00567790 0.00025833
v 0.00468097 0.00727901 0.00917864
v -0.00454333 0.02714534 -0.05526470
v -0.00472819 0.02783957 -0.04099632
v -0.00465608 0.02791090 -0.04013639
v -0.00445876 0.02940588 -0.05247831
v -0.00416530 0.02960379 -0.05515921
v -0.00176361 0.02852216 -0.04005770
v -0.00443671 0.03179256 -0.05691549
v -0.00123533 0.03171956 -0.04008346
v -0.00485796 0.03397098 -0.05969010
v -0.00282975 -0.03152422 -0.05972710
v -0.00418321 -0.03030745 -0.05818497
v -0.00411069 -0.03066393 -0.05725236
v -0.00376886 -0.03007146 -0.05722771
v -0.00409731 -0.02951255 -0.05618204
v -0.00364647 -0.02915759 -0.05715670
v -0.00298680 -0.02826252 -0.05144071
v -0.00371986 -0.02783497 -0.04703541
v -0.00391023 -0.02708765 -0.04139036
v -0.00326699 -0.02551984 -0.03489445
v -0.00422350 -0.02379279 -0.03445583
v -0.00301494 -0.02097953 -0.03745048
v -0.00426525 -0.02025897 -0.03486602
v -0.00428150 -0.01974649 -0.03429550
v -0.00427831 -0.01821142 -0.03761176
v -0.00435737 -0.01786719 -0.03831059
v -0.00427847 -0.01811625 -0.03644030
v -0.00427394 -0.01726986 -0.03875130
v -0.00407602 -0.01242778 -0.03891446
v -0.00427597 -0.01008870 -0.03814926
v -0.00417576 -0.01117552 -0.03866126
v 0.00711641 -0.01131656 0.00432944
v -0.00420270 -0.00964084 -0.03725082
v -0.00434876 -0.00950424 -0.03378294
v -0.00453016 -0.00953541 -0.03159215
v 0.00702961 0.00391424 0.00004589
v 0.02183765 0.00752748 0.00187912
v 0.00322284 0.00998616 0.00993137
v -0.00391588 0.02714506 -0.04962356
v -0.00414222 0.02738990 -0.04060964
v -0.00408363 0.02834570 -0.04964560
v -0.00368856 0.02870958 -0.05402912
v -0.00383935 0.02929736 -0.05580553
v -0.00355760 0.02996810 -0.05747621
v -0.00366879 0.03233791 -0.05978508
v -0.00296301 -0.02984289 -0.05484093
v -0.00329913 -0.02889753 -0.05164388
v -0.00288937 -0.02866717 -0.05763810
v -0.00303718 -0.02833241 -0.05816889
v -0.00363480 -0.02724176 -0.04398312
v -0.00341058 -0.02692778 -0.04013216
v -0.00165574 -0.02759709 -0.05079283
v -0.00110178 -0.02681351 -0.04884742
v -0.00166258 -0.02625100 -0.04630112
v -0.00241532 -0.02618507 -0.04244015
v -0.00176727 -0.02475338 -0.03600026
v -0.00395563 -0.02373645 -0.03259072
v 0.00286586 -0.02207169 -0.03937944
v -0.00340133 -0.02270836 -0.03471853
v -0.00303830 -0.01930154 -0.03171948
v -0.00307917 -0.01778521 -0.03875066
v -0.00351252 -0.01817532 -0.03229953
v -0.00320417 -0.01545105 -0.03935238
v 0.01275515 -0.01144669 0.00814432
v 0.00712128 -0.01086243 0.00674592
v 0.00471283 -0.01035086 0.00958979
v -0.00354017 -0.00964030 -0.03809714
v 0.00681307 -0.00972433 0.00710211
v 0.00961940 -0.00820009 0.00159686
v -0.00155962 -0.00747885 -0.03651863
v 0.00383848 0.01023463 -0.03937558
v 0.00755519 0.00689964 0.00157926
v 0.00918854 0.01157607 0.00796077
v -0.00278418 0.02713042 -0.05747939
v -0.00319690 0.02703557 -0.04490802
v -0.00286446 0.02735403 -0.04499247
v -0.00337586 0.02814168 -0.05083521
v -0.00378953 0.02755674 -0.04591306
v -0.00312243 0.02929138 -0.05710292
v 0.00427591 0.03281961 -0.03950916
v -0.00213056 -0.03110404 -0.05971717
v -0.00311112 -0.02785279 -0.04785943
v 0.00399976 -0.02809403 -0.03357131
v -0.00178873 -0.02848514 -0.05216468
v -0.00270632 -0.02673230 -0.04141728
v 0.00083757 -0.02675200 -0.03407630
v -0.00228720 -0.02516901 -0.03196982
v 0.00005120 -0.02505238 -0.03155803
v -0.00229113 -0.02128120 -0.03702646
v -0.00301669 -0.01985571 -0.03477706
v -0.00268974 -0.01953803 -0.03431399
v -0.00303499 -0.01949605 -0.03311209
v 0.00026362 -0.01826089 -0.03817044
v -0.00170435 -0.01825010 -0.03641426
v -0.00319171 -0.01245762 -0.03934570
v -0.00268986 -0.01113106 -0.03882253
v -0.00249189 -0.01020358 -0.03866813
v 0.00685409 -0.01020964 0.00676265
v -0.00291654 -0.00953156 -0.03670731
v 0.00127220 -0.00922594 -0.03152997
v 0.00245067 -0.00747544 -0.03180363
v 0.00824652 0.00009817 0.00155621
v 0.00469403 0.00806629 0.00321984
v 0.01103870 0.01635583 -0.03407178
v 0.00077441 0.02622958 -0.05862172
v -0.00224627 0.02613209 -0.04024420
v -0.00319928 0.02721174 -0.04098721
v -0.00283192 0.02738694 -0.04018066
v -0.00319298 0.02753658 -0.04763928
v -0.00281147 0.02857758 -0.05483430
v -0.00283962 0.02994089 -0.05871321
v 0.00125355 -0.02862756 -0.05626090
v -0.00194473 -0.02783818 -0.04834934
v -0.00219243 -0.02688384 -0.04349843
v 0.00166838 -0.02540664 -0.03360537
v 0.00035009 -0.02508106 -0.03357017
v -0.00175472 -0.02393559 -0.03454533
v -0.00124871 -0.02403209 -0.03422634
v 0.00076858 -0.02029681 -0.03473485
v 0.00486600 -0.02067319 -0.05970371
v 0.00169314 -0.02086210 -0.03771947
v 0.00017115 -0.01827153 -0.03229303
v 0.00039553 -0.01847678 -0.03165890
v -0.00092127 -0.00961676 -0.03805942
v 0.00113183 -0.00945843 -0.03198228
v 0.00254041 -0.00752114 -0.03348955
v 0.00084055 -0.00464881 0.00010882
v 0.00177453 0.02331172 -0.04018844
v -0.00021110 0.02705226 -0.04237427
v -0.00229138 0.02812164 -0.05125850
v -0.00222280 0.02755582 -0.04769105
v -0.00252824 0.02922322 -0.05725883
v 0.01419896 -0.03188688 -0.03992687
v -0.00152422 -0.03029384 -0.05749165
v -0.00171285 -0.02918966 -0.05342552
v 0.01135889 -0.03006699 -0.03412563
v -0.00164711 -0.02735014 -0.04621560
v -0.00106106 -0.02663070 -0.04040158
v -0.00130647 -0.02650196 -0.04787737
v 0.00130051 -0.02620555 -0.04185881
v 0.00006576 -0.02536326 -0.03365933
v 0.00031506 -0.02432015 -0.03601812
v 0.00053642 -0.02169141 -0.03659560
v -0.00010323 -0.02244651 -0.03467479
v -0.00052191 -0.01950784 -0.03359531
v -0.00007690 -0.01752359 -0.03875854
v -0.00010143 -0.01545222 -0.03934648
v -0.00008463 -0.01244759 -0.03933993
v 0.00321685 -0.00654402 -0.03433773
v 0.00144346 0.00888891 -0.04013762
v -0.00018423 0.02677928 -0.05819176
v -0.00065945 0.02711196 -0.05659825
v -0.00158809 0.02692942 -0.04097612
v -0.00118596 0.02665268 -0.04050722
v -0.00188190 0.02737810 -0.04045260
v -0.00156528 0.02752094 -0.04422674
v -0.00182355 0.02879399 -0.05540183
v -0.00152198 0.02786171 -0.04805874
v -0.00206061 0.02974030 -0.05822675
v -0.00175564 0.02978524 -0.05787897
v -0.00177377 0.03116448 -0.05956286
v 0.01702215 0.03197336 -0.03519811
v -0.00107616 -0.03109690 -0.05970741
v 0.00164073 -0.02772321 -0.04011434
v 0.00193687 -0.02818776 -0.05821840
v 0.00244401 -0.02854451 -0.05772209
v 0.00010999 -0.02809487 -0.05108330
v 0.01415081 -0.02861289 -0.03409244
v 0.00380264 -0.02752942 -0.05862684
v -0.00034750 -0.02698427 -0.04364672
v 0.00075912 -0.02606232 -0.03440261
v 0.00101747 -0.02624951 -0.04454157
v 0.00160766 -0.02582008 -0.04043585
v 0.00037230 -0.02376395 -0.03147559
v 0.00184221 -0.02101226 -0.03851255
v 0.00200822 -0.02093442 -0.03708880
v -0.00006300 -0.01966797 -0.03431244
v 0.00002272 -0.01956146 -0.03179633
v 0.00093888 -0.00960586 -0.03720602
v 0.00319037 -0.00758038 -0.03162393
v 0.00109969 -0.00702245 -0.03874864
v 0.00072587 -0.00735875 -0.03558811
v 0.00285189 -0.00646325 -0.03913052
v 0.00375894 -0.00583304 -0.03937575
v 0.00432981 -0.00115293 0.00920057
v 0.00058333 0.00078345 0.00912457
v 0.00288558 0.00837411 0.00351485
v 0.00855647 0.01179867 0.00663993
v -0.00057941 0.01731668 -0.03950564
v 0.00044304 0.02471082 -0.04025344
v -0.00032958 0.02709224 -0.05760588
v -0.00042738 0.02711935 -0.05314048
v -0.00086018 0.02792738 -0.04011011
v -0.00150920 0.02848666 -0.05116860
v -0.00112690 0.02902437 -0.05132005
v -0.00098263 0.02794371 -0.04439642
v -0.00095684 0.03166075 -0.05744968
v -0.00028245 0.03169377 -0.05350940
v -0.00120804 0.03242359 -0.05981274
v -0.00063197 -0.02986250 -0.05551659
v 0.01011085 -0.03062773 -0.03899154
v -0.00035272 -0.02778391 -0.04754497
v 0.00150682 -0.02857036 -0.05181065
v 0.00106575 -0.02648463 -0.04686580
v 0.00655775 -0.03091834 -0.05969311
v 0.00015268 -0.02379053 -0.03437201
v 0.00114421 -0.02003575 -0.03462830
v 0.00070202 -0.01110269 -0.03870034
v 0.00001597 -0.01012678 -0.03845197
v 0.01028858 -0.00623136 -0.05864631
v 0.00070636 -0.00742287 -0.03815397
v 0.01761364 0.00760096 -0.03407604
v 0.00027950 0.01293500 -0.03938231
v 0.00016781 0.02640790 -0.04064607
v 0.00513996 0.03166590 -0.05980052
v -0.00040206 0.02977475 -0.04617354
v -0.00036150 0.02879428 -0.04038984
v 0.00001541 0.02950227 -0.04010063
v -0.00026582 0.03030177 -0.04772952
v -0.00025261 0.03287924 -0.05693681
v -0.00015708 0.03396144 -0.05965977
v 0.00055427 -0.03212927 -0.05970973
v -0.00003246 -0.03078319 -0.05768245
v 0.00006431 -0.02982475 -0.05453505
v 0.00004093 -0.02858666 -0.05016842
v 0.00054473 -0.02717503 -0.04888052
v 0.00012826 -0.02678855 -0.04161773
v 0.00279955 -0.02548588 -0.04024021
v 0.00044474 -0.02384079 -0.03389133
v 0.00257365 -0.02143938 -0.03908012
v 0.00043530 -0.01975404 -0.03194457
v 0.00111250 -0.01830840 -0.03768517
v 0.00112204 -0.01821387 -0.03666508
v 0.01256528 -0.00886595 0.00131351
v 0.02546190 -0.00889883 0.00194524
v 0.00654426 0.00492535 0.01117428
v 0.01104657 0.00956786 0.01017597
v 0.00071089 0.02698763 -0.04936624
v 0.00005651 0.02696379 -0.04763257
v 0.00042861 0.02727646 -0.05797599
v 0.00013775 0.02936268 -0.04040648
v 0.00035911 0.03027641 -0.04587528
v 0.00029779 0.03143121 -0.05151750
v 0.00047229 0.03261946 -0.05516793
v 0.00122474 0.03423279 -0.05965278
v 0.00055978 0.03398922 -0.05891820
v 0.00189683 -0.03334065 -0.05967256
v 0.00146875 -0.03208138 -0.05716449
v 0.00076397 -0.03070848 -0.05596352
v 0.00077506 -0.02925056 -0.05055073
v 0.00278876 -0.02872089 -0.04018021
v 0.00068678 -0.02799513 -0.04647321
v 0.00081272 -0.02818612 -0.05057914
v 0.00048323 -0.02711699 -0.04316330
v 0.00085487 -0.02693602 -0.04011805
v 0.00186002 -0.02614668 -0.04065065
v 0.00101818 -0.02473015 -0.03557640
v 0.00126338 -0.02488793 -0.03157026
v 0.00163898 -0.02325413 -0.03148891
v 0.00106994 -0.02320213 -0.03444752
v 0.00096550 -0.02344694 -0.03205168
v 0.00473202 -0.01577274 -0.04013430
v 0.00125779 -0.02010767 -0.03162929
v 0.00112839 -0.01786189 -0.03826855
v 0.00162659 -0.01781138 -0.03195261
v 0.00104073 -0.01692903 -0.03876856
v 0.00710850 -0.01157887 0.00500687
v 0.00101885 -0.01010191 -0.03811585
v 0.00414170 -0.00837250 0.00915456
v 0.00232299 -0.00798756 -0.03679945
v 0.00395869 0.01777845 -0.04004965
v 0.00421364 0.01843472 -0.03965941
v 0.00085182 0.02529734 -0.04050487
v 0.00135355 0.02531932 -0.04082973
v 0.00069950 0.02655527 -0.04215320
v 0.00015143 0.02752246 -0.05691987
v 0.00035509 0.02750256 -0.05423930
v 0.00097082 0.02751459 -0.05321349
v 0.00068399 0.02720165 -0.05233899
v 0.00067046 0.02821538 -0.05771920
v 0.00061589 0.02827254 -0.05454308
v 0.00065768 0.02856815 -0.05661100
v 0.00078246 0.02977773 -0.04277229
v 0.00084319 0.02950111 -0.04041050
v 0.00224266 0.02947204 -0.04010234
v 0.00594921 0.03161314 -0.03901880
v 0.00123646 -0.02834568 -0.04956377
v 0.00170488 -0.02808453 -0.04273744
v 0.00184209 -0.02819849 -0.04901655
v 0.00150013 -0.02483230 -0.03349083
v 0.00220312 -0.02412281 -0.03153214
v 0.00166883 -0.02393571 -0.03568491
v 0.00122382 -0.02339033 -0.03363308
v 0.00164423 -0.02195299 -0.03399382
v 0.00145737 -0.02288638 -0.03283775
v 0.00162340 -0.02221992 -0.03167105
v 0.00164464 -0.02136015 -0.03668491
v 0.00145143 -0.02082917 -0.03452459
v 0.00164455 -0.02052516 -0.03397960
v 0.00171522 -0.02067151 -0.03158753
v 0.00125157 -0.02008001 -0.03318839
v 0.00185933 -0.01796312 -0.03151669
v 0.00147109 -0.01777610 -0.03757900
v 0.00159306 -0.01652364 -0.03428283
v 0.00162854 -0.01577612 -0.03164556
v 0.00108523 -0.01304842 -0.03883979
v 0.00133091 -0.01289196 -0.03812245
v 0.00155709 -0.01389908 -0.03468868
v 0.00165333 -0.01378549 -0.03160033
v 0.00128500 -0.01042853 -0.03717833
v 0.00136940 -0.01038690 -0.03443408
v 0.00138112 -0.00975939 -0.03159585
v 0.00859608 -0.01167257 0.00426529
v 0.00572410 -0.00328420 0.00915234
v 0.00875149 -0.00229681 -0.00010216
v 0.00287224 0.01552102 -0.03966956
v 0.01304970 0.01369175 -0.05863841
v 0.00586381 0.02271580 -0.04015150
v 0.00502971 0.02028461 -0.03937773
v 0.00091192 0.02644967 -0.04569506
v 0.00157063 0.02550049 -0.04179219
v 0.00121359 0.02645275 -0.04751626
v 0.00101274 0.02745386 -0.05831404
v 0.00092514 0.02793721 -0.05377855
v 0.00100602 0.03095176 -0.05825069
v 0.00066609 0.03097185 -0.05754903
v 0.00098937 0.02929897 -0.05595185
v 0.00111056 0.02908500 -0.05419648
v 0.00139251 0.03018473 -0.05600254
v 0.00132167 0.03056347 -0.04752416
v 0.00084866 0.03128941 -0.05689827
v 0.00110823 0.03124284 -0.05633149
v 0.00108197 0.03152485 -0.05143041
v 0.00107900 0.03151969 -0.05780635
v 0.01276754 0.03198433 -0.03838620
v 0.00173635 0.03246320 -0.05444851
v 0.00232085 -0.03205155 -0.05468850
v 0.00214239 -0.03025675 -0.04884011
v 0.00291471 -0.02876073 -0.05464534
v 0.00247281 -0.02846946 -0.04042492
v 0.00284084 -0.02800442 -0.04844264
v 0.00187720 -0.02684285 -0.04738289
v 0.00297776 -0.02668737 -0.04489678
v 0.00200573 -0.02518134 -0.03472571
v 0.00202281 -0.02458346 -0.03209667
v 0.00246788 -0.02155003 -0.03618961
v 0.00164758 -0.01787821 -0.03532965
v 0.00195877 -0.01151731 -0.03145497
v 0.00329891 -0.01075553 -0.03147727
v 0.00278353 -0.00768013 -0.03874731
v 0.01064036 0.00047446 -0.00024486
v 0.01309831 0.00727335 0.00073014
v 0.00220487 0.02529489 -0.04618550
v 0.00216625 0.02513452 -0.04335348
v 0.00222847 0.02458124 -0.04049685
v 0.00192580 0.02673589 -0.04896625
v 0.00242447 0.02705202 -0.04966231
v 0.00169097 0.02759023 -0.05862377
v 0.00421233 0.02716697 -0.05214857
v 0.00179319 0.02836946 -0.05353663
v 0.00174446 0.02943337 -0.05471310
v 0.00179947 0.02914940 -0.05383085
v 0.00167072 0.03094292 -0.05862411
v 0.00277920 0.02960620 -0.05537803
v 0.00188673 0.02975733 -0.04417366
v 0.00201510 0.02930223 -0.04040349
v 0.00210890 0.03096837 -0.05596115
v 0.00183811 0.03138545 -0.05148916
v 0.01387532 0.03104088 -0.03412280
v 0.00202542 0.03156404 -0.05821666
v 0.00172330 0.03188662 -0.05717133
v 0.00207312 0.03158054 -0.05626842
v 0.00419322 0.03231117 -0.05974213
v 0.00212337 0.03352170 -0.05756343
v 0.00328893 -0.03388794 -0.05965716
v 0.00308611 -0.03110243 -0.04954108
v 0.00286415 -0.02974158 -0.04516290
v 0.00324004 -0.02896587 -0.04159137
v 0.00251518 -0.02883889 -0.05655871
v 0.00323895 -0.02850816 -0.04952105
v 0.00312199 -0.02666945 -0.04254816
v 0.00269736 -0.02357585 -0.03349747
v 0.00273092 -0.02346736 -0.03492929
v 0.00255584 -0.01925655 -0.03139572
v 0.00259005 -0.02060757 -0.03737190
v 0.00796072 -0.01180663 0.00535880
v 0.01603929 -0.01178232 0.00746461
v 0.00248200 -0.00822730 -0.03761444
v 0.00268843 -0.00750553 -0.03544206
v 0.01204635 -0.00446113 0.00916168
v 0.00720491 -0.00447447 0.01111300
v 0.00869842 0.00545108 0.00918117
v 0.01155605 0.00567126 0.01109660
v 0.00310543 0.02477381 -0.04111348
v 0.00285692 0.02560483 -0.04775526
v 0.00303853 0.02759581 -0.05297317
v 0.00225551 0.02928327 -0.04453587
v 0.00282608 0.02735279 -0.04457157
v 0.00291229 0.02705485 -0.04100434
v 0.00244761 0.02855566 -0.04081023
v 0.00294346 0.02850791 -0.05862160
v 0.00277838 0.02819592 -0.04687242
v 0.00444942 0.02946900 -0.05454985
v 0.00248613 0.03035585 -0.05028139
v 0.00233834 0.03095070 -0.05862370
v 0.00290849 0.03001830 -0.05593022
v 0.00205272 0.03054522 -0.04897245
v 0.00256533 0.03161035 -0.05355657
v 0.00236966 0.03187143 -0.05718791
v 0.00237915 0.03250974 -0.05522712
v 0.00273129 0.03372287 -0.05962991
v 0.00308316 -0.03272117 -0.05558668
v 0.00299497 -0.02898517 -0.05741754
v 0.00411938 -0.02813267 -0.05862680
v 0.00328253 -0.02710739 -0.04625037
v 0.00348516 -0.02660497 -0.04164418
v 0.00771507 -0.02614456 -0.03937136
v 0.00310683 -0.02572600 -0.03433231
v 0.00305995 -0.02456816 -0.03448471
v 0.00315591 -0.02268487 -0.03149813
v 0.00341499 -0.02179545 -0.03350717
v 0.00338686 -0.02174966 -0.03455554
v 0.00328424 -0.02069106 -0.03542162
v 0.00271657 -0.02073440 -0.03855762
v 0.00305404 -0.01922514 -0.03862377
v 0.00296785 -0.01911008 -0.03775341
v 0.00307087 -0.01963001 -0.03669984
v 0.00302637 -0.01737792 -0.03688697
v 0.01419055 -0.01875678 -0.05863471
v 0.00300533 -0.00911914 -0.03852321
v 0.00295034 -0.01189777 -0.03713870
v 0.00316384 -0.01571501 -0.03525028
v 0.00310772 -0.01288386 -0.03522458
v 0.00308289 -0.01152753 -0.03610210
v 0.00309385 -0.00942344 -0.03675557
v 0.00276574 -0.00867856 -0.03803410
v 0.00324257 -0.00837077 -0.03601833
v 0.01470689 -0.00932793 0.00255701
v 0.00346387 -0.00783846 -0.03353172
v 0.00869714 -0.00831364 0.01045832
v 0.00365341 -0.00767553 -0.03359834
v 0.01321072 0.00932990 0.00909978
v 0.01327306 0.01050343 0.00951891
v 0.01228788 0.01173079 0.00751374
v 0.00330394 0.02500985 -0.04653847
v 0.00301940 0.02486533 -0.04539086
v 0.00407254 0.02603428 -0.04839451
v 0.00315937 0.02674825 -0.04489288
v 0.00313499 0.02669470 -0.04055406
v 0.00317422 0.02727832 -0.04678644
v 0.00352659 0.02686149 -0.04015796
v 0.00411733 0.02829364 -0.05343411
v 0.00327682 0.02834009 -0.04955461
v 0.00346955 0.02956304 -0.05249212
v 0.00333049 0.02993441 -0.05792117
v 0.00346006 0.03018085 -0.05696240
v 0.00308511 0.03063595 -0.05625269
v 0.00300037 0.03121055 -0.05817717
v 0.00343674 0.03095893 -0.05724010
v 0.00791709 0.03090188 -0.03934139
v 0.00302243 0.03151373 -0.05710455
v 0.00598541 0.03208551 -0.04004447
v 0.00890596 0.03261341 -0.03449711
v 0.00357217 -0.03371714 -0.05892602
v 0.00505383 -0.03326907 -0.05969047
v 0.00343885 -0.03207833 -0.05310591
v 0.00341558 -0.03035737 -0.04664773
v 0.00355747 -0.03023658 -0.05818464
v 0.00352586 -0.03063404 -0.05754089
v 0.00358670 -0.03059101 -0.05662736
v 0.00314147 -0.02999979 -0.05720124
v 0.00343435 -0.02969065 -0.05620181
v 0.00405274 -0.02994327 -0.05592184
v 0.00343057 -0.02944245 -0.04354382
v 0.00343484 -0.02875009 -0.05819980
v 0.00384343 -0.02910141 -0.05542276
v 0.00462271 -0.02852597 -0.04013147
v 0.00358328 -0.02816904 -0.04696691
v 0.00402861 -0.02654438 -0.03406853
v 0.00515026 -0.02601584 -0.04051158
v 0.01012120 -0.01475638 -0.03937851
v 0.00363196 -0.02131549 -0.03162729
v 0.00405897 -0.02085322 -0.03937902
v 0.00369873 -0.01717286 -0.03151533
v 0.00341760 -0.01871292 -0.03904168
v 0.00372857 -0.01822671 -0.03210395
v 0.00352836 -0.01902397 -0.03573485
v 0.00367245 -0.01644953 -0.03348465
v 0.00359704 -0.01728059 -0.03544355
v 0.00340719 -0.01553296 -0.03452633
v 0.00342306 -0.00882660 -0.03902900
v 0.00365481 -0.01181914 -0.03349088
v 0.00372940 -0.01222588 -0.03181537
v 0.00345993 -0.01211862 -0.03457873
v 0.00352048 -0.00881056 -0.03180656
v 0.00387830 -0.00958019 -0.03551677
v 0.01063355 -0.00649596 0.00049614
v 0.01019932 0.00964568 0.00178417
v 0.02282840 0.01028416 0.00811221
v 0.00674694 0.00913498 -0.04006586
v 0.00554553 0.01126770 -0.03957709
v 0.00412001 0.02536367 -0.04735264
v 0.00834715 0.02718483 -0.03933220
v 0.00381372 0.02693068 -0.04703567
v 0.00373703 0.02640274 -0.04101395
v 0.00394797 0.02846026 -0.05102227
v 0.00514216 0.02799935 -0.04006991
v 0.00365613 0.02924306 -0.05819246
v 0.00422294 0.02954577 -0.05756110
v 0.00375635 0.03138614 -0.05644014
v 0.00536683 0.03284879 -0.03879509
v 0.00411297 -0.03138992 -0.05181027
v 0.00418523 -0.03062684 -0.05825559
v 0.00424864 -0.03098589 -0.05723186
v 0.00484069 -0.03067871 -0.05627526
v 0.00438083 -0.02946637 -0.04551531
v 0.00413575 -0.02995282 -0.05862623
v 0.00552719 -0.02875612 -0.05403467
v 0.00479468 -0.02858415 -0.05065344
v 0.00423294 -0.02852548 -0.04042592
v 0.00426445 -0.02855288 -0.04874618
v 0.00455809 -0.02857345 -0.04726097
v 0.00423272 -0.02825554 -0.04661404
v 0.00467403 -0.02723345 -0.04608439
v 0.00453405 -0.02676941 -0.04550352
v 0.00469487 -0.02656183 -0.04478326
v 0.00420686 -0.02664964 -0.04231959
v 0.00581351 -0.02518392 -0.04017878
v 0.00390003 -0.02204891 -0.03406759
v 0.00386266 -0.02208921 -0.03360235
v 0.00422247 -0.02017002 -0.03468942
v 0.00425584 -0.01890508 -0.03482169
v 0.00392567 -0.01521135 -0.03355524
v 0.00426963 -0.01712184 -0.03465744
v 0.00392218 -0.01552010 -0.03406330
v 0.00405926 -0.00643315 -0.03937411
v 0.00392270 -0.01246921 -0.03406173
v 0.00423396 -0.01109340 -0.03470163
v 0.01061212 -0.01136604 0.00326673
v 0.01669074 -0.01039754 0.00962778
v 0.00438271 -0.00755471 -0.03468910
v 0.01028589 -0.00659658 0.01080327
v 0.01399012 -0.00584670 -0.03359937
v 0.00758711 0.00803092 -0.03936195
v 0.00558260 0.01532957 -0.03992504
v 0.00533960 0.01731939 -0.03991802
v 0.00613216 0.02428716 -0.04049487
v 0.00582629 0.02505488 -0.04654177
v 0.00697444 0.02712536 -0.04966981
v 0.00696333 0.02679609 -0.04895288
v 0.00406270 0.02648810 -0.04485930
v 0.00453485 0.02647267 -0.04041177
v 0.00501327 0.02775450 -0.05286033
v 0.00455894 0.02743960 -0.04861313
v 0.00414282 0.02975521 -0.05407423
v 0.00465645 0.03140801 -0.05844264
v 0.00531122 -0.03089117 -0.05369522
v 0.00950212 -0.03070965 -0.03444945
v 0.00609311 -0.02931049 -0.05549381
v 0.00908208 -0.03218950 -0.05974783
v 0.00537466 -0.02812292 -0.04673510
v 0.00553632 -0.02756786 -0.04012879
v 0.00613855 -0.02673256 -0.04651007
v 0.00618696 -0.02607579 -0.04095320
v 0.00641970 -0.01635955 -0.03406705
v 0.00546371 -0.01123289 -0.03437833
v 0.00962304 -0.01110033 0.00286443
v 0.00492424 -0.00906305 -0.03464213
v 0.01247040 -0.00464648 0.00008600
v 0.01523376 0.00788861 0.00280755
v 0.01060851 0.01102971 0.00286929
v 0.00708415 0.02360223 -0.04021859
v 0.00640559 0.02469901 -0.04090128
v 0.00582582 0.02493725 -0.04524668
v 0.00568740 0.02486111 -0.04273181
v 0.00596103 0.02716158 -0.05190543
v 0.00564771 0.02686368 -0.04649262
v 0.00498152 0.02650634 -0.04472307
v 0.00545617 0.02642059 -0.04102675
v 0.00617489 0.02849664 -0.05346361
v 0.00479954 0.02956974 -0.05417983
v 0.00534523 0.03070863 -0.05764885
v 0.00634436 -0.03236701 -0.05969453
v 0.00622090 -0.03098414 -0.05626524
v 0.00798953 -0.03081413 -0.05706200
v 0.00591603 -0.02939258 -0.05043578
v 0.00682480 -0.03004291 -0.05864913
v 0.00573771 -0.02782446 -0.04365327
v 0.00710950 -0.02858780 -0.05209171
v 0.00579517 -0.02831578 -0.05110993
v 0.00556281 -0.02831465 -0.05008224
v 0.00585844 -0.02745899 -0.04713560
v 0.00639791 -0.02622792 -0.04312148
v 0.01069821 -0.02465748 -0.04015809
v 0.00641424 -0.02145179 -0.03406612
v 0.00641408 -0.01215186 -0.03406755
v 0.01097607 -0.00869953 -0.04013269
v 0.01539199 -0.00925932 0.00822631
v 0.00522508 -0.00705195 -0.03450188
v 0.00791421 0.00689353 -0.04010775
v 0.01480671 0.00998411 0.00434020
v 0.00643829 0.01928794 -0.03987084
v 0.00568308 0.02560030 -0.04778598
v 0.00630089 0.02675349 -0.04014443
v 0.00651545 0.03174696 -0.05981805
v 0.00557155 0.02770868 -0.04919059
v 0.00530098 0.02904779 -0.05283890
v 0.00703453 0.02955587 -0.05755544
v 0.02418922 0.03110590 -0.03346217
v 0.01028318 -0.03175753 -0.04015496
v 0.00818310 -0.03067920 -0.05829016
v 0.00718983 -0.03094791 -0.05764849
v 0.00634416 -0.02983088 -0.05318132
v 0.01562371 -0.03104321 -0.03832089
v 0.00811639 -0.03009865 -0.05588109
v 0.01233160 -0.02856770 -0.04017382
v 0.00643246 -0.02685685 -0.04735388
v 0.01079890 -0.02185359 -0.04011714
v 0.01125482 -0.01503855 -0.03361558
v 0.00928392 0.00070530 0.00925035
v 0.01087784 0.00918092 0.00394378
v 0.00778454 0.02053185 -0.03991911
v 0.00676632 0.02150274 -0.03936358
v 0.00910882 0.02365877 -0.03932131
v 0.00618170 0.02681213 -0.04511443
v 0.00618644 0.02741063 -0.04770873
v 0.00600355 0.02954775 -0.05382456
v 0.00669309 0.02978484 -0.05343105
v 0.00758204 0.02918186 -0.05380499
v 0.00852506 0.02940579 -0.04009495
v 0.00585207 0.03063729 -0.05749187
v 0.00740636 -0.03191856 -0.05969562
v 0.00682972 -0.02854750 -0.04937644
v 0.00748400 -0.02868905 -0.05427465
v 0.00662216 -0.02826707 -0.05133670
v 0.00656097 -0.02773028 -0.04556384
v 0.00667453 -0.02694895 -0.04182691
v 0.00667465 -0.02689042 -0.04014823
v 0.01307227 -0.01463742 -0.05978075
v 0.00985759 -0.01079625 0.00259942
v 0.00742422 -0.00992243 0.00403207
v 0.00646252 -0.00674675 -0.03407050
v 0.00684158 0.01216963 -0.03990190
v 0.00658789 0.02559671 -0.04737166
v 0.00675971 0.02527682 -0.04537942
v 0.00650113 0.02506143 -0.04303938
v 0.00678729 0.02696541 -0.04102059
v 0.00670924 0.02810140 -0.05294099
v 0.00690329 0.02715905 -0.05053803
v 0.00678155 0.02733948 -0.04514654
v 0.00953882 0.02847358 -0.05860971
v 0.00759529 0.02954883 -0.05450808
v 0.00706014 0.03096166 -0.05703862
v 0.01020153 0.03212099 -0.04009358
v 0.00771165 -0.03035506 -0.05534855
v 0.00861424 -0.03053959 -0.05634105
v 0.00740512 -0.02930442 -0.05249908
v 0.02047077 -0.03072355 -0.03362124
v 0.00812127 -0.02955653 -0.05575005
v 0.00792695 -0.02744353 -0.05053974
v 0.00841225 -0.02775206 -0.04766081
v 0.00740610 -0.02694483 -0.04325818
v 0.00796164 -0.02659409 -0.04824748
v 0.00737769 -0.02662573 -0.04041909
v 0.00896832 -0.02598413 -0.04099275
v 0.00769072 -0.00967916 0.00696860
v 0.01989693 -0.00997272 -0.05983377
v 0.01374621 -0.00116885 -0.04012784
v 0.00796014 0.01015466 -0.03990191
v 0.00766354 0.02473619 -0.04055971
v 0.00709161 0.02520700 -0.04221591
v 0.00953513 0.02666645 -0.05861019
v 0.00817511 0.02679348 -0.04756423
v 0.00752809 0.02607199 -0.04657606
v 0.00767279 0.02606004 -0.04392048
v 0.00768032 0.02698672 -0.04874994
v 0.00762585 0.02847362 -0.05213062
v 0.00877357 0.03010418 -0.04683123
v 0.00760220 0.02800212 -0.04269774
v 0.00757501 0.02804126 -0.04019733
v 0.00981913 0.02906496 -0.05817105
v 0.00752695 0.03016553 -0.05233938
v 0.00744970 0.03087152 -0.05585066
v 0.00869330 0.03373297 -0.05979160
v 0.02321864 -0.03193002 -0.03951931
v 0.00805387 -0.03146329 -0.05844729
v 0.00987714 -0.02917938 -0.05508157
v 0.01747551 -0.02986304 -0.03935968
v 0.00821412 -0.02625439 -0.04679417
v 0.00771140 -0.01103524 0.00438654
v 0.00776181 -0.01135393 0.00534965
v 0.00769802 -0.01106792 0.00633237
v 0.00808932 -0.01083723 0.00535630
v 0.00795169 -0.01020067 0.00465969
v 0.00792509 -0.01017853 0.00610829
v 0.00955547 -0.00928874 0.00376872
v 0.01433687 0.01343641 -0.05989882
v 0.00773950 0.02775077 -0.04957433
v 0.00809728 0.02751403 -0.04897827
v 0.00817112 0.02923497 -0.05324849
v 0.00854990 0.02951823 -0.04371331
v 0.00806576 0.02882261 -0.04039850
v 0.00872002 0.03125393 -0.05201449
v 0.00797454 0.03190013 -0.05799209
v 0.01080386 0.03269342 -0.03656497
v 0.00898126 -0.03087592 -0.05648370
v 0.00861741 -0.02918715 -0.05226404
v 0.00921720 -0.02751384 -0.05094164
v 0.00860032 -0.02704509 -0.04450581
v 0.00902881 -0.02659248 -0.04188457
v 0.00859956 -0.02648680 -0.04042556
v 0.01443305 -0.02579715 -0.04045470
v 0.00860004 -0.00953603 0.00427113
v 0.00863720 -0.00956398 0.00606878
v 0.00861911 -0.00926392 0.00776043
v 0.01116033 0.00707502 -0.03933945
v 0.01972637 0.01561362 -0.03351736
v 0.01267463 0.01167661 0.00449640
v 0.00923957 0.02574194 -0.04065183
v 0.00817115 0.02671773 -0.04239411
v 0.00854236 0.02638475 -0.04129088
v 0.00884546 0.02706385 -0.04799602
v 0.00782075 0.02854554 -0.04967512
v 0.00953601 0.02944526 -0.05751669
v 0.00866555 0.02951577 -0.05370055
v 0.00824452 0.02911983 -0.04939523
v 0.00870641 0.02926248 -0.04041794
v 0.00882055 0.03234344 -0.05580354
v 0.00977906 -0.03187778 -0.05812419
v 0.01008379 -0.03100375 -0.05760713
v 0.00957586 -0.02866979 -0.05401041
v 0.01028394 -0.02859516 -0.05209279
v 0.01682834 -0.02653674 -0.03938008
v 0.01053377 -0.02691065 -0.04017126
v 0.01087657 -0.02676113 -0.04979598
v 0.01087634 -0.02646888 -0.04894160
v 0.01255660 -0.02521124 -0.04022189
v 0.02143042 -0.00900417 0.01022333
v 0.00944292 0.00895622 -0.03990002
v 0.01493726 0.01126799 0.00322934
v 0.00933857 0.02216526 -0.03988033
v 0.02273144 0.02572001 -0.03407502
v 0.00882793 0.02701130 -0.04238912
v 0.00915781 0.02749518 -0.04849260
v 0.00917307 0.02841433 -0.04873726
v 0.00883545 0.02952207 -0.04960178
v 0.00918383 0.02919885 -0.04901473
v 0.01194526 0.02966201 -0.03936897
v 0.00908730 0.03081593 -0.04932526
v 0.00939470 0.03219253 -0.05451602
v 0.00945896 0.03323881 -0.05733496
v 0.00976271 -0.03072739 -0.05558673
v 0.00973671 -0.02926715 -0.05192104
v 0.01197129 -0.02962131 -0.05579918
v 0.00972383 -0.02803985 -0.04843876
v 0.00968230 -0.02706167 -0.04410944
v 0.01077839 -0.02621908 -0.04680595
v 0.01108207 -0.02617849 -0.04201713
v 0.01344123 -0.02753133 -0.05861895
v 0.00972245 -0.00925125 0.00617643
v 0.02262537 -0.00835828 0.00911228
v 0.01246788 -0.00192137 0.00924578
v 0.01512602 0.00273336 -0.00007844
v 0.01026720 0.02421024 -0.04015593
v 0.00984027 0.02606400 -0.05861324
v 0.00987375 0.02698073 -0.04773720
v 0.00951024 0.02700173 -0.04237706
v 0.00973344 0.02639699 -0.04123396
v 0.00952109 0.02950884 -0.04959800
v 0.00946657 0.02988073 -0.04353950
v 0.00991168 0.02957807 -0.04011556
v 0.00984394 0.03049047 -0.04740119
v 0.00959943 0.03139715 -0.05146051
v 0.01004394 0.03145416 -0.05198434
v 0.01159243 0.03271775 -0.03931957
v 0.00998937 0.03418079 -0.05972176
v 0.01102892 -0.03324966 -0.05975622
v 0.01048143 -0.03097844 -0.05512586
v 0.01030339 -0.02835070 -0.04885257
v 0.01206367 -0.02828838 -0.05862237
v 0.01024904 -0.02777397 -0.04658814
v 0.01046818 -0.02699781 -0.04252571
v 0.01513482 -0.00139008 0.00154532
v 0.02216598 0.00046569 0.01118902
v 0.03172244 0.00689578 0.00153374
v 0.02228720 0.00789118 0.00250194
v 0.01774543 0.01001258 0.00989624
v 0.01100015 0.02497674 -0.04058962
v 0.01029319 0.02664524 -0.04243975
v 0.01049080 0.02714036 -0.04857849
v 0.01050408 0.02674899 -0.04716041
v 0.01023382 0.02816913 -0.05820906
v 0.01090830 0.02750595 -0.05745525
v 0.01062608 0.02804637 -0.04966960
v 0.01026943 0.02787966 -0.04905049
v 0.01022333 0.02914542 -0.05753847
v 0.01057871 0.02873406 -0.05660835
v 0.01061458 0.02856404 -0.04966717
v 0.01013224 0.02906944 -0.04913844
v 0.01025361 0.02917292 -0.04963631
v 0.01016023 0.02974060 -0.04298525
v 0.01023725 0.03299427 -0.05670346
v 0.01808932 0.03261944 -0.03981332
v 0.01192048 -0.03267504 -0.05656580
v 0.01213594 -0.03060993 -0.05630114
v 0.01178196 -0.03123633 -0.05253572
v 0.01188301 -0.02995966 -0.05862189
v 0.01169724 -0.02912652 -0.05534203
v 0.01178875 -0.02967014 -0.04792292
v 0.01383121 -0.02824815 -0.05140363
v 0.01132383 -0.02762100 -0.05093847
v 0.01124445 -0.02743433 -0.04041397
v 0.03287364 -0.01244577 -0.03407240
v 0.01782471 -0.00957212 0.00176567
v 0.02302864 -0.00820246 0.00159686
v 0.02284057 -0.00766652 0.01059479
v 0.02443685 -0.00550535 0.00153535
v 0.02046634 -0.00181671 -0.00011339
v 0.01185899 0.00799026 -0.03987069
v 0.01593401 0.00888331 0.00132037
v 0.01672582 0.01151089 0.00382219
v 0.01102721 0.02264521 -0.03984053
v 0.01145384 0.02516438 -0.04148078
v 0.01065512 0.02650612 -0.04503649
v 0.01118566 0.02566194 -0.04266408
v 0.01434786 0.02796560 -0.05988067
v 0.01084301 0.02674912 -0.05819258
v 0.01132386 0.02715779 -0.04971877
v 0.01117535 0.02759515 -0.05628354
v 0.01089994 0.02767185 -0.05078437
v 0.01080506 0.02944117 -0.04301721
v 0.01144168 0.02902301 -0.04011838
v 0.01092963 0.02978534 -0.04690112
v 0.01045858 0.03041626 -0.04812196
v 0.01092893 0.03035741 -0.05090152
v 0.01187887 0.03208831 -0.05977384
v 0.01087114 0.03147735 -0.05429864
v 0.01085619 0.03326120 -0.05820418
v 0.01134903 0.03344820 -0.05969757
v 0.01073532 0.03399858 -0.05966576
v 0.01235734 -0.03381649 -0.05974887
v 0.01184271 -0.03097035 -0.05721806
v 0.01194739 -0.02836432 -0.04276447
v 0.01429059 -0.02871058 -0.05410643
v 0.01254416 -0.02850744 -0.05207239
v 0.01709079 -0.02377015 -0.05978987
v 0.01336451 -0.02610166 -0.04094944
v 0.01955649 0.00056248 -0.04005343
v 0.01421774 0.00634205 -0.03933987
v 0.01714528 0.00540372 0.00015943
v 0.02320525 0.00764440 0.01067386
v 0.01253214 0.02347419 -0.03932815
v 0.01239693 0.02387851 -0.04019884
v 0.01189904 0.02518117 -0.04494418
v 0.01180487 0.02607580 -0.04823019
v 0.01226282 0.02620189 -0.04868207
v 0.01167026 0.02705362 -0.05719277
v 0.01184380 0.02709167 -0.05559263
v 0.01153744 0.02677381 -0.04899340
v 0.01137120 0.02888467 -0.04436015
v 0.01201742 0.02871389 -0.05250919
v 0.01164170 0.02869925 -0.04040680
v 0.01233610 0.02863581 -0.05430211
v 0.02754281 0.03164583 -0.03449704
v 0.01265749 -0.03316468 -0.05717348
v 0.02155298 -0.03197075 -0.03443617
v 0.01257430 -0.03151553 -0.05205347
v 0.01258190 -0.03034562 -0.04836810
v 0.01719496 -0.03138120 -0.04024264
v 0.01215245 -0.03056878 -0.05817253
v 0.01260996 -0.02918652 -0.04437748
v 0.01250619 -0.02843120 -0.04078007
v 0.01344956 -0.02730310 -0.05038373
v 0.01318699 -0.02672953 -0.04926268
v 0.01320241 -0.02648235 -0.04719162
v 0.01318953 -0.02635134 -0.04450630
v 0.02301503 -0.00926426 0.00517113
v 0.01707525 -0.00153046 0.00919736
v 0.01782249 0.00750106 0.00916662
v 0.01320800 0.02226429 -0.03989002
v 0.01700470 0.02608362 -0.05861767
v 0.01219233 0.02530881 -0.04691204
v 0.01250235 0.02710695 -0.05229957
v 0.01230094 0.02739957 -0.04709926
v 0.01234452 0.02712940 -0.04404351
v 0.01234818 0.02729189 -0.04114461
v 0.01257811 0.02768185 -0.05075943
v 0.01271817 0.02975342 -0.05908467
v 0.02696022 0.03238921 -0.03402117
v 0.01306229 -0.03209055 -0.05415974
v 0.01759320 -0.03202100 -0.03502186
v 0.01256467 -0.03064137 -0.05719346
v 0.01258974 -0.02965801 -0.05819697
v 0.01293649 -0.03001484 -0.05715926
v 0.01279571 -0.02972356 -0.05640266
v 0.01294430 -0.02977209 -0.04654347
v 0.01314718 -0.02874218 -0.05794132
v 0.01331706 -0.02907458 -0.05592661
v 0.01730893 -0.03126131 -0.05978896
v 0.02025956 -0.00602650 0.00916908
v 0.01789631 0.00057082 -0.00020233
v 0.01314014 0.02461061 -0.04083230
v 0.01288387 0.02507208 -0.04688731
v 0.01286616 0.02489516 -0.04444701
v 0.01273921 0.02482621 -0.04153672
v 0.01286647 0.02549382 -0.04802720
v 0.01423372 0.02714193 -0.05752529
v 0.01274308 0.02680983 -0.04555944
v 0.01290984 0.02674280 -0.04064814
v 0.01288069 0.02730539 -0.04014118
v 0.01304351 0.02833213 -0.05586627
v 0.01296877 0.02889564 -0.05752704
v 0.01266810 0.02978265 -0.05983110
v 0.01631134 0.02914580 -0.04004659
v 0.01316859 -0.03390237 -0.05973744
v 0.01302160 -0.03330321 -0.05764603
v 0.01602427 -0.03176388 -0.05979376
v 0.01302838 -0.03091012 -0.05052028
v 0.01357909 -0.02967832 -0.04773858
v 0.01344974 -0.02867218 -0.04325895
v 0.01342055 -0.02901396 -0.05718447
v 0.01330922 -0.02841772 -0.04077905
v 0.01403510 -0.02810383 -0.04017945
v 0.01384209 -0.02823483 -0.05818535
v 0.02234314 -0.01099194 0.00889987
v 0.02084989 0.00328018 0.01114727
v 0.01474433 0.02367008 -0.04017010
v 0.01518054 0.02276722 -0.03932371
v 0.01579421 0.02511244 -0.04291656
v 0.01698723 0.02674006 -0.05823878
v 0.01402686 0.02695705 -0.04976764
v 0.01341174 0.02713280 -0.04943870
v 0.01344129 0.02654423 -0.04227589
v 0.01306380 0.02752417 -0.05174575
v 0.01369020 0.02800096 -0.05539334
v 0.01378966 0.02884705 -0.05933502
v 0.01446155 -0.03312231 -0.05976652
v 0.01387284 -0.03183989 -0.05517519
v 0.03041657 -0.03178702 -0.03413527
v 0.01445943 -0.02861373 -0.05743193
v 0.01478758 -0.02771471 -0.05101318
v 0.01478856 -0.02653440 -0.04864131
v 0.01451870 -0.02626714 -0.04598382
v 0.01440463 -0.02619172 -0.04167729
v 0.01701403 0.00404816 0.00916204
v 0.01488032 0.00747282 -0.03988337
v 0.01877327 0.00918945 0.00393365
v 0.02429825 0.01370090 -0.05991617
v 0.01505846 0.02505550 -0.04687853
v 0.01604709 0.02602911 -0.04862718
v 0.01604668 0.02631952 -0.04871159
v 0.01373660 0.02665080 -0.04607545
v 0.01406950 0.02668052 -0.04051377
v 0.01403882 0.02882963 -0.05984117
v 0.02368733 0.03162941 -0.03901911
v 0.01499490 -0.03048515 -0.05461297
v 0.01523005 -0.02834952 -0.04866119
v 0.01481554 -0.02860652 -0.05206814
v 0.01481088 -0.02768885 -0.04343686
v 0.01531154 -0.02709517 -0.04102387
v 0.02239117 -0.02051498 -0.04007620
v 0.02246114 -0.01159411 0.00410033
v 0.01641125 0.02212951 -0.03985259
v 0.01473206 0.02205987 -0.03979945
v 0.01591331 0.02509645 -0.04167686
v 0.01684559 0.02709813 -0.05271590
v 0.01489918 0.02733629 -0.05060481
v 0.01468699 0.02656481 -0.04259633
v 0.01433333 0.02776481 -0.05425966
v 0.01840600 0.03199118 -0.04010209
v 0.02713766 0.03263581 -0.03929328
v 0.02755482 0.03248349 -0.03446745
v 0.01559254 -0.02754688 -0.04520130
v 0.01540063 -0.02714902 -0.05033270
v 0.02336382 -0.01135482 0.00325128
v 0.02042836 0.00968914 0.00176149
v 0.02206790 0.02212121 -0.05862906
v 0.01616413 0.02481806 -0.04070784
v 0.01519935 0.02538474 -0.04800823
v 0.02347914 0.02825274 -0.03347918
v 0.01714074 0.02675155 -0.04898574
v 0.01577574 0.02690003 -0.04571419
v 0.01586472 0.02683827 -0.04075053
v 0.01601872 0.02730990 -0.04012891
v 0.01514020 0.02806831 -0.05483163
v 0.01568008 0.02741534 -0.04942166
v 0.01908212 0.02751857 -0.03934495
v 0.01536421 0.02977930 -0.05983160
v 0.01474041 0.02905724 -0.05925022
v 0.01517024 0.02971184 -0.05953294
v 0.02196429 0.03087738 -0.03934515
v 0.02271852 -0.03117997 -0.03366735
v 0.01597063 -0.03026275 -0.05602872
v 0.01579048 -0.02893490 -0.05194583
v 0.01848307 -0.02861536 -0.05747055
v 0.01609619 -0.02845037 -0.05039106
v 0.01938568 -0.02864698 -0.05446162
v 0.01730164 -0.02848100 -0.05217534
v 0.01607940 -0.02791591 -0.04811456
v 0.01584669 -0.02698289 -0.04018145
v 0.01716954 -0.02635698 -0.04694861
v 0.02314827 -0.01123248 -0.04007500
v 0.02637379 -0.00896523 0.00882915
v 0.01714797 0.00491026 -0.03935270
v 0.01779498 0.00404420 -0.03999630
v 0.01691125 0.00665784 -0.03987707
v 0.01577268 0.02507079 -0.04517134
v 0.01657469 0.02708107 -0.04968745
v 0.01593342 0.02679969 -0.04300864
v 0.01564608 0.02875437 -0.05501558
v 0.01559322 0.03096530 -0.05953360
v 0.01606913 0.03328096 -0.05977395
v 0.01657993 -0.03088822 -0.05822641
v 0.01645048 -0.02934030 -0.05358311
v 0.01814803 -0.03147784 -0.05979001
v 0.02054872 -0.02906406 -0.04018875
v 0.02017442 -0.02754281 -0.05862352
v 0.01642888 -0.02703661 -0.04324923
v 0.01774389 -0.02604186 -0.04098682
v 0.02027316 -0.02488926 -0.04013526
v 0.02506618 0.00416677 -0.05863777
v 0.01731809 0.02335149 -0.03935817
v 0.01625474 0.02537668 -0.04694200
v 0.01668174 0.02705844 -0.05762514
v 0.01650080 0.02714221 -0.05606377
v 0.01652399 0.02735165 -0.04296538
v 0.01649046 0.02742121 -0.04072728
v 0.01623181 0.02791142 -0.04935300
v 0.01640387 0.02869165 -0.05116749
v 0.01726330 0.03057891 -0.05068012
v 0.01680184 0.03177232 -0.05436416
v 0.01727269 0.03403673 -0.05977372
v 0.01664386 0.03341436 -0.05760666
v 0.01662223 0.03421599 -0.05968829
v 0.01709844 0.03387252 -0.05801647
v 0.01953242 -0.02823201 -0.05830663
v 0.01754431 -0.02658787 -0.04848071
v 0.01699909 -0.02673581 -0.04072308
v 0.01828139 -0.02696017 -0.04016828
v 0.01851586 -0.02624409 -0.04266862
v 0.02407174 -0.02620200 -0.05861997
v 0.02376248 -0.00851942 -0.03937646
v 0.02530132 -0.00482154 0.00006679
v 0.02453710 -0.00163273 0.01115285
v 0.01751663 0.02408216 -0.04018916
v 0.01644801 0.02528318 -0.04449832
v 0.01689802 0.02534902 -0.04145973
v 0.01727865 0.02861363 -0.04323338
v 0.01709245 0.02852884 -0.04024119
v 0.01749672 0.02912045 -0.04578961
v 0.03717477 0.02858595 -0.03410392
v 0.01936316 0.02950804 -0.04009969
v 0.01717370 0.03199791 -0.05361832
v 0.01733073 0.03268479 -0.05503457
v 0.01726371 0.03435603 -0.05958614
v 0.01759316 -0.03089548 -0.05843529
v 0.01755051 -0.02954227 -0.05440180
v 0.02113603 -0.03045379 -0.04022370
v 0.01774865 -0.02890617 -0.05211053
v 0.01762495 -0.02772178 -0.04707110
v 0.01784806 -0.02753084 -0.05092331
v 0.01731985 -0.02695109 -0.04285155
v 0.02394151 -0.01256980 -0.03362891
v 0.02444088 -0.00850045 0.00119150
v 0.01947678 0.00173576 -0.03934954
v 0.02497570 0.00116710 -0.03359302
v 0.01756317 0.02568280 -0.04121651
v 0.01780225 0.02675677 -0.04810979
v 0.01745877 0.02608742 -0.04237569
v 0.02533691 0.02769334 -0.05988724
v 0.01775247 0.02707220 -0.05051608
v 0.01726438 0.02742216 -0.05774779
v 0.01701969 0.02746336 -0.05660410
v 0.01743570 0.02759762 -0.05204694
v 0.01844583 0.02989873 -0.04488315
v 0.01783084 0.02928543 -0.04009810
v 0.01788478 0.03019050 -0.04784253
v 0.01773426 0.03142124 -0.05143100
v 0.02906582 -0.03152027 -0.03385138
v 0.01971225 -0.02859300 -0.05211264
v 0.01956059 -0.02836805 -0.05146952
v 0.01808704 -0.02701181 -0.04962998
v 0.01822226 -0.02691529 -0.04103185
v 0.03070947 -0.01424262 -0.03935903
v 0.02309626 -0.01184837 0.00705465
v 0.02324891 -0.01095512 0.00274104
v 0.02728625 -0.00811596 -0.05864368
v 0.02358705 -0.00293431 0.00913680
v 0.01842288 0.00518142 -0.03988771
v 0.01849549 0.02262694 -0.03988796
v 0.01837783 0.02697294 -0.05861031
v 0.01816297 0.02640161 -0.04127539
v 0.01826997 0.02698468 -0.04866003
v 0.01784668 0.02671065 -0.04236711
v 0.01786380 0.02848789 -0.05824510
v 0.01749910 0.02850740 -0.05754355
v 0.01793578 0.02861881 -0.05149732
v 0.01867715 0.02765415 -0.05098830
v 0.01747148 0.02852558 -0.05207657
v 0.01827178 0.02904526 -0.05817490
v 0.01786828 0.02910878 -0.05753051
v 0.01787596 0.02913310 -0.05205228
v 0.01801668 0.02926682 -0.04040857
v 0.02089782 0.03160536 -0.05980952
v 0.01782626 0.03349538 -0.05713188
v 0.01896408 -0.03198776 -0.05977975
v 0.01879307 -0.03014455 -0.05522857
v 0.01937066 -0.03015179 -0.05397608
v 0.01857715 -0.02905007 -0.05133075
v 0.01859705 -0.02826608 -0.04764441
v 0.01920956 -0.02797952 -0.04372858
v 0.01950575 -0.02763601 -0.04066794
v 0.01863994 -0.02671029 -0.04728640
v 0.01985993 -0.02582594 -0.04037356
v 0.02517989 -0.00251376 -0.04003408
v 0.02500389 0.00312959 0.00919025
v 0.01865706 0.00469619 -0.03968987
v 0.02423550 0.00563182 0.00016390
v 0.02428285 0.00790465 0.00278345
v 0.02467374 0.01173387 0.00495904
v 0.01958296 0.02365816 -0.03932916
v 0.01961964 0.02448671 -0.04029861
v 0.01920418 0.02568973 -0.04068838
v 0.01914110 0.02637754 -0.05860666
v 0.01919822 0.02701837 -0.04994525
v 0.01855228 0.02700326 -0.04235782
v 0.01886118 0.02847481 -0.05861129
v 0.01891931 0.02852548 -0.05114996
v 0.01892043 0.02942392 -0.05752449
v 0.01862343 0.02945982 -0.05202889
v 0.01893605 0.02914725 -0.05143792
v 0.01925054 0.02935938 -0.04041659
v 0.01854111 0.03077519 -0.04917302
v 0.01876667 0.03136316 -0.05166704
v 0.02713802 0.03160359 -0.03350211
v 0.01868544 0.03304212 -0.05674234
v 0.01900722 0.03378063 -0.05972273
v 0.01978575 -0.02889027 -0.05805605
v 0.01941310 -0.02895972 -0.05650566
v 0.02089428 -0.02898792 -0.04047240
v 0.01924618 -0.02740904 -0.04915626
v 0.01905839 -0.02671500 -0.04414479
v 0.01949807 -0.02639380 -0.04094615
v 0.02403209 -0.00928409 0.00731953
v 0.02854733 -0.00504050 0.01101302
v 0.02419551 -0.00194298 0.00918535
v 0.02511140 0.00971050 0.01005842
v 0.02605420 0.01101463 0.00277317
v 0.02540222 0.01052868 0.00945851
v 0.02038005 0.02234705 -0.03986085
v 0.01924483 0.02699568 -0.04236172
v 0.01959641 0.02638454 -0.04125563
v 0.02280790 0.02942211 -0.05986300
v 0.01977944 0.02902634 -0.05810164
v 0.01926926 0.02946231 -0.05204188
v 0.01935369 0.03004465 -0.04781081
v 0.01899991 0.02992259 -0.04557215
v 0.01958021 0.03002754 -0.04945216
v 0.01931238 0.03142665 -0.05351273
v 0.01990410 0.03163862 -0.05665307
v 0.02081751 -0.03288489 -0.05757097
v 0.02927007 -0.03190007 -0.03822162
v 0.02945020 -0.03170605 -0.04009800
v 0.02012167 -0.03072345 -0.05350797
v 0.02092929 -0.02942382 -0.04347585
v 0.02754603 -0.03197203 -0.05978707
v 0.01980996 -0.02926172 -0.05752969
v 0.01994563 -0.02934974 -0.05645964
v 0.01965651 -0.02756173 -0.04795664
v 0.01977031 -0.02735782 -0.04365130
v 0.02531892 -0.01174620 0.00501059
v 0.02084180 0.00419271 -0.03985982
v 0.02335703 0.00734879 0.00073825
v 0.02552138 0.00911149 0.00136679
v 0.03174807 0.01029885 0.00503593
v 0.02094075 0.02306565 -0.03937784
v 0.01992539 0.02670766 -0.04238247
v 0.02070028 0.02590900 -0.04311534
v 0.02027504 0.02733485 -0.05437108
v 0.02023536 0.02674245 -0.05174865
v 0.02011522 0.02664692 -0.05038153
v 0.01988944 0.02734343 -0.05816515
v 0.02027040 0.02748096 -0.05767575
v 0.01981628 0.02726672 -0.05118047
v 0.02024134 0.02854318 -0.05752985
v 0.02020224 0.02844993 -0.05212816
v 0.01976100 0.02900282 -0.05157951
v 0.01992260 0.02914395 -0.05753053
v 0.01986118 0.02909335 -0.05209834
v 0.01962413 0.02936445 -0.04382622
v 0.02047273 0.02877813 -0.04010753
v 0.02026964 0.02947512 -0.05217609
v 0.02103836 -0.03377437 -0.05974731
v 0.02098730 -0.03124166 -0.05147341
v 0.02023949 -0.03028642 -0.05819333
v 0.02015965 -0.03067146 -0.05725421
v 0.02027635 -0.03056320 -0.05640334
v 0.01983131 -0.03006747 -0.05723430
v 0.02067072 -0.02951227 -0.05587279
v 0.02073415 -0.02906590 -0.05543791
v 0.02011757 -0.02826100 -0.04994883
v 0.02032544 -0.02820693 -0.04243379
v 0.02046907 -0.02787998 -0.04149019
v 0.01986281 -0.02753866 -0.04242918
v 0.02046764 -0.02679135 -0.04060620
v 0.04999498 -0.02114968 -0.03408125
v 0.02547339 -0.00677710 0.00060523
v 0.02451233 0.00239717 -0.00009473
v 0.02979609 0.00570227 0.01103310
v 0.02218460 0.02352895 -0.04023090
v 0.02070461 0.02530857 -0.04119476
v 0.02076527 0.02588166 -0.05316020
v 0.02083456 0.02578735 -0.04917456
v 0.02064712 0.02679849 -0.05556976
v 0.02040737 0.02677706 -0.05816279
v 0.02065816 0.02706486 -0.05719976
v 0.02071316 0.02802397 -0.04778653
v 0.02094676 0.02741786 -0.04335174
v 0.01998938 0.02893996 -0.04354011
v 0.02119957 0.02733736 -0.04071095
v 0.02121546 0.02855559 -0.05464149
v 0.02159239 -0.03239457 -0.05414259
v 0.02156333 -0.03114172 -0.04945064
v 0.02082941 -0.03063487 -0.05826159
v 0.02080781 -0.03098879 -0.05724182
v 0.02081499 -0.03067900 -0.05627092
v 0.03341950 -0.03104030 -0.03834153
v 0.02086696 -0.02996481 -0.05862621
v 0.02195519 -0.02855514 -0.05345365
v 0.02082531 -0.02854035 -0.05071323
v 0.02099643 -0.02863246 -0.04241137
v 0.02160656 -0.02724552 -0.04065954
v 0.02933638 -0.02783825 -0.03938526
v 0.02874921 0.00095417 -0.05987654
v 0.02390561 0.00152378 -0.03963360
v 0.02735018 0.01159805 0.00399409
v 0.02211741 0.02203599 -0.03990719
v 0.02208183 0.02440113 -0.04066399
v 0.02139675 0.02566290 -0.05448818
v 0.02130054 0.02529933 -0.05257813
v 0.02136761 0.02545242 -0.04678553
v 0.02140555 0.02525657 -0.04207543
v 0.02395966 0.02612019 -0.05860456
v 0.02111472 0.02679321 -0.05617666
v 0.02120170 0.02728278 -0.04658156
v 0.02155441 0.02741590 -0.05240894
v 0.02317501 0.02810353 -0.04006312
v 0.02180291 0.02932786 -0.05776656
v 0.02195906 -0.03403896 -0.05950482
v 0.02208812 -0.03300297 -0.05618076
v 0.02492735 -0.03278617 -0.05977445
v 0.02188159 -0.03197224 -0.05261942
v 0.02147989 -0.02973962 -0.04374546
v 0.03839756 -0.03063029 -0.03901529
v 0.03164019 -0.03102608 -0.03510671
v 0.02536891 -0.02999379 -0.05862996
v 0.02191849 -0.02912463 -0.04033278
v 0.02149353 -0.02851383 -0.05039877
v 0.02150899 -0.02863501 -0.04239938
v 0.02166776 -0.02796450 -0.04140292
v 0.03150320 -0.00013455 0.00156452
v 0.02196289 0.00094045 -0.03935182
v 0.02946500 0.01179562 0.00684161
v 0.02641136 0.01150528 0.00801007
v 0.02358242 0.02286589 -0.03936714
v 0.02208557 0.02504137 -0.05346881
v 0.02220565 0.02496087 -0.04812539
v 0.02234087 0.02514339 -0.04354025
v 0.02231486 0.02478689 -0.04131123
v 0.02393564 0.02710989 -0.05691749
v 0.02157447 0.02679878 -0.04310450
v 0.02182601 0.02674701 -0.04060065
v 0.02191058 0.02772597 -0.05494305
v 0.02218881 0.02698655 -0.05270906
v 0.02288317 0.02675443 -0.04015001
v 0.02496024 0.02872413 -0.03936262
v 0.02930291 0.03125777 -0.04002735
v 0.02204101 -0.03072812 -0.04859532
v 0.02379155 -0.03101014 -0.05692665
v 0.02330518 -0.03068316 -0.05627357
v 0.02318907 -0.03007573 -0.05581000
v 0.02269793 -0.02923281 -0.04523526
v 0.02304462 -0.02917289 -0.05474975
v 0.02221618 -0.02887467 -0.04114442
v 0.02268073 -0.02802053 -0.05196214
v 0.02228160 -0.02826996 -0.04509715
v 0.02218259 -0.02825877 -0.04239415
v 0.02272688 -0.02778253 -0.04989284
v 0.02262473 -0.02761621 -0.04237593
v 0.02246205 -0.02740306 -0.04182477
v 0.02263165 -0.02669118 -0.04090407
v 0.02326947 -0.02499648 -0.04016832
v 0.03702459 -0.01939360 -0.03934885
v 0.02384191 0.00299120 -0.03985809
v 0.02438399 0.02366127 -0.05862280
v 0.02247480 0.02528954 -0.05460354
v 0.02383994 0.02529620 -0.05508616
v 0.02394328 0.02603027 -0.05579360
v 0.02394912 0.02713068 -0.05751972
v 0.02234646 0.02687967 -0.05002720
v 0.02242037 0.02658589 -0.04361833
v 0.02272691 0.02653513 -0.04102537
v 0.02236252 0.02744503 -0.05501983
v 0.02279719 0.02814569 -0.05713374
v 0.02817777 0.03224278 -0.03382435
v 0.02269464 -0.03395800 -0.05975286
v 0.02322187 -0.03091300 -0.05258737
v 0.02801631 -0.03137769 -0.04017322
v 0.02300391 -0.02841176 -0.04019276
v 0.02409194 -0.02846644 -0.05391860
v 0.02360907 -0.02800994 -0.04353354
v 0.03091399 -0.02990835 -0.03935417
v 0.02306033 -0.02809185 -0.05290402
v 0.02360686 -0.02764505 -0.04065992
v 0.02328723 -0.02708315 -0.04924262
v 0.02359778 -0.02649356 -0.04357204
v 0.02403560 -0.02579790 -0.04048349
v 0.03107458 -0.01048104 0.00964481
v 0.02564610 -0.00958613 0.00173907
v 0.02527307 0.00014811 -0.03937925
v 0.03758014 0.00150186 -0.03407284
v 0.02278123 0.02488053 -0.05319150
v 0.02276636 0.02482519 -0.04783904
v 0.02421182 0.02674378 -0.05816134
v 0.02421637 0.02677520 -0.05631501
v 0.02316916 0.02678783 -0.05286430
v 0.02376962 0.02902628 -0.05984584
v 0.02898333 0.03192990 -0.03520151
v 0.02382595 -0.03233672 -0.05734124
v 0.03434438 -0.02857076 -0.05983886
v 0.02434486 -0.02739036 -0.05284868
v 0.02366191 -0.02727443 -0.05189733
v 0.02394105 -0.02660470 -0.04940105
v 0.02423833 -0.02618193 -0.04169363
v 0.03431474 -0.02432742 -0.03933874
v 0.02437671 -0.02606325 -0.04093893
v 0.03083676 -0.01980145 -0.03365256
v 0.03271333 -0.01636445 -0.05863524
v 0.03203302 0.00994766 0.00873700
v 0.02440606 0.02235697 -0.03986794
v 0.02457447 0.02477854 -0.05381320
v 0.02481485 0.02477015 -0.04800231
v 0.02477391 0.02507122 -0.04365201
v 0.02479306 0.02472978 -0.04122204
v 0.02377798 0.02679328 -0.05027776
v 0.02413589 0.02659330 -0.04215233
v 0.02361105 0.02721974 -0.05502130
v 0.02495685 -0.02942218 -0.05327647
v 0.02722548 -0.03095092 -0.05766329
v 0.02467572 -0.02981652 -0.05588615
v 0.02486833 -0.02835407 -0.05071531
v 0.02435860 -0.02794746 -0.04694582
v 0.02504888 -0.02695155 -0.04018294
v 0.02465451 -0.02625626 -0.04808297
v 0.02426096 -0.00951464 0.00441537
v 0.02426136 -0.00949878 0.00584842
v 0.03388194 0.00934031 0.00907841
v 0.02550021 0.02435137 -0.04059843
v 0.02472068 0.02490170 -0.05470785
v 0.02481125 0.02695449 -0.05381073
v 0.02425124 0.02674327 -0.05223312
v 0.02484349 0.02683071 -0.04071125
v 0.02500076 0.02733061 -0.04011762
v 0.02461096 0.02814710 -0.05775283
v 0.02455861 0.02958621 -0.05984518
v 0.03520990 0.03204073 -0.04005503
v 0.02483276 -0.03085159 -0.05582313
v 0.02722770 -0.03068599 -0.05829396
v 0.02588263 -0.03047561 -0.05616257
v 0.03840255 -0.03008849 -0.03415879
v 0.02475286 -0.02761348 -0.04686206
v 0.02481136 -0.02702268 -0.04355706
v 0.02452411 -0.02701647 -0.04102736
v 0.02510019 -0.02645762 -0.05058992
v 0.03024528 -0.02889974 -0.03365478
v 0.02477014 -0.00983928 0.00559663
v 0.02486655 -0.00944999 0.00363504
v 0.03717568 -0.00935163 0.00240245
v 0.02729330 -0.00928382 0.00811719
v 0.03246948 0.00702932 0.00917270
v 0.02904289 0.00944133 0.00394051
v 0.02801954 0.01132350 0.00307254
v 0.03145890 0.01418520 -0.05864013
v 0.03173394 0.01172248 0.00745753
v 0.02506569 0.02460103 -0.05823365
v 0.02532568 0.02507304 -0.05596672
v 0.02459331 0.02585481 -0.05821407
v 0.02490905 0.02581086 -0.05719617
v 0.02466872 0.02566418 -0.05613597
v 0.02455619 0.02681947 -0.05720911
v 0.02484370 0.02685882 -0.04998715
v 0.02474112 0.02668995 -0.04418889
v 0.02485133 0.02744602 -0.05570100
v 0.02469249 0.02900070 -0.05893851
v 0.03297558 0.03194395 -0.03839791
v 0.02644908 -0.03161480 -0.05864128
v 0.03840491 -0.03065295 -0.03445806
v 0.02547332 -0.02953136 -0.05396882
v 0.02720551 -0.02867821 -0.05462795
v 0.02545901 -0.02779815 -0.04896987
v 0.02561974 -0.02759592 -0.05327803
v 0.02561325 -0.02721718 -0.05273255
v 0.02595059 -0.02688146 -0.04431201
v 0.02706713 -0.02626197 -0.04921351
v 0.02691469 -0.02614382 -0.04245842
v 0.02941072 -0.01736648 -0.04001250
v 0.03052455 -0.00741058 -0.03935611
v 0.03341206 -0.01161226 0.00384259
v 0.02515369 -0.01102231 0.00434640
v 0.02510387 -0.01133614 0.00531373
v 0.02522876 -0.01128413 0.00626680
v 0.03283974 -0.01143942 0.00818133
v 0.02476854 -0.01082058 0.00530551
v 0.02526485 -0.00997995 0.00415914
v 0.02519359 -0.00987727 0.00663237
v 0.02671311 -0.00938932 0.00316043
v 0.02544268 0.00111291 -0.03984295
v 0.02819099 0.00569286 0.00004490
v 0.02766695 0.00995027 0.00176735
v 0.02560297 0.02489559 -0.05746839
v 0.02538366 0.02484459 -0.05279283
v 0.02931733 0.02414313 -0.03354211
v 0.02533298 0.02732981 -0.04822041
v 0.02535642 0.02713373 -0.04309855
v 0.02519505 0.02812733 -0.05662348
v 0.02532598 0.02739748 -0.05241081
v 0.02545324 0.02746470 -0.04074648
v 0.02664897 0.02907793 -0.04009080
v 0.02526492 0.02997986 -0.05841779
v 0.02555804 0.03146571 -0.05981122
v 0.02827717 0.03247948 -0.03985340
v 0.02594741 -0.03081546 -0.05651953
v 0.02696295 -0.02939101 -0.05568161
v 0.02570350 -0.02847381 -0.05168763
v 0.02631082 -0.02657300 -0.04160577
v 0.02650143 -0.02657820 -0.04042527
v 0.02702655 -0.02593097 -0.04137481
v 0.02575143 -0.01130050 0.00429789
v 0.02576328 -0.01155119 0.00499148
v 0.02576471 -0.01157985 0.00567381
v 0.02576425 -0.01137349 0.00641032
v 0.02574023 -0.01081641 0.00393162
v 0.02575839 -0.01086659 0.00676825
v 0.02605911 -0.00990893 0.00699383
v 0.03051970 -0.00906575 0.00120494
v 0.02963883 -0.00519778 -0.00000201
v 0.03130328 0.01002450 0.00433792
v 0.02844412 0.01054970 0.00954893
v 0.02625470 0.02303863 -0.03995194
v 0.02625164 0.02303942 -0.03972213
v 0.02661306 0.02487387 -0.05597849
v 0.02562403 0.02495680 -0.04816072
v 0.02566549 0.02523615 -0.04365980
v 0.02604323 0.02499919 -0.04135816
v 0.02620625 0.02877005 -0.04070160
v 0.02587617 0.02922349 -0.05269954
v 0.02623998 0.02936984 -0.04523525
v 0.02571574 0.03036792 -0.05675923
v 0.02633923 0.03025483 -0.04978259
v 0.03710783 0.03106405 -0.03354487
v 0.02639060 0.03132300 -0.05316437
v 0.02640785 0.03242139 -0.05592091
v 0.02630557 0.03374647 -0.05966135
v 0.02696627 -0.03032301 -0.05600274
v 0.02733323 -0.02828585 -0.05073094
v 0.02726948 -0.02769354 -0.04836353
v 0.02716906 -0.02678349 -0.04014952
v 0.02729830 -0.02741792 -0.05282947
v 0.02828844 -0.02624155 -0.04690218
v 0.03129634 -0.02271374 -0.04003514
v 0.02702591 -0.01007058 0.00374746
v 0.03165311 -0.01027754 -0.03997570
v 0.02951889 -0.00795763 0.00080886
v 0.02785110 -0.00253572 -0.03936524
v 0.02747595 -0.00169026 -0.03990817
v 0.02704194 -0.00165190 -0.03936116
v 0.02666182 -0.00010292 -0.03988759
v 0.02862194 0.00087549 -0.00024108
v 0.02820333 0.00857509 0.00333967
v 0.02936571 0.02367493 -0.05862632
v 0.02841815 0.02430164 -0.05825884
v 0.02869459 0.02450942 -0.03930545
v 0.02675500 0.02516766 -0.05405086
v 0.02639644 0.02542370 -0.05209971
v 0.02691603 0.02602967 -0.04362480
v 0.02722415 0.02575677 -0.04141131
v 0.02678487 0.02977207 -0.04444901
v 0.02666798 0.03124739 -0.05150998
v 0.02694627 0.03229972 -0.05385331
v 0.02691108 0.03408735 -0.05971369
v 0.02673694 0.03376301 -0.05769279
v 0.02727756 0.03464066 -0.05949383
v 0.02693582 -0.03076583 -0.05660568
v 0.02826750 -0.02856421 -0.05399926
v 0.02716040 -0.02707223 -0.04532427
v 0.02753966 -0.02666274 -0.04189541
v 0.02971637 -0.02561998 -0.04062119
v 0.02926756 -0.01052725 0.00393826
v 0.02832124 -0.00984126 0.00727234
v 0.03524001 -0.00685426 0.01080439
v 0.02860643 -0.00614072 -0.03935837
v 0.04051243 -0.00611450 0.00917685
v 0.02970106 0.00080377 0.00914120
v 0.03575039 0.01296404 -0.05989402
v 0.02748123 0.02459411 -0.05786009
v 0.02738812 0.02511872 -0.04060984
v 0.02737538 0.02609114 -0.05332045
v 0.02704541 0.02620615 -0.05229510
v 0.02749926 0.02942960 -0.04161478
v 0.02716654 0.03093405 -0.04908485
v 0.02731793 0.03346272 -0.05636429
v 0.02983531 -0.03189132 -0.03495140
v 0.02755261 -0.03068128 -0.05636862
v 0.02937091 -0.03011733 -0.05582860
v 0.02768198 -0.02965256 -0.05406172
v 0.03132824 -0.02845635 -0.05860917
v 0.02833592 -0.03229643 -0.05979855
v 0.02851962 -0.02700043 -0.04270429
v 0.02854702 -0.02698165 -0.04016805
v 0.03177849 -0.02471164 -0.04014440
v 0.03639963 -0.01134153 0.00255495
v 0.02971613 -0.00669806 -0.03990888
v 0.03621906 -0.00716805 -0.03362983
v 0.02882632 -0.00527888 -0.03990147
v 0.02806644 0.02347197 -0.03987785
v 0.03128587 0.02827761 -0.05988065
v 0.02848366 0.02520490 -0.05539811
v 0.02707230 0.02634603 -0.04859928
v 0.02753627 0.02669277 -0.04235672
v 0.02783547 0.02639003 -0.04128129
v 0.02748364 0.02666076 -0.05265759
v 0.02760923 0.02734848 -0.05815522
v 0.02753916 0.02728652 -0.05669502
v 0.02748867 0.02847379 -0.05826990
v 0.02711067 0.02819156 -0.05759757
v 0.02709590 0.02819926 -0.05696260
v 0.02749648 0.02787615 -0.05634541
v 0.02756192 0.02905447 -0.05784915
v 0.02757523 0.02907592 -0.05667667
v 0.02877703 0.02900763 -0.04008127
v 0.02761103 0.03037956 -0.04616334
v 0.02769574 0.03166852 -0.05154776
v 0.02871976 0.03441479 -0.05960634
v 0.02864045 -0.03063761 -0.05516563
v 0.02826161 -0.02899995 -0.05156989
v 0.02841847 -0.02794150 -0.04763075
v 0.02825592 -0.02705661 -0.05116182
v 0.02904668 -0.02658167 -0.04808747
v 0.03344936 -0.01058429 0.00676422
v 0.02853444 -0.00355567 -0.03989212
v 0.02802124 -0.00232641 -0.03989851
v 0.03040080 -0.00180533 -0.00030584
v 0.03393182 -0.00192222 0.00912721
v 0.03074189 0.00593597 -0.03361269
v 0.02991053 0.00702661 0.00037390
v 0.03170259 0.00757706 0.00191145
v 0.02993621 0.00805891 0.00275576
v 0.03115762 0.02185990 -0.05863444
v 0.02944760 0.02645238 -0.04066418
v 0.02952462 0.02611501 -0.05436551
v 0.02815815 0.02661323 -0.05332441
v 0.02820675 0.02689556 -0.05725764
v 0.02872562 0.02690115 -0.05725582
v 0.02825347 0.02695739 -0.05264592
v 0.02827644 0.02702884 -0.04233986
v 0.02852316 0.02722144 -0.05632020
v 0.02849750 0.02784339 -0.05861033
v 0.02826008 0.02818115 -0.05601879
v 0.02850694 0.02845652 -0.05860974
v 0.02854341 0.02909945 -0.05822977
v 0.02858741 0.02943879 -0.05752709
v 0.02860305 0.02944968 -0.05690125
v 0.02860948 0.02913266 -0.05630437
v 0.02825937 0.02954276 -0.04289934
v 0.02823469 0.03052359 -0.04778140
v 0.02848087 0.03173704 -0.05259814
v 0.02942414 0.03284058 -0.05978828
v 0.02843167 0.03322770 -0.05607994
v 0.02841615 0.03408728 -0.05801867
v 0.02891666 -0.03103246 -0.05761036
v 0.02938848 -0.03100921 -0.05695249
v 0.02912845 -0.03009166 -0.05292122
v 0.02902664 -0.02936921 -0.05508710
v 0.03005080 -0.02877833 -0.04579414
v 0.02970492 -0.02868322 -0.05351662
v 0.03054001 -0.02836458 -0.04216168
v 0.02919685 -0.02775512 -0.05110544
v 0.02864486 -0.02693277 -0.04108768
v 0.02927167 -0.02721784 -0.04934300
v 0.02918623 -0.02634642 -0.04660272
v 0.03432279 -0.01102799 0.00237961
v 0.03504887 -0.00840451 0.00156556
v 0.03102005 0.00963144 0.00127199
v 0.04419610 0.01029403 0.00817445
v 0.03042817 0.02405624 -0.03986258
v 0.02951094 0.02513396 -0.05675374
v 0.03089135 0.02560752 -0.04020866
v 0.02954423 0.02709875 -0.05054009
v 0.02906230 0.02730106 -0.05819300
v 0.02893243 0.02819154 -0.05600819
v 0.02900687 0.02899457 -0.04298228
v 0.02897926 0.02884129 -0.04039228
v 0.02889281 0.03047348 -0.05023659
v 0.02896290 0.03211391 -0.05483338
v 0.03595431 0.03104671 -0.03415185
v 0.03581392 0.03149513 -0.03360847
v 0.03188060 0.03247840 -0.03905477
v 0.03454290 0.03208497 -0.03411644
v 0.02896877 0.03358733 -0.05792236
v 0.02972057 -0.03313130 -0.05975035
v 0.03070276 -0.03155487 -0.05323232
v 0.03703535 -0.03063039 -0.03367202
v 0.03116928 -0.02996807 -0.05860414
v 0.03100421 -0.02844653 -0.04014053
v 0.03009211 -0.02851775 -0.05194501
v 0.03041858 -0.02825763 -0.04031994
v 0.03387540 -0.01279861 -0.05986259
v 0.04083663 -0.01175926 0.00480319
v 0.03976808 -0.01185418 0.00702915
v 0.04385862 -0.00975071 0.01001548
v 0.03608168 -0.00936606 0.00277659
v 0.03115134 0.00569683 -0.00022860
v 0.03025473 0.02469474 -0.05797547
v 0.03073403 0.02710264 -0.05263537
v 0.02949811 0.02710302 -0.04236475
v 0.02944529 0.02729569 -0.05724219
v 0.02938049 0.02739433 -0.05641459
v 0.02948007 0.02790475 -0.05823073
v 0.02983087 0.02797429 -0.05722151
v 0.02957048 0.02853411 -0.05631022
v 0.02986817 0.02855903 -0.05722124
v 0.02983242 0.02886663 -0.05100325
v 0.02943381 0.02902473 -0.05809705
v 0.02952179 0.02908940 -0.05666541
v 0.02966229 0.02966616 -0.05302984
v 0.03022908 0.03008458 -0.05682874
v 0.02977233 0.03290927 -0.05957683
v 0.03081427 -0.03273688 -0.05653155
v 0.03196560 -0.03178312 -0.03927824
v 0.03059935 -0.03039471 -0.04986139
v 0.03120021 -0.03063374 -0.05820981
v 0.03123831 -0.03067824 -0.05622197
v 0.03065339 -0.02911661 -0.04563994
v 0.03101851 -0.02906195 -0.05475294
v 0.02986713 -0.02818777 -0.04937690
v 0.03031151 -0.02728371 -0.04862829
v 0.03057043 -0.02673500 -0.04807062
v 0.03260018 -0.02623435 -0.04527798
v 0.03198365 -0.02620472 -0.04262240
v 0.04426531 -0.01153795 0.00496330
v 0.03309545 0.00046475 0.01113189
v 0.03308007 0.00625127 0.00153497
v 0.03093772 0.00946390 0.00370912
v 0.04776401 0.01099983 0.00896685
v 0.03087528 0.02672762 -0.05369333
v 0.03191722 0.02704207 -0.04413638
v 0.03106358 0.02656395 -0.04062255
v 0.03022622 0.02826608 -0.04945666
v 0.03001673 0.02796787 -0.04419451
v 0.03059500 0.02764488 -0.04324178
v 0.03029340 0.02794430 -0.04012825
v 0.03022628 0.02866162 -0.05292069
v 0.03524596 0.03209510 -0.03451805
v 0.03084962 -0.03352713 -0.05938252
v 0.03117578 -0.03098530 -0.05717517
v 0.03092292 -0.02856529 -0.04961767
v 0.03091681 -0.02825183 -0.04900362
v 0.03206311 -0.02637824 -0.04694424
v 0.03503187 -0.02602348 -0.04176892
v 0.03463715 -0.01071658 0.00391651
v 0.03112342 -0.00740061 -0.03974196
v 0.03560582 0.00142272 0.00912393
v 0.03231671 0.00768733 0.00032808
v 0.03360663 0.00990487 0.00111494
v 0.03189620 0.02291358 -0.05863257
v 0.03144934 0.02429385 -0.05841951
v 0.03052797 0.02419274 -0.03965717
v 0.03311078 0.02518024 -0.03931154
v 0.03089364 0.02582475 -0.05661356
v 0.04339317 0.02751841 -0.03409462
v 0.03392017 0.02713756 -0.05064724
v 0.03067789 0.02792662 -0.04867856
v 0.03140831 0.02851547 -0.05542639
v 0.03071502 0.02918477 -0.05651952
v 0.03073245 0.03020232 -0.05853921
v 0.03416296 0.03232948 -0.03959421
v 0.03294495 -0.03287098 -0.05975645
v 0.03118483 -0.03341446 -0.05869381
v 0.03117310 -0.03298123 -0.05713929
v 0.03118076 -0.03186732 -0.05423717
v 0.03276856 -0.03161305 -0.04005814
v 0.03133529 -0.03036633 -0.05055585
v 0.03141895 -0.02982331 -0.05587235
v 0.03101948 -0.02913670 -0.04618861
v 0.03182113 -0.02882623 -0.05422360
v 0.03231728 -0.02858311 -0.05179619
v 0.03099473 -0.02839246 -0.04264129
v 0.03313155 -0.02704297 -0.04148433
v 0.03134044 -0.02718674 -0.04856699
v 0.04328886 -0.01174945 0.00750500
v 0.03209123 -0.00822288 -0.03935686
v 0.04440473 -0.01078082 0.00933301
v 0.03234836 -0.00797216 -0.03990289
v 0.04271702 -0.00838270 0.00913642
v 0.04600512 -0.00825580 0.01058153
v 0.03224547 -0.00494597 -0.00029575
v 0.03219145 -0.00417908 0.00156035
v 0.04034521 0.00002510 0.01117414
v 0.03246587 0.00142086 -0.00059061
v 0.03512441 0.01132161 0.00246586
v 0.04548810 0.00999677 0.01001792
v 0.03637303 0.01151538 0.00280477
v 0.03132693 0.02534086 -0.05784907
v 0.03148866 0.02631179 -0.05697362
v 0.03145144 0.02672177 -0.05520387
v 0.03122425 0.02767572 -0.04726287
v 0.03196986 0.02758115 -0.04072722
v 0.03252330 0.02778814 -0.04010177
v 0.03187529 0.02830087 -0.05375762
v 0.03175737 0.02894824 -0.05783914
v 0.03140166 0.02994042 -0.05983407
v 0.03135934 0.02988398 -0.05927726
v 0.03495191 -0.03157599 -0.03443056
v 0.03176746 -0.03054554 -0.05807746
v 0.03192314 -0.03067645 -0.05717454
v 0.03181751 -0.03057467 -0.05633687
v 0.03263341 -0.03041791 -0.05351719
v 0.03232146 -0.02969478 -0.05681409
v 0.03179876 -0.02816386 -0.05849598
v 0.03212884 -0.02845399 -0.04669285
v 0.03257130 -0.02909978 -0.05614750
v 0.03314348 -0.02866009 -0.05401455
v 0.03183196 -0.02816234 -0.04910526
v 0.03260434 -0.02781436 -0.05048429
v 0.03249526 -0.02676082 -0.04863895
v 0.03269722 -0.02755967 -0.05860389
v 0.03331206 -0.02564589 -0.04062792
v 0.03352817 -0.00788021 0.00035821
v 0.03478853 -0.00690855 0.00153721
v 0.04014674 0.00291762 -0.03361072
v 0.03290424 -0.00192029 -0.00062086
v 0.03654910 -0.00135545 0.00915315
v 0.04503159 0.00573201 0.01107557
v 0.03182394 0.00845640 0.00233496
v 0.03213725 0.00982874 0.00326127
v 0.03734244 0.00758999 0.01069686
v 0.03870361 0.00943785 0.01019933
v 0.03237457 0.01524905 -0.05833659
v 0.03267510 0.01884782 -0.05822663
v 0.03236518 0.02184712 -0.05836968
v 0.04191596 0.02471336 -0.05988501
v 0.03923600 0.02841494 -0.03934706
v 0.03207380 0.02729242 -0.05811617
v 0.03165800 0.02695946 -0.05382564
v 0.03164128 0.02769483 -0.05604927
v 0.03190338 0.02764117 -0.05414022
v 0.03292330 0.02768049 -0.04725989
v 0.03234240 0.02746923 -0.04296128
v 0.03234977 0.02834789 -0.05321011
v 0.03217724 0.02839048 -0.05259770
v 0.03434551 0.02825338 -0.04003188
v 0.03210267 0.02912595 -0.05809769
v 0.03593580 0.03155748 -0.03451359
v 0.03207336 -0.03315712 -0.05893938
v 0.03245156 -0.02900275 -0.05773071
v 0.03298514 -0.02887462 -0.05726670
v 0.03303824 -0.02824224 -0.05132831
v 0.03325299 -0.02705139 -0.04018238
v 0.03325058 -0.02773475 -0.04639142
v 0.04536854 -0.00930064 0.00792668
v 0.03300190 -0.00060490 0.00137080
v 0.03344696 0.00567219 -0.00059398
v 0.03278623 0.00767123 0.00153991
v 0.03239812 0.00990541 0.00230748
v 0.03965529 0.01166824 0.00345074
v 0.03926664 0.01403485 -0.05863487
v 0.04077126 0.03020739 -0.03355416
v 0.03232313 0.02503693 -0.05847234
v 0.03410617 0.02417508 -0.03991327
v 0.03247072 0.02709270 -0.05294924
v 0.03502554 0.02710192 -0.04235810
v 0.03273957 0.02795465 -0.05331664
v 0.03232846 0.02938657 -0.05769345
v 0.03289823 0.03002665 -0.05983707
v 0.03330507 0.03009321 -0.05891955
v 0.03613859 0.02873504 -0.03936953
v 0.03592718 0.03176935 -0.03520151
v 0.03480087 -0.03175516 -0.05982905
v 0.03479400 -0.03146513 -0.03406613
v 0.03367156 -0.02938625 -0.05278616
v 0.03323441 -0.02855268 -0.04936035
v 0.03367196 -0.02825250 -0.05820611
v 0.03329577 -0.02709795 -0.04295903
v 0.03863601 -0.02764718 -0.03936747
v 0.03402425 -0.02717751 -0.05028423
v 0.03455711 -0.02645717 -0.04892558
v 0.03763546 -0.01086850 0.00677617
v 0.03451232 -0.00911246 -0.03935313
v 0.04186641 -0.00928384 0.00824040
v 0.03344961 -0.00466365 -0.00056405
v 0.03406122 0.00069478 -0.00099823
v 0.03492026 0.00758339 -0.00031734
v 0.03298345 0.00934576 0.00160097
v 0.03298072 0.00994557 0.00196655
v 0.03295634 0.01027170 0.00256077
v 0.03444651 0.02183040 -0.05828775
v 0.03291602 0.02850215 -0.05865755
v 0.03343393 0.02849721 -0.05865420
v 0.03374952 0.02713876 -0.05261693
v 0.03352382 0.02777175 -0.04717528
v 0.03356034 0.02756238 -0.04410501
v 0.03318785 0.02918889 -0.05832265
v 0.03352712 0.02951041 -0.05767157
v 0.03600836 0.03092022 -0.03934274
v 0.03685384 -0.03133931 -0.03953683
v 0.03409463 -0.02862823 -0.05685670
v 0.03443067 -0.02904738 -0.05262691
v 0.03661793 -0.02835773 -0.04005178
v 0.03420694 -0.02798652 -0.04848483
v 0.03483164 -0.00874990 -0.03989891
v 0.03627100 -0.00935326 0.00063347
v 0.03742367 -0.00901916 0.00187352
v 0.04666401 -0.00877347 0.01039692
v 0.03803382 -0.00506214 0.01104452
v 0.03386948 -0.00436449 0.00121720
v 0.03364245 0.00373577 0.00113881
v 0.03347271 0.00574304 0.00142123
v 0.03744531 0.01525399 -0.05820271
v 0.03504272 0.01618012 -0.05811301
v 0.03594185 0.01883072 -0.05801243
v 0.03384074 0.02381663 -0.05863050
v 0.03418416 0.02404136 -0.03974102
v 0.03471097 0.02650705 -0.04064888
v 0.03365312 0.02772774 -0.05310448
v 0.03427099 0.02766791 -0.04100464
v 0.03449757 0.02786272 -0.04023856
v 0.03421625 0.02910483 -0.05411387
v 0.03360167 0.02855072 -0.05317535
v 0.03382295 0.02879761 -0.05257180
v 0.03408907 0.02968379 -0.05576424
v 0.03608967 0.02995611 -0.04000510
v 0.03599243 0.03160595 -0.03903385
v 0.03720291 -0.03098257 -0.03512331
v 0.03468912 -0.02989615 -0.05525932
v 0.03497208 -0.02861986 -0.05748995
v 0.03476350 -0.02847002 -0.05215135
v 0.03496331 -0.02748379 -0.05095911
v 0.03451803 -0.02702388 -0.04459428
v 0.03412458 -0.02671582 -0.04109954
v 0.04477429 -0.02760113 -0.05861073
v 0.03725654 -0.02623579 -0.04830244
v 0.03674055 -0.02340129 -0.04006053
v 0.03779863 -0.01138073 0.00644718
v 0.03848342 -0.00991339 0.00331418
v 0.03441851 -0.00393521 0.00063862
v 0.03394994 -0.00162681 0.00084229
v 0.03592790 0.00553317 -0.00144509
v 0.03427496 0.00419484 0.00052829
v 0.03453046 0.00557827 0.00103783
v 0.03530466 0.00820713 0.00153799
v 0.04100998 0.01000100 0.00190535
v 0.03619145 0.01007716 0.00074026
v 0.03416919 0.02585688 -0.05840314
v 0.03582618 0.02485437 -0.04029708
v 0.03735489 0.02400233 -0.03931645
v 0.03439811 0.02718241 -0.05316251
v 0.03479949 0.02708673 -0.05401208
v 0.03401619 0.02909170 -0.05817479
v 0.03470081 0.02675087 -0.05780321
v 0.03415887 0.02778176 -0.04469269
v 0.03449083 0.02871867 -0.05742352
v 0.03448331 0.02883085 -0.05420302
v 0.03444569 0.02833423 -0.04709685
v 0.03416988 0.02933315 -0.05572618
v 0.03438217 0.02958163 -0.05356736
v 0.03452720 0.03046359 -0.05670749
v 0.03442447 0.03125808 -0.05980953
v 0.03511279 -0.03084117 -0.05802336
v 0.03685650 -0.03142678 -0.03625362
v 0.03767869 -0.03109011 -0.03997680
v 0.03782649 -0.03073455 -0.04008585
v 0.03479311 -0.02745911 -0.04684081
v 0.03608416 -0.02821288 -0.05145550
v 0.03501218 -0.02672704 -0.04229402
v 0.03571759 -0.02696377 -0.04013424
v 0.03733520 -0.02558422 -0.04064921
v 0.03749198 -0.00965003 -0.03986695
v 0.04243426 -0.01079243 0.00397624
v 0.03687559 -0.00838654 -0.00030964
v 0.03555136 -0.00580946 0.00109683
v 0.03484506 -0.00404830 -0.00038049
v 0.03548307 -0.00461594 -0.00118493
v 0.03475671 -0.00349693 -0.00047881
v 0.03434634 -0.00350475 0.00007269
v 0.03432349 -0.00255823 0.00042172
v 0.03473667 0.00453511 -0.00048167
v 0.03431358 0.00452014 0.00006909
v 0.03482958 0.00507056 -0.00038651
v 0.04212584 0.01030736 0.00260091
v 0.03593639 0.02359859 -0.03995011
v 0.03529688 0.02543089 -0.05788168
v 0.03506991 0.02691587 -0.05636128
v 0.03495210 0.02682893 -0.05142073
v 0.03471694 0.02792297 -0.04178740
v 0.03454182 0.02898181 -0.05588497
v 0.03587368 0.02929192 -0.04006948
v 0.03642661 0.02888751 -0.05985749
v 0.03576534 0.03005113 -0.04570609
v 0.03590907 0.03143525 -0.05128034
v 0.03571217 0.03169529 -0.05982921
v 0.03595718 0.03186480 -0.03841074
v 0.03525446 0.03261059 -0.05977260
v 0.03601712 -0.03164836 -0.05983224
v 0.03591093 -0.02924548 -0.05366037
v 0.03633819 -0.02713584 -0.04532605
v 0.03953676 -0.02618981 -0.04428624
v 0.03515619 -0.00455922 0.00027566
v 0.03543976 -0.00348989 -0.00077778
v 0.03634759 0.00078496 -0.00182379
v 0.03543853 0.00454264 -0.00078718
v 0.03518223 0.00548164 0.00027085
v 0.03789656 0.00939394 -0.00032647
v 0.03614462 0.02337302 -0.03972728
v 0.03565613 0.02428471 -0.05840361
v 0.03571091 0.02580219 -0.05719352
v 0.03554714 0.02628855 -0.05635731
v 0.03558324 0.02637183 -0.05430355
v 0.03619543 0.02693392 -0.05055984
v 0.03591261 0.02703578 -0.04234494
v 0.03585241 0.02936818 -0.04126378
v 0.03590739 0.03279140 -0.05635067
v 0.03714556 0.03210939 -0.03907122
v 0.03596947 0.03422846 -0.05967037
v 0.03618873 -0.03058740 -0.05725571
v 0.03838809 -0.03089681 -0.03835062
v 0.03853975 -0.02793094 -0.03410846
v 0.03648051 -0.02822613 -0.04972793
v 0.04040610 -0.02817454 -0.05822557
v 0.03702126 -0.02863460 -0.05642440
v 0.03836641 -0.02856583 -0.05207483
v 0.03680898 -0.02657134 -0.04952073
v 0.03720507 -0.02712840 -0.04368539
v 0.03629837 -0.02700177 -0.04067299
v 0.04092439 -0.02619479 -0.04241189
v 0.03771178 -0.01066338 -0.03933836
v 0.03748397 -0.00971030 -0.03934524
v 0.03689878 -0.00908636 -0.03987046
v 0.05058072 -0.00901857 0.00881486
v 0.03647064 -0.00486421 -0.00006477
v 0.03721743 -0.00447319 -0.00205127
v 0.03737140 -0.00377795 -0.00086536
v 0.03632203 0.00558693 -0.00014112
v 0.03653393 0.00751551 0.00098196
v 0.04560546 0.00624290 0.00918830
v 0.03691455 0.00756104 -0.00100142
v 0.03987525 0.02290653 -0.05862516
v 0.03654269 0.02472832 -0.05800745
v 0.03652863 0.02542937 -0.04064558
v 0.03604352 0.02640528 -0.05249574
v 0.03624604 0.02698275 -0.04916205
v 0.03637298 0.02641039 -0.04125037
v 0.03650581 0.03052221 -0.04599997
v 0.03656106 0.03128867 -0.04900233
v 0.03657019 0.03222586 -0.05246444
v 0.03855145 0.03153770 -0.03391746
v 0.03636990 0.03336205 -0.05624367
v 0.03682379 0.03468476 -0.05962685
v 0.03670997 -0.03170952 -0.05935517
v 0.03713944 -0.03071429 -0.05644767
v 0.03656824 -0.02972498 -0.05465367
v 0.03748743 -0.02861381 -0.04981382
v 0.03903348 -0.02853784 -0.05756706
v 0.03778773 -0.02800452 -0.04010202
v 0.03787792 -0.02462484 -0.04020085
v 0.03841334 -0.01925161 -0.03996964
v 0.04409122 -0.01133104 0.00440521
v 0.04444637 -0.00980931 0.00724674
v 0.03679203 -0.00708989 0.00092030
v 0.03753492 0.00526436 -0.00088890
v 0.03804705 0.00926566 0.00156636
v 0.03739771 0.01125552 0.00193132
v 0.03895524 0.02183741 -0.05838348
v 0.03708295 0.02527121 -0.05700054
v 0.03642913 0.02578716 -0.05570303
v 0.03754844 0.02508423 -0.04126806
v 0.03663587 0.02669136 -0.04235003
v 0.03692663 0.02672241 -0.04811172
v 0.03661267 0.02933625 -0.03905532
v 0.03689514 0.02971326 -0.03452972
v 0.03661766 0.02978671 -0.04251522
v 0.03686005 0.02946337 -0.04023867
v 0.03693088 0.03016248 -0.03842556
v 0.03736617 0.03031534 -0.04515322
v 0.03702470 0.03071140 -0.03504782
v 0.03658556 0.03125082 -0.03894300
v 0.03697411 0.03103915 -0.03830790
v 0.03703585 0.03097485 -0.03577541
v 0.03654644 0.03151531 -0.03489199
v 0.03693824 0.03172033 -0.05973931
v 0.03662177 0.03159853 -0.03837002
v 0.03698975 0.03324778 -0.05528725
v 0.03786031 -0.03262732 -0.05977094
v 0.03863311 -0.03113821 -0.03425212
v 0.03779495 -0.02948980 -0.05158790
v 0.03751175 -0.02775647 -0.04705380
v 0.04395982 -0.02975331 -0.05985163
v 0.04347271 -0.02024268 -0.05989224
v 0.03801448 -0.01492223 -0.03984121
v 0.03793057 -0.01617472 -0.03933059
v 0.03745174 -0.01373802 -0.03938175
v 0.04021468 -0.01159696 0.00326824
v 0.03857017 -0.00935962 -0.00012092
v 0.03769221 -0.00800400 0.00123588
v 0.03785101 -0.00696870 -0.00146920
v 0.03752982 -0.00691139 0.00016745
v 0.03722252 -0.00641495 -0.00041367
v 0.03706047 -0.00441134 -0.00062354
v 0.03762504 -0.00198523 -0.00250499
v 0.03740600 0.00078839 -0.00245586
v 0.03802824 0.00525397 -0.00265281
v 0.03712961 0.00688533 -0.00052353
v 0.03852704 0.00804907 -0.00160899
v 0.03716611 0.00750193 -0.00014911
v 0.03735044 0.00778961 0.00060004
v 0.03799871 0.00831634 0.00100757
v 0.04476008 0.01177909 0.00706593
v 0.03774380 0.01643609 -0.05811668
v 0.03774783 0.02003902 -0.05812063
v 0.03799476 0.02206469 -0.03982404
v 0.03848833 0.02408858 -0.04059662
v 0.03752535 0.02605906 -0.05209570
v 0.03703273 0.02647202 -0.04691957
v 0.03799591 0.02513248 -0.04264386
v 0.03937649 0.02901814 -0.05985331
v 0.03883097 0.02678671 -0.05051153
v 0.03858865 0.02697736 -0.04965105
v 0.03909171 0.02659787 -0.04914229
v 0.03725448 0.02731918 -0.05565036
v 0.03712510 0.02719512 -0.05481667
v 0.03756833 0.02724045 -0.05395055
v 0.03713959 0.02846343 -0.05573190
v 0.03675599 0.02815787 -0.05510656
v 0.03674641 0.02816620 -0.05449242
v 0.03715235 0.02784454 -0.05389446
v 0.03816049 0.02899077 -0.05979306
v 0.03721028 0.02904535 -0.05533238
v 0.03727524 0.02903055 -0.05396793
v 0.03773138 0.02934711 -0.04217593
v 0.03715670 0.02912926 -0.03892379
v 0.03783352 0.02942700 -0.03829902
v 0.03698004 0.02956194 -0.05976150
v 0.03752521 0.02968428 -0.05891719
v 0.03716981 0.02972395 -0.03830961
v 0.03749789 0.03009957 -0.03670488
v 0.03756529 0.03002385 -0.03541388
v 0.03664007 0.03067516 -0.05961041
v 0.03714313 0.03124500 -0.05890759
v 0.03744646 0.03146090 -0.04951814
v 0.03913808 0.03152195 -0.03998873
v 0.03798750 0.03208482 -0.05240596
v 0.03918346 0.03182173 -0.03960779
v 0.03946205 0.03243448 -0.05976893
v 0.03885611 -0.03242792 -0.05666220
v 0.03978492 -0.03062952 -0.03381532
v 0.03887356 -0.02875078 -0.04762825
v 0.03911080 -0.02809262 -0.04463781
v 0.03872498 -0.02786869 -0.04354027
v 0.03863886 -0.02798373 -0.05111768
v 0.03890749 -0.02698776 -0.04981049
v 0.03928214 -0.02588899 -0.04137865
v 0.04607983 -0.01540118 -0.05862862
v 0.03787490 -0.01298838 -0.03972844
v 0.04021054 -0.01129963 0.00160745
v 0.04561611 -0.01053489 0.00961956
v 0.03879989 -0.00822835 -0.00134666
v 0.03770676 -0.00586259 -0.00084642
v 0.03890009 -0.00447562 -0.00348842
v 0.03792247 -0.00142478 -0.00088210
v 0.03904565 0.00034849 -0.00413336
v 0.04153256 0.00133851 0.00915762
v 0.03813598 0.00482060 -0.00090071
v 0.03775680 0.00686669 -0.00085653
v 0.03775572 0.00754362 -0.00051340
v 0.04346407 0.01403547 -0.05864050
v 0.04039119 0.02439897 -0.05828659
v 0.03842240 0.02513024 -0.04680541
v 0.03842616 0.02530338 -0.05479867
v 0.03855740 0.02601164 -0.04852807
v 0.04158598 0.02493013 -0.03933284
v 0.03807368 0.02689097 -0.05517114
v 0.03809403 0.02687735 -0.05449521
v 0.03826905 0.02742664 -0.05595263
v 0.03852727 0.02848078 -0.05606613
v 0.03777327 0.02815848 -0.05607242
v 0.03790289 0.02816434 -0.05358604
v 0.03821558 0.02910708 -0.05570598
v 0.03789476 0.02944877 -0.05475028
v 0.03823272 0.02914246 -0.05386680
v 0.03822437 0.02883419 -0.04040282
v 0.03810195 0.02922570 -0.03446584
v 0.03806186 0.03064283 -0.04777434
v 0.03868508 0.02856980 -0.04007281
v 0.03786327 0.03063887 -0.05846427
v 0.03855090 0.03199270 -0.05970631
v 0.03783966 0.03161588 -0.05883431
v 0.04021716 0.03148848 -0.03448455
v 0.03794465 0.03368934 -0.05688853
v 0.03792784 0.03461061 -0.05955822
v 0.03936965 -0.03356855 -0.05964980
v 0.03887009 -0.03080220 -0.05199965
v 0.03982180 -0.03101926 -0.03705604
v 0.03840370 -0.03090195 -0.03512099
v 0.03838637 -0.03001310 -0.03935173
v 0.03980461 -0.02871421 -0.05404847
v 0.03924475 -0.02854377 -0.04657534
v 0.03836150 -0.02788331 -0.04047337
v 0.03924484 -0.02652756 -0.04864351
v 0.04837201 -0.02519292 -0.03410175
v 0.04069533 -0.02499213 -0.04063463
v 0.04016230 -0.01804655 -0.03931504
v 0.03930740 -0.01695353 -0.03983871
v 0.04350124 -0.00956223 -0.05988302
v 0.03984101 -0.00723975 0.00002747
v 0.03927977 -0.00740817 -0.00235559
v 0.03964260 -0.00644955 -0.00068510
v 0.03863702 -0.00511116 -0.00088672
v 0.04554567 0.00391964 -0.05863449
v 0.03879090 -0.00389192 -0.00129671
v 0.03936907 -0.00158117 -0.00443196
v 0.04316914 -0.00094168 0.00918579
v 0.03843958 0.00296386 -0.00117988
v 0.03984562 0.00503432 -0.00446091
v 0.03973779 0.01074932 0.00040375
v 0.04333533 0.01668772 -0.03358057
v 0.03895176 0.01524658 -0.05833470
v 0.03894186 0.01816267 -0.05825769
v 0.04552617 0.01286420 -0.03407449
v 0.04015799 0.02199675 -0.04004023
v 0.03875745 0.02467901 -0.04238923
v 0.03852914 0.02458709 -0.04142026
v 0.03962306 0.02510241 -0.05728409
v 0.03896111 0.02526075 -0.05634952
v 0.03921886 0.02525838 -0.05186713
v 0.03927531 0.02520642 -0.04861779
v 0.03912112 0.02582825 -0.05110754
v 0.03878682 0.02728117 -0.05393180
v 0.03908703 0.02767332 -0.05568513
v 0.03857574 0.02815879 -0.05358164
v 0.03845456 0.02888147 -0.04400905
v 0.03872533 0.02826496 -0.04039518
v 0.03856787 0.02946256 -0.05476483
v 0.03976315 0.02951122 -0.03700300
v 0.03843838 0.02952606 -0.03494586
v 0.03879247 0.02969299 -0.05891644
v 0.03821957 0.02974419 -0.04553672
v 0.03848707 0.02961852 -0.03640652
v 0.03854903 0.03062861 -0.05846518
v 0.03858840 0.03127612 -0.05208994
v 0.03883060 0.03154327 -0.05891063
v 0.03856901 0.03331695 -0.05741486
v 0.03958460 -0.03268709 -0.05628426
v 0.03960826 -0.03151593 -0.05293919
v 0.03955623 -0.03007390 -0.04948506
v 0.03894903 -0.03054125 -0.03888753
v 0.03907200 -0.03063303 -0.03510746
v 0.03900698 -0.03032468 -0.03450478
v 0.03943453 -0.03003431 -0.03824875
v 0.03945436 -0.02904250 -0.03862899
v 0.03976747 -0.02919402 -0.03494713
v 0.04191335 -0.02979607 -0.03366529
v 0.03998202 -0.02852842 -0.05172177
v 0.03985709 -0.02791700 -0.04010234
v 0.03990496 -0.02750206 -0.05066684
v 0.03941587 -0.02633587 -0.04626775
v 0.04173728 -0.02337620 -0.03931988
v 0.04225764 -0.02217902 -0.04011087
v 0.03926220 -0.01683603 -0.03961876
v 0.04515921 -0.01046886 0.00682368
v 0.04283958 -0.00895343 -0.03407851
v 0.04018460 -0.00845005 -0.00229264
v 0.04040303 -0.00900190 0.00171936
v 0.03965618 -0.00460028 -0.00439194
v 0.03903262 -0.00331212 -0.00173135
v 0.04944482 0.00325857 -0.05987832
v 0.03903190 0.00457201 -0.00156370
v 0.03947130 0.00836550 -0.00204320
v 0.03978358 0.00720357 -0.00079986
v 0.04020044 0.00800826 -0.00008941
v 0.04024692 0.02163989 -0.03972900
v 0.04067855 0.02305709 -0.04033299
v 0.04338932 0.02151453 -0.03926991
v 0.04099182 0.02366776 -0.05862360
v 0.03923587 0.02473561 -0.04676888
v 0.03966362 0.02455770 -0.04171904
v 0.03951915 0.02542117 -0.04991915
v 0.03948348 0.02617584 -0.04994239
v 0.03918915 0.02670334 -0.04995847
v 0.03934645 0.02677936 -0.04627974
v 0.03917285 0.02676752 -0.04358426
v 0.03925220 0.02683639 -0.04093017
v 0.03912720 0.02729252 -0.05478946
v 0.03941297 0.02782980 -0.04897705
v 0.03922846 0.02734568 -0.04010249
v 0.03952207 0.02794722 -0.05480507
v 0.03921180 0.02817507 -0.05389522
v 0.03915144 0.02876712 -0.05569582
v 0.03953607 0.02850603 -0.05483349
v 0.03915140 0.02906298 -0.05425305
v 0.03988760 0.02920918 -0.05388817
v 0.03928462 0.02960159 -0.05975763
v 0.03957530 0.03063520 -0.05959011
v 0.03922298 0.03062175 -0.05885685
v 0.04315170 0.03052727 -0.03996425
v 0.03931418 0.03167415 -0.05971738
v 0.03956609 0.03094008 -0.05652691
v 0.04104952 0.03155005 -0.03907588
v 0.03905827 0.03347735 -0.05964374
v 0.04082759 -0.03300799 -0.05972296
v 0.04191698 -0.03191917 -0.05979818
v 0.04176673 -0.03063392 -0.03444525
v 0.04256125 -0.03031424 -0.03992144
v 0.03953705 -0.02992081 -0.03622472
v 0.04003404 -0.02922175 -0.03719811
v 0.04133947 -0.02857623 -0.05655825
v 0.03987658 -0.02825654 -0.04547416
v 0.04106920 -0.02811987 -0.04005661
v 0.03994693 -0.02776785 -0.04316853
v 0.03979529 -0.02772092 -0.04036533
v 0.03954428 -0.02736594 -0.03937016
v 0.04036918 -0.02827637 -0.03443290
v 0.04021570 -0.02762325 -0.03410649
v 0.04034509 -0.02664691 -0.04967974
v 0.04045543 -0.02425575 -0.04034615
v 0.04076248 -0.01752377 -0.03981238
v 0.04027300 -0.00722138 -0.00370416
v 0.03990952 -0.00433998 -0.00510767
v 0.04084242 -0.00712996 -0.00095248
v 0.04022961 -0.00470997 -0.00235088
v 0.03953444 -0.00402361 -0.00285702
v 0.03942819 -0.00347784 -0.00295950
v 0.03909833 -0.00347896 -0.00235767
v 0.03987868 0.00012724 -0.00582597
v 0.03909518 0.00451692 -0.00236027
v 0.04015372 0.00007130 -0.00711923
v 0.03945416 0.00449554 -0.00296069
v 0.03978089 0.00172516 -0.00509737
v 0.04166263 0.00570356 -0.03357759
v 0.03956217 0.00502945 -0.00285496
v 0.03933972 0.00517484 -0.00174707
v 0.04037228 0.00934518 0.00125667
v 0.05051354 0.00934461 0.00909646
v 0.04095521 0.01016665 -0.00100559
v 0.04124498 0.01134107 0.00094435
v 0.04016800 0.01523215 -0.05863563
v 0.04301593 0.02476161 -0.04767730
v 0.04319940 0.02471938 -0.04239523
v 0.04023380 0.02552097 -0.05612146
v 0.04001139 0.02505291 -0.05272153
v 0.03998015 0.02510667 -0.04990266
v 0.04037678 0.02480653 -0.04840496
v 0.03985434 0.02629541 -0.04647597
v 0.03990952 0.02600931 -0.04377703
v 0.03973685 0.02611174 -0.04127749
v 0.03991558 0.02719510 -0.04973923
v 0.03995776 0.02797194 -0.05185481
v 0.04037757 0.03109796 -0.05976416
v 0.04143461 0.03069249 -0.03363948
v 0.04036749 -0.03307299 -0.05854768
v 0.04029616 -0.03199410 -0.05511201
v 0.04035519 -0.03062746 -0.05159466
v 0.04010397 -0.02960926 -0.04877219
v 0.04266857 -0.03048591 -0.03928762
v 0.04018737 -0.02922379 -0.03551479
v 0.04060047 -0.02850736 -0.03856021
v 0.04097603 -0.02855441 -0.05204291
v 0.04079747 -0.02794330 -0.04587503
v 0.04046774 -0.02809167 -0.03896832
v 0.04130768 -0.02735337 -0.04010261
v 0.04088489 -0.02729318 -0.05087484
v 0.04108498 -0.02615754 -0.04674312
v 0.04096799 -0.02583851 -0.04165699
v 0.05533175 -0.02099226 -0.03938407
v 0.04572363 -0.01152956 0.00577802
v 0.04069277 -0.00982663 -0.00105072
v 0.04131565 -0.01105889 0.00042491
v 0.04161940 -0.00926124 0.00174018
v 0.04052328 -0.00669802 -0.00487509
v 0.04032389 -0.00462240 -0.00668516
v 0.04063002 -0.00477545 -0.00866909
v 0.04117119 -0.00473608 -0.03359809
v 0.04118634 -0.00393905 -0.03407481
v 0.04477845 -0.00455586 0.01111716
v 0.04039956 -0.00014908 -0.00880311
v 0.04001555 -0.00347195 -0.00327035
v 0.04063118 -0.00031917 -0.01212120
v 0.04474203 -0.00302160 0.00915515
v 0.04119227 0.00262539 -0.03406820
v 0.04005960 0.00447724 -0.00328025
v 0.04073965 0.00320802 -0.00937192
v 0.04038872 0.00339725 -0.00673684
v 0.04048139 0.00524995 -0.00572697
v 0.04058059 0.00552855 -0.00267394
v 0.04068252 0.00691590 -0.00148934
v 0.04078975 0.00819434 -0.00342321
v 0.04089964 0.02492912 -0.05017384
v 0.04065824 0.02522929 -0.05262525
v 0.04040958 0.02609076 -0.04611117
v 0.04043403 0.02584909 -0.04130895
v 0.04147375 0.02572367 -0.04032879
v 0.04012786 0.02616626 -0.04016566
v 0.04077111 0.02662554 -0.04903445
v 0.04052187 0.02740850 -0.05186542
v 0.04201272 0.02587438 -0.04007662
v 0.04047805 0.02847602 -0.05444016
v 0.04480229 0.02955893 -0.03835266
v 0.04041185 0.02981384 -0.05755633
v 0.04097152 -0.03256523 -0.05854830
v 0.04083245 -0.02954915 -0.05021887
v 0.04251984 -0.03028614 -0.03396877
v 0.04122792 -0.02883384 -0.03588237
v 0.04082239 -0.02861587 -0.03492040
v 0.04121736 -0.02816759 -0.05148535
v 0.05202871 -0.02707694 -0.05992115
v 0.04083466 -0.02739189 -0.04343753
v 0.04098082 -0.02735686 -0.04046598
v 0.04175308 -0.02622971 -0.04976049
v 0.04153671 -0.02599186 -0.04808952
v 0.04172966 -0.02368030 -0.04052491
v 0.04622226 -0.01210048 -0.03366172
v 0.04346422 -0.01037372 -0.03365230
v 0.04181161 -0.00985611 0.00327546
v 0.04124745 -0.00879438 -0.00377721
v 0.04212663 -0.01008138 -0.00331308
v 0.04168695 -0.00873279 -0.00615064
v 0.04156720 -0.00890892 0.00085492
v 0.04104454 -0.00662875 -0.00799954
v 0.04149244 -0.00689788 -0.01315751
v 0.04234363 -0.00835824 -0.03361330
v 0.04110222 -0.00476602 -0.01872218
v 0.04084204 -0.00472954 -0.01169960
v 0.04100413 -0.00607393 -0.00190858
v 0.04129026 -0.00464620 -0.02613258
v 0.04142325 -0.00472990 -0.03344682
v 0.04091096 -0.00418411 -0.00324156
v 0.04047612 -0.00346759 -0.00325879
v 0.04112491 -0.00042092 -0.03345172
v 0.04091490 -0.00065144 -0.02214102
v 0.04101676 0.00286698 -0.01525075
v 0.04141347 0.00326712 -0.03344516
v 0.04141275 0.00320184 -0.02929565
v 0.04058846 0.00324699 -0.00332959
v 0.04143271 0.00554307 -0.01411249
v 0.04125269 0.00548464 -0.01080782
v 0.04105039 0.00557006 -0.00816831
v 0.04087724 0.00482802 -0.00317238
v 0.04157278 0.00771517 -0.00615934
v 0.04117816 0.00618420 -0.00268539
v 0.04121262 0.00767363 -0.00481162
v 0.04779108 0.00780411 0.01073372
v 0.04203518 0.01009315 -0.00225516
v 0.04322995 0.01068700 -0.03361324
v 0.04197057 0.02121286 -0.03979039
v 0.04102479 0.02538429 -0.05779391
v 0.04134433 0.02612077 -0.05502662
v 0.04111229 0.02614844 -0.05661600
v 0.04202099 0.02563860 -0.04321816
v 0.04122411 0.02771130 -0.05290207
v 0.04114846 0.02910215 -0.05658674
v 0.04115244 0.03022093 -0.05982266
v 0.04167378 0.03136963 -0.03970895
v 0.04288692 0.03076329 -0.03385126
v 0.04160119 -0.02997512 -0.05432242
v 0.04520491 -0.02926958 -0.04004172
v 0.04156699 -0.02855903 -0.03827136
v 0.04218475 -0.02861674 -0.05752974
v 0.04167480 -0.02825782 -0.05497679
v 0.04158737 -0.02821287 -0.05207420
v 0.04209422 -0.02759733 -0.05410109
v 0.04177408 -0.02686498 -0.05135885
v 0.04179338 -0.02673283 -0.04523946
v 0.04242782 -0.02587011 -0.04042040
v 0.04224896 -0.02582597 -0.04866216
v 0.04152677 -0.02582271 -0.04241969
v 0.04149677 -0.02549556 -0.04174904
v 0.04216257 -0.02524698 -0.04654313
v 0.04188223 -0.02521066 -0.04240523
v 0.04200037 -0.02478350 -0.04324654
v 0.04221186 -0.02404415 -0.04128668
v 0.04633305 -0.01840723 -0.03928515
v 0.04310843 -0.01785510 -0.03981120
v 0.04387944 -0.01156582 0.00080297
v 0.04300309 -0.01099239 -0.00254282
v 0.04250687 -0.00965497 0.00279546
v 0.04145875 -0.00774397 -0.00137990
v 0.04150843 -0.00841610 -0.00018133
v 0.04197448 -0.00733320 -0.02553398
v 0.04142020 -0.00580877 -0.00294381
v 0.04194302 -0.00711235 -0.03153632
v 0.04145862 -0.00410276 -0.00408976
v 0.04107398 -0.00269331 -0.00364387
v 0.04146544 0.00040466 -0.00439509
v 0.04157434 -0.00340078 -0.03411877
v 0.04107761 0.00356497 -0.00364142
v 0.04144644 0.00458499 -0.00391507
v 0.04210285 0.00672806 -0.03328045
v 0.04182465 0.00618925 -0.02340506
v 0.04310639 0.00929238 -0.03407737
v 0.04189002 0.00726713 -0.01247367
v 0.04177398 0.00751446 -0.00846431
v 0.04162112 0.00733637 -0.00223344
v 0.04144884 0.00799193 -0.00092049
v 0.04221151 0.00967335 -0.00381902
v 0.04237136 0.00915398 -0.00081168
v 0.04147651 0.00946868 0.00037507
v 0.04778302 0.00997534 0.00877064
v 0.04742722 0.01172720 0.00749446
v 0.04992895 0.01348450 -0.05989888
v 0.04317090 0.02290555 -0.05862784
v 0.04322281 0.02434632 -0.04139453
v 0.04127252 0.02527643 -0.05122843
v 0.04165148 0.02563104 -0.05821441
v 0.04152021 0.02590548 -0.05238466
v 0.04163331 0.02678743 -0.05786217
v 0.04207125 0.02598537 -0.04606218
v 0.04319987 0.02542812 -0.04068804
v 0.04153158 0.02720215 -0.05679708
v 0.04181408 0.02686010 -0.05557782
v 0.04809231 0.02862861 -0.03934566
v 0.04191014 0.03027466 -0.05981912
v 0.04231881 -0.03048148 -0.05750735
v 0.04222298 -0.02835372 -0.05203307
v 0.04286944 -0.02864546 -0.03650484
v 0.04238468 -0.02817752 -0.05599580
v 0.04249398 -0.02672331 -0.04774884
v 0.04273058 -0.02679775 -0.05351322
v 0.04248007 -0.02626691 -0.05070708
v 0.04331959 -0.02416697 -0.04533897
v 0.04671918 -0.02100634 -0.04003911
v 0.05084635 -0.01279436 -0.03356066
v 0.04316639 -0.01824064 -0.03933823
v 0.04253187 -0.01112399 -0.00070555
v 0.04570043 -0.01086706 0.00679873
v 0.04244410 -0.00988350 -0.00633575
v 0.04255639 -0.00942563 -0.01434518
v 0.04241953 -0.00856267 -0.02449337
v 0.04190510 -0.00862890 -0.00281391
v 0.04185677 -0.00899350 -0.00226583
v 0.04151488 -0.00836803 -0.00230170
v 0.04215686 -0.00763987 -0.03348947
v 0.04182872 -0.00743635 -0.00290791
v 0.04217371 -0.00704969 -0.00363301
v 0.04199001 -0.00638615 -0.01956674
v 0.04191121 -0.00647902 -0.01904278
v 0.04178157 -0.00658026 -0.00390106
v 0.04332816 -0.00559208 -0.03422898
v 0.04162720 -0.00570322 -0.01904520
v 0.04146730 -0.00593069 -0.00381185
v 0.04148404 -0.00484720 -0.01352660
v 0.04181745 -0.00417620 -0.03414272
v 0.04186524 -0.00415503 -0.02030523
v 0.04149691 -0.00342415 -0.01936079
v 0.04184773 -0.00411615 -0.02949490
v 0.04148949 -0.00340859 -0.03351758
v 0.04160605 -0.00341433 -0.03052185
v 0.04147704 -0.00070160 -0.02437215
v 0.04145362 -0.00080132 -0.01373344
v 0.04155598 0.00198800 -0.03411488
v 0.04150815 -0.00048108 -0.02940477
v 0.04163312 0.00196114 -0.03052513
v 0.04155339 0.00199773 -0.02264977
v 0.04156504 0.00276093 -0.02159614
v 0.04149446 0.00304308 -0.01201881
v 0.04180333 0.00274002 -0.03414626
v 0.04183342 0.00268990 -0.03179830
v 0.04194676 0.00289606 -0.02248883
v 0.04199331 0.00498885 -0.02195976
v 0.04167663 0.00435369 -0.02142730
v 0.04191841 0.00508081 -0.02143094
v 0.04182186 0.00512902 -0.01150307
v 0.04182072 0.00518369 -0.00413347
v 0.04226286 0.00588540 -0.00386999
v 0.04234011 0.00799476 -0.02955608
v 0.04231282 0.00816445 -0.02017115
v 0.04194205 0.00747488 -0.00281461
v 0.04240935 0.00880496 -0.01133508
v 0.04309656 0.00853568 -0.00204588
v 0.04266822 0.00954666 -0.00717268
v 0.04198915 0.00985881 -0.00038445
v 0.04188710 0.01001712 0.00088641
v 0.04298735 0.01119579 -0.00092213
v 0.04434548 0.01176182 0.00200829
v 0.04287877 0.02124219 -0.04014231
v 0.04256586 0.02487109 -0.05862149
v 0.04251649 0.02512451 -0.04987057
v 0.04893616 0.02648300 -0.03353783
v 0.04193512 0.02586455 -0.05114655
v 0.04184805 0.02678509 -0.05207692
v 0.04223613 0.02648641 -0.05129354
v 0.04216298 0.02659283 -0.04903165
v 0.04184095 0.02859514 -0.05826134
v 0.04204221 0.02760827 -0.05590897
v 0.04329408 0.02749255 -0.05145124
v 0.04149482 0.02859064 -0.05724791
v 0.04185035 0.02884160 -0.05577678
v 0.04177700 0.02889722 -0.05627401
v 0.04190127 0.02913788 -0.05789503
v 0.04187964 0.02929714 -0.05691096
v 0.04541247 0.02954047 -0.03517398
v 0.04355871 0.03108256 -0.05983774
v 0.04370778 0.03084548 -0.03450079
v 0.04344794 -0.03040424 -0.05982925
v 0.04303271 -0.02914202 -0.05610436
v 0.04281524 -0.02792061 -0.05242623
v 0.04373372 -0.02746634 -0.05586129
v 0.04294667 -0.02544982 -0.04010929
v 0.04277364 -0.02582765 -0.04504885
v 0.04360042 -0.02626097 -0.05292855
v 0.04313082 -0.02528369 -0.04310970
v 0.04832108 -0.02542205 -0.05859167
v 0.04359799 -0.02383581 -0.04387102
v 0.04305460 -0.02379011 -0.04202781
v 0.04298066 -0.02325537 -0.04060722
v 0.04642455 -0.01208374 -0.03406694
v 0.04327213 -0.01035469 -0.01239002
v 0.04274850 -0.00915246 -0.02926787
v 0.04254782 -0.00933635 0.00081682
v 0.04246434 -0.00933710 -0.00223909
v 0.04351459 -0.00882069 -0.00296701
v 0.04263673 -0.00698610 -0.01747980
v 0.04292369 -0.00725505 -0.00457897
v 0.04241097 -0.00694846 -0.01904638
v 0.04221185 -0.00690078 -0.00438749
v 0.04238766 -0.00561168 -0.01999868
v 0.04225011 -0.00452287 -0.03408177
v 0.04265051 -0.00450773 -0.03235982
v 0.04255811 -0.00455907 -0.02144922
v 0.04255208 0.00322292 -0.03410676
v 0.04230838 0.00306761 -0.03080558
v 0.04254964 0.00320954 -0.02386384
v 0.04260952 0.00309753 -0.03088338
v 0.04332394 0.00409878 -0.03426634
v 0.04325864 0.00503197 -0.02299258
v 0.04258585 0.00424359 -0.02257423
v 0.04272562 0.00549562 -0.02155218
v 0.04235920 0.00550648 -0.02053314
v 0.04232189 0.00546478 -0.00967896
v 0.04261288 0.00554553 -0.01360672
v 0.04262186 0.00554078 -0.00669117
v 0.04292890 0.00604364 -0.00489355
v 0.04256739 0.00741334 -0.00300755
v 0.04313424 0.01019056 -0.03351401
v 0.04301312 0.00983648 -0.02978452
v 0.04304643 0.00982912 -0.01799769
v 0.04333170 0.01019630 -0.01008196
v 0.04251684 0.01029366 0.00014467
v 0.04390315 0.01130844 -0.00259428
v 0.04383272 0.01154690 -0.00017391
v 0.04354879 0.02340007 -0.04064438
v 0.04345182 0.02396921 -0.04096454
v 0.04369655 0.02555500 -0.04008655
v 0.04356197 0.02615314 -0.05099104
v 0.04242258 0.02715423 -0.05498561
v 0.04250617 0.02706895 -0.05210813
v 0.04247284 0.02859224 -0.05588184
v 0.04247325 0.02858448 -0.05862506
v 0.04557327 0.02955283 -0.03358714
v 0.04247193 0.02921293 -0.05829268
v 0.04249365 0.02949857 -0.05764497
v 0.04252129 0.02944831 -0.05703683
v 0.04243613 0.02917408 -0.05627029
v 0.04800629 0.02916950 -0.03454265
v 0.04294228 0.03085479 -0.05929534
v 0.04452496 -0.02999688 -0.03964566
v 0.04422921 -0.03009183 -0.03443945
v 0.04526825 -0.02828475 -0.05827551
v 0.04848318 -0.02761875 -0.03360430
v 0.04386239 -0.02666807 -0.05445911
v 0.04330533 -0.02619904 -0.04787724
v 0.04414323 -0.02512184 -0.04848392
v 0.04358581 -0.02443607 -0.04666465
v 0.04372221 -0.02484124 -0.04025047
v 0.04364954 -0.01098050 -0.00620752
v 0.04571057 -0.01134223 0.00646054
v 0.04355457 -0.01025244 -0.02649171
v 0.04356549 -0.01070477 0.00359719
v 0.04404943 -0.00974938 0.00172070
v 0.04325432 -0.00754749 -0.00930160
v 0.04331131 -0.00714068 -0.01943035
v 0.04357931 -0.00767108 -0.01670097
v 0.04686551 -0.00734379 0.01079673
v 0.04315455 -0.00649527 -0.02009283
v 0.04286232 -0.00493823 -0.03409126
v 0.04322973 -0.00509733 -0.03112182
v 0.04335825 -0.00525472 -0.02337557
v 0.04364538 -0.00592089 -0.02142936
v 0.04343141 0.00373159 -0.03234276
v 0.04310340 0.00399296 -0.02392408
v 0.04376225 0.00632090 -0.03428805
v 0.04356234 0.00622597 -0.02237670
v 0.04336033 0.00621804 -0.02053071
v 0.04346942 0.00641788 -0.01540931
v 0.04338210 0.00626170 -0.00838414
v 0.04338068 0.00719092 -0.00404216
v 0.04329735 0.00971499 -0.00069258
v 0.04497073 0.01031703 -0.00005777
v 0.04347544 0.01057135 -0.02872352
v 0.04358402 0.01050977 -0.01808942
v 0.04459749 0.01141225 -0.00720609
v 0.04401205 0.02004231 -0.04019406
v 0.04337797 0.02534677 -0.05029905
v 0.04325891 0.02564964 -0.04349707
v 0.05246355 0.01749954 -0.03407614
v 0.04332743 0.02647835 -0.04792414
v 0.04419550 0.02711607 -0.05205681
v 0.04371709 0.02683297 -0.05141526
v 0.04840105 0.02850371 -0.05858612
v 0.04346891 0.02772007 -0.05541531
v 0.04334114 0.02851662 -0.05381318
v 0.04805829 0.02863509 -0.03416480
v 0.04369200 0.02957860 -0.05538724
v 0.04325769 0.03113984 -0.05979674
v 0.04404938 -0.02974405 -0.05872200
v 0.04411226 -0.02858626 -0.05603874
v 0.04507031 -0.02913663 -0.03367326
v 0.04466754 -0.02851819 -0.05702384
v 0.04376165 -0.02730253 -0.05205672
v 0.04660901 -0.02544301 -0.03999121
v 0.04405178 -0.02596255 -0.04795335
v 0.04524734 -0.02606740 -0.04976639
v 0.04390270 -0.02534819 -0.04532536
v 0.04400061 -0.02493313 -0.04309143
v 0.04444190 -0.02409636 -0.04621873
v 0.04644134 -0.01174643 0.00361555
v 0.04698967 -0.01169751 0.00723509
v 0.04387470 -0.01087522 -0.01163472
v 0.04375974 -0.01130683 -0.00275103
v 0.04382745 -0.01060396 -0.03350450
v 0.04428968 -0.01089971 -0.02723826
v 0.04414199 -0.01039523 0.00220673
v 0.04414916 -0.01112884 0.00301185
v 0.04398526 -0.00868732 -0.00353158
v 0.04502316 -0.00934551 0.00002614
v 0.05061088 -0.00935845 0.00822063
v 0.04381092 -0.00760745 -0.03426038
v 0.04392035 -0.00811145 -0.00878596
v 0.04393950 -0.00809593 -0.00456956
v 0.04391079 -0.00777477 -0.02027862
v 0.04389965 -0.00679163 -0.02151352
v 0.04392719 -0.00624603 -0.02627042
v 0.04364143 -0.00563555 -0.03145820
v 0.04367153 0.00479515 -0.03404380
v 0.04386332 0.00460596 -0.03170760
v 0.04367950 0.00452238 -0.02926522
v 0.04386718 0.00646089 -0.03406017
v 0.04364896 0.00513278 -0.02414886
v 0.04387308 0.00591119 -0.02724465
v 0.04389055 0.00717023 -0.02333452
v 0.04381769 0.00693907 -0.00759994
v 0.04389935 0.00727276 -0.01491394
v 0.04369640 0.00737720 -0.00473843
v 0.04392430 0.00754731 -0.00643816
v 0.04387705 0.00928176 -0.03418661
v 0.04392514 0.00943148 -0.00310993
v 0.04427138 0.00997483 -0.00128668
v 0.04428278 0.01182227 -0.03328718
v 0.04455607 0.01178465 -0.02437618
v 0.04479499 0.01170765 -0.01664872
v 0.04469417 0.01149850 -0.00486794
v 0.04439112 0.02095139 -0.05825356
v 0.04424842 0.01887831 -0.03978684
v 0.04457383 0.02035937 -0.04064703
v 0.04438012 0.02423845 -0.05840244
v 0.04418782 0.02344211 -0.04123305
v 0.04382964 0.02466916 -0.04835578
v 0.04403222 0.02422605 -0.04235420
v 0.04391979 0.02516012 -0.05859828
v 0.04490920 0.02466059 -0.04960010
v 0.04398970 0.02567876 -0.04232460
v 0.04413510 0.02561141 -0.04059056
v 0.04852647 0.02599904 -0.03936523
v 0.04400757 0.02711810 -0.04945875
v 0.04401424 0.02649112 -0.04636064
v 0.04401951 0.02800109 -0.05174770
v 0.04403366 0.03089231 -0.05729904
v 0.04550387 0.03037515 -0.03433274
v 0.04551983 0.03357692 -0.05971087
v 0.04470146 -0.03002541 -0.05983938
v 0.04467409 -0.02719025 -0.05215697
v 0.04606504 -0.02684802 -0.05511927
v 0.04792385 -0.02584319 -0.04903049
v 0.04487136 -0.02451367 -0.04072257
v 0.04646999 -0.02388177 -0.04580133
v 0.04588302 -0.02313925 -0.04071911
v 0.04606663 -0.02253704 -0.04033796
v 0.04480007 -0.01144480 -0.00846175
v 0.04513924 -0.01158307 -0.00238887
v 0.04721069 -0.01087623 0.00905431
v 0.04553490 -0.01167997 -0.03349779
v 0.04437732 -0.01100505 0.00201689
v 0.04519969 -0.01019053 0.00166342
v 0.04414081 -0.00907278 -0.03421951
v 0.04685409 -0.00953205 0.00087491
v 0.04419443 -0.00902318 -0.02506120
v 0.04423415 -0.00900467 -0.00833318
v 0.04384465 -0.00841604 -0.03379614
v 0.04393094 -0.00838520 -0.00783669
v 0.04389940 -0.00621968 -0.03076262
v 0.04876323 0.00005062 0.00915550
v 0.04388417 0.00937069 -0.01823593
v 0.04415594 0.01000078 -0.03418821
v 0.04420098 0.00996213 -0.02989908
v 0.04423103 0.00998958 -0.00530831
v 0.04565015 0.01307616 -0.03361249
v 0.04663041 0.01525611 -0.05812925
v 0.04438762 0.01524831 -0.05831402
v 0.04914725 0.01356507 -0.03360048
v 0.04475938 0.01982891 -0.03941080
v 0.04586602 0.01973189 -0.03928999
v 0.04465508 0.02238224 -0.04166483
v 0.04516259 0.02205497 -0.04355758
v 0.04498386 0.02291099 -0.04579828
v 0.04440699 0.02385827 -0.04588214
v 0.04489234 0.02392864 -0.04785301
v 0.04440660 0.02710573 -0.05434762
v 0.04463613 0.02736291 -0.04602318
v 0.04484815 0.02710719 -0.04220606
v 0.04466402 0.02763938 -0.05530597
v 0.04728347 0.02960836 -0.03994892
v 0.04544771 0.03029262 -0.05166636
v 0.04617750 0.02952118 -0.05689532
v 0.04689391 0.02922508 -0.05624747
v 0.04479669 0.03005387 -0.05346766
v 0.04806682 0.02922432 -0.03904421
v 0.04630525 0.03028857 -0.03971334
v 0.04525151 -0.02969065 -0.05865587
v 0.04523516 -0.02828638 -0.05537663
v 0.04789237 -0.02827935 -0.05626254
v 0.04807447 -0.02825181 -0.03448167
v 0.04810912 -0.02766042 -0.03414872
v 0.04494945 -0.02575120 -0.04751502
v 0.04524085 -0.02512337 -0.04479921
v 0.04565557 -0.02454382 -0.04007853
v 0.04805310 -0.02377364 -0.04231006
v 0.05155495 -0.01848134 -0.03928410
v 0.04950383 -0.02010276 -0.03353152
v 0.04542179 -0.01151380 -0.02648381
v 0.04535189 -0.01126818 0.00199406
v 0.04539143 -0.01146292 0.00266950
v 0.04530948 -0.01080106 0.00165605
v 0.04481338 -0.00941342 -0.03408410
v 0.04509705 -0.00933587 -0.02419739
v 0.04507517 -0.00934227 -0.01155775
v 0.04488943 -0.00933951 -0.00337249
v 0.04561991 -0.00965973 -0.00156745
v 0.04634710 -0.01000072 0.00678526
v 0.04482035 -0.00932123 -0.02523561
v 0.05179248 0.00047612 0.01119194
v 0.04924970 0.00803491 0.01063250
v 0.04504564 0.01036226 -0.03427237
v 0.04483492 0.01028579 -0.02133193
v 0.04483709 0.01030752 -0.00917595
v 0.04507112 0.01174697 -0.01284403
v 0.04632208 0.01192975 -0.00342835
v 0.04698135 0.01203996 0.00029977
v 0.04552648 0.01238094 -0.02342253
v 0.04541919 0.01733619 -0.05810991
v 0.04521896 0.01790015 -0.03981058
v 0.04580463 0.01916009 -0.04153981
v 0.04540901 0.01870557 -0.04034647
v 0.04556027 0.02241369 -0.05819160
v 0.04534978 0.02002507 -0.04205405
v 0.04550420 0.02097244 -0.04335972
v 0.04544275 0.02198406 -0.04424884
v 0.04654313 0.02517114 -0.05116794
v 0.04622511 0.02613929 -0.05113589
v 0.04516865 0.02708629 -0.05320124
v 0.04538336 0.02718046 -0.04005471
v 0.04540551 0.02805596 -0.04309168
v 0.04576699 0.02855726 -0.05580375
v 0.04549812 0.02916026 -0.04744174
v 0.04545626 0.03135185 -0.05437095
v 0.04631658 0.03038592 -0.03877863
v 0.04672709 -0.03059093 -0.05984565
v 0.04716786 -0.02913798 -0.03978235
v 0.04733134 -0.02908459 -0.03414425
v 0.04585485 -0.02880947 -0.05635160
v 0.04787499 -0.02858634 -0.05755853
v 0.05076761 -0.02701741 -0.04001427
v 0.04589962 -0.02716238 -0.05162170
v 0.04794501 -0.02740193 -0.05588800
v 0.04646763 -0.02631478 -0.05350062
v 0.04582814 -0.02594920 -0.04777951
v 0.04789192 -0.02614979 -0.04965433
v 0.04598258 -0.02453460 -0.04100822
v 0.04615731 -0.02452598 -0.04778216
v 0.04562347 -0.01163087 -0.01320708
v 0.04635882 -0.01050960 -0.00775485
v 0.04574006 -0.00990368 -0.00318290
v 0.04575476 -0.00995690 -0.03411937
v 0.04536726 -0.00942923 -0.03193660
v 0.04634179 -0.01048249 -0.02241537
v 0.04611243 -0.01015740 -0.01238649
v 0.04699770 -0.00969867 -0.00004006
v 0.04632188 -0.01005406 0.00178501
v 0.04575852 0.01027119 -0.02772534
v 0.04748081 0.01034016 0.00577033
v 0.04560888 0.01077166 -0.03416627
v 0.04567332 0.01033167 -0.03259754
v 0.04568375 0.01034818 -0.02411057
v 0.04597511 0.01027143 -0.01777321
v 0.04758225 0.01186098 0.00613079
v 0.05145707 0.01418460 -0.05862337
v 0.04635957 0.01209421 -0.01107475
v 0.04660634 0.01328196 -0.03345946
v 0.04615045 0.01941933 -0.05813949
v 0.04590887 0.01950740 -0.04269464
v 0.04589383 0.02008535 -0.04327422
v 0.04912913 0.02220654 -0.03933325
v 0.04615148 0.02191006 -0.04486727
v 0.04647485 0.02261972 -0.04684799
v 0.04650859 0.02321213 -0.04816585
v 0.04585398 0.02746324 -0.05419198
v 0.04592632 0.02835309 -0.04285378
v 0.04611632 0.02750666 -0.04043607
v 0.04681823 0.02694513 -0.04004828
v 0.05074150 0.02982919 -0.05987895
v 0.04614622 0.02962114 -0.04702567
v 0.04612974 0.03073406 -0.05099129
v 0.04815681 0.02921676 -0.03374249
v 0.04626513 0.03240130 -0.05539134
v 0.04630101 0.03392526 -0.05976758
v 0.04625600 0.03370193 -0.05844142
v 0.04679394 0.03415206 -0.05947134
v 0.04627546 -0.02990014 -0.05848687
v 0.04910346 -0.02852809 -0.03951972
v 0.04702647 -0.02925733 -0.03447334
v 0.04862479 -0.02824766 -0.03377720
v 0.04654225 -0.02828706 -0.05417080
v 0.04786943 -0.02858083 -0.05691689
v 0.04803608 -0.02854702 -0.03837637
v 0.04804441 -0.02852714 -0.03516160
v 0.04683312 -0.02747995 -0.05098328
v 0.04701041 -0.02611416 -0.04648532
v 0.04646383 -0.02529300 -0.04455521
v 0.04784212 -0.02507839 -0.04868245
v 0.04769056 -0.02419906 -0.04773633
v 0.04803919 -0.02371446 -0.04506193
v 0.04694207 -0.01864340 -0.03978968
v 0.04599857 -0.01822917 -0.03965466
v 0.04662439 -0.01192977 -0.02727696
v 0.04766066 -0.01187532 -0.00362557
v 0.04632551 -0.01125873 0.00239205
v 0.04631822 -0.01130141 0.00607026
v 0.04632177 -0.01091685 -0.03411345
v 0.04628550 -0.01060597 -0.03401592
v 0.04666639 -0.01067996 0.00253547
v 0.04671258 -0.01080131 0.00469394
v 0.04665651 -0.01050738 0.00600801
v 0.04620122 -0.01009922 -0.03218943
v 0.04656349 -0.01003712 -0.00104129
v 0.04707933 -0.00932908 0.00735486
v 0.05300694 -0.00190132 -0.05863200
v 0.04937108 0.00576229 0.01105011
v 0.04751739 0.01022597 -0.01682531
v 0.04620980 0.01141560 -0.03419121
v 0.04633287 0.01093845 -0.03200167
v 0.04627736 0.01087607 -0.01840207
v 0.04862316 0.01061785 0.00945756
v 0.04624301 0.01105820 -0.02299904
v 0.04666632 0.01246044 -0.03418034
v 0.04739785 0.01272373 -0.03415367
v 0.04669905 0.01286732 -0.02568714
v 0.04797461 0.01759656 -0.04009135
v 0.04810684 0.01743603 -0.03981645
v 0.04744736 0.01865956 -0.04189800
v 0.04748754 0.01838298 -0.04088120
v 0.04691432 0.02247515 -0.05818901
v 0.04774702 0.02434986 -0.05051065
v 0.04790851 0.02393741 -0.05818647
v 0.04848298 0.02712136 -0.05204365
v 0.04755258 0.02719216 -0.05318290
v 0.04640681 0.02796579 -0.04188846
v 0.04647556 0.02902014 -0.04467486
v 0.04752581 0.02688298 -0.03999686
v 0.04682247 0.03016726 -0.04845830
v 0.04687954 0.03114638 -0.05142291
v 0.04833177 0.02947344 -0.03408345
v 0.04688545 0.03264486 -0.05559422
v 0.04660716 -0.02927406 -0.05661755
v 0.04883765 -0.02828594 -0.03998614
v 0.04807335 -0.02827037 -0.03902232
v 0.04799408 -0.02756349 -0.05858659
v 0.04882393 -0.02492649 -0.03937907
v 0.04783366 -0.02475982 -0.04039686
v 0.04748194 -0.02476157 -0.04006796
v 0.04789340 -0.02259311 -0.04059950
v 0.05165470 -0.01203642 -0.03406891
v 0.04722040 -0.01223148 -0.03351958
v 0.04742875 -0.01175864 -0.03412492
v 0.04666784 -0.01149285 -0.03415284
v 0.04675802 -0.01141738 -0.02779880
v 0.04685254 -0.01133869 -0.00732322
v 0.04687086 -0.01131386 -0.00163183
v 0.04689061 -0.01103168 -0.00104290
v 0.04635818 -0.01079669 -0.00715818
v 0.04640929 -0.01079824 -0.00160306
v 0.04641998 -0.01032256 -0.00158380
v 0.04774024 -0.01016284 -0.00054924
v 0.04724198 -0.00998118 0.00427615
v 0.04703803 -0.00983915 0.00614920
v 0.04696466 -0.00981602 0.00196788
v 0.04943616 -0.00484450 0.01110835
v 0.04864541 0.00940601 0.01018288
v 0.04695078 0.01073892 -0.01760220
v 0.04633494 0.01177992 -0.01843359
v 0.04632867 0.01180911 -0.03325496
v 0.04681694 0.01199104 -0.01789172
v 0.04679413 0.01238370 -0.02953243
v 0.04683862 0.01227250 -0.01848298
v 0.04800501 0.01248244 -0.01132498
v 0.04799355 0.01310256 -0.02427302
v 0.05040962 0.01268167 -0.03412816
v 0.04738735 0.01672634 -0.05798570
v 0.04739636 0.02064043 -0.05861863
v 0.04725260 0.02150711 -0.04384866
v 0.04724025 0.02155847 -0.05850269
v 0.04719409 0.02226161 -0.04599462
v 0.04769389 0.02283422 -0.04821913
v 0.04893456 0.02616696 -0.03410568
v 0.04847492 0.02679448 -0.05142269
v 0.04710442 0.02637651 -0.04037956
v 0.04700834 0.02871289 -0.04489988
v 0.04891820 0.02918094 -0.05823460
v 0.04754000 0.03396517 -0.05968574
v 0.04840333 -0.03191621 -0.05977779
v 0.04806567 -0.03046810 -0.05645391
v 0.04821911 -0.02874781 -0.05096488
v 0.04849370 -0.02804247 -0.04844365
v 0.04810354 -0.02765994 -0.03934338
v 0.04867353 -0.02739613 -0.04688745
v 0.04936838 -0.02640506 -0.05410199
v 0.04827711 -0.02571694 -0.03929160
v 0.04847153 -0.02552753 -0.04295757
v 0.05538975 -0.01863466 -0.05860132
v 0.04925894 -0.02037279 -0.04012042
v 0.04860789 -0.01223418 -0.02709103
v 0.04832918 -0.01202516 -0.01504965
v 0.05648083 -0.01231242 -0.05992657
v 0.04756173 -0.01171592 -0.01995733
v 0.04749121 -0.01156127 -0.00164783
v 0.04773770 -0.01132543 -0.00099992
v 0.04779253 -0.01084890 -0.00064328
v 0.04933699 -0.00877943 0.01024324
v 0.04852686 -0.00942842 0.00283812
v 0.04921668 -0.00766237 0.01064670
v 0.05090743 -0.00614925 0.00916997
v 0.04769469 0.01179455 -0.01751663
v 0.04757031 0.01260307 -0.02062497
v 0.04797906 0.01258001 -0.01854427
v 0.04774206 0.01231878 -0.01788518
v 0.04789466 0.01284992 -0.01816493
v 0.04791527 0.01349217 -0.03329100
v 0.04738209 0.01940384 -0.05820096
v 0.04778921 0.01933836 -0.04270514
v 0.04862095 0.02179669 -0.04430480
v 0.04815905 0.02225884 -0.04481544
v 0.04829386 0.02233396 -0.04722754
v 0.04771026 0.02538828 -0.04295190
v 0.04797388 0.02463354 -0.04134036
v 0.04768262 0.02511160 -0.04015448
v 0.04737738 0.02724309 -0.04368089
v 0.04881980 0.02771146 -0.05497049
v 0.04759559 0.02885791 -0.04758998
v 0.04856049 0.02847041 -0.05564728
v 0.04933528 0.02953139 -0.05757899
v 0.04753080 0.03013644 -0.05000657
v 0.04802058 0.02946231 -0.03842219
v 0.04797448 0.02939871 -0.03523576
v 0.04928392 0.02945274 -0.03933103
v 0.04760692 0.03169814 -0.05436598
v 0.04760379 0.03361680 -0.05862325
v 0.04864908 -0.03038201 -0.05513443
v 0.04907380 -0.02851931 -0.03449121
v 0.04821544 -0.02817233 -0.05816760
v 0.04860928 -0.02705117 -0.05564479
v 0.04827937 -0.02611810 -0.05139231
v 0.04835133 -0.02362977 -0.04663577
v 0.04863843 -0.02333610 -0.04177823
v 0.04896155 -0.02139745 -0.04052424
v 0.04918387 -0.01245294 -0.03341669
v 0.04902525 -0.01132161 0.00706993
v 0.04811142 -0.01175004 -0.01756206
v 0.04903461 -0.01029076 0.00947892
v 0.04872590 -0.00977489 -0.00034602
v 0.04840556 -0.00933465 0.00569109
v 0.05056091 -0.00838827 0.00912216
v 0.05300508 0.00327760 0.00914910
v 0.05087781 0.00725622 0.00915551
v 0.04854339 0.01083881 -0.01759468
v 0.04895098 0.01024436 -0.01687290
v 0.04800279 0.01270567 -0.02573569
v 0.04792788 0.01210975 -0.00022705
v 0.04829495 0.01525703 -0.05808837
v 0.05813669 0.01337269 -0.03353470
v 0.04846437 0.01795769 -0.04070625
v 0.04881900 0.01816097 -0.04258472
v 0.04859498 0.01862582 -0.04270904
v 0.04816767 0.02087079 -0.05856231
v 0.04824328 0.02041021 -0.04336110
v 0.04921208 0.02288611 -0.04922640
v 0.04830714 0.02388211 -0.04297649
v 0.04844376 0.02559101 -0.04672277
v 0.04911823 0.02621277 -0.05104615
v 0.04880091 0.02721377 -0.05405678
v 0.04836551 0.02819604 -0.05032958
v 0.04827001 0.03046521 -0.05408776
v 0.04932282 0.02924637 -0.03454202
v 0.04818697 0.03267614 -0.05796571
v 0.04816930 0.03350083 -0.05972153
v 0.04930168 -0.03212368 -0.05951173
v 0.04910313 -0.03149842 -0.05787936
v 0.04920991 -0.02914470 -0.05091795
v 0.04860396 -0.02823532 -0.05719458
v 0.04857925 -0.02785589 -0.05626747
v 0.04929297 -0.02689641 -0.04596286
v 0.04871635 -0.02793753 -0.03881992
v 0.04870714 -0.02821874 -0.03514157
v 0.04867977 -0.02790193 -0.03452049
v 0.04868641 -0.02728539 -0.05818988
v 0.04902650 -0.02755921 -0.05714539
v 0.04913515 -0.02742096 -0.03817263
v 0.04913373 -0.02753940 -0.03545707
v 0.04941197 -0.02683748 -0.05606262
v 0.04927238 -0.02654322 -0.03856726
v 0.04924856 -0.02686491 -0.03501880
v 0.04930053 -0.02552539 -0.05084390
v 0.04851742 -0.02570094 -0.04911321
v 0.04962468 -0.02454663 -0.03999456
v 0.04945708 -0.02586946 -0.03439793
v 0.04921748 -0.02505057 -0.04999009
v 0.04879367 -0.02465014 -0.04009935
v 0.04897082 -0.02452808 -0.04926357
v 0.04862754 -0.02397611 -0.04836960
v 0.04912856 -0.02315027 -0.04761878
v 0.04871289 -0.02338646 -0.04482883
v 0.04909911 -0.02281821 -0.04232898
v 0.04917860 -0.02229022 -0.04249213
v 0.04933049 -0.02191911 -0.04186193
v 0.05634787 -0.02021876 -0.03938653
v 0.05121576 -0.01848003 -0.03971179
v 0.04928598 -0.01160245 -0.00308794
v 0.04918716 -0.01176654 -0.02663455
v 0.04886407 -0.01172119 -0.01847648
v 0.04876097 -0.01137601 -0.01719100
v 0.04862671 -0.01128251 -0.00160418
v 0.04865418 -0.01102796 -0.00101465
v 0.04913075 -0.01086813 -0.01580606
v 0.04910751 -0.01083432 -0.00154960
v 0.04910327 -0.01006805 -0.00108646
v 0.05053665 0.01030302 -0.00363520
v 0.05049276 0.01027008 0.00812503
v 0.04925859 0.01116805 -0.01906708
v 0.04887374 0.01115564 -0.01801706
v 0.04872527 0.01126290 0.00825537
v 0.04932462 0.01175192 -0.02436028
v 0.04906285 0.01178255 -0.02335248
v 0.04901718 0.01181412 -0.01841462
v 0.04856376 0.01203070 -0.01789190
v 0.05073308 0.01133342 0.00569458
v 0.05042206 0.01274666 -0.03349645
v 0.04859084 0.01242963 -0.02502994
v 0.04856211 0.01234353 -0.01849074
v 0.04855011 0.01346101 -0.03310213
v 0.04949233 0.01673218 -0.05804774
v 0.04924109 0.01777120 -0.04267137
v 0.05224447 0.01793919 -0.03933130
v 0.04965673 0.01913109 -0.05819699
v 0.04903892 0.02094988 -0.04445261
v 0.04876361 0.02190129 -0.04511389
v 0.04891424 0.02217350 -0.05817661
v 0.04941922 0.02217391 -0.04817092
v 0.05499239 0.02075763 -0.03352109
v 0.04898258 0.02304132 -0.04251579
v 0.04915464 0.02411078 -0.05048905
v 0.04880946 0.02374764 -0.04455002
v 0.04917734 0.02339788 -0.04050507
v 0.05098858 0.02425398 -0.05835779
v 0.05026323 0.02530408 -0.05095972
v 0.04897195 0.02476373 -0.04685965
v 0.05190212 0.02532666 -0.05860401
v 0.04890895 0.02694718 -0.05007714
v 0.04868195 0.02723858 -0.03437830
v 0.04868186 0.02888418 -0.03896631
v 0.04888816 0.02898450 -0.05341942
v 0.04910855 0.02762232 -0.03847413
v 0.04910261 0.02849416 -0.03792260
v 0.04907685 0.02862554 -0.03515871
v 0.04917011 0.02759058 -0.03486597
v 0.05111477 0.02759771 -0.03355412
v 0.05126461 0.02892120 -0.05611289
v 0.04865442 0.02885822 -0.03471366
v 0.04868994 0.02917762 -0.03839884
v 0.04973048 0.03134672 -0.05981364
v 0.04926117 -0.03033762 -0.05463405
v 0.04927080 -0.02832547 -0.04877419
v 0.05146285 -0.02736578 -0.03977146
v 0.04961807 -0.02666661 -0.05716261
v 0.05069077 -0.02623125 -0.05428579
v 0.04961713 -0.02673887 -0.03735933
v 0.04928411 -0.02636648 -0.05800708
v 0.04994012 -0.02615841 -0.05216304
v 0.04951166 -0.02530860 -0.04300172
v 0.04966611 -0.02677783 -0.03569813
v 0.04948250 -0.02424231 -0.04040670
v 0.05039882 -0.02320553 -0.05035168
v 0.05035884 -0.02190780 -0.04781626
v 0.04974228 -0.02194808 -0.04564841
v 0.05010951 -0.02133706 -0.04169110
v 0.04985368 -0.01229272 -0.03326460
v 0.04994481 -0.01190688 -0.01981941
v 0.05045043 -0.01174374 -0.03411721
v 0.05035731 -0.01092836 0.00743711
v 0.05026669 -0.01075761 -0.01741297
v 0.04917210 -0.01065922 -0.00953268
v 0.04913090 -0.01059165 -0.00238561
v 0.04991315 -0.01002673 -0.01547827
v 0.04971005 -0.00999110 -0.01352056
v 0.04973092 -0.00999379 -0.00482608
v 0.05041522 -0.00939957 -0.00062997
v 0.04977894 0.01079869 -0.02122587
v 0.05129009 0.00998220 0.00943262
v 0.05069967 0.01111651 0.00764309
v 0.05089143 0.01190081 -0.00656743
v 0.05006781 0.01280522 -0.02379419
v 0.05055109 0.01317221 -0.03328353
v 0.04947702 0.01672288 -0.03987453
v 0.04945148 0.01807863 -0.04428870
v 0.04975897 0.01741967 -0.04065515
v 0.04953212 0.01931449 -0.04510675
v 0.04922997 0.02048723 -0.05821964
v 0.04944220 0.02073317 -0.04586790
v 0.04957815 0.02153466 -0.04688266
v 0.04947156 0.02359821 -0.04537750
v 0.04964515 0.02263930 -0.04263596
v 0.05004817 0.02314926 -0.04010741
v 0.04958769 0.02496674 -0.04780721
v 0.04955221 0.02655181 -0.05025590
v 0.04925799 0.02677430 -0.03892901
v 0.04960870 0.02790778 -0.05270414
v 0.04951335 0.02763698 -0.03739097
v 0.04943905 0.02775288 -0.03558425
v 0.05126224 0.02723744 -0.05447744
v 0.04963254 0.02918830 -0.05525358
v 0.05083516 0.02870565 -0.03979531
v 0.04943861 0.03018677 -0.05704845
v 0.04992377 -0.03153554 -0.05851280
v 0.05207170 -0.02980925 -0.05988108
v 0.04999676 -0.03022668 -0.05530029
v 0.04987774 -0.02847131 -0.05031150
v 0.05149824 -0.02741914 -0.03443088
v 0.05126229 -0.02744982 -0.03404274
v 0.04994721 -0.02577581 -0.04516269
v 0.05019988 -0.02601261 -0.05802232
v 0.05024832 -0.02599939 -0.03871471
v 0.05029719 -0.02623755 -0.03497029
v 0.05015140 -0.02511608 -0.05857717
v 0.05025868 -0.02483738 -0.05101337
v 0.05437297 -0.02315663 -0.03352567
v 0.05055859 -0.02232248 -0.04007301
v 0.05007438 -0.02315450 -0.04038836
v 0.05036587 -0.02142771 -0.04540336
v 0.05015408 -0.02085027 -0.04057484
v 0.05139206 -0.01148209 -0.01388706
v 0.05047083 -0.01153875 -0.01848039
v 0.05053089 -0.01132309 -0.01782435
v 0.05118124 -0.00961894 0.00937975
v 0.05163915 -0.00705028 0.01044461
v 0.04992829 0.01028300 -0.01731013
v 0.05160095 0.01029383 -0.01200307
v 0.05074984 0.00988577 0.00868278
v 0.05052946 0.01041507 -0.02255484
v 0.05072710 0.01081984 -0.02418053
v 0.05047668 0.01158164 -0.02461478
v 0.05040503 0.01254194 -0.02572291
v 0.05047139 0.01232145 -0.02507755
v 0.05124560 0.01244864 -0.02154330
v 0.04983353 0.01780301 -0.04205123
v 0.04994063 0.01835685 -0.04314779
v 0.04992229 0.01930595 -0.04490067
v 0.05001440 0.02037991 -0.04578048
v 0.05016941 0.02254834 -0.04084028
v 0.05114152 0.02469064 -0.05031880
v 0.05613283 0.02130295 -0.03409587
v 0.05069939 0.02705649 -0.05214095
v 0.05357982 0.02713263 -0.03993024
v 0.04999030 0.02712360 -0.03833717
v 0.05022936 0.02713807 -0.03498956
v 0.05019385 0.02683244 -0.03449307
v 0.05523022 0.02850837 -0.05858957
v 0.05120230 0.02808267 -0.03372326
v 0.05058152 0.03037009 -0.05926731
v 0.05101863 -0.03111480 -0.05981686
v 0.05063417 -0.03089503 -0.05806592
v 0.05055836 -0.02959268 -0.05556249
v 0.05119538 -0.02648271 -0.05239508
v 0.05076030 -0.02653222 -0.05043498
v 0.05059152 -0.02617285 -0.05749117
v 0.05082427 -0.02623467 -0.03766998
v 0.05112916 -0.02580896 -0.05140363
v 0.05079069 -0.02485028 -0.04893277
v 0.05076270 -0.02400637 -0.04765094
v 0.05134963 -0.02317917 -0.05101846
v 0.05075684 -0.02322763 -0.04553446
v 0.05303615 -0.02308666 -0.03410478
v 0.05082931 -0.02227938 -0.04228738
v 0.05127459 -0.02179721 -0.04893087
v 0.05113996 -0.02145298 -0.04789090
v 0.05159447 -0.02135327 -0.04242880
v 0.05137438 -0.01169511 -0.02306155
v 0.05073907 -0.01111980 0.00169596
v 0.05123456 -0.01001263 -0.01744491
v 0.05145533 -0.00952605 -0.01647849
v 0.05078433 -0.00943894 -0.01345310
v 0.05098902 -0.00939583 -0.00693613
v 0.05136886 -0.00939065 0.00102476
v 0.05064075 -0.00938481 0.00210699
v 0.05186438 -0.00447034 0.01091493
v 0.05137685 0.00568701 0.01091118
v 0.05070434 0.01028676 -0.02009376
v 0.05098783 0.01524763 -0.05828683
v 0.05183445 0.01653382 -0.03997089
v 0.05052588 0.01769468 -0.04073319
v 0.05117612 0.02104788 -0.04119768
v 0.05055834 0.02088179 -0.04374235
v 0.05042734 0.02196447 -0.04761501
v 0.05065718 0.02154488 -0.04572482
v 0.05069728 0.02261153 -0.04272852
v 0.05065024 0.02247827 -0.04167163
v 0.05102506 0.02259674 -0.04033921
v 0.05104756 0.02284140 -0.04868195
v 0.05051796 0.02312112 -0.04447489
v 0.05089989 0.02408545 -0.04970915
v 0.05061327 0.02396180 -0.04622350
v 0.05068311 0.02511829 -0.04816083
v 0.05317838 0.02376113 -0.03937950
v 0.05036437 0.02695588 -0.05112707
v 0.05059112 0.02717939 -0.03719075
v 0.05715567 0.02349132 -0.05992007
v 0.05063254 0.02917117 -0.05586520
v 0.05088731 0.03031502 -0.05984528
v 0.05138103 -0.02838579 -0.05629758
v 0.05185745 -0.02727010 -0.03925190
v 0.05309519 -0.02626963 -0.03996107
v 0.05265897 -0.02595735 -0.03358087
v 0.05150971 -0.02613195 -0.05215156
v 0.05142534 -0.02515813 -0.05105915
v 0.05293906 -0.02620516 -0.03837499
v 0.05293300 -0.02618379 -0.03510004
v 0.05133245 -0.02457296 -0.05058232
v 0.05303826 -0.02282456 -0.03937209
v 0.05120925 -0.02312708 -0.04769600
v 0.05116856 -0.02178666 -0.04008691
v 0.05238877 -0.01980315 -0.04009651
v 0.05193847 -0.01186250 -0.03346906
v 0.05119751 -0.01146841 -0.03413634
v 0.05116296 -0.01129469 -0.01845534
v 0.05114647 -0.01103233 -0.01785868
v 0.05151240 -0.01061562 -0.03422728
v 0.05155334 -0.01088398 -0.03279090
v 0.05153655 -0.01083121 -0.01841107
v 0.05142135 -0.01100798 -0.00273558
v 0.05124436 -0.01058831 0.00709298
v 0.05153879 -0.01047716 -0.02807048
v 0.05178395 -0.01008178 -0.01950791
v 0.05156329 -0.01001717 -0.01820208
v 0.05149457 -0.00935324 -0.01537990
v 0.05125478 -0.00900407 0.00213320
v 0.05119614 -0.00903919 0.00821402
v 0.05111837 -0.00865764 0.00876624
v 0.05148779 -0.00838652 0.00333465
v 0.05147297 -0.00836797 0.00818096
v 0.05158750 -0.00760893 0.00833414
v 0.05301619 -0.00140315 0.00914736
v 0.05177339 -0.00233412 0.01112801
v 0.05148739 0.00769667 0.01043363
v 0.05151531 0.00808106 0.00849551
v 0.05143298 0.00923201 -0.00175944
v 0.05143744 0.00898075 0.00405849
v 0.05148015 0.00877171 0.00754646
v 0.05113098 0.00933830 0.00878192
v 0.05183591 0.00888847 -0.00261600
v 0.05145313 0.00935170 0.00817497
v 0.05181856 0.01028674 -0.02404080
v 0.05140228 0.01000646 -0.00332368
v 0.05116838 0.00993174 -0.00246134
v 0.05112327 0.00995344 0.00813466
v 0.05158587 0.01091840 -0.02579281
v 0.05189737 0.00998546 0.00901878
v 0.05150242 0.01155508 -0.03414944
v 0.05149967 0.01177894 -0.02565381
v 0.05109648 0.01200312 -0.02510059
v 0.05141961 0.01094994 0.00726597
v 0.05153112 0.01183835 -0.03277970
v 0.05117359 0.01240500 -0.03414169
v 0.05109420 0.01227503 -0.02569535
v 0.05233080 0.01283861 -0.03354981
v 0.05265858 0.01627449 -0.03982087
v 0.05141050 0.01968437 -0.04072508
v 0.05139288 0.02169908 -0.04200445
v 0.05150745 0.02389573 -0.04549607
v 0.05149441 0.02556259 -0.04845603
v 0.05128526 0.02728971 -0.05160727
v 0.05305041 0.02676304 -0.05146073
v 0.05297345 0.02684840 -0.03901699
v 0.05182115 0.02775423 -0.05522442
v 0.05143706 0.02887380 -0.05508090
v 0.05245528 0.02814664 -0.03954691
v 0.05251479 0.02790945 -0.03437135
v 0.05196995 -0.02750084 -0.05598756
v 0.05168327 -0.02674602 -0.05387198
v 0.05217002 -0.02623761 -0.05750425
v 0.05312620 -0.02614847 -0.05423206
v 0.05295795 -0.02589554 -0.03901592
v 0.05293579 -0.02587291 -0.03444469
v 0.05295108 -0.02525009 -0.03933871
v 0.05294024 -0.02524414 -0.03413888
v 0.05188226 -0.02407409 -0.05061965
v 0.05177208 -0.02304772 -0.04815136
v 0.05177577 -0.02245544 -0.04574619
v 0.05144276 -0.02196842 -0.04306750
v 0.05209233 -0.02163084 -0.04005191
v 0.05208938 -0.02157841 -0.04102698
v 0.05310516 -0.02115294 -0.04171610
v 0.05220267 -0.01780068 -0.03927558
v 0.05242794 -0.01045128 -0.00340608
v 0.05204154 -0.01007467 -0.03422114
v 0.05175447 -0.00994881 -0.03130184
v 0.05308797 -0.00851336 0.00901656
v 0.05200109 -0.00985430 -0.02379010
v 0.05214044 -0.00888039 0.00944578
v 0.05304025 -0.00938680 -0.01318564
v 0.05196947 -0.00813773 0.00231494
v 0.05199552 -0.00741431 0.00762626
v 0.05208174 -0.00749941 0.00298275
v 0.05235849 -0.00665367 0.00878021
v 0.05299337 0.00692447 0.00912732
v 0.05298760 0.00783916 0.00818527
v 0.05196509 0.00804292 -0.00078040
v 0.05166431 0.00843481 0.00068232
v 0.05211282 0.00786635 0.00512014
v 0.05216821 0.00790381 0.00738215
v 0.05327809 0.00934332 -0.00321997
v 0.05297276 0.01028298 -0.01353722
v 0.05218879 0.01109035 -0.03413959
v 0.05164134 0.01108718 -0.03296011
v 0.05220805 0.01040601 -0.03171450
v 0.05237309 0.01034370 -0.02592857
v 0.05147527 0.01153599 -0.00385803
v 0.05216585 0.01075829 0.00459556
v 0.05266047 0.01157725 -0.01756668
v 0.05182637 0.01279347 -0.03327320
v 0.05220108 0.01523150 -0.05862008
v 0.05197691 0.01695994 -0.04022001
v 0.05226384 0.02090745 -0.04074294
v 0.05174066 0.02166080 -0.04115845
v 0.05197588 0.02223497 -0.04697577
v 0.05147974 0.02209580 -0.04626468
v 0.05228598 0.02262698 -0.04786830
v 0.05196393 0.02263697 -0.04063759
v 0.05212991 0.02348647 -0.04857496
v 0.05185356 0.02437094 -0.04901791
v 0.05456845 0.02352202 -0.04004235
v 0.05222713 0.02445737 -0.04558191
v 0.05249397 0.02614048 -0.05106133
v 0.05278983 0.02713406 -0.05205140
v 0.05297578 0.02715810 -0.03838188
v 0.05293712 0.02711022 -0.03515993
v 0.05291479 0.02680951 -0.03449405
v 0.05272678 0.02874126 -0.05395943
v 0.05302598 0.02787805 -0.03762259
v 0.05390525 0.02690724 -0.03379722
v 0.05523858 0.02919288 -0.05822913
v 0.05525842 0.02954995 -0.05756907
v 0.05137792 0.02984376 -0.05780631
v 0.05282521 -0.02896338 -0.05975545
v 0.05245187 -0.02707680 -0.05537787
v 0.05240138 -0.02438727 -0.05103309
v 0.05594708 -0.02272144 -0.04001688
v 0.05360482 -0.02293050 -0.05105211
v 0.05296128 -0.02225515 -0.05029578
v 0.05234244 -0.02191296 -0.04311658
v 0.05360313 -0.02150815 -0.04922548
v 0.05367564 -0.02137144 -0.04820265
v 0.06013028 -0.01605799 -0.03349694
v 0.05229997 -0.01162555 -0.03280218
v 0.06270082 -0.00876396 -0.05860403
v 0.05283948 -0.01090585 -0.01994888
v 0.05336436 -0.00924398 0.00706500
v 0.05344394 -0.00904424 0.00752551
v 0.05284499 -0.00943766 -0.03310375
v 0.05260612 -0.00938786 -0.02825479
v 0.05266102 -0.00938057 -0.01853119
v 0.05298865 -0.00903475 0.00146707
v 0.05338463 -0.00742692 0.00166742
v 0.05339577 -0.00689023 0.00231286
v 0.05285921 -0.00697784 0.00363281
v 0.05298161 -0.00692065 0.00817429
v 0.05293742 -0.00644334 0.01016806
v 0.05335561 -0.00323616 0.01069942
v 0.05293967 0.00537970 0.01061598
v 0.05259858 0.00780230 -0.00188442
v 0.05232107 0.00787196 0.00306153
v 0.05323697 0.00748223 0.00874629
v 0.05264069 0.00785340 0.01004800
v 0.05282943 0.00840195 -0.00287103
v 0.05261482 0.00910138 0.00945872
v 0.05278796 0.01029360 -0.03418361
v 0.05318014 0.00986950 -0.00344546
v 0.05318299 0.00998214 0.00714980
v 0.05418174 0.01145867 -0.03309271
v 0.05312265 0.01912648 -0.04046287
v 0.05219760 0.02225492 -0.04236036
v 0.05264513 0.02321797 -0.04184112
v 0.05307668 0.02331963 -0.04005919
v 0.05528423 0.02377310 -0.03412739
v 0.05237991 0.02471363 -0.04971130
v 0.05322387 0.02552969 -0.05081429
v 0.05394155 0.02697235 -0.04755236
v 0.05290580 0.02620083 -0.03415226
v 0.05245090 0.02704581 -0.05015204
v 0.05295170 0.02618770 -0.03934143
v 0.05293308 0.02711859 -0.05379482
v 0.05525638 0.02442489 -0.05859067
v 0.05484565 0.02852613 -0.05581182
v 0.05527371 0.02953504 -0.05698018
v 0.05530772 0.02922884 -0.05631902
v 0.05393095 -0.02860871 -0.05990215
v 0.05317435 -0.02596998 -0.05196128
v 0.05353946 -0.02637334 -0.03443955
v 0.05454948 -0.02553873 -0.03384666
v 0.05292310 -0.02439753 -0.05077319
v 0.05297559 -0.02295725 -0.04759304
v 0.05395368 -0.02216794 -0.04291088
v 0.05379065 -0.02163919 -0.04008334
v 0.05471103 -0.02085379 -0.04132230
v 0.05507712 -0.02014091 -0.04063980
v 0.05490493 -0.01815203 -0.04014617
v 0.05311040 -0.01709918 -0.03977301
v 0.05318676 -0.01717182 -0.03938287
v 0.05423531 -0.01073753 -0.03352636
v 0.05656945 -0.00765153 -0.03407072
v 0.05382046 -0.01028674 -0.01908057
v 0.05369392 -0.00911190 -0.03422199
v 0.05305035 -0.00936243 -0.02753686
v 0.05296172 -0.00934382 0.00082694
v 0.05374026 -0.00721847 0.00950457
v 0.05351218 -0.00651259 0.00870944
v 0.05300959 -0.00598752 0.00913076
v 0.05376491 0.00217225 0.00912832
v 0.05419834 0.00318351 0.01050547
v 0.05352452 0.00758769 -0.00274992
v 0.05293746 0.00781427 -0.00210486
v 0.05298864 0.00930281 0.00890244
v 0.05304478 0.01034093 -0.03347961
v 0.05289014 0.01020786 -0.00400270
v 0.06443530 0.01304190 -0.05992305
v 0.05377801 0.01009666 -0.00156357
v 0.05326299 0.02046928 -0.04085818
v 0.05333989 0.02210729 -0.04688933
v 0.05275336 0.02221698 -0.04544462
v 0.05287448 0.02224475 -0.04233221
v 0.05324933 0.02155009 -0.04129683
v 0.05350322 0.02250208 -0.04776882
v 0.05366606 0.02359803 -0.04037404
v 0.05540933 0.02429457 -0.04900935
v 0.05435173 0.02519528 -0.04307163
v 0.05620965 0.02528098 -0.03358360
v 0.05391498 0.02608651 -0.04554404
v 0.05409912 0.02773076 -0.04956193
v 0.05421884 0.02942511 -0.05480581
v 0.05631635 0.03102588 -0.05983687
v 0.05437769 0.03072553 -0.05904674
v 0.05401519 -0.02814958 -0.05872141
v 0.05372936 -0.02740472 -0.05649093
v 0.05372246 -0.02645990 -0.05327403
v 0.05371677 -0.02567545 -0.05240338
v 0.05354825 -0.02553262 -0.03895673
v 0.05356878 -0.02587467 -0.03837440
v 0.05356245 -0.02585768 -0.03510548
v 0.05352450 -0.02550956 -0.03449796
v 0.05527149 -0.02516524 -0.05856019
v 0.05398665 -0.02541815 -0.05148124
v 0.05431806 -0.02578472 -0.05131203
v 0.05395552 -0.02529825 -0.03835381
v 0.05397588 -0.02515370 -0.03543988
v 0.05367634 -0.02453773 -0.05132916
v 0.05357526 -0.02428115 -0.03897987
v 0.05414288 -0.02417301 -0.03857958
v 0.05416030 -0.02432625 -0.03488250
v 0.05400978 -0.02368907 -0.05130469
v 0.05375250 -0.02351057 -0.04824296
v 0.05441530 -0.02283257 -0.04453885
v 0.05534253 -0.02139571 -0.04233101
v 0.05423100 -0.01602969 -0.03930124
v 0.05403156 -0.01597101 -0.03978407
v 0.05402194 -0.01060064 -0.03309073
v 0.05377428 -0.00948819 -0.00257791
v 0.05364756 -0.00906427 -0.02725782
v 0.05362497 -0.00905382 -0.00757649
v 0.05356300 -0.00898723 0.00081341
v 0.05354481 -0.00865007 0.00140014
v 0.05393531 -0.00825274 -0.03426622
v 0.05395989 -0.00840612 -0.03401008
v 0.05391585 -0.00839091 0.00082227
v 0.05392488 -0.00806570 -0.02624954
v 0.05399418 -0.00789167 -0.01401560
v 0.05393846 -0.00754613 -0.00839822
v 0.05394372 -0.00754754 0.00086173
v 0.05392513 -0.00718656 -0.00758194
v 0.05386382 -0.00625908 -0.00665504
v 0.05389065 -0.00625284 0.00142099
v 0.05362394 -0.00662076 0.00820076
v 0.05393332 -0.00593467 0.00565981
v 0.05392099 -0.00599758 0.00820796
v 0.05360883 -0.00598858 0.00881577
v 0.05396039 -0.00506282 0.00701133
v 0.05426843 -0.00429892 0.01015351
v 0.05364939 -0.00289047 0.00877929
v 0.05402979 0.00075411 0.01069875
v 0.05361372 0.00330206 0.00878129
v 0.05386693 0.00485407 0.00786358
v 0.05390792 0.00693786 0.00819786
v 0.05394221 0.00671599 0.00586216
v 0.05359641 0.00692341 0.00881050
v 0.05386073 0.00761237 -0.00954279
v 0.05387773 0.00702441 -0.00272947
v 0.05364777 0.00783937 -0.00330525
v 0.05360329 0.00754717 0.00818221
v 0.05389936 0.00843222 -0.01118918
v 0.05392343 0.00846241 -0.00394251
v 0.05417487 0.00720319 0.00953187
v 0.05393752 0.00945564 -0.03411671
v 0.05390913 0.00853534 -0.02772618
v 0.05393018 0.00853603 -0.01316572
v 0.05430480 0.00767702 0.00908947
v 0.05392484 0.00937687 -0.01871559
v 0.05389109 0.00930512 -0.00397975
v 0.05376684 0.00948513 0.00719430
v 0.05367162 0.01004931 -0.03421791
v 0.05361605 0.00997849 -0.01962106
v 0.05351974 0.00987779 -0.00400358
v 0.05438608 0.01067822 -0.02104732
v 0.05468120 0.01127486 -0.03356701
v 0.05407439 0.01940510 -0.04055327
v 0.05387615 0.02056961 -0.04176468
v 0.05396506 0.02144861 -0.04357085
v 0.05358206 0.02187835 -0.04231053
v 0.05361319 0.02181867 -0.04357098
v 0.05361530 0.02505960 -0.03450149
v 0.05354569 0.02649243 -0.03894789
v 0.05401309 0.02522915 -0.03840434
v 0.05392608 0.02610576 -0.03803166
v 0.05392150 0.02618288 -0.03516040
v 0.05426380 0.02535640 -0.05139458
v 0.05349948 0.02645256 -0.03454472
v 0.05355010 0.02677602 -0.05253988
v 0.05358738 0.02684962 -0.03837082
v 0.05356095 0.02680017 -0.03516022
v 0.05445331 0.02768199 -0.05501251
v 0.05567478 0.02651548 -0.03971273
v 0.05485419 0.02669376 -0.03428208
v 0.05644668 0.02935747 -0.05993343
v 0.05607819 -0.02771938 -0.05614824
v 0.05530042 -0.02540325 -0.03880252
v 0.05562305 -0.02506534 -0.03981106
v 0.05523325 -0.02583928 -0.05819415
v 0.05520274 -0.02618944 -0.05750455
v 0.05410492 -0.02537136 -0.05279569
v 0.05450509 -0.02440180 -0.05218026
v 0.05507510 -0.02486613 -0.04861190
v 0.05448888 -0.02436256 -0.03720004
v 0.05539699 -0.02443733 -0.04733540
v 0.05512392 -0.02383925 -0.03497487
v 0.05507924 -0.02348824 -0.03445149
v 0.05548408 -0.02286203 -0.04334852
v 0.05524622 -0.02263649 -0.03936670
v 0.05534825 -0.02218698 -0.05113406
v 0.05536257 -0.02166041 -0.05083100
v 0.05557502 -0.01513186 -0.03929300
v 0.05689319 -0.01789262 -0.05859351
v 0.05481769 -0.00913585 -0.01393357
v 0.05431805 -0.00859843 0.00231607
v 0.05554560 -0.00692494 0.00393043
v 0.05451339 -0.00770433 -0.03423732
v 0.05400447 -0.00766026 -0.03169521
v 0.05452900 -0.00718970 -0.03154630
v 0.05436925 -0.00739300 -0.01800590
v 0.05442104 -0.00632931 -0.00769656
v 0.05455293 -0.00604900 0.00945846
v 0.05447292 -0.00538919 -0.00702987
v 0.05447067 -0.00502881 -0.00463692
v 0.05447983 -0.00504310 0.00519714
v 0.05437770 -0.00488868 0.00615116
v 0.05457995 -0.00421207 0.00677133
v 0.05444889 -0.00315299 0.00730320
v 0.05450450 -0.00226521 0.00829768
v 0.05509443 -0.00175816 0.00877989
v 0.05419290 0.00300586 0.00852284
v 0.05457767 0.00373210 0.00746012
v 0.05445337 0.00535575 0.00650951
v 0.05536752 0.00494485 0.00957316
v 0.05436473 0.00645980 -0.00962573
v 0.05447791 0.00570683 -0.00784864
v 0.05429332 0.00584805 -0.00604768
v 0.05442616 0.00597472 0.00209848
v 0.05453146 0.00573574 0.00532517
v 0.05385497 0.00668947 -0.00814785
v 0.05388223 0.00668787 -0.00310967
v 0.05431621 0.00774193 -0.01085205
v 0.05463193 0.00847402 -0.03399288
v 0.05459704 0.00793587 -0.03171054
v 0.05456245 0.00791095 -0.02712878
v 0.05454210 0.00792225 -0.01308204
v 0.05455100 0.00896602 -0.03421276
v 0.05402705 0.00870431 -0.03216649
v 0.05505435 0.00784585 0.00749542
v 0.05532226 0.00808310 0.00302595
v 0.05453262 0.01002693 -0.01285597
v 0.05477644 0.01544860 -0.03983065
v 0.05736332 0.01825944 -0.04023600
v 0.05484815 0.01984788 -0.04196854
v 0.05427146 0.01988392 -0.04131208
v 0.05472212 0.02037627 -0.04398880
v 0.05407059 0.02180347 -0.04713962
v 0.05475985 0.02157974 -0.04777360
v 0.05438116 0.02324236 -0.04866165
v 0.05444358 0.02354010 -0.04039372
v 0.05456996 0.02480624 -0.04198598
v 0.05410667 0.02436730 -0.03893995
v 0.05435197 0.02477201 -0.03469882
v 0.05483641 0.02465011 -0.05041362
v 0.05437501 0.02524882 -0.03738838
v 0.05436101 0.02522494 -0.03542238
v 0.05434921 0.02641374 -0.05289195
v 0.05535484 0.02705762 -0.05433803
v 0.05466236 0.02654299 -0.04562651
v 0.05526995 0.02672309 -0.03787090
v 0.05626139 -0.02479734 -0.03426093
v 0.05535628 -0.02617913 -0.05444956
v 0.05588846 -0.02573240 -0.05393474
v 0.05520815 -0.02494179 -0.05339923
v 0.05655210 -0.02397174 -0.03360123
v 0.05555405 -0.02397770 -0.05284560
v 0.05585784 -0.02325397 -0.05152621
v 0.05494737 -0.02385913 -0.03839457
v 0.05589979 -0.02334428 -0.03887516
v 0.05535311 -0.02123840 -0.04885016
v 0.05556590 -0.02048730 -0.03409857
v 0.05485831 -0.01517034 -0.03949217
v 0.05860945 -0.01372005 -0.03408238
v 0.05515285 -0.00957037 -0.03318406
v 0.05548957 -0.00909153 -0.02913105
v 0.05540267 -0.00668632 0.00705659
v 0.05510334 -0.00668124 0.00791157
v 0.05541937 -0.00701292 -0.03398451
v 0.05513394 -0.00695832 -0.02614204
v 0.05488266 -0.00703139 -0.01003659
v 0.05457479 -0.00698440 -0.00860006
v 0.06895659 0.00129827 -0.05991222
v 0.05546449 -0.00553816 -0.00785147
v 0.05546437 -0.00476338 -0.00749041
v 0.05541473 -0.00450042 -0.00618493
v 0.05532209 -0.00454033 0.00547255
v 0.05510071 -0.00231718 0.01010244
v 0.05548825 -0.00237720 0.00708892
v 0.05530781 0.00068801 0.01016738
v 0.05540916 0.00229397 0.00894682
v 0.05506203 0.00458515 0.00681704
v 0.05529873 0.00540767 -0.00925215
v 0.05499670 0.00539688 -0.00559339
v 0.05495491 0.00544933 0.00578866
v 0.05536772 0.00564631 -0.00998210
v 0.05541128 0.00693029 -0.01025997
v 0.05507343 0.00788701 -0.03380409
v 0.05539230 0.00787339 -0.01119468
v 0.05540071 0.00755943 -0.01058016
v 0.05526406 0.00770459 0.00704238
v 0.05587935 0.00810374 -0.00796699
v 0.05513917 0.01062456 -0.03309855
v 0.06011506 0.01891933 -0.03937564
v 0.05493114 0.02138935 -0.04138028
v 0.05481936 0.02130536 -0.04008477
v 0.05568399 0.02165331 -0.04863870
v 0.05543997 0.02363093 -0.04871519
v 0.05539524 0.02464142 -0.04959675
v 0.05485279 0.02437759 -0.04175922
v 0.05473990 0.02470074 -0.03844073
v 0.05511565 0.02475096 -0.03505651
v 0.05586378 0.02496511 -0.05339480
v 0.05518661 0.02477241 -0.03737420
v 0.05492658 0.02605650 -0.04475456
v 0.05495102 0.02732815 -0.04783650
v 0.05505961 0.02817262 -0.05062735
v 0.05653559 -0.02844062 -0.05871396
v 0.05584032 -0.02577424 -0.05051094
v 0.05858948 -0.02302501 -0.03993348
v 0.05573994 -0.02267080 -0.04289620
v 0.05545422 -0.02385308 -0.03572556
v 0.05604574 -0.02350546 -0.03831241
v 0.05533931 -0.02281620 -0.03412414
v 0.05567261 -0.02184234 -0.04043358
v 0.05580569 -0.02199735 -0.04006964
v 0.05846737 -0.02138802 -0.05995045
v 0.05598134 -0.02149418 -0.05141397
v 0.05570590 -0.01895114 -0.04067414
v 0.05685019 -0.01530718 -0.04012450
v 0.05553001 -0.01449603 -0.03971833
v 0.05710497 -0.00720696 -0.03354865
v 0.05614226 -0.00744885 -0.01484948
v 0.05555100 -0.00741843 -0.00236708
v 0.05580954 -0.00688718 -0.03420590
v 0.05540501 -0.00697091 -0.00877274
v 0.05563399 -0.00656473 -0.00822343
v 0.05544210 -0.00433475 0.00947477
v 0.05593335 -0.00405770 0.00633806
v 0.05604474 -0.00192700 0.00676127
v 0.05585334 -0.00162262 0.00864864
v 0.05540374 -0.00109423 0.00909783
v 0.05555627 0.00326733 0.00696679
v 0.05539105 0.00296838 0.00792423
v 0.05602840 0.00284386 0.00952643
v 0.05543055 0.00544288 0.00579161
v 0.05567507 0.00502373 0.00638213
v 0.05619133 0.00502339 -0.01057652
v 0.05603094 0.00443526 0.00900002
v 0.05609069 0.00759498 -0.03418123
v 0.05546999 0.00791619 -0.03347991
v 0.05637792 0.00818743 -0.02047464
v 0.05608567 0.00945844 -0.03308954
v 0.05759641 0.00668003 -0.03408461
v 0.05644457 0.01739853 -0.03933444
v 0.05589869 0.02031750 -0.04658651
v 0.05608818 0.02120396 -0.04823843
v 0.05540208 0.02076933 -0.04125153
v 0.05532924 0.02074352 -0.04009652
v 0.06244165 0.01223698 -0.05860959
v 0.05543397 0.02136671 -0.04274588
v 0.05550246 0.02234775 -0.04414895
v 0.05509557 0.02198837 -0.04000397
v 0.05767586 0.02372014 -0.05858078
v 0.05546576 0.02493723 -0.04484431
v 0.05609612 0.02435086 -0.05309235
v 0.05631812 0.02455432 -0.03703389
v 0.05559810 0.02434656 -0.03452381
v 0.05538595 0.02578746 -0.04519196
v 0.05590158 0.02661847 -0.05391711
v 0.05543147 0.02717967 -0.04831476
v 0.05579851 0.02700458 -0.05532018
v 0.05591630 0.02828092 -0.05613968
v 0.05607060 0.03001563 -0.05656349
v 0.05590878 0.03089572 -0.05898350
v 0.05633227 -0.02717771 -0.05474152
v 0.05583259 -0.02576969 -0.05778205
v 0.05599387 -0.02584445 -0.05443044
v 0.05591362 -0.02515526 -0.05818923
v 0.05625021 -0.02514857 -0.05749908
v 0.05630247 -0.02519090 -0.05440649
v 0.05604453 -0.02430002 -0.04699161
v 0.05631493 -0.02313560 -0.05430325
v 0.05606250 -0.02363037 -0.05354272
v 0.05626848 -0.02276657 -0.05755098
v 0.05591055 -0.02337253 -0.03453498
v 0.05631967 -0.02266627 -0.05206533
v 0.05633254 -0.02272839 -0.03804446
v 0.05642223 -0.02294942 -0.03571306
v 0.05666193 -0.02195052 -0.03486401
v 0.05641612 -0.02040104 -0.05383733
v 0.05637032 -0.02033948 -0.05178993
v 0.05624408 -0.02168307 -0.03875150
v 0.05602865 -0.02090673 -0.05056582
v 0.05617347 -0.02102050 -0.04024066
v 0.05592593 -0.01986942 -0.05823306
v 0.05635598 -0.02036610 -0.05724530
v 0.05587068 -0.02098596 -0.04209194
v 0.05622170 -0.02034194 -0.04238964
v 0.05638673 -0.01951881 -0.04986285
v 0.05638307 -0.01894396 -0.04815800
v 0.05633622 -0.01844348 -0.04705071
v 0.05633383 -0.01714552 -0.04264247
v 0.05610143 -0.01746572 -0.04135780
v 0.05591798 -0.01676262 -0.04044271
v 0.05737502 -0.01416922 -0.03931242
v 0.05665058 -0.01334924 -0.03972803
v 0.05601671 -0.00668015 -0.00259195
v 0.05607522 -0.00664563 -0.03373888
v 0.05592378 -0.00658806 -0.00880426
v 0.05636298 -0.00597479 -0.03421350
v 0.05632695 -0.00599331 -0.01677529
v 0.05624050 -0.00592959 -0.00882014
v 0.05610209 -0.00444036 -0.00814957
v 0.05635749 -0.00421056 -0.02161751
v 0.05633485 -0.00323311 -0.02838148
v 0.05636833 -0.00356268 -0.00847523
v 0.05648500 -0.00429301 -0.03427659
v 0.05644120 -0.00398247 -0.03401846
v 0.05634610 -0.00326329 -0.03263793
v 0.05633646 -0.00266297 -0.02704910
v 0.05599492 -0.00420993 -0.00750552
v 0.05603031 -0.00415088 0.00578553
v 0.05634072 -0.00353583 0.00578237
v 0.05608189 -0.00328172 0.00903466
v 0.05630581 -0.00107581 -0.01746654
v 0.05633287 -0.00109477 -0.00454566
v 0.05608490 -0.00072890 0.00958224
v 0.05634585 -0.00125816 0.00610488
v 0.05629275 -0.00106869 0.00784264
v 0.05627177 -0.00014548 -0.02591214
v 0.05628278 0.00271184 -0.02630410
v 0.05630406 0.00214605 -0.01439699
v 0.05634502 0.00212980 0.00657642
v 0.05627147 0.00193745 0.00811352
v 0.05596021 0.00193441 0.00874149
v 0.05592135 0.00255491 0.00839195
v 0.05635520 0.00443550 -0.01027281
v 0.05634630 0.00440543 0.00577605
v 0.05603476 0.00443292 0.00643863
v 0.05629574 0.00407944 -0.02824042
v 0.05635885 0.00506042 -0.03365232
v 0.05634704 0.00693827 -0.02859128
v 0.05648113 0.00519803 -0.03426986
v 0.05636258 0.00688629 -0.03419737
v 0.05635077 0.00532120 -0.01118726
v 0.05599000 0.00507722 -0.00952932
v 0.05602535 0.00503347 0.00578109
v 0.05597560 0.00687203 -0.01059045
v 0.05662063 0.00453550 0.00757454
v 0.05624626 0.00682370 -0.01121101
v 0.05613039 0.00777485 -0.00900798
v 0.05618321 0.00661036 0.00265911
v 0.05599952 0.00752417 -0.01930393
v 0.05588803 0.00744112 -0.01095361
v 0.05673192 0.01538613 -0.03986326
v 0.05732054 0.01627751 -0.04016854
v 0.05704620 0.01994144 -0.04547658
v 0.05779937 0.01991362 -0.04243817
v 0.05638907 0.02063158 -0.04751448
v 0.05622044 0.02090789 -0.04324857
v 0.05656593 0.02026609 -0.04011132
v 0.05611276 0.02151534 -0.04522590
v 0.05630961 0.02229146 -0.04998582
v 0.05604434 0.02202153 -0.04893787
v 0.05587706 0.02238317 -0.03434526
v 0.05762733 0.02203309 -0.05859596
v 0.05614608 0.02249106 -0.04707719
v 0.05640782 0.02371178 -0.05291900
v 0.05629770 0.02356733 -0.04977189
v 0.05594098 0.02385893 -0.04914451
v 0.05653510 0.02318857 -0.03504609
v 0.05640505 0.02415531 -0.05440273
v 0.05623323 0.02408024 -0.04885394
v 0.05778835 0.02382284 -0.03934249
v 0.05602719 0.02439023 -0.03542112
v 0.05595071 0.02519318 -0.05828083
v 0.05641153 0.02526801 -0.05627951
v 0.05597592 0.02424181 -0.04970150
v 0.05696489 0.02510019 -0.03991531
v 0.05633214 0.02579465 -0.05763602
v 0.05625472 0.02667746 -0.05642730
v 0.05633684 0.02605467 -0.05449598
v 0.05586243 0.02666241 -0.04903014
v 0.05723293 0.02531257 -0.03419661
v 0.05631892 0.02853136 -0.05748534
v 0.05632744 0.02728803 -0.05215171
v 0.05593836 0.02851817 -0.05819049
v 0.05632089 0.02853666 -0.05687216
v 0.05632395 0.02835468 -0.05330447
v 0.05578925 0.02863131 -0.05271042
v 0.05588519 0.02913915 -0.05779803
v 0.05591031 0.02914758 -0.05666861
v 0.05714995 -0.02858562 -0.05986948
v 0.05668070 -0.02459204 -0.04899832
v 0.05858982 -0.02327494 -0.03969198
v 0.05802364 -0.02371901 -0.03473081
v 0.05620226 -0.02289012 -0.04395420
v 0.05904157 -0.02181721 -0.03997930
v 0.05653183 -0.02218394 -0.04357243
v 0.05687155 -0.02195080 -0.03758781
v 0.05727417 -0.02180332 -0.03526647
v 0.05684673 -0.02102116 -0.03442081
v 0.05675831 -0.01940366 -0.04239352
v 0.05662915 -0.01969427 -0.05737293
v 0.05699001 -0.01963547 -0.05524902
v 0.05676540 -0.01858114 -0.04021191
v 0.05649792 -0.01918308 -0.05801490
v 0.05682273 -0.01770291 -0.04699836
v 0.05734164 -0.01686837 -0.04530200
v 0.05681400 -0.01656325 -0.04197497
v 0.05712049 -0.00701188 -0.03327732
v 0.05665644 -0.00672136 -0.01713069
v 0.05661311 -0.00513874 -0.00091710
v 0.05671807 -0.00355933 0.00725129
v 0.05700749 -0.00289801 -0.03415348
v 0.05679818 -0.00254445 -0.03200298
v 0.05703438 -0.00233828 -0.02840159
v 0.05694281 -0.00207010 -0.02742090
v 0.05644781 0.00065917 0.00929623
v 0.05695704 -0.00120458 -0.02712511
v 0.05652721 -0.00134449 -0.02671327
v 0.05719957 0.00047520 0.00769426
v 0.05659959 0.00167538 -0.02665721
v 0.05669252 0.00271169 -0.02734775
v 0.05705778 0.00358108 -0.03399511
v 0.05694776 0.00332648 -0.03232688
v 0.05681751 0.00316042 -0.02828983
v 0.05689403 0.00406681 -0.03424126
v 0.05689516 0.00428521 0.00673624
v 0.06271873 0.00439557 -0.05861566
v 0.05654839 0.00746841 -0.01450379
v 0.05665212 0.00901762 -0.03353563
v 0.05689880 0.00831874 -0.03309383
v 0.05667127 0.02046428 -0.04179061
v 0.05812839 0.02091504 -0.04000062
v 0.05712934 0.02235979 -0.05138489
v 0.05718331 0.02219576 -0.04801060
v 0.05741774 0.02267198 -0.05366144
v 0.05678526 0.02393455 -0.05507692
v 0.05665606 0.02338750 -0.04984438
v 0.05676732 0.02405801 -0.03650436
v 0.05960520 0.02308121 -0.03358453
v 0.05682841 0.02458804 -0.05795725
v 0.05691988 0.02476001 -0.05688349
v 0.05682000 0.02485471 -0.05245843
v 0.05778454 0.02444923 -0.03903573
v 0.05709052 0.02583996 -0.05456296
v 0.05825075 0.02492014 -0.03968268
v 0.05722009 0.03044348 -0.05874514
v 0.05732297 -0.02823410 -0.05859361
v 0.05757923 -0.02618502 -0.05488344
v 0.05703474 -0.02419384 -0.04955284
v 0.05687185 -0.02286599 -0.04670800
v 0.05745441 -0.02121051 -0.05200788
v 0.05684227 -0.02194413 -0.04549443
v 0.05750477 -0.02136493 -0.03841788
v 0.05732787 -0.02003385 -0.04846206
v 0.05782084 -0.01831588 -0.03998790
v 0.05735576 -0.02094197 -0.03897536
v 0.05714006 -0.01878723 -0.04400385
v 0.05740115 -0.01918798 -0.05748172
v 0.05779824 -0.01913790 -0.05532620
v 0.05707917 -0.01900247 -0.04976809
v 0.05730003 -0.01837471 -0.04870341
v 0.05746433 -0.01776955 -0.04208885
v 0.05717392 -0.01777236 -0.04037403
v 0.05756734 -0.01709590 -0.04715628
v 0.05720071 -0.01631145 -0.04134363
v 0.05742761 -0.01577158 -0.04053324
v 0.05752679 -0.01138188 -0.03976723
v 0.06255385 -0.00690011 -0.03350543
v 0.05801095 -0.00530443 -0.03347772
v 0.05819087 -0.00458267 -0.03308799
v 0.05756403 -0.00482636 -0.01952792
v 0.05714692 -0.00529036 -0.01272166
v 0.05739871 -0.00352968 -0.00506597
v 0.05721785 -0.00321734 0.00160720
v 0.05744359 -0.00275139 -0.03419588
v 0.05692618 -0.00295078 0.00704127
v 0.05784995 -0.00215490 -0.02801520
v 0.05748891 -0.00155691 0.00162296
v 0.05801564 -0.00215250 -0.03393293
v 0.05707037 0.00185945 -0.02709202
v 0.05717057 0.00241811 0.00703803
v 0.05761861 0.00302466 -0.03414545
v 0.05781376 0.00305919 -0.02803811
v 0.05782774 0.00268769 -0.02742072
v 0.05765736 0.00373322 -0.00641584
v 0.05724681 0.00487639 -0.00553957
v 0.05706323 0.00452072 0.00237211
v 0.05723453 0.00599344 -0.01486581
v 0.05802737 0.00631568 -0.03351529
v 0.05755622 0.00708820 -0.03309073
v 0.05757959 0.00581481 -0.02221018
v 0.06484852 0.00452031 -0.03407959
v 0.05720758 0.02116661 -0.04486960
v 0.05777362 0.02148594 -0.03937586
v 0.05711237 0.02199724 -0.03449263
v 0.05841365 0.02306250 -0.05577196
v 0.05780014 0.02353012 -0.05228564
v 0.05751105 0.02398860 -0.05595026
v 0.05728197 0.02468616 -0.05382331
v 0.05776163 0.02473045 -0.03841009
v 0.05805291 0.02515695 -0.03906306
v 0.05812086 0.02500432 -0.03632035
v 0.05858595 0.02421330 -0.03380279
v 0.05855119 0.02622815 -0.05989540
v 0.05775928 0.02673356 -0.05740514
v 0.05714378 0.02910619 -0.05645118
v 0.05768531 0.03031686 -0.05984631
v 0.05797936 -0.02806698 -0.05987255
v 0.05793606 -0.02737753 -0.05813866
v 0.05866337 -0.02705690 -0.05989862
v 0.05775010 -0.02560235 -0.05490701
v 0.05890538 -0.02393769 -0.05990451
v 0.05839512 -0.02418981 -0.05828785
v 0.05764224 -0.02259582 -0.05428632
v 0.05844818 -0.02239918 -0.05782158
v 0.06021126 -0.02132097 -0.03356967
v 0.05805068 -0.02124687 -0.05551949
v 0.05814182 -0.02148826 -0.03540176
v 0.05777353 -0.02059911 -0.05286555
v 0.05778246 -0.01945329 -0.04934324
v 0.05854635 -0.01898586 -0.05764513
v 0.05863484 -0.01904564 -0.05687688
v 0.05800746 -0.01901241 -0.05180332
v 0.05770931 -0.01894793 -0.04969762
v 0.05816400 -0.01851433 -0.04915601
v 0.05782829 -0.01841826 -0.04576787
v 0.05768288 -0.01743415 -0.04006246
v 0.05853857 -0.01738761 -0.04888363
v 0.05827221 -0.01661538 -0.04626980
v 0.05952756 -0.01342661 -0.04028352
v 0.05823587 -0.01266779 -0.03928802
v 0.05788683 -0.00909061 -0.03980103
v 0.05813529 -0.00320626 -0.01949170
v 0.05842657 -0.00180299 -0.03412036
v 0.05794859 -0.00267857 -0.01125039
v 0.05803015 -0.00171797 -0.02747721
v 0.05784780 -0.00110174 -0.02710669
v 0.05820851 0.00032517 -0.00951688
v 0.05737742 0.00045104 0.00702046
v 0.05769610 0.00024709 0.00227224
v 0.05771406 0.00065324 0.00198342
v 0.05778928 0.00245957 -0.00540362
v 0.05749496 0.00255527 0.00151497
v 0.05787365 0.00307686 -0.03309031
v 0.05840747 0.00274056 -0.03411907
v 0.05794132 0.00402731 -0.01399902
v 0.05834748 0.00353554 -0.02302330
v 0.05819557 0.00547940 -0.03308906
v 0.05790365 0.01480628 -0.03982351
v 0.05867949 0.01656195 -0.03932524
v 0.06519289 0.01440553 -0.03410362
v 0.05937010 0.02013248 -0.04683927
v 0.05815281 0.02019188 -0.04035782
v 0.06013895 0.02136183 -0.03414966
v 0.05996808 0.02116725 -0.04864302
v 0.05850317 0.02236814 -0.05433520
v 0.05797875 0.02285289 -0.03614146
v 0.05802163 0.02435380 -0.03713155
v 0.05824339 0.02428900 -0.05810345
v 0.05778324 0.02469339 -0.05724572
v 0.05825161 0.02427960 -0.05641610
v 0.05803128 0.02478864 -0.05552743
v 0.05799663 0.02596192 -0.05733071
v 0.05781241 0.02991468 -0.05901128
v 0.05857732 -0.02648197 -0.05907784
v 0.05847179 -0.02085583 -0.05584706
v 0.06024960 -0.02142514 -0.03836702
v 0.06018801 -0.02042916 -0.03414697
v 0.05837299 -0.01913870 -0.04977649
v 0.05855387 -0.01863869 -0.05818056
v 0.06042131 -0.01809454 -0.03411797
v 0.05875440 -0.01839150 -0.05118101
v 0.05875620 -0.01791300 -0.04529259
v 0.05841313 -0.01718917 -0.04171279
v 0.05881997 -0.01698370 -0.04829711
v 0.05996887 -0.01656971 -0.04724365
v 0.05990548 -0.01009155 -0.04018738
v 0.05869554 -0.00752918 -0.03982491
v 0.05873224 -0.00258958 -0.03342340
v 0.05830067 -0.00205286 -0.01798317
v 0.05835414 -0.00174876 -0.03196278
v 0.05826434 -0.00175581 -0.02806957
v 0.05874234 -0.00100875 -0.03348506
v 0.05851300 -0.00099767 -0.03153279
v 0.05841910 -0.00100507 -0.02811655
v 0.05826818 0.00194529 -0.02745125
v 0.05855541 0.00039914 -0.01895923
v 0.05866410 0.00198876 -0.03409482
v 0.05841836 0.00189921 -0.02810229
v 0.05874555 0.00202295 -0.03348284
v 0.05853690 0.00193908 -0.03200656
v 0.05822667 0.00327163 -0.01714869
v 0.05822774 0.00258857 -0.02781476
v 0.05882535 0.00307107 -0.03343668
v 0.05891306 0.00310792 -0.03406827
v 0.05847453 0.00406692 -0.02959800
v 0.05860719 0.01347080 -0.03978373
v 0.05868798 0.01370216 -0.04012698
v 0.05957566 0.01826258 -0.04032988
v 0.05892714 0.01936420 -0.04056549
v 0.06247903 0.02124360 -0.05857297
v 0.06012581 0.01993751 -0.04237518
v 0.05942435 0.02052113 -0.04794727
v 0.06098180 0.01891080 -0.03411074
v 0.05880728 0.02138690 -0.04505014
v 0.05852364 0.02126845 -0.05859894
v 0.05896282 0.02247664 -0.04925764
v 0.05839089 0.02220715 -0.05833898
v 0.06007814 0.02225490 -0.04970226
v 0.06062537 0.02189032 -0.04912539
v 0.05862387 0.02209313 -0.03899325
v 0.05851142 0.02304559 -0.05146299
v 0.05884533 0.02285265 -0.03841115
v 0.05884146 0.02292823 -0.03734480
v 0.05905098 0.02236690 -0.03595638
v 0.05875452 0.02295957 -0.05745095
v 0.05836528 0.02408242 -0.03896872
v 0.05873958 0.02382635 -0.03804784
v 0.05845412 0.02352575 -0.03700752
v 0.05865136 0.02379977 -0.05721319
v 0.05835976 0.02439201 -0.05725208
v 0.06045022 0.02309135 -0.03985911
v 0.05836889 0.02439205 -0.03808490
v 0.05823748 0.02731741 -0.05971678
v 0.06023523 -0.02220928 -0.03907360
v 0.06090016 -0.02169388 -0.03441646
v 0.05996726 -0.02189174 -0.05989827
v 0.05922021 -0.02182715 -0.05892733
v 0.05925091 -0.02120764 -0.05782178
v 0.06023666 -0.02109570 -0.03901879
v 0.06023010 -0.02140532 -0.03507226
v 0.06020976 -0.02107737 -0.03444113
v 0.05886395 -0.01974853 -0.05275175
v 0.06018985 -0.02042808 -0.03934675
v 0.05938048 -0.01894008 -0.05213788
v 0.05893624 -0.01688795 -0.04007197
v 0.06069292 -0.01609428 -0.04180795
v 0.05987673 -0.01476889 -0.04060320
v 0.06168399 -0.01294515 -0.03938317
v 0.05942233 -0.00769668 -0.03931185
v 0.05859477 -0.00265326 -0.03108385
v 0.05882204 0.00035744 -0.02952079
v 0.05899256 0.00053148 -0.03345539
v 0.05938492 0.01160413 -0.03974470
v 0.06058542 0.01259938 -0.03930666
v 0.06004240 0.01988323 -0.04472194
v 0.06040452 0.02079276 -0.04175172
v 0.05937831 0.02232287 -0.03841254
v 0.06021831 0.02232426 -0.03511474
v 0.06017653 0.02199994 -0.03447296
v 0.05906351 0.02273821 -0.05653632
v 0.05933502 0.02439231 -0.05623521
v 0.05994793 0.02369177 -0.03479060
v 0.05923346 0.02532711 -0.05874706
v 0.06097516 -0.02147607 -0.03397542
v 0.05963097 -0.02021663 -0.05504085
v 0.05959848 -0.01837556 -0.04813344
v 0.05989777 -0.01761410 -0.05048651
v 0.06008940 -0.01697220 -0.04193911
v 0.06107834 -0.01659738 -0.04895976
v 0.06101557 -0.01659124 -0.04006321
v 0.06011217 -0.01647195 -0.04239500
v 0.05960828 -0.00669997 -0.03980930
v 0.05919389 -0.00205633 -0.03353743
v 0.05919588 0.00323944 -0.03353796
v 0.05965952 0.00837791 -0.03984155
v 0.05943151 0.01161988 -0.04001372
v 0.06050616 0.01238161 -0.04056867
v 0.05984794 0.01928617 -0.04066641
v 0.06089561 0.02037754 -0.04029046
v 0.06081778 0.02059207 -0.04005980
v 0.06014232 0.02124911 -0.03935974
v 0.05940170 0.02198299 -0.05815738
v 0.05969485 0.02228792 -0.05760299
v 0.06020109 0.02196611 -0.03900239
v 0.06015031 0.02404767 -0.05540383
v 0.05942330 0.02544860 -0.05989500
v 0.06001023 -0.02148938 -0.05892259
v 0.06040007 -0.02055040 -0.05630145
v 0.06053396 -0.01930068 -0.05188673
v 0.06259261 -0.01890142 -0.05212543
v 0.06027401 -0.01802211 -0.03937840
v 0.06176148 -0.01763628 -0.04512555
v 0.06478510 -0.01779004 -0.03991129
v 0.06278485 -0.01578704 -0.05858006
v 0.06041481 -0.01464365 -0.04099034
v 0.06052779 -0.01118859 -0.04063885
v 0.06075081 -0.00844958 -0.04017703
v 0.06149249 -0.00636091 -0.03935778
v 0.06093828 0.00868531 -0.04033737
v 0.06047017 0.01427972 -0.04065946
v 0.06049634 0.01792230 -0.04072096
v 0.06043422 0.01951345 -0.04175333
v 0.06058281 0.01969329 -0.04618320
v 0.06098377 0.02166135 -0.04405214
v 0.06032409 0.02233241 -0.05428721
v 0.06023386 0.02234613 -0.03834259
v 0.06119207 0.02273531 -0.04850506
v 0.06168976 0.02377661 -0.05379621
v 0.06280305 0.02360655 -0.05997275
v 0.06263790 0.02191423 -0.03966506
v 0.06187594 0.02249049 -0.03673291
v 0.06213259 -0.02062173 -0.03967026
v 0.06074961 -0.02099271 -0.03891069
v 0.06085138 -0.02109746 -0.03837183
v 0.06083392 -0.02107974 -0.03508531
v 0.06077680 -0.02071147 -0.03449719
v 0.06118312 -0.02049514 -0.03834986
v 0.06118080 -0.02019971 -0.03527573
v 0.06137392 -0.01935797 -0.03857228
v 0.06145512 -0.01975020 -0.03785695
v 0.06095921 -0.01890839 -0.03441902
v 0.06146426 -0.01937089 -0.03501941
v 0.06248403 -0.01792731 -0.05857160
v 0.06257989 -0.01782747 -0.05108773
v 0.06076145 -0.01612526 -0.04722386
v 0.06080653 -0.01618310 -0.04235286
v 0.06109395 -0.01547746 -0.04476846
v 0.06115326 -0.01557343 -0.04231208
v 0.06545924 -0.01233176 -0.05996277
v 0.06116411 -0.01158846 -0.04485512
v 0.06106832 -0.01028770 -0.04167001
v 0.06732262 -0.00858703 -0.03410091
v 0.06101463 -0.00991611 -0.04097547
v 0.06071308 -0.00943247 -0.04038924
v 0.06129503 -0.00630535 -0.03984585
v 0.06133904 0.00661610 -0.03992192
v 0.06144619 0.00757954 -0.03929676
v 0.06094616 0.01107553 -0.04067417
v 0.06099468 0.01282773 -0.04170086
v 0.06115115 0.01436232 -0.04454032
v 0.06114491 0.01890036 -0.04240530
v 0.06118522 0.01609127 -0.04721602
v 0.06634398 0.01354949 -0.03352088
v 0.06115607 0.01728560 -0.04930545
v 0.06112685 0.01879321 -0.04764888
v 0.06105375 0.02129908 -0.04963020
v 0.06081392 0.02025902 -0.04895551
v 0.06070988 0.01977650 -0.04823636
v 0.06080509 0.01958340 -0.04238609
v 0.06075619 0.01956854 -0.03906655
v 0.06109052 0.01996751 -0.03847571
v 0.06114896 0.01954790 -0.03438324
v 0.06077259 0.02041338 -0.03449144
v 0.06112901 0.02142654 -0.03831814
v 0.06134288 0.02062757 -0.03758766
v 0.06136690 0.02039716 -0.03496436
v 0.06076476 0.02163065 -0.03893781
v 0.06116328 0.02128556 -0.03544958
v 0.06069996 0.02189927 -0.03458439
v 0.06250210 0.02222150 -0.05749570
v 0.06074752 0.02198403 -0.04962671
v 0.06084161 0.02204232 -0.03834074
v 0.06146511 0.02250116 -0.03407184
v 0.06201832 0.02245155 -0.03889554
v 0.06236052 0.02524361 -0.05989599
v 0.06147137 -0.02139009 -0.05888448
v 0.06290912 -0.02006387 -0.03877608
v 0.06289003 -0.01868431 -0.04948022
v 0.06186611 -0.01926728 -0.03538891
v 0.06247940 -0.01859714 -0.05820850
v 0.06247658 -0.01895292 -0.05751852
v 0.06258642 -0.01860696 -0.05147746
v 0.06253745 -0.01795059 -0.03935453
v 0.06322029 -0.01993436 -0.05994696
v 0.06201949 -0.01725750 -0.05046671
v 0.06178298 -0.01714186 -0.04338509
v 0.06214128 -0.01564584 -0.04855465
v 0.06159831 -0.01518940 -0.04799333
v 0.06125017 -0.01502137 -0.04683010
v 0.06190970 -0.01335605 -0.04782217
v 0.06143540 -0.01127917 -0.04652628
v 0.06247402 -0.01181546 -0.04849953
v 0.06170501 -0.01094744 -0.04694448
v 0.06187035 -0.01003195 -0.04493352
v 0.06187297 -0.00934348 -0.04145916
v 0.06187180 -0.00887087 -0.04054262
v 0.06725673 -0.00940612 -0.03938290
v 0.06162201 0.00614173 -0.03973772
v 0.06171860 0.00798805 -0.04064708
v 0.06146712 0.01035664 -0.04164302
v 0.06158236 0.01087876 -0.04304408
v 0.06146638 0.01472324 -0.04596450
v 0.06160720 0.01639460 -0.05078012
v 0.06153870 0.01536637 -0.04715707
v 0.06205286 0.01666394 -0.05254850
v 0.06163920 0.01803583 -0.05215596
v 0.06138148 0.01704465 -0.05106602
v 0.06151311 0.01761127 -0.04022961
v 0.06138088 0.02018198 -0.04006439
v 0.06294515 0.01696623 -0.03410626
v 0.06125050 0.02068154 -0.05168974
v 0.06158654 0.02011355 -0.04125043
v 0.06187869 0.01966566 -0.05284793
v 0.06129059 0.02042240 -0.04093117
v 0.06162161 0.02042889 -0.03574630
v 0.06151902 0.02153274 -0.05321653
v 0.06158220 0.02117365 -0.04298622
v 0.06108911 0.02152637 -0.05231429
v 0.06285398 0.02191025 -0.05389941
v 0.06158785 0.02207045 -0.04562112
v 0.06436327 0.01952188 -0.03360255
v 0.06353691 -0.02184557 -0.05988430
v 0.06318040 -0.01979416 -0.03441690
v 0.06385110 -0.02120007 -0.05764484
v 0.06329599 -0.01986256 -0.05324595
v 0.06242079 -0.01904159 -0.03824810
v 0.06228872 -0.01867318 -0.03447190
v 0.06290361 -0.01861699 -0.03894820
v 0.06305759 -0.01702043 -0.05108262
v 0.06262262 -0.01651840 -0.04939620
v 0.06262378 -0.01774572 -0.04643587
v 0.06205974 -0.01657062 -0.04255661
v 0.06182479 -0.01585436 -0.04006780
v 0.06282600 -0.01568494 -0.03411712
v 0.06196910 -0.01490440 -0.04038600
v 0.06203757 -0.01484021 -0.04005414
v 0.06196274 -0.01223374 -0.04076539
v 0.06195004 -0.01142615 -0.04008126
v 0.06235924 -0.00995456 -0.04682411
v 0.06228683 0.00665310 -0.04018500
v 0.06319032 0.00584445 -0.03931358
v 0.06289787 0.00729282 -0.04106366
v 0.06215627 0.00848783 -0.04200134
v 0.06222036 0.00938304 -0.04307559
v 0.06209018 0.01152215 -0.04427637
v 0.06217567 0.01321373 -0.04564828
v 0.06197787 0.01474840 -0.04649626
v 0.06199963 0.01413338 -0.04064993
v 0.06198885 0.01511328 -0.04715803
v 0.06198007 0.01441722 -0.04017094
v 0.06256248 0.01567290 -0.05166973
v 0.06210485 0.01612998 -0.04425006
v 0.06171585 0.01538485 -0.04099944
v 0.06168237 0.01752659 -0.04005447
v 0.06246340 0.01674710 -0.05859325
v 0.06241613 0.01733037 -0.05328661
v 0.06228572 0.01724795 -0.04650967
v 0.06181175 0.01692555 -0.04310671
v 0.06214601 0.02052592 -0.04366039
v 0.06252272 0.01956021 -0.03898979
v 0.06261733 0.01990379 -0.03832211
v 0.06203504 0.01992906 -0.03752837
v 0.06230652 0.01991458 -0.03510679
v 0.06241773 0.02137429 -0.04568360
v 0.06258928 0.02130335 -0.05354826
v 0.06256848 0.02230210 -0.05440276
v 0.06218979 0.02185526 -0.04609782
v 0.06237865 0.02318393 -0.05117393
v 0.06466400 -0.02163190 -0.05987436
v 0.06327207 -0.01868365 -0.03508717
v 0.06319701 -0.01829902 -0.03449494
v 0.06572782 -0.01483366 -0.03352139
v 0.06246235 -0.01615372 -0.03938371
v 0.06314669 -0.01608972 -0.04907264
v 0.06322174 -0.01603934 -0.04559346
v 0.06283494 -0.01532575 -0.04408443
v 0.06325724 -0.01554429 -0.04897145
v 0.06524409 -0.01328919 -0.03411929
v 0.06272099 -0.01285212 -0.04460551
v 0.06288502 -0.01167387 -0.04533645
v 0.06326709 -0.01050550 -0.04894130
v 0.06324019 -0.01087588 -0.04559706
v 0.06260991 -0.01036929 -0.04036746
v 0.06267238 -0.00943405 -0.04569094
v 0.06381599 -0.00933269 -0.04242122
v 0.06422486 -0.00607496 -0.03980815
v 0.06270199 0.00529559 -0.03982195
v 0.06296319 0.00785952 -0.04285764
v 0.06271380 0.01053231 -0.04392111
v 0.06259264 0.01361233 -0.04109359
v 0.06257271 0.01354450 -0.04013281
v 0.06258161 0.01490728 -0.04376262
v 0.06521096 0.01392610 -0.03937087
v 0.06307960 0.01644893 -0.05859259
v 0.06357874 0.01515505 -0.05120821
v 0.06276032 0.01637315 -0.04751225
v 0.06230601 0.01671892 -0.03936810
v 0.06325312 0.01655138 -0.05376855
v 0.06283324 0.01736517 -0.04969066
v 0.06302631 0.01859500 -0.05068779
v 0.06293231 0.01912269 -0.03994492
v 0.06240039 0.01889715 -0.03934971
v 0.06254967 0.01894381 -0.03413571
v 0.06266193 0.01899924 -0.04820475
v 0.06283538 0.02056458 -0.04783533
v 0.06285388 0.01952195 -0.03452171
v 0.06312419 0.02150316 -0.05814301
v 0.06300376 0.02292234 -0.05119184
v 0.06349135 0.02411187 -0.05566685
v 0.06371863 0.02507896 -0.05908286
v 0.06383345 -0.01901486 -0.03394742
v 0.06444731 -0.01786163 -0.03360857
v 0.06307956 -0.01855207 -0.05778850
v 0.06324403 -0.01860671 -0.05208275
v 0.06317972 -0.01826410 -0.05149228
v 0.06373615 -0.01856308 -0.05068425
v 0.06328726 -0.01870249 -0.03835009
v 0.06379538 -0.01740119 -0.05714814
v 0.06352075 -0.01809477 -0.05614211
v 0.06358331 -0.01795159 -0.05409754
v 0.06355626 -0.01801743 -0.05202094
v 0.06323818 -0.01804653 -0.03900035
v 0.06360772 -0.01794084 -0.03798625
v 0.06361076 -0.01795554 -0.03541502
v 0.06343918 -0.01701442 -0.05806004
v 0.06356766 -0.01732478 -0.05267529
v 0.06369453 -0.01701883 -0.03866282
v 0.06346780 -0.01716507 -0.03469953
v 0.06354991 -0.01604600 -0.05171351
v 0.06356899 -0.01554563 -0.04958491
v 0.06494315 -0.01548409 -0.05854927
v 0.06384541 -0.01589994 -0.04748488
v 0.06337738 -0.01343984 -0.04714787
v 0.06280147 -0.01108572 -0.03994950
v 0.06359820 -0.01217241 -0.05165037
v 0.06362434 -0.01001171 -0.04955261
v 0.06384931 -0.01139111 -0.04835995
v 0.06295452 -0.01020077 -0.04004022
v 0.06338456 -0.01035204 -0.04323111
v 0.06370803 -0.00943922 -0.04807389
v 0.06405374 -0.00792496 -0.04015510
v 0.06526797 -0.00588900 -0.03926502
v 0.06821734 -0.00841874 -0.05858270
v 0.06425894 0.00481692 -0.03988459
v 0.06366249 0.00899650 -0.05829803
v 0.06297083 0.00939175 -0.04330677
v 0.06365467 0.01222248 -0.05841572
v 0.06418451 0.01131841 -0.04507275
v 0.06311223 0.01249251 -0.04573312
v 0.06314935 0.01394040 -0.04620269
v 0.06320547 0.01437225 -0.04322350
v 0.06316950 0.01532314 -0.04563283
v 0.06368150 0.01571529 -0.05338840
v 0.06357325 0.01672598 -0.05456634
v 0.06362998 0.01655173 -0.05031166
v 0.06319112 0.01796979 -0.05826064
v 0.06366418 0.01735446 -0.05569073
v 0.06336134 0.01721263 -0.05153634
v 0.06329696 0.01709867 -0.03903973
v 0.06313947 0.01756365 -0.03437862
v 0.06543072 0.01955154 -0.05990071
v 0.06358552 0.01810616 -0.05768326
v 0.06352389 0.02127245 -0.05452996
v 0.06360676 0.01787031 -0.05287804
v 0.06310507 0.01762703 -0.03890910
v 0.06366271 0.01765001 -0.03827817
v 0.06361551 0.01798431 -0.03487093
v 0.06356382 0.02121838 -0.05753736
v 0.06388414 0.01920711 -0.05438703
v 0.06310880 0.01923184 -0.03892677
v 0.06338603 0.01931933 -0.03832169
v 0.06381165 0.01852025 -0.03558728
v 0.06324840 0.01959790 -0.03511997
v 0.06321951 0.02128939 -0.05390385
v 0.06604203 0.01867605 -0.03975995
v 0.06338928 0.02181024 -0.05045814
v 0.06459493 0.02039166 -0.03902160
v 0.06478207 0.01967655 -0.03392834
v 0.06319499 0.02188575 -0.05751259
v 0.06321923 0.02196193 -0.05446483
v 0.06354413 0.02255129 -0.05195944
v 0.06379633 -0.01987129 -0.05362069
v 0.06446751 -0.01865334 -0.03680361
v 0.06489990 -0.01807818 -0.03969538
v 0.06417767 -0.01717845 -0.05510051
v 0.06398164 -0.01700094 -0.03831012
v 0.06425525 -0.01666119 -0.05380040
v 0.06399577 -0.01572668 -0.05297049
v 0.06681070 -0.01490014 -0.03992944
v 0.06414874 -0.01714818 -0.03569145
v 0.06422823 -0.01663981 -0.03487857
v 0.06455398 -0.01623751 -0.03444980
v 0.06501469 -0.01557423 -0.03935036
v 0.06503069 -0.01377452 -0.03936840
v 0.06405121 -0.01359974 -0.05271695
v 0.06384460 -0.01219155 -0.04870910
v 0.06413867 -0.01104581 -0.05229327
v 0.06381465 -0.01093234 -0.04739180
v 0.06345793 -0.00998143 -0.04036296
v 0.06364458 0.00561544 -0.05833641
v 0.06415974 0.00501389 -0.03957733
v 0.06539537 0.00655095 -0.04070224
v 0.06601272 0.00576788 -0.04018840
v 0.06414542 0.00748324 -0.04282651
v 0.06452774 0.00941040 -0.04319042
v 0.06427468 0.01014634 -0.04383857
v 0.06440644 0.01194162 -0.04580794
v 0.06494706 0.01415755 -0.04625270
v 0.06388284 0.01340166 -0.04087309
v 0.06391867 0.01335601 -0.04007874
v 0.06635942 0.01623677 -0.03988513
v 0.06376683 0.01720096 -0.05816510
v 0.06397979 0.01751184 -0.05749845
v 0.06393295 0.01750729 -0.05687744
v 0.06411209 0.01773844 -0.03753823
v 0.06361508 0.01859331 -0.03715171
v 0.06493275 0.01977605 -0.03445692
v 0.06532233 0.02293643 -0.05994234
v 0.06409704 0.02338560 -0.05515832
v 0.06454678 0.02493634 -0.05987397
v 0.06501440 -0.02100597 -0.05872858
v 0.06736457 -0.01465917 -0.05992493
v 0.06504632 -0.01842624 -0.05389019
v 0.06491914 -0.01639203 -0.05057954
v 0.06469747 -0.01651233 -0.05760854
v 0.06510350 -0.01656314 -0.05472348
v 0.06459566 -0.01667217 -0.03815668
v 0.06552081 -0.01602618 -0.05808532
v 0.06532504 -0.01621303 -0.03894693
v 0.06468220 -0.01553913 -0.05348212
v 0.06491599 -0.01190717 -0.05856559
v 0.06491738 -0.01202807 -0.05345257
v 0.06585127 -0.01455063 -0.05376433
v 0.06487590 -0.01168603 -0.05087190
v 0.06583849 -0.01061671 -0.05405864
v 0.06488241 -0.01014704 -0.05236829
v 0.06492189 -0.00983984 -0.04179993
v 0.06483108 -0.00946149 -0.05059138
v 0.06538080 -0.00886429 -0.04135067
v 0.06492014 -0.00741153 -0.04010792
v 0.07056174 -0.00185971 -0.03348955
v 0.06537137 0.00521086 -0.03931808
v 0.06495924 0.00704962 -0.04136625
v 0.06508623 0.00830858 -0.05826010
v 0.06557325 0.01088541 -0.05820260
v 0.06604954 0.01343642 -0.05859540
v 0.06437798 0.01418992 -0.04282543
v 0.06749312 0.01510359 -0.05351244
v 0.06480466 0.01503086 -0.04731931
v 0.06499732 0.01474770 -0.04665077
v 0.06443899 0.01530150 -0.04642694
v 0.06452964 0.01632501 -0.05528894
v 0.06446732 0.01612365 -0.04974907
v 0.06495269 0.01653241 -0.03413177
v 0.06494156 0.01649224 -0.03933222
v 0.06434947 0.01719487 -0.05616356
v 0.06496567 0.01760309 -0.05516400
v 0.06499692 0.01715619 -0.03898757
v 0.06503367 0.01749845 -0.03833118
v 0.06488485 0.01751007 -0.03544138
v 0.06551640 0.01707194 -0.03457744
v 0.06451120 0.01800152 -0.05531378
v 0.06453091 0.01915809 -0.05680485
v 0.06503989 0.01989158 -0.03659224
v 0.06435223 0.02239855 -0.05512979
v 0.06507787 0.02395316 -0.05863615
v 0.06631632 -0.01919063 -0.05989547
v 0.06566701 -0.01732991 -0.03431398
v 0.06587527 -0.01720942 -0.03835751
v 0.06662447 -0.01591909 -0.03379037
v 0.06502094 -0.01658355 -0.03513112
v 0.06547811 -0.01611643 -0.05399262
v 0.06506502 -0.01554563 -0.05350745
v 0.06499054 -0.01558548 -0.03414257
v 0.06555474 -0.01235130 -0.05284359
v 0.06573643 -0.01152043 -0.05225638
v 0.06534440 -0.01105044 -0.05044185
v 0.06499023 -0.01045360 -0.04742515
v 0.06615075 -0.00977162 -0.04010581
v 0.06557627 -0.00551013 -0.03984622
v 0.06553701 0.00717908 -0.04294613
v 0.06488432 0.00768616 -0.04322906
v 0.06518137 0.01076792 -0.04580706
v 0.06492012 0.01274197 -0.04614575
v 0.06547232 0.01351268 -0.04006526
v 0.06744012 0.01177310 -0.03937754
v 0.06918483 0.01723041 -0.05999438
v 0.06517082 0.01538547 -0.05377941
v 0.06532000 0.01687885 -0.05314605
v 0.06723004 0.01748884 -0.05759963
v 0.06745299 0.01620585 -0.03359421
v 0.06672574 0.01830027 -0.03960235
v 0.06498653 0.02304882 -0.05787403
v 0.06512402 0.02421300 -0.05988849
v 0.06563608 -0.02019148 -0.05892473
v 0.06550716 -0.01667953 -0.05249196
v 0.06637924 -0.01660983 -0.03949696
v 0.06564806 -0.01615009 -0.05753918
v 0.06568923 -0.01629097 -0.03835270
v 0.06566922 -0.01627492 -0.03508768
v 0.06559159 -0.01589024 -0.03449770
v 0.06562732 -0.01548094 -0.05820359
v 0.06598456 -0.01547614 -0.05755737
v 0.06578939 -0.01550884 -0.05460518
v 0.06557358 -0.01419946 -0.05392597
v 0.06567253 -0.01564232 -0.03900372
v 0.06602884 -0.01543882 -0.03818783
v 0.06599954 -0.01552439 -0.03542962
v 0.06598514 -0.01214273 -0.05580783
v 0.06591985 -0.01459755 -0.03878197
v 0.06580682 -0.01476910 -0.03467112
v 0.06598127 -0.01224857 -0.05750365
v 0.06566497 -0.01200351 -0.05818549
v 0.06744032 -0.01318944 -0.03933716
v 0.06608788 -0.01210735 -0.05383629
v 0.06584092 -0.01102189 -0.05851546
v 0.06608027 -0.01146712 -0.05554289
v 0.06743974 -0.01006756 -0.03993882
v 0.06595174 -0.00995154 -0.05345941
v 0.06712482 -0.00743702 -0.04065973
v 0.06568607 -0.00531595 -0.03953438
v 0.06722009 0.00435293 -0.03957826
v 0.06665591 0.00563706 -0.05820561
v 0.06600978 0.00761069 -0.04412215
v 0.06578942 0.00925699 -0.04440320
v 0.06585284 0.01007195 -0.04695188
v 0.06592278 0.00953522 -0.04497238
v 0.06611699 0.01085330 -0.04767813
v 0.06561917 0.01181460 -0.04669256
v 0.06601282 0.01326807 -0.04624483
v 0.06702670 0.01486837 -0.04474877
v 0.06579952 0.01463048 -0.03904902
v 0.06572711 0.01545362 -0.03866312
v 0.06614888 0.01570996 -0.03502568
v 0.06556280 0.01682065 -0.03892492
v 0.06730580 0.01658711 -0.05591618
v 0.06564772 0.01721343 -0.03832829
v 0.06598319 0.01660465 -0.03600071
v 0.06564500 0.01719317 -0.03511898
v 0.06722583 0.01718067 -0.05823864
v 0.06579754 0.01774366 -0.05624290
v 0.06563465 0.01889146 -0.05918372
v 0.06625336 -0.01890476 -0.05858519
v 0.06597623 -0.01676698 -0.05421609
v 0.06655030 -0.01513637 -0.05643572
v 0.06646755 -0.01465938 -0.03738214
v 0.06683169 -0.01443743 -0.03571904
v 0.06646323 -0.01407673 -0.03468269
v 0.06656192 -0.01298409 -0.05557148
v 0.06648321 -0.01179054 -0.05751479
v 0.06615656 -0.01176527 -0.05641497
v 0.06624806 -0.01115996 -0.05180673
v 0.06591978 -0.01044874 -0.04829439
v 0.06771629 -0.00967271 -0.04296906
v 0.06728769 -0.00936264 -0.05161563
v 0.06739349 -0.00927910 -0.04241318
v 0.06740161 -0.00900684 -0.04171899
v 0.06689845 -0.00369925 -0.03982083
v 0.06723958 -0.00399523 -0.03929512
v 0.06721865 0.00434338 -0.03993565
v 0.06758565 0.00471707 -0.03929730
v 0.06789472 0.00583348 -0.04068561
v 0.06625907 0.00709161 -0.04329576
v 0.06727385 0.00653610 -0.04123746
v 0.06695736 0.00738564 -0.05823438
v 0.06666882 0.00860420 -0.05859199
v 0.06644134 0.00827875 -0.04529277
v 0.06647467 0.00881153 -0.04663166
v 0.06689726 0.00936921 -0.05853383
v 0.06655553 0.00941960 -0.04783354
v 0.06778966 0.01248259 -0.04844732
v 0.06974591 0.00775352 -0.03410602
v 0.06742040 0.01249279 -0.05823995
v 0.06725354 0.01434501 -0.05858731
v 0.06652597 0.01366313 -0.04040169
v 0.06737227 0.01411919 -0.03413687
v 0.06737634 0.01506743 -0.04730392
v 0.06643041 0.01522324 -0.03804645
v 0.06667691 0.01540184 -0.03537087
v 0.06737583 0.01582179 -0.05537061
v 0.06774969 0.01578013 -0.04835808
v 0.06785035 0.01708350 -0.05639122
v 0.06703057 0.01878004 -0.05991687
v 0.06714491 0.01748398 -0.03397453
v 0.06696853 0.01805774 -0.03640746
v 0.06669328 -0.01811589 -0.05988419
v 0.06675747 -0.01733223 -0.05859975
v 0.06763764 -0.01497392 -0.03977945
v 0.06857245 -0.01286229 -0.03359699
v 0.06726942 -0.01360220 -0.05832402
v 0.06719567 -0.01422493 -0.03826139
v 0.06797279 -0.01326784 -0.05990083
v 0.06772897 -0.01380528 -0.03895372
v 0.06746665 -0.01416794 -0.03509026
v 0.06687539 -0.01205136 -0.05506192
v 0.06757679 -0.01139750 -0.05815711
v 0.06659577 -0.01131253 -0.05605240
v 0.06743093 -0.01161690 -0.05441998
v 0.06731972 -0.01075281 -0.05855716
v 0.06816391 -0.01015695 -0.05579646
v 0.06741702 -0.00988884 -0.05439149
v 0.06802077 -0.00914496 -0.05258081
v 0.06800259 -0.00841034 -0.03937876
v 0.06731745 0.00892962 -0.04811865
v 0.06722064 0.01008490 -0.04860805
v 0.06713589 0.01018847 -0.04003635
v 0.06718901 0.01088773 -0.05800626
v 0.06798159 0.01218266 -0.04896377
v 0.06693115 0.01261953 -0.04675620
v 0.06721665 0.01333614 -0.03998604
v 0.06744267 0.01416212 -0.04627735
v 0.06709944 0.01421153 -0.04249722
v 0.06764781 0.01470323 -0.04672309
v 0.06737502 0.01470936 -0.03899457
v 0.06735856 0.01511060 -0.03592092
v 0.06793231 0.01465857 -0.03458119
v 0.06754644 0.01532318 -0.05475146
v 0.06722867 0.01651968 -0.05858272
v 0.06739871 0.01667272 -0.05220505
v 0.06790923 0.01605015 -0.03979962
v 0.06709378 0.01763000 -0.05606530
v 0.06925367 0.01480499 -0.03372961
v 0.06798621 0.01716524 -0.03902274
v 0.06867295 0.01601391 -0.03434462
v 0.06885411 -0.01375049 -0.03765786
v 0.06788012 -0.01486004 -0.03442735
v 0.06938791 -0.01268393 -0.03395413
v 0.06800806 -0.01346981 -0.03450805
v 0.06759552 -0.01299170 -0.05818055
v 0.06742045 -0.01317900 -0.03415409
v 0.06982161 -0.01271155 -0.05993453
v 0.06816214 -0.01251947 -0.05787760
v 0.06730885 -0.01180189 -0.05725737
v 0.06777670 -0.01136061 -0.05640852
v 0.06869460 -0.01095477 -0.05224500
v 0.06868924 -0.01012723 -0.04757189
v 0.06800415 -0.00933342 -0.04016928
v 0.06792740 -0.00885741 -0.04185865
v 0.06803365 -0.00802140 -0.04167786
v 0.07059432 -0.00625198 -0.05994644
v 0.06773982 -0.00575856 -0.04099246
v 0.06775280 -0.00282354 -0.04024539
v 0.06993678 -0.00617885 -0.03410596
v 0.06754870 -0.00286993 -0.03941589
v 0.06780105 -0.00193129 -0.03966241
v 0.06999163 -0.00132885 -0.05857494
v 0.07103630 0.00483807 -0.05856776
v 0.06764042 0.00385262 -0.03984814
v 0.06778308 0.00785065 -0.04555160
v 0.06789639 0.00741528 -0.04339921
v 0.06758274 0.00845322 -0.05845479
v 0.07088080 0.00592674 -0.03939030
v 0.06757414 0.00873772 -0.04006289
v 0.06791413 0.00943454 -0.04211888
v 0.06796266 0.01069944 -0.04384335
v 0.06807251 0.01152132 -0.04473387
v 0.06720682 0.01257839 -0.04038097
v 0.06823385 0.01168943 -0.03411570
v 0.06758136 0.01325107 -0.04247650
v 0.06762852 0.01245743 -0.03419511
v 0.06796521 0.01286695 -0.04698154
v 0.06711128 0.01349494 -0.04056231
v 0.06728317 0.01402231 -0.03935458
v 0.06774414 0.01494463 -0.03832790
v 0.06972426 -0.01245219 -0.03963580
v 0.06807678 -0.01386633 -0.03837572
v 0.06806190 -0.01384508 -0.03509810
v 0.06808949 -0.01324488 -0.03901051
v 0.06840207 -0.01326675 -0.03837016
v 0.06838555 -0.01325125 -0.03509138
v 0.07009949 -0.00902288 -0.03352324
v 0.06834756 -0.01124944 -0.03497695
v 0.06789575 -0.01146188 -0.05724258
v 0.06829349 -0.01042606 -0.03836047
v 0.06802098 -0.00985699 -0.03442989
v 0.06829248 -0.01057280 -0.05744803
v 0.06862059 -0.01002814 -0.05704707
v 0.06795602 -0.00954333 -0.05832943
v 0.06794980 -0.00949413 -0.03895652
v 0.06818435 -0.00936334 -0.04206918
v 0.06804550 -0.00890228 -0.05082541
v 0.06804371 -0.00896121 -0.04358823
v 0.06832136 -0.00834957 -0.04910694
v 0.06837121 -0.00830783 -0.04239354
v 0.06837136 -0.00356375 -0.04230275
v 0.06836754 -0.00390236 -0.04559477
v 0.06833438 -0.00324198 -0.04185647
v 0.06862563 -0.00145496 -0.03929522
v 0.06849019 -0.00266907 -0.04142790
v 0.06839018 -0.00047785 -0.03983995
v 0.06822472 0.00281994 -0.03977318
v 0.06940599 0.00764576 -0.05797341
v 0.06820390 0.00737409 -0.04235582
v 0.06926384 0.00789153 -0.04823527
v 0.07295488 0.01315343 -0.05998826
v 0.06878798 0.00836745 -0.04929534
v 0.06845708 0.00887395 -0.05801220
v 0.06828840 0.01000195 -0.05078348
v 0.06819302 0.00921038 -0.04927613
v 0.06765380 0.01016524 -0.03989700
v 0.06787207 0.01011984 -0.05798794
v 0.06828359 0.01070018 -0.05300287
v 0.06874542 0.01087300 -0.05630324
v 0.06807191 0.01180518 -0.05137936
v 0.06834915 0.01313604 -0.04963306
v 0.06844000 0.01182997 -0.05746806
v 0.06838504 0.01196953 -0.05520444
v 0.06806619 0.01195054 -0.05286921
v 0.06835603 0.01412270 -0.05036609
v 0.06809062 0.01228564 -0.03905392
v 0.06830841 0.01408016 -0.05373982
v 0.06834495 0.01345005 -0.05109574
v 0.06821854 0.01291069 -0.03862740
v 0.06853486 0.01326140 -0.03794555
v 0.06972382 0.01344652 -0.05853549
v 0.06830740 0.01413398 -0.04729904
v 0.06801285 0.01413951 -0.04665487
v 0.06869478 0.01446518 -0.04711532
v 0.06856956 0.01332091 -0.03502230
v 0.06825836 0.01455595 -0.04565411
v 0.06793470 0.01439960 -0.03892802
v 0.06835702 0.01407121 -0.03781326
v 0.06834856 0.01427239 -0.03542310
v 0.06820355 0.01469030 -0.05830503
v 0.06847064 0.01464632 -0.05529138
v 0.06796660 0.01478394 -0.05347744
v 0.06799523 0.01475399 -0.04731292
v 0.06807942 0.01505418 -0.04622352
v 0.06805810 0.01478358 -0.03512154
v 0.06784734 0.01681170 -0.05814489
v 0.06826495 0.01618726 -0.05762253
v 0.06832497 0.01626555 -0.05677675
v 0.06918654 0.01570812 -0.03954846
v 0.06794036 0.01718589 -0.05723206
v 0.06889418 0.01843744 -0.05864672
v 0.06983004 -0.01170300 -0.03985037
v 0.06903246 -0.00793451 -0.03997773
v 0.06856840 -0.01082710 -0.03570744
v 0.06851422 -0.00953611 -0.05801196
v 0.06946258 -0.01017227 -0.04933947
v 0.06871721 -0.00973544 -0.03801911
v 0.06889445 -0.01006134 -0.03678410
v 0.06892381 -0.01015296 -0.03550397
v 0.06865812 -0.00993209 -0.03490507
v 0.06959220 -0.00934060 -0.05455064
v 0.06917358 -0.00926508 -0.03856224
v 0.06927898 -0.00859322 -0.05330449
v 0.06856218 -0.00852635 -0.04005005
v 0.06868325 -0.00784316 -0.05103787
v 0.06847974 -0.00668467 -0.04933603
v 0.06886211 -0.00653262 -0.05061120
v 0.06872773 -0.00735366 -0.04021007
v 0.06872025 -0.00542199 -0.04007099
v 0.06883483 -0.00398060 -0.04915322
v 0.06856245 -0.00415697 -0.04833157
v 0.06941620 -0.00261970 -0.04800272
v 0.06892367 -0.00298210 -0.04655748
v 0.06887213 -0.00269613 -0.04326945
v 0.06895739 -0.00192847 -0.04128161
v 0.06946004 -0.00106992 -0.04085160
v 0.06886124 0.00072594 -0.03951026
v 0.06869501 0.00147954 -0.03987798
v 0.06896130 0.00294407 -0.03932015
v 0.06884563 0.00447535 -0.04028878
v 0.07026809 0.00560627 -0.05831405
v 0.06918185 0.00648892 -0.04066032
v 0.06875400 0.00723801 -0.04127652
v 0.06919594 0.00787599 -0.04494044
v 0.06866397 0.00817553 -0.04004809
v 0.06886826 0.00905092 -0.05116863
v 0.06899225 0.00964731 -0.05379794
v 0.06897241 0.00944535 -0.04468373
v 0.06917576 0.00861110 -0.03990111
v 0.06859145 0.01076589 -0.05706224
v 0.06875382 0.01012261 -0.04584506
v 0.06988543 0.00924942 -0.03936622
v 0.06874619 0.01080398 -0.04690479
v 0.06853719 0.01162855 -0.05661835
v 0.06904436 0.01185789 -0.04864434
v 0.06925111 0.01241875 -0.05772696
v 0.06898213 0.01214244 -0.05689244
v 0.06899381 0.01260820 -0.05606495
v 0.07119351 0.01237271 -0.03977022
v 0.06890532 0.01326252 -0.03573948
v 0.06873494 0.01374822 -0.05534923
v 0.06882297 0.01513933 -0.05763577
v 0.06891169 0.01523124 -0.05693105
v 0.06867661 0.01632664 -0.05106166
v 0.06936394 0.01549619 -0.03688642
v 0.06964333 -0.01253452 -0.03441997
v 0.07030358 -0.01167972 -0.05649195
v 0.06959147 -0.01084905 -0.05256832
v 0.07038445 -0.00884064 -0.05782898
v 0.06971207 -0.00930352 -0.03816245
v 0.06975061 -0.00940856 -0.03539206
v 0.06954947 -0.00899513 -0.03446445
v 0.07031226 -0.00889179 -0.03886014
v 0.06955302 -0.00871220 -0.04548998
v 0.07002054 -0.00727329 -0.05332791
v 0.06979826 -0.00606024 -0.03936605
v 0.06964314 -0.00600260 -0.05112638
v 0.06926994 -0.00588034 -0.04351745
v 0.06973734 -0.00476053 -0.05105325
v 0.06918828 -0.00494958 -0.04263454
v 0.06903317 -0.00441740 -0.04020300
v 0.06946242 -0.00344223 -0.05000372
v 0.06936820 -0.00421993 -0.04233314
v 0.06997617 -0.00263052 -0.05002899
v 0.06926707 -0.00222244 -0.04251335
v 0.06951777 0.00087128 -0.04037604
v 0.06914792 0.00785289 -0.04242035
v 0.06999676 0.00779415 -0.05107081
v 0.07038533 0.00781803 -0.03999638
v 0.07012935 0.00815000 -0.05291323
v 0.06934580 0.00874762 -0.04321990
v 0.06947576 0.00904622 -0.05715718
v 0.06982658 0.00920485 -0.05581298
v 0.06968788 0.01072339 -0.04931560
v 0.06967562 0.01177755 -0.05073546
v 0.06979886 0.01236563 -0.03898511
v 0.06953887 0.01268454 -0.03832811
v 0.06954474 0.01270457 -0.03508881
v 0.07035560 0.01223988 -0.03459138
v 0.06925942 0.01373135 -0.05584627
v 0.06975737 0.01468089 -0.05817333
v 0.06950701 0.01471856 -0.05622289
v 0.06912770 0.01570556 -0.05016874
v 0.06941846 0.01682345 -0.05352664
v 0.06949318 0.01765938 -0.05612456
v 0.06980798 0.01868140 -0.05989679
v 0.07069824 -0.01109964 -0.03932913
v 0.07123499 -0.00897080 -0.03359160
v 0.07060191 -0.01122937 -0.05563967
v 0.06984703 -0.00970690 -0.04917733
v 0.06989121 -0.00928761 -0.05720314
v 0.07033340 -0.00886134 -0.05396937
v 0.06976217 -0.00825675 -0.05855836
v 0.07016439 -0.00834718 -0.04860617
v 0.06956245 -0.00826461 -0.03935419
v 0.07041098 -0.00864528 -0.03449526
v 0.06980488 -0.00687400 -0.05194054
v 0.07025800 -0.00634091 -0.05160221
v 0.07014767 -0.00539720 -0.04855045
v 0.06977522 -0.00435245 -0.03992277
v 0.06968893 -0.00292290 -0.05857311
v 0.06995179 -0.00438041 -0.04586904
v 0.07010558 -0.00340133 -0.04002043
v 0.07024114 -0.00330356 -0.05105490
v 0.07064486 -0.00370958 -0.04580606
v 0.07119079 -0.00148658 -0.03938418
v 0.07020408 -0.00197677 -0.04817928
v 0.06978610 -0.00212561 -0.04235153
v 0.07038422 -0.00172685 -0.04207277
v 0.07025693 -0.00033074 -0.04131741
v 0.06966638 0.00291736 -0.04054426
v 0.07221006 0.00168983 -0.03412044
v 0.07029589 0.00545977 -0.04136083
v 0.06953588 0.00603691 -0.04063326
v 0.07017108 0.00694442 -0.04148045
v 0.06976498 0.00782373 -0.04244069
v 0.07002546 0.00741684 -0.04176202
v 0.07026559 0.00803656 -0.05741320
v 0.07042019 0.00770401 -0.04036268
v 0.06969386 0.01170371 -0.03932484
v 0.06979725 0.01170058 -0.03414947
v 0.07267551 0.00870634 -0.03354276
v 0.07020718 0.01270503 -0.05308284
v 0.07029927 0.01294133 -0.05806521
v 0.07035060 0.01289795 -0.05640720
v 0.06987210 0.01372237 -0.05593505
v 0.07063401 0.01523159 -0.05497427
v 0.07102769 0.01215012 -0.03360384
v 0.06980527 0.01502155 -0.05718400
v 0.06981086 0.01507343 -0.03901546
v 0.07051575 0.01370130 -0.03410826
v 0.07013570 0.01590610 -0.05359070
v 0.07034673 0.01688127 -0.05563490
v 0.07060508 0.01836437 -0.05992275
v 0.07076185 -0.01040000 -0.05413058
v 0.07213224 -0.00684233 -0.05993292
v 0.07101964 -0.00925221 -0.05368305
v 0.07042333 -0.00897073 -0.05448325
v 0.07048889 -0.00903421 -0.03830516
v 0.07048302 -0.00903205 -0.03509062
v 0.07043993 -0.00822601 -0.05822632
v 0.07077969 -0.00820103 -0.05758765
v 0.07066355 -0.00827462 -0.05454565
v 0.07079418 -0.00839313 -0.03829350
v 0.07083962 -0.00787795 -0.03495091
v 0.07099485 -0.00728929 -0.03857608
v 0.07087843 -0.00727018 -0.03467319
v 0.07046526 -0.00671759 -0.05067926
v 0.07072705 -0.00594333 -0.05429747
v 0.07035866 -0.00648568 -0.05269905
v 0.07035963 -0.00301549 -0.05820703
v 0.07074279 -0.00391320 -0.05209502
v 0.07106238 -0.00500456 -0.05301537
v 0.07073696 -0.00419197 -0.05747056
v 0.07077635 -0.00359995 -0.05342336
v 0.07071335 -0.00426609 -0.04940877
v 0.07137685 -0.00259018 -0.04037495
v 0.07073805 -0.00268887 -0.05205233
v 0.07067314 -0.00160726 -0.05014387
v 0.07069433 -0.00105108 -0.04810299
v 0.07078002 -0.00109548 -0.04235355
v 0.07078753 0.00130800 -0.04910568
v 0.07073233 0.00268012 -0.04244215
v 0.07077063 0.00288395 -0.04993652
v 0.07073227 0.00686510 -0.04713928
v 0.07079324 0.00689408 -0.04236707
v 0.07067982 0.00671212 -0.05078773
v 0.07027562 0.00732363 -0.05800404
v 0.07068468 0.00733944 -0.05293141
v 0.07041030 0.00750388 -0.04960585
v 0.07043083 0.00749641 -0.04241577
v 0.07097991 0.00770065 -0.05753807
v 0.07120646 0.00814189 -0.05563392
v 0.07065603 0.00837584 -0.05472299
v 0.07089226 0.00782208 -0.05381096
v 0.07100407 0.00778091 -0.04175002
v 0.07092626 0.00804723 -0.03473067
v 0.07043335 0.00869180 -0.03449968
v 0.07086111 0.00976749 -0.04971977
v 0.07060266 0.00985338 -0.03905362
v 0.07077361 0.01175102 -0.03512688
v 0.07039998 0.01203621 -0.03893132
v 0.07081653 0.01129177 -0.05336473
v 0.07087516 0.01078183 -0.03839289
v 0.07083481 0.01062452 -0.03568648
v 0.07081494 0.01155520 -0.03789704
v 0.07085196 0.01218497 -0.05477822
v 0.07048798 0.01240940 -0.03835578
v 0.07047336 0.01236516 -0.03513375
v 0.07043942 0.01281965 -0.05722642
v 0.07040694 0.01346392 -0.05818139
v 0.07075945 0.01377301 -0.05755816
v 0.07073563 0.01375236 -0.05699451
v 0.07043446 0.01404843 -0.05633996
v 0.07037503 0.01464914 -0.05779965
v 0.07038176 0.01465118 -0.05667735
v 0.07063922 0.01780277 -0.05824969
v 0.07145688 -0.01178920 -0.05993239
v 0.07107506 -0.01194655 -0.05867151
v 0.07185544 -0.00905382 -0.03966512
v 0.07201402 -0.00907918 -0.03757701
v 0.07217820 -0.00864895 -0.03443107
v 0.07185620 -0.00895816 -0.03395212
v 0.07173738 -0.00772348 -0.03988145
v 0.07132475 -0.00745583 -0.03720251
v 0.07117038 -0.00618603 -0.05466819
v 0.07249054 -0.00652035 -0.03452831
v 0.07226675 -0.00592726 -0.03931445
v 0.07091863 -0.00346149 -0.05662739
v 0.07268701 -0.00296556 -0.05041356
v 0.07128306 -0.00274807 -0.05697997
v 0.07123430 -0.00264775 -0.05426835
v 0.07129138 -0.00217239 -0.05779938
v 0.07122705 -0.00143746 -0.05307154
v 0.07095555 -0.00021213 -0.05181010
v 0.07214107 -0.00104885 -0.05853374
v 0.07128104 0.00137748 -0.05244819
v 0.07088152 0.00257613 -0.05120502
v 0.07116363 0.00091942 -0.04008843
v 0.07097145 0.00219965 -0.04040660
v 0.07091315 0.00603145 -0.05228087
v 0.07096101 0.00286839 -0.04022228
v 0.07126657 0.00339682 -0.04275878
v 0.07108304 0.00479905 -0.04006402
v 0.07133130 0.00494778 -0.05281385
v 0.07412527 0.00379429 -0.03351447
v 0.07129180 0.00693701 -0.05339524
v 0.07183004 0.00680794 -0.05855178
v 0.07172817 0.00691167 -0.04101170
v 0.07170258 0.00713798 -0.03997386
v 0.07152130 0.00864776 -0.04702637
v 0.07125502 0.00954354 -0.03606144
v 0.07124050 0.01041257 -0.03727964
v 0.07169442 0.01359847 -0.05763502
v 0.07220243 0.01152082 -0.03959441
v 0.07149663 0.01538494 -0.05788252
v 0.07169531 0.01241485 -0.03681500
v 0.07118826 0.01672510 -0.05790290
v 0.07156628 -0.01139026 -0.05873677
v 0.07199747 -0.00904724 -0.03925930
v 0.07188688 -0.01071757 -0.05989871
v 0.07180380 -0.00949822 -0.05841195
v 0.07264801 -0.00719532 -0.03981755
v 0.07200479 -0.00697306 -0.03838512
v 0.07209504 -0.00694888 -0.03524079
v 0.07253179 -0.00654181 -0.03895707
v 0.07224511 -0.00591680 -0.03415203
v 0.07168599 -0.00494744 -0.05526802
v 0.07158165 -0.00428513 -0.05300572
v 0.07252631 -0.00227809 -0.03993069
v 0.07186069 -0.00289471 -0.04612020
v 0.07193670 -0.00195503 -0.03999862
v 0.07222561 -0.00206872 -0.05442084
v 0.07182071 -0.00209325 -0.04038426
v 0.07194531 -0.00133279 -0.05352877
v 0.07180035 -0.00097561 -0.04021754
v 0.07197167 0.00107377 -0.05346330
v 0.07137289 0.00095681 -0.04194714
v 0.07254035 0.00090108 -0.04939794
v 0.07121293 0.00342995 -0.03996413
v 0.07182497 0.00279524 -0.04665932
v 0.07189943 0.00586595 -0.05351418
v 0.07183207 0.00425508 -0.04518833
v 0.07231071 0.00586843 -0.04459434
v 0.07152272 0.00645926 -0.04002142
v 0.07222668 0.00685246 -0.03415257
v 0.07506050 0.00413177 -0.06002581
v 0.07186129 0.00743298 -0.05820367
v 0.07222151 0.00776869 -0.05752013
v 0.07226990 0.00784112 -0.05444320
v 0.07252471 0.00743862 -0.05391517
v 0.07174933 0.00749433 -0.04257222
v 0.07175643 0.00804654 -0.03508195
v 0.07260253 0.00791266 -0.03633754
v 0.07236740 0.00875170 -0.04979770
v 0.07168923 0.00972033 -0.03677639
v 0.07314556 0.00888029 -0.05312003
v 0.07248701 0.00988779 -0.03895864
v 0.07152652 0.01030660 -0.03822530
v 0.07225450 0.01029129 -0.03806974
v 0.07206899 0.01203626 -0.05755634
v 0.07192371 0.01180894 -0.03441790
v 0.07199933 0.01132927 -0.03381489
v 0.07180627 0.01658100 -0.05993750
v 0.07310616 -0.00620291 -0.03376924
v 0.07255195 -0.00548487 -0.05910668
v 0.07193800 -0.00276413 -0.03936629
v 0.07352149 -0.00481563 -0.05995438
v 0.07327677 -0.00315072 -0.05324804
v 0.07413249 -0.00014078 -0.03350996
v 0.07237590 -0.00201999 -0.05657218
v 0.07251426 -0.00210677 -0.04559696
v 0.07278019 -0.00162754 -0.05779247
v 0.07277959 -0.00161741 -0.05395636
v 0.07257996 -0.00080406 -0.04574469
v 0.07228348 0.00057145 -0.05349896
v 0.07296339 0.00097979 -0.05191163
v 0.07265504 0.00239132 -0.05120379
v 0.07226810 0.00682386 -0.05354512
v 0.07248723 0.00488108 -0.04873297
v 0.07222240 0.00930218 -0.03931074
v 0.07247982 0.00686858 -0.04417816
v 0.07271839 0.00762010 -0.04721233
v 0.07276025 0.00737551 -0.03459489
v 0.07234341 0.00900850 -0.03667182
v 0.07269982 0.00978468 -0.03720571
v 0.07280941 0.01077616 -0.05743675
v 0.07302246 0.01028067 -0.03901388
v 0.07320038 -0.00685014 -0.03926462
v 0.07336633 -0.00660743 -0.03819710
v 0.07321660 -0.00670738 -0.03447596
v 0.07284938 -0.00658455 -0.03840082
v 0.07281877 -0.00656901 -0.03514111
v 0.07288307 -0.00594190 -0.03902324
v 0.07315449 -0.00593404 -0.03841418
v 0.07314985 -0.00562576 -0.03514464
v 0.07284371 -0.00591406 -0.03448911
v 0.07346032 -0.00450401 -0.03356894
v 0.07319112 -0.00431459 -0.03834908
v 0.07312207 0.00475773 -0.03826373
v 0.07317983 -0.00161183 -0.04889876
v 0.07505608 0.00103450 -0.06000018
v 0.07282052 -0.00104111 -0.05817940
v 0.07317950 -0.00102655 -0.05752166
v 0.07318248 -0.00104380 -0.05447381
v 0.07263367 0.00226911 -0.03897752
v 0.07281334 0.00120040 -0.05390985
v 0.07285810 0.00685266 -0.03448286
v 0.07381281 -0.00065944 -0.05289415
v 0.07306421 0.00270483 -0.05519203
v 0.07317237 0.00686220 -0.03512606
v 0.07319800 0.00684375 -0.05752585
v 0.07288694 0.00681906 -0.05389809
v 0.07390635 0.00618549 -0.03985656
v 0.07342455 0.00323273 -0.05466091
v 0.07341056 0.00482917 -0.05377165
v 0.07320248 0.00681856 -0.05453020
v 0.07317865 0.00594918 -0.05071852
v 0.07278471 0.00709470 -0.05812701
v 0.07284276 0.00926960 -0.03902119
v 0.07317264 0.00719201 -0.03737378
v 0.07346730 0.00695128 -0.05046601
v 0.07286908 0.00747265 -0.05752188
v 0.07288875 0.00749211 -0.05448806
v 0.07308137 0.00920738 -0.03810210
v 0.07305335 0.00892954 -0.03366189
v 0.07335436 0.00941157 -0.05568507
v 0.07321348 0.00931881 -0.03973616
v 0.07309793 0.01006301 -0.03740886
v 0.07329129 0.00933247 -0.03448141
v 0.07338752 0.01134898 -0.05942983
v 0.07409475 -0.00458610 -0.03965232
v 0.07412828 -0.00291870 -0.03984002
v 0.07421680 -0.00355577 -0.05746082
v 0.07375399 -0.00216103 -0.05235300
v 0.07344655 0.00221619 -0.05485114
v 0.07344219 0.00728455 -0.05042431
v 0.07427103 0.00922606 -0.05828088
v 0.07408120 0.00752943 -0.03424249
v 0.07397031 0.00823292 -0.03903402
v 0.07444302 -0.00394454 -0.03905731
v 0.07413992 -0.00436454 -0.03423482
v 0.07422076 -0.00298823 -0.03369354
v 0.07528504 -0.00206415 -0.05997392
v 0.07432074 0.00121182 -0.05764400
v 0.07393458 0.00247205 -0.05678895
v 0.07471785 0.00508851 -0.05853259
v 0.07403038 0.00649388 -0.03371048
v 0.07412723 0.00675917 -0.05465946
v 0.07406775 0.00738341 -0.05405884
v 0.07431316 0.00705546 -0.03963298
v 0.07403710 0.01050087 -0.05996780
v 0.07469347 -0.00342909 -0.05954035
v 0.07482435 -0.00226808 -0.03956615
v 0.07489784 -0.00226046 -0.03905559
v 0.07476288 -0.00232784 -0.03446766
v 0.07470008 -0.00218150 -0.05665829
v 0.07496382 0.00070606 -0.03390468
v 0.07475609 -0.00067624 -0.05706506
v 0.07473022 0.00293574 -0.03979562
v 0.07459014 0.00350377 -0.03369045
v 0.07476301 0.00259243 -0.05946716
v 0.07483057 0.00367047 -0.03395278
v 0.07476486 0.00533554 -0.03534024
v 0.07487642 0.00523050 -0.03920751
v 0.07497940 0.00837594 -0.05993585
v 0.07520377 0.00656843 -0.05994837
v 0.07469044 0.00814451 -0.05796032
v 0.07532391 -0.00082813 -0.05994268
v 0.07519263 0.00051732 -0.03946466
v 0.07521745 0.00072766 -0.03710731
v 0.07509348 0.00068060 -0.03445572
v 0.07511743 0.00243213 -0.03956633
v 0.07515073 0.00297893 -0.03749848
v 0.07503108 0.00277338 -0.03445275
f 2 5 4
f 2 3 5
f 5 3 6
f 4 5 8
f 5 6 8
f 9 10 11
f 7 9 12
f 12 9 11
f 14 15 16
f 17 18 19
f 20 19 21
f 19 18 21
f 21 22 20
f 24 25 1
f 26 28 9
f 9 28 30
f 28 29 30
f 27 26 7
f 26 9 7
f 33 27 34
f 29 31 35
f 27 7 34
f 30 29 36
f 29 35 36
f 6 3 37
f 30 36 10
f 7 38 34
f 35 31 39
f 7 12 38
f 40 10 41
f 10 36 41
f 36 35 41
f 41 35 39
f 13 42 15
f 15 42 43
f 15 43 16
f 11 40 44
f 12 11 46
f 40 41 44
f 41 39 45
f 41 45 47
f 38 12 48
f 48 12 46
f 44 41 47
f 46 11 49
f 11 44 49
f 44 47 50
f 46 49 51
f 49 44 50
f 19 20 17
f 52 53 55
f 52 55 54
f 54 55 56
f 23 61 24
f 59 60 58
f 60 63 58
f 24 61 64
f 1 65 23
f 24 64 25
f 62 58 26
f 58 63 28
f 62 26 27
f 58 28 26
f 28 63 29
f 63 66 29
f 29 66 31
f 3 68 37
f 6 37 8
f 34 38 71
f 13 14 74
f 72 73 42
f 16 43 76
f 38 48 71
f 17 79 18
f 48 46 81
f 45 77 82
f 50 47 83
f 47 45 83
f 80 84 21
f 81 46 51
f 21 84 22
f 45 82 83
f 49 50 85
f 51 49 85
f 50 83 85
f 81 51 86
f 54 56 87
f 88 59 62
f 89 90 66
f 62 59 58
f 89 66 63
f 60 89 63
f 62 27 91
f 1 25 93
f 92 33 95
f 33 34 95
f 32 2 96
f 2 4 98
f 8 37 99
f 4 8 98
f 69 8 99
f 8 69 98
f 34 71 95
f 101 13 74
f 95 71 102
f 74 14 75
f 42 104 43
f 42 103 104
f 14 16 75
f 16 76 75
f 78 17 106
f 79 107 80
f 80 107 84
f 48 81 71
f 22 84 108
f 20 22 109
f 85 83 110
f 81 86 113
f 113 86 114
f 111 112 52
f 52 112 53
f 86 51 114
f 51 85 110
f 51 110 114
f 54 87 115
f 116 60 59
f 116 117 60
f 117 118 89
f 118 90 89
f 60 117 89
f 62 91 88
f 57 23 65
f 93 25 64
f 32 134 67
f 96 2 98
f 68 135 37
f 37 135 137
f 37 137 99
f 69 100 98
f 43 104 76
f 76 145 146
f 75 147 148
f 102 71 150
f 105 78 106
f 84 107 153
f 17 20 109
f 84 153 108
f 71 81 150
f 22 156 155
f 111 161 162
f 150 81 113
f 162 164 111
f 111 164 112
f 53 112 165
f 52 115 111
f 110 83 166
f 83 82 166
f 52 54 115
f 114 110 167
f 110 166 168
f 169 116 88
f 88 116 59
f 119 120 172
f 120 123 176
f 91 92 174
f 176 123 179
f 57 65 173
f 64 128 181
f 180 129 178
f 93 64 183
f 174 92 95
f 65 184 186
f 123 133 179
f 65 186 96
f 179 133 190
f 69 99 191
f 98 100 74
f 100 69 191
f 100 191 193
f 100 139 74
f 100 193 139
f 139 140 74
f 139 194 140
f 140 101 74
f 141 195 72
f 192 95 196
f 95 102 196
f 103 197 198
f 103 198 104
f 104 199 144
f 104 198 199
f 75 148 200
f 200 148 106
f 148 105 106
f 152 201 78
f 78 201 79
f 106 17 109
f 107 202 153
f 22 108 156
f 133 158 190
f 190 158 207
f 155 209 109
f 109 209 161
f 157 160 210
f 150 113 205
f 111 115 213
f 165 214 215
f 165 215 55
f 56 217 216
f 56 55 217
f 87 56 216
f 113 218 205
f 113 114 218
f 166 82 220
f 167 110 168
f 114 167 222
f 222 167 223
f 167 168 223
f 218 114 222
f 168 166 224
f 166 220 224
f 223 168 224
f 169 88 170
f 170 91 174
f 119 172 229
f 229 172 230
f 172 120 230
f 230 120 231
f 120 176 231
f 176 179 234
f 61 235 128
f 178 126 233
f 128 236 181
f 173 65 96
f 64 181 183
f 93 238 239
f 93 183 238
f 65 93 239
f 65 239 184
f 174 95 241
f 184 242 186
f 186 242 187
f 95 188 241
f 179 190 234
f 96 98 74
f 135 243 244
f 99 137 191
f 140 194 245
f 140 245 141
f 74 75 200
f 145 246 247
f 145 144 246
f 146 145 247
f 146 247 147
f 147 247 248
f 148 147 248
f 148 248 250
f 148 250 105
f 152 250 201
f 201 202 79
f 153 202 251
f 153 251 204
f 108 153 204
f 155 156 252
f 155 252 209
f 109 161 213
f 157 210 254
f 161 111 213
f 210 160 257
f 55 215 217
f 87 259 260
f 259 87 216
f 115 219 213
f 115 260 219
f 213 219 221
f 221 219 261
f 221 261 225
f 226 223 224
f 222 223 262
f 262 223 263
f 223 226 263
f 224 264 226
f 224 220 264
f 265 227 169
f 227 266 118
f 267 269 228
f 228 269 270
f 230 231 277
f 231 176 234
f 233 175 229
f 180 233 280
f 181 236 282
f 183 181 283
f 189 290 243
f 243 290 291
f 243 291 244
f 135 244 137
f 137 244 294
f 188 95 192
f 234 190 293
f 191 137 296
f 193 191 297
f 195 298 197
f 298 303 198
f 198 306 199
f 198 303 306
f 144 199 246
f 247 246 307
f 307 308 247
f 247 308 248
f 196 102 309
f 248 308 310
f 248 310 311
f 248 311 250
f 250 311 312
f 312 315 201
f 102 150 309
f 202 318 319
f 156 108 321
f 108 204 321
f 156 322 252
f 150 205 323
f 190 207 293
f 252 324 209
f 207 253 325
f 209 324 161
f 162 161 328
f 214 332 333
f 214 333 335
f 214 335 215
f 215 335 217
f 205 218 337
f 260 338 219
f 219 338 261
f 261 339 340
f 218 222 337
f 225 340 341
f 337 222 342
f 222 262 342
f 225 341 343
f 342 262 344
f 263 226 345
f 226 264 345
f 262 263 346
f 262 346 344
f 346 263 345
f 347 266 227
f 265 347 227
f 265 169 268
f 266 348 118
f 118 348 271
f 267 349 269
f 267 228 350
f 270 269 351
f 270 351 353
f 228 270 358
f 270 353 358
f 362 228 358
f 170 174 352
f 352 174 278
f 276 173 367
f 274 277 365
f 277 231 365
f 173 366 232
f 367 173 96
f 278 174 241
f 183 283 238
f 239 238 380
f 239 380 381
f 184 381 242
f 284 381 383
f 284 383 384
f 285 289 385
f 290 386 291
f 291 386 244
f 386 388 244
f 244 388 392
f 244 392 294
f 137 294 296
f 296 294 395
f 296 395 396
f 297 191 296
f 297 296 396
f 297 396 398
f 297 398 194
f 194 398 245
f 398 400 245
f 400 401 195
f 192 196 404
f 298 403 303
f 246 199 408
f 408 199 306
f 315 311 413
f 314 316 317
f 319 416 251
f 204 251 419
f 156 321 421
f 293 207 325
f 252 322 324
f 328 428 258
f 332 430 333
f 217 335 434
f 216 217 435
f 260 259 436
f 338 260 436
f 338 439 261
f 261 439 339
f 339 441 340
f 225 343 444
f 346 345 450
f 345 264 450
f 264 449 450
f 451 347 265
f 347 452 266
f 452 348 266
f 352 451 265
f 268 170 352
f 350 228 362
f 355 356 454
f 356 357 455
f 357 361 457
f 361 365 457
f 457 365 458
f 358 363 362
f 362 363 459
f 276 367 362
f 362 459 276
f 276 459 366
f 365 231 458
f 458 231 234
f 368 369 461
f 369 370 461
f 370 374 463
f 236 464 466
f 374 375 463
f 463 375 467
f 236 466 282
f 282 469 376
f 282 466 469
f 238 283 468
f 283 376 468
f 380 468 470
f 381 380 471
f 380 470 471
f 375 382 467
f 381 471 383
f 472 234 293
f 382 385 476
f 290 477 386
f 385 387 479
f 479 387 480
f 386 478 388
f 387 391 480
f 388 478 481
f 388 481 392
f 478 188 481
f 294 392 395
f 188 192 481
f 395 392 483
f 482 393 397
f 396 395 483
f 398 396 484
f 396 483 484
f 398 484 485
f 398 485 400
f 400 485 401
f 401 489 403
f 489 490 403
f 192 404 488
f 490 488 404
f 403 490 303
f 303 490 404
f 303 404 492
f 306 303 492
f 306 492 408
f 404 196 494
f 492 404 494
f 246 408 307
f 408 495 307
f 495 497 308
f 308 497 310
f 310 497 311
f 311 497 500
f 311 500 413
f 413 501 318
f 410 414 409
f 409 414 498
f 319 318 502
f 309 502 503
f 498 414 504
f 319 502 416
f 502 309 505
f 416 502 505
f 414 418 504
f 251 416 419
f 309 150 323
f 309 323 505
f 417 420 509
f 321 508 421
f 204 419 321
f 321 419 508
f 420 424 511
f 322 512 324
f 325 326 293
f 323 205 514
f 328 426 428
f 293 326 518
f 511 424 516
f 332 517 430
f 424 433 516
f 333 430 521
f 335 333 521
f 335 521 434
f 217 434 435
f 259 216 522
f 259 522 436
f 216 435 522
f 436 523 338
f 326 438 518
f 439 524 339
f 339 524 441
f 341 340 525
f 341 525 527
f 225 444 221
f 337 342 528
f 438 448 518
f 343 341 527
f 347 451 452
f 350 362 367
f 351 453 532
f 355 454 530
f 454 455 530
f 354 355 533
f 351 535 353
f 351 532 535
f 353 535 536
f 353 536 363
f 363 536 537
f 363 537 459
f 366 459 538
f 368 461 544
f 544 461 540
f 540 461 541
f 461 370 541
f 541 370 542
f 370 463 542
f 539 234 472
f 466 549 551
f 466 551 469
f 468 376 470
f 470 376 469
f 470 554 471
f 470 469 554
f 471 554 556
f 383 471 557
f 471 556 557
f 557 556 558
f 467 382 553
f 557 558 475
f 475 558 477
f 241 188 555
f 382 474 553
f 555 188 478
f 477 555 478
f 476 385 479
f 479 480 560
f 96 74 559
f 391 394 480
f 392 481 565
f 392 565 564
f 192 566 481
f 565 481 566
f 483 392 564
f 483 564 484
f 484 564 568
f 564 565 568
f 484 570 485
f 484 568 570
f 568 571 570
f 568 572 571
f 568 565 572
f 565 566 572
f 192 488 566
f 572 566 488
f 570 571 485
f 571 572 573
f 573 572 488
f 485 571 489
f 571 573 489
f 486 402 569
f 489 573 490
f 573 488 490
f 74 200 575
f 407 493 491
f 578 492 494
f 200 106 575
f 495 408 578
f 196 580 494
f 578 494 580
f 497 495 581
f 495 578 581
f 578 580 581
f 580 196 582
f 493 498 579
f 497 581 500
f 581 582 500
f 196 309 582
f 500 582 501
f 582 309 503
f 501 582 502
f 582 503 502
f 106 109 575
f 504 418 506
f 419 416 585
f 416 505 585
f 417 509 506
f 508 419 585
f 421 586 512
f 322 421 512
f 324 512 589
f 324 589 426
f 323 514 591
f 428 426 590
f 516 433 520
f 430 592 521
f 521 592 594
f 521 594 434
f 434 598 597
f 435 597 522
f 435 434 597
f 436 522 523
f 523 439 338
f 439 523 524
f 524 599 441
f 340 441 525
f 527 525 600
f 518 448 604
f 342 344 528
f 344 346 606
f 346 450 606
f 606 450 607
f 450 449 609
f 450 609 608
f 610 451 352
f 350 367 614
f 453 621 532
f 355 530 531
f 455 357 620
f 357 457 620
f 352 278 624
f 538 459 625
f 459 537 625
f 542 463 548
f 549 630 551
f 278 241 631
f 551 630 634
f 241 634 631
f 630 631 634
f 469 637 554
f 469 551 637
f 551 634 637
f 637 634 638
f 241 555 634
f 554 637 556
f 638 634 555
f 556 637 558
f 637 638 558
f 558 638 555
f 479 560 474
f 580 582 581
f 505 323 585
f 584 509 658
f 508 585 660
f 575 109 213
f 509 587 658
f 426 589 590
f 590 664 517
f 591 514 667
f 522 597 674
f 523 522 674
f 523 674 677
f 213 221 665
f 523 677 524
f 205 337 680
f 599 679 441
f 525 441 600
f 527 600 682
f 518 604 681
f 683 527 682
f 444 527 683
f 607 450 608
f 610 686 611
f 610 352 687
f 531 615 694
f 532 621 701
f 620 457 539
f 457 458 539
f 532 706 535
f 532 701 706
f 535 710 536
f 535 706 710
f 352 624 622
f 458 234 539
f 536 710 711
f 536 713 537
f 278 714 624
f 538 625 715
f 628 716 543
f 543 716 545
f 718 630 464
f 96 559 552
f 74 575 559
f 650 652 653
f 585 752 660
f 586 660 754
f 575 213 665
f 512 754 589
f 589 754 757
f 589 757 590
f 590 757 664
f 666 760 592
f 592 760 594
f 594 760 667
f 591 667 760
f 594 764 598
f 594 667 764
f 293 518 765
f 597 598 766
f 677 674 771
f 677 771 524
f 524 771 599
f 599 771 772
f 599 772 679
f 205 680 514
f 679 774 778
f 441 679 600
f 600 679 778
f 221 444 781
f 681 604 685
f 528 344 787
f 344 606 787
f 608 609 607
f 688 689 792
f 792 689 793
f 793 689 794
f 689 690 794
f 794 690 795
f 690 693 795
f 795 693 797
f 797 693 539
f 693 620 539
f 695 696 802
f 802 696 803
f 803 696 804
f 696 697 804
f 697 698 804
f 698 700 806
f 700 705 806
f 701 807 706
f 704 709 705
f 710 706 809
f 536 711 713
f 537 713 625
f 712 629 810
f 717 719 812
f 719 720 814
f 723 724 721
f 721 724 815
f 815 724 816
f 724 727 816
f 727 730 817
f 730 733 817
f 740 744 818
f 748 657 821
f 585 323 752
f 657 753 823
f 660 752 824
f 754 660 824
f 323 824 752
f 823 753 756
f 754 824 757
f 323 591 825
f 323 825 824
f 757 824 825
f 757 825 666
f 825 591 760
f 666 825 760
f 756 761 826
f 763 762 827
f 764 667 828
f 667 514 828
f 766 598 764
f 674 597 766
f 674 766 829
f 762 770 827
f 674 829 771
f 771 829 830
f 771 830 772
f 772 830 833
f 514 680 828
f 679 772 833
f 770 773 827
f 827 773 834
f 679 833 774
f 833 835 774
f 518 681 765
f 834 773 838
f 600 839 682
f 600 778 839
f 337 841 680
f 337 528 841
f 221 781 779
f 682 840 842
f 683 682 842
f 681 685 845
f 444 683 781
f 685 786 845
f 845 786 847
f 606 607 848
f 610 687 789
f 614 367 854
f 803 804 855
f 806 705 857
f 857 705 808
f 706 807 859
f 706 859 861
f 809 863 710
f 809 706 860
f 706 861 860
f 710 863 711
f 713 864 625
f 810 717 862
f 715 864 716
f 714 278 868
f 811 867 718
f 278 631 868
f 96 552 367
f 720 721 814
f 721 815 869
f 816 727 870
f 733 737 817
f 817 818 871
f 818 744 819
f 819 750 875
f 751 823 877
f 761 763 826
f 293 765 759
f 764 828 829
f 766 764 829
f 829 833 830
f 829 828 883
f 829 883 833
f 828 680 883
f 833 883 835
f 832 834 885
f 778 886 839
f 778 774 886
f 683 842 781
f 787 606 848
f 607 609 849
f 609 850 888
f 853 614 854
f 687 352 890
f 802 803 892
f 622 624 898
f 898 624 859
f 897 898 859
f 809 860 901
f 624 714 902
f 624 902 859
f 861 859 902
f 713 711 864
f 904 905 866
f 714 868 906
f 865 812 903
f 905 813 867
f 812 719 907
f 719 814 907
f 814 721 908
f 908 721 869
f 869 815 909
f 815 816 909
f 909 816 910
f 816 870 910
f 817 871 870
f 871 818 873
f 823 879 878
f 832 885 884
f 835 923 922
f 835 883 923
f 923 883 680
f 774 835 922
f 886 774 922
f 682 839 840
f 781 842 926
f 928 781 926
f 607 849 848
f 849 609 888
f 792 793 935
f 793 794 935
f 934 853 854
f 352 622 890
f 892 803 855
f 855 804 939
f 698 806 940
f 806 857 940
f 857 895 941
f 895 896 941
f 863 809 901
f 860 861 945
f 861 902 945
f 711 863 946
f 711 946 864
f 863 901 946
f 901 945 946
f 901 860 945
f 864 946 904
f 945 902 947
f 714 906 902
f 902 906 947
f 904 946 905
f 946 948 905
f 946 945 948
f 948 945 947
f 948 947 905
f 871 873 955
f 472 293 759
f 819 875 874
f 913 876 915
f 876 914 915
f 880 920 919
f 923 680 963
f 834 838 967
f 839 886 964
f 842 840 968
f 926 842 968
f 781 970 779
f 970 781 969
f 849 888 971
f 789 687 973
f 975 936 934
f 792 935 976
f 795 797 977
f 934 936 978
f 797 539 977
f 934 978 979
f 802 892 981
f 804 698 939
f 890 622 984
f 622 898 984
f 941 942 985
f 907 814 987
f 814 908 987
f 908 869 988
f 869 909 988
f 909 910 988
f 952 870 953
f 870 871 953
f 874 875 989
f 875 956 989
f 989 956 957
f 960 959 991
f 959 962 991
f 961 921 992
f 992 921 995
f 922 923 963
f 834 967 996
f 886 922 964
f 840 839 998
f 839 964 998
f 968 840 998
f 926 968 999
f 969 928 1001
f 969 1001 1002
f 969 1002 970
f 845 847 1008
f 1002 1003 970
f 1002 1004 1003
f 528 787 841
f 970 1003 972
f 787 848 1009
f 848 849 971
f 970 972 1011
f 972 1012 1011
f 975 1013 936
f 1013 1014 936
f 935 794 1015
f 794 795 1015
f 1015 795 1016
f 795 977 1016
f 975 934 854
f 936 1014 978
f 978 1014 1019
f 978 1019 979
f 979 1020 980
f 857 941 1021
f 941 1022 1021
f 941 985 1022
f 908 988 987
f 910 870 952
f 759 872 472
f 957 1029 989
f 957 990 1029
f 990 991 1030
f 922 1031 964
f 922 963 1031
f 998 964 1032
f 680 841 1033
f 968 998 1035
f 968 1035 999
f 1001 1036 1002
f 1002 1036 1037
f 1004 1002 1037
f 1004 1038 1003
f 1004 1037 1038
f 1003 1038 1012
f 841 787 1039
f 787 1009 1039
f 970 1011 1040
f 972 1003 1012
f 1012 1041 1011
f 1014 1013 1044
f 1014 1044 1017
f 687 890 1045
f 1014 1017 1046
f 1014 1046 1019
f 539 472 1051
f 1048 892 1049
f 892 855 1049
f 855 939 1050
f 939 698 1052
f 698 940 1052
f 940 857 1021
f 985 1023 1022
f 988 910 1061
f 952 953 1062
f 871 955 1063
f 873 1027 955
f 873 874 989
f 990 1030 1066
f 994 1071 1069
f 885 996 1071
f 964 1031 1072
f 963 680 1033
f 964 1072 1032
f 998 1032 1035
f 999 1035 1001
f 1001 1035 1036
f 1036 1078 1037
f 1033 841 1079
f 1037 1080 1038
f 1012 1038 1081
f 970 1040 779
f 1012 1081 1041
f 848 971 1009
f 971 888 1010
f 1011 1041 1040
f 1042 1083 975
f 975 1083 1084
f 1013 1084 1044
f 1044 1089 1017
f 1044 1085 1089
f 1046 1017 1095
f 1017 1089 1095
f 1095 1098 1101
f 1046 1095 1101
f 1049 1050 1047
f 1046 1101 1102
f 1046 1102 1020
f 1020 1102 1053
f 1052 940 1021
f 1058 1059 1110
f 1059 1061 1110
f 1110 1061 1062
f 1061 910 1062
f 910 952 1062
f 1027 873 1028
f 873 1113 1028
f 873 989 1113
f 989 1029 1113
f 1071 996 967
f 1072 1031 1118
f 963 1033 1070
f 1032 1072 1073
f 1073 1072 1120
f 1073 1120 1119
f 1073 1119 1035
f 1035 1078 1036
f 1035 1119 1078
f 1078 1119 1122
f 1122 1125 1078
f 1078 1125 1037
f 1037 1125 1080
f 1038 1080 1134
f 1081 1038 1134
f 1041 1081 1136
f 1009 971 1137
f 1040 1041 1136
f 1084 1138 1085
f 1086 1087 1140
f 1087 1088 1140
f 1140 1088 1141
f 1141 1088 1143
f 1088 1091 1143
f 1085 1144 1089
f 1143 1091 1093
f 1089 1144 1095
f 1095 1144 1098
f 1093 1096 1094
f 1094 1096 1145
f 1096 1097 1145
f 1097 1100 1147
f 1045 890 1146
f 1100 1052 1147
f 1147 1052 1149
f 1102 1101 1103
f 1146 890 1150
f 1052 1021 1149
f 890 984 1150
f 1021 1022 1149
f 1054 1106 1154
f 1154 1106 1155
f 1106 1107 1155
f 1109 1156 1108
f 1109 1110 1156
f 1110 1062 1156
f 953 871 1063
f 1065 1029 1066
f 1071 967 1159
f 1118 1160 1120
f 1118 1070 1160
f 1072 1118 1120
f 1120 1162 1119
f 1120 1161 1162
f 1119 1162 1122
f 967 1124 1159
f 1159 1124 1163
f 1125 1122 1162
f 1162 1164 1125
f 1080 1125 1164
f 1129 1131 1166
f 1080 1164 1168
f 1081 1134 1135
f 1136 1081 1135
f 971 1010 1137
f 1010 888 1174
f 1174 888 1175
f 1175 888 1176
f 779 1040 1177
f 973 687 1183
f 1086 1140 1186
f 1186 1140 1187
f 1140 1141 1187
f 1141 1143 1189
f 1143 1190 1189
f 687 1045 1183
f 1183 1045 1192
f 1143 1093 1190
f 1045 1191 1192
f 1093 1094 1190
f 1094 1193 1190
f 1094 1145 1193
f 1144 1191 1098
f 1098 1191 1146
f 1045 1146 1191
f 1145 1097 1195
f 1097 1147 1195
f 1195 1147 1148
f 1098 1196 1101
f 1098 1146 1196
f 1196 1146 1150
f 1101 1196 1103
f 1103 1196 1152
f 1196 1150 1152
f 1022 1151 1149
f 1022 1054 1151
f 1054 1153 1151
f 1151 1153 1198
f 1154 1155 1153
f 1155 1107 1153
f 1107 1108 1199
f 1107 1199 1153
f 1108 1156 1199
f 1113 1029 1065
f 1030 1117 1066
f 1158 1071 1159
f 1120 1160 1161
f 1070 1033 1160
f 1161 1206 1162
f 1161 1160 1206
f 1033 1207 1160
f 1160 1207 1206
f 1162 1206 1164
f 1033 1079 1207
f 1206 1207 1164
f 1164 1207 1209
f 1127 1166 1165
f 1164 1209 1168
f 1080 1168 1134
f 1134 1168 1211
f 1079 841 1214
f 1134 1211 1213
f 1135 1134 1213
f 1135 1213 1215
f 841 1039 1214
f 1136 1135 1215
f 1136 1215 1173
f 779 1177 1216
f 1177 1136 1173
f 1082 1042 1219
f 1082 1219 1217
f 1042 975 1219
f 975 854 1219
f 935 1185 1184
f 935 1015 1185
f 1186 1187 1224
f 1186 1224 1226
f 1226 1224 1227
f 1187 1141 1224
f 1224 1141 1225
f 1141 1189 1225
f 1224 1225 1227
f 1226 1227 1230
f 1227 1225 1189
f 1189 1190 1231
f 977 539 1051
f 1145 1232 1193
f 1145 1195 1232
f 1195 1233 1232
f 1195 1148 1233
f 1200 367 552
f 1156 1062 1238
f 1028 1113 1240
f 1066 1117 1201
f 1205 1163 1246
f 1163 1165 1247
f 1207 1079 1209
f 1168 1209 1250
f 1210 1131 1251
f 1211 1168 1250
f 1211 1252 1213
f 779 1216 1253
f 1177 1173 1216
f 1255 1222 974
f 1221 973 1257
f 973 1183 1257
f 1227 1189 1231
f 1227 1231 1230
f 1232 1233 1262
f 854 367 1264
f 1234 1235 1265
f 1235 1236 1266
f 1236 1198 1237
f 1153 1199 1237
f 1199 1156 1272
f 1272 1156 1238
f 1062 953 1238
f 1239 472 872
f 665 221 1208
f 1117 1279 1201
f 221 779 1208
f 1245 1248 1284
f 1209 1079 1286
f 1250 1209 1286
f 1211 1250 1252
f 1215 1213 1254
f 1216 1173 1254
f 1219 854 1290
f 1185 1015 1291
f 976 935 1184
f 1015 1016 1291
f 1183 1192 1293
f 1230 1231 1294
f 1294 1231 1295
f 1231 1190 1295
f 1190 1193 1295
f 1193 1232 1295
f 854 1264 1290
f 1233 1263 1262
f 1234 1265 1263
f 1267 1268 1296
f 1268 1269 1296
f 1296 1269 1271
f 1271 1199 1272
f 552 559 1299
f 1065 1066 1201
f 1201 1279 1303
f 1279 1282 1303
f 1303 1282 1304
f 1282 1283 1304
f 1304 1283 1307
f 1079 1214 1311
f 1213 1252 1310
f 1254 1310 1314
f 1184 1185 1316
f 1185 1317 1316
f 1185 1291 1317
f 1295 1232 1323
f 1232 1262 1323
f 1262 1263 1323
f 1323 1263 1324
f 1263 1265 1325
f 1265 1266 1326
f 1265 1326 1325
f 1326 1266 1327
f 1266 1267 1327
f 1267 1296 1327
f 1296 1297 1327
f 1296 1271 1328
f 1296 1328 1297
f 1271 1272 1329
f 367 1200 1264
f 1065 1201 1335
f 1285 1210 1340
f 1252 1250 1309
f 1250 1286 1309
f 1310 1252 1309
f 1010 1174 1342
f 1253 1216 1314
f 1219 1290 1288
f 1316 1317 1344
f 1184 1316 1318
f 1317 1291 1319
f 1328 1271 1351
f 1271 1329 1351
f 1238 953 1352
f 1240 1113 1334
f 1240 1334 1355
f 1113 1065 1334
f 1335 1201 1356
f 1201 1303 1356
f 1356 1303 1337
f 1304 1307 1337
f 1337 1307 1338
f 1305 1285 1339
f 1210 1341 1340
f 1210 1251 1359
f 1360 1310 1358
f 1310 1309 1358
f 1310 1360 1362
f 1314 1310 1362
f 1314 1362 1253
f 1137 1010 1363
f 1343 1344 1368
f 1318 1343 1368
f 1257 1183 1347
f 1319 1016 1370
f 1016 977 1370
f 977 1051 1370
f 1183 1293 1374
f 1261 1294 1375
f 1294 1295 1375
f 1375 1295 1323
f 1323 1324 1376
f 1329 1272 1378
f 1378 1272 1238
f 1309 1286 1384
f 1358 1385 1360
f 1358 1309 1385
f 1385 1309 1384
f 1039 1009 1386
f 1009 1137 1386
f 1137 1363 1386
f 1363 1010 1342
f 1365 1366 1387
f 1387 1366 1388
f 1366 1367 1388
f 1388 1367 1389
f 1389 1367 1390
f 1390 1367 1392
f 1367 1319 1392
f 1392 1319 1370
f 1375 1323 1393
f 1326 1327 1395
f 1327 1297 1396
f 1297 1328 1397
f 1328 1351 1397
f 1351 1329 1378
f 552 1299 1200
f 953 1063 1398
f 559 575 1299
f 1027 1028 1399
f 575 665 1383
f 1400 872 759
f 1356 1401 1335
f 759 765 1402
f 1286 1079 1406
f 1079 1311 1406
f 1362 1360 1407
f 1290 1264 1411
f 1183 1374 1347
f 1415 1416 1418
f 1261 1375 1417
f 1325 1326 1420
f 1326 1395 1420
f 1395 1327 1396
f 1352 953 1398
f 1063 955 1422
f 1424 1239 872
f 1299 575 1383
f 1338 1404 1403
f 1384 1286 1406
f 1360 1385 1429
f 1385 1430 1429
f 1385 1384 1430
f 1360 1429 1407
f 1253 1362 1409
f 1409 1362 1434
f 1362 1407 1434
f 1253 1409 1433
f 1411 1264 1435
f 1414 1412 1415
f 1323 1376 1393
f 1324 1263 1325
f 1378 1238 1438
f 1063 1422 1398
f 1422 955 1440
f 955 1027 1440
f 1440 1027 1443
f 1443 1027 1425
f 1027 1399 1425
f 1356 1337 1403
f 1429 1430 1446
f 1430 1384 1406
f 1407 1429 1447
f 1447 1429 1446
f 1448 1407 1447
f 1253 1433 779
f 1407 1448 1434
f 1411 1450 1412
f 1415 1451 1416
f 1347 1374 1454
f 1375 1393 1452
f 1393 1376 1453
f 1395 1396 1455
f 1396 1297 1397
f 1238 1352 1438
f 1426 1460 1462
f 1426 1462 1442
f 1426 1442 1464
f 1462 1463 1442
f 1442 1463 1465
f 1464 1442 1465
f 1464 1465 1466
f 1465 1467 1466
f 1401 1356 1444
f 1430 1468 1446
f 1446 1468 1469
f 1430 1406 1468
f 1406 1311 1468
f 1446 1471 1447
f 1448 1473 1472
f 1409 1434 1472
f 1474 1409 1472
f 1039 1386 1475
f 1433 1474 1476
f 1449 1477 1435
f 1477 1479 1435
f 1221 1257 1478
f 1389 1390 1480
f 1435 1479 1481
f 1435 1481 1450
f 1482 1483 1451
f 1417 1375 1452
f 1376 1324 1453
f 1324 1325 1485
f 1486 1420 1395
f 1455 1397 1487
f 1397 1351 1487
f 1487 1351 1488
f 1351 1378 1488
f 1491 1490 1460
f 1490 1493 1492
f 1490 1492 1460
f 1424 872 1494
f 1460 1492 1495
f 1492 1496 1495
f 1460 1495 1462
f 1462 1495 1496
f 1462 1496 1463
f 1496 1497 1463
f 1497 1499 1463
f 1463 1499 1500
f 872 1400 1498
f 1463 1500 1465
f 1465 1500 1467
f 1467 1500 1501
f 1467 1501 1502
f 1466 1467 1502
f 1504 1400 759
f 1403 1404 1505
f 1505 1404 1507
f 1402 765 1508
f 765 681 1508
f 1468 1311 1511
f 1469 1468 1511
f 681 845 1508
f 1446 1469 1471
f 1471 1469 1512
f 1311 1214 1513
f 1311 1513 1511
f 845 1008 1508
f 1448 1447 1473
f 1447 1471 1473
f 1473 1471 1514
f 1471 1512 1514
f 1214 1039 1475
f 1472 1473 1515
f 1475 1386 1516
f 1474 1472 1476
f 1472 1515 1476
f 1449 1435 1517
f 1477 1520 1479
f 1387 1388 1521
f 1388 1389 1480
f 1479 1520 1481
f 1257 1347 1522
f 1523 1524 1483
f 1452 1393 1526
f 1524 1528 1484
f 1528 1454 1484
f 1453 1324 1485
f 1325 1486 1485
f 1486 1395 1529
f 1395 1455 1529
f 1531 1490 1491
f 1531 1493 1490
f 1492 1533 1496
f 1496 1533 1497
f 1497 1533 1534
f 1497 1534 1535
f 1494 872 1498
f 1497 1535 1499
f 1500 1499 1501
f 1499 1536 1501
f 1502 1501 1537
f 1502 1537 1538
f 1466 1502 1538
f 1466 1538 1503
f 1469 1511 1544
f 1512 1544 1546
f 1512 1546 1547
f 1514 1512 1548
f 1512 1547 1548
f 1515 1548 1549
f 1516 1386 1363
f 1476 1515 1549
f 1550 1551 1449
f 1449 1517 1550
f 1551 1552 1449
f 1477 1552 1520
f 1478 1257 1554
f 1481 1520 1553
f 1257 1522 1554
f 1521 1388 1480
f 1347 1454 1559
f 1525 1452 1560
f 1452 1526 1560
f 1526 1393 1527
f 1527 1453 1558
f 1453 1485 1486
f 1455 1530 1529
f 1487 1488 1561
f 1398 1422 1532
f 1562 1563 1531
f 1459 1531 1491
f 1565 1424 1494
f 1492 1566 1533
f 1533 1568 1534
f 1534 1570 1535
f 1499 1535 1536
f 1498 1400 1573
f 1501 1574 1537
f 1573 1400 1575
f 1537 1574 1576
f 1575 1400 1504
f 1537 1576 1538
f 1503 1538 1540
f 1503 1540 1577
f 1581 1580 1543
f 1582 1546 1544
f 1547 1546 1582
f 1214 1475 1513
f 1433 1476 1585
f 1476 1549 1586
f 1585 1476 1586
f 1550 1517 1587
f 1520 1589 1553
f 1553 1593 1523
f 1435 1264 1517
f 1523 1593 1524
f 1593 1602 1524
f 1522 1347 1559
f 1557 1558 1603
f 1524 1602 1528
f 1558 1453 1604
f 1486 1605 1453
f 1486 1529 1605
f 1529 1530 1605
f 1530 1487 1561
f 1561 1488 1609
f 1488 1610 1609
f 1488 1378 1610
f 472 1239 1051
f 1398 1532 1613
f 1562 1531 1459
f 1424 1565 1614
f 1563 1615 1566
f 1566 1618 1533
f 1618 1568 1533
f 1568 1618 1625
f 1568 1625 1570
f 1570 1625 1638
f 1571 1572 1569
f 1570 1638 1648
f 1535 1570 1648
f 1535 1648 1536
f 1536 1648 1654
f 1501 1536 1574
f 1575 1504 1662
f 1538 1576 1665
f 1540 1538 1577
f 1503 1577 1666
f 1503 1666 1539
f 1444 1356 1668
f 1356 1403 1505
f 1544 1511 1673
f 1673 1511 1674
f 1511 1513 1674
f 1544 1673 1582
f 1547 1582 1675
f 1548 1675 1584
f 1548 1547 1675
f 1549 1548 1677
f 1548 1584 1677
f 1586 1549 1677
f 1591 1592 1679
f 1679 1592 1680
f 1592 1597 1680
f 1680 1597 1682
f 1678 1683 1593
f 1597 1598 1682
f 1598 1600 1684
f 1684 1600 1685
f 1600 1601 1685
f 1685 1601 1686
f 1686 1601 1687
f 1522 1559 1602
f 1601 1604 1687
f 1605 1607 1689
f 1607 1608 1689
f 1421 1690 1459
f 1691 1562 1690
f 1611 1398 1613
f 1564 1615 1563
f 1424 1614 1692
f 1692 1614 1693
f 1566 1615 1618
f 1615 1694 1618
f 1693 1614 1695
f 1614 1616 1695
f 1616 1617 1695
f 1624 1627 1700
f 1627 1628 1700
f 1628 1629 1700
f 1629 1632 1701
f 1632 1636 1701
f 1625 1698 1638
f 1638 1698 1703
f 1636 1640 1637
f 1637 1640 1702
f 1640 1642 1704
f 1642 1645 1704
f 1704 1645 1705
f 1638 1706 1648
f 1638 1703 1706
f 1705 1645 1709
f 1643 1652 1710
f 1648 1706 1654
f 1574 1536 1717
f 1717 1536 1654
f 1655 1664 1714
f 1574 1718 1576
f 1574 1717 1718
f 1662 1504 1721
f 1577 1538 1722
f 1538 1665 1722
f 1665 1723 1722
f 1577 1724 1666
f 1577 1722 1724
f 665 1208 1383
f 1356 1505 1668
f 1208 779 1729
f 1669 1578 1730
f 779 1433 1729
f 1582 1673 1675
f 1584 1675 1676
f 1174 1175 1734
f 1677 1584 1733
f 1585 1586 1735
f 1591 1679 1740
f 1740 1679 1741
f 1679 1680 1741
f 1680 1682 1742
f 1517 1264 1739
f 1682 1598 1745
f 1598 1684 1745
f 1684 1746 1745
f 1684 1685 1746
f 1522 1602 1744
f 1685 1686 1746
f 1686 1687 1748
f 1687 1604 1688
f 1687 1688 1748
f 1605 1749 1688
f 1749 1605 1750
f 1605 1689 1750
f 1689 1608 1751
f 1608 1609 1751
f 1239 1424 1754
f 1421 1755 1690
f 1564 1757 1615
f 1615 1758 1694
f 1694 1759 1618
f 1693 1695 1764
f 1764 1695 1762
f 1695 1617 1762
f 1762 1617 1763
f 1617 1621 1763
f 1624 1766 1623
f 1624 1699 1766
f 1766 1699 1768
f 1699 1767 1768
f 1699 1700 1770
f 1699 1770 1769
f 1700 1629 1770
f 1770 1629 1771
f 1629 1701 1771
f 1698 1772 1703
f 1702 1640 1774
f 1640 1704 1774
f 1774 1704 1775
f 1704 1705 1775
f 1775 1705 1776
f 1705 1709 1776
f 1703 1777 1706
f 1651 1710 1780
f 1706 1777 1781
f 1710 1652 1782
f 1706 1781 1654
f 1713 1716 1782
f 1660 1714 1789
f 1714 1664 1789
f 1718 1717 1787
f 1576 1718 1665
f 1718 1793 1665
f 1718 1787 1793
f 1665 1794 1723
f 1722 1723 1795
f 1666 1724 1539
f 1724 1722 1795
f 1504 759 1797
f 1444 1668 1798
f 1800 1801 1730
f 1731 1673 1802
f 1673 1674 1802
f 1674 1513 1804
f 1676 1731 1803
f 1729 1433 1806
f 1733 1584 1676
f 1735 1677 1733
f 1587 1517 1739
f 1740 1741 1810
f 1740 1810 1811
f 1811 1810 1812
f 1741 1680 1810
f 1810 1680 1742
f 1810 1742 1812
f 1812 1742 1743
f 1811 1812 1814
f 1742 1682 1743
f 1743 1745 1816
f 1745 1746 1817
f 1746 1686 1818
f 1686 1748 1818
f 1820 1818 1748
f 1370 1051 1819
f 1748 1688 1821
f 1750 1689 1822
f 1689 1751 1822
f 1751 1609 1823
f 1609 1610 1823
f 1825 1826 1756
f 1754 1424 1827
f 1827 1424 1828
f 1424 1692 1828
f 1758 1830 1694
f 1694 1830 1759
f 1692 1693 1829
f 1830 1697 1759
f 1693 1760 1829
f 1696 1623 1765
f 1697 1836 1698
f 1767 1699 1769
f 1770 1771 1769
f 1698 1838 1772
f 1701 1773 1771
f 1702 1774 1773
f 1774 1775 1841
f 1775 1776 1841
f 1709 1711 1776
f 1651 1780 1778
f 1777 1845 1781
f 1782 1786 1780
f 1788 1654 1781
f 1787 1856 1793
f 1665 1793 1794
f 1721 1504 1858
f 1539 1724 1859
f 1724 1795 1859
f 1802 1674 1804
f 1803 1731 1802
f 1805 1676 1803
f 1433 1585 1806
f 1733 1807 1866
f 1585 1735 1866
f 1735 1733 1866
f 1814 1812 1816
f 1812 1743 1816
f 1522 1744 1872
f 1816 1745 1871
f 1745 1874 1871
f 1745 1817 1874
f 1746 1818 1820
f 1746 1820 1817
f 1820 1748 1875
f 1748 1821 1875
f 1688 1749 1821
f 1821 1749 1876
f 1749 1877 1876
f 1749 1750 1877
f 1750 1822 1877
f 1823 1610 1879
f 1264 1200 1878
f 1610 1378 1879
f 1378 1438 1879
f 1051 1239 1752
f 1752 1239 1754
f 1880 1825 1755
f 1757 1883 1758
f 1831 1832 1833
f 1830 1836 1697
f 1763 1834 1833
f 1835 1767 1893
f 1769 1899 1767
f 1769 1837 1899
f 1788 1923 1787
f 1856 1787 1923
f 1793 1856 1794
f 1794 1931 1932
f 1795 1723 1932
f 1723 1794 1932
f 1859 1933 1934
f 1795 1933 1859
f 1539 1859 1796
f 1798 1668 1936
f 1802 1940 1939
f 1802 1804 1940
f 1864 1802 1938
f 1864 1803 1802
f 1513 1475 1945
f 1866 1807 1944
f 1363 1342 1947
f 1342 1174 1734
f 1806 1585 1866
f 1554 1522 1949
f 1387 1521 1948
f 1948 1521 1480
f 1814 1816 1950
f 1950 1816 1951
f 1816 1871 1951
f 1874 1817 1952
f 1817 1820 1952
f 1820 1875 1953
f 1875 1821 1953
f 1821 1876 1953
f 1877 1822 1954
f 1877 1954 1955
f 1822 1751 1954
f 1751 1823 1954
f 1956 1352 1957
f 1352 1398 1957
f 1398 1611 1957
f 1883 1959 1758
f 1758 1959 1830
f 1830 1959 1887
f 1882 1884 1960
f 1960 1884 1961
f 1884 1885 1961
f 1885 1886 1961
f 1886 1890 1963
f 1963 1890 1892
f 1890 1891 1892
f 1892 1894 1964
f 1894 1895 1964
f 1964 1895 1966
f 1895 1896 1966
f 1896 1898 1967
f 1898 1900 1967
f 1902 1904 1968
f 1968 1904 1970
f 1904 1907 1970
f 1907 1912 1970
f 1970 1912 1973
f 1911 1913 1972
f 1910 1916 1913
f 1913 1916 1974
f 1974 1916 1977
f 1919 1922 1975
f 1924 1788 1914
f 1918 1925 1978
f 1925 1930 1978
f 1856 1923 1982
f 1794 1856 1931
f 1933 1795 1983
f 1795 1932 1983
f 1796 1859 1934
f 759 1860 1797
f 1505 1507 1984
f 1800 1672 1988
f 1800 1988 1986
f 1938 1939 1987
f 1939 1940 1987
f 1941 1938 1989
f 1865 1943 1944
f 1516 1363 1947
f 1387 1948 1991
f 1871 1874 1992
f 1992 1874 1994
f 1874 1952 1994
f 1820 1953 1952
f 1953 1876 1996
f 1876 1955 1996
f 1876 1877 1955
f 1879 1438 1998
f 1753 1489 2000
f 1826 2002 1757
f 1754 1827 2003
f 1757 2002 1959
f 1827 1882 2004
f 1882 1960 2004
f 2006 1960 2008
f 1960 1961 2008
f 2008 1961 2010
f 1961 1886 2011
f 1886 1963 2011
f 1963 1892 2013
f 1892 1964 2013
f 1964 1965 2013
f 1965 1964 2017
f 1964 1966 2017
f 1966 1896 2017
f 2017 1896 2018
f 1896 1967 2018
f 1967 1901 2019
f 1901 1902 2019
f 1902 1968 2022
f 2022 1968 2023
f 1838 2020 1840
f 1840 2020 2024
f 1968 1970 2023
f 2023 1970 2025
f 2025 1970 2026
f 1970 1973 2026
f 1979 1858 2031
f 2031 1858 2036
f 1856 1982 2037
f 1858 1504 2035
f 1931 1856 2037
f 1504 1797 2035
f 1932 1931 1983
f 1983 1931 2038
f 1796 1934 2039
f 1668 1505 2041
f 1938 2043 1989
f 1938 1987 2043
f 1940 1804 2042
f 1804 1513 2044
f 1944 1943 2045
f 1946 2045 1806
f 1370 1819 1392
f 1873 1950 2048
f 1950 1951 2048
f 1522 1872 1949
f 1992 1994 2050
f 1952 1953 1996
f 1996 1955 2053
f 1955 1954 2053
f 2053 1954 2054
f 1352 1956 1438
f 2001 2056 1958
f 2003 1827 2057
f 1827 2004 2057
f 2004 1960 2059
f 1960 2006 2059
f 2059 2006 2060
f 2006 2007 2060
f 2007 2008 2061
f 2061 2008 2009
f 1963 2013 2011
f 2016 2017 2067
f 2017 2018 2067
f 2018 1967 2019
f 2022 2023 2071
f 2022 2071 2021
f 2023 2025 2071
f 2025 2074 2071
f 2074 2025 2076
f 2025 2026 2076
f 1913 1974 2027
f 2027 1974 2079
f 1974 1977 2079
f 1914 1909 2080
f 1975 1922 2029
f 2029 1922 2084
f 1978 1930 2030
f 1923 1924 1982
f 2038 1931 2090
f 1931 2037 2090
f 1983 2038 2092
f 1933 1983 2092
f 2039 1934 2093
f 2093 1934 1933
f 1860 759 2094
f 2040 1798 1936
f 1989 2043 2097
f 2043 2098 2097
f 2043 1987 2098
f 1987 1940 2098
f 2098 1940 2042
f 2042 1804 2101
f 1943 1989 2099
f 1989 2097 2099
f 1804 2044 2101
f 1508 1008 2105
f 2104 1943 2099
f 2045 1943 2104
f 2044 1513 1945
f 1945 1475 2107
f 1806 2110 1729
f 1806 2045 2106
f 1475 1516 2107
f 1734 1175 2108
f 2108 1175 2109
f 1175 1867 2109
f 1806 2106 2110
f 1951 1871 2112
f 1871 1992 2112
f 1872 2114 1949
f 1994 2113 2050
f 1994 1952 2113
f 2113 1952 2115
f 1952 1996 2115
f 2121 2122 2005
f 2058 2059 2124
f 2059 2060 2124
f 2060 2061 2124
f 2124 2061 2009
f 1957 1611 2127
f 2009 2010 2125
f 2125 2010 2126
f 2010 1961 2126
f 1961 2011 2126
f 2126 2011 2128
f 1611 2012 2127
f 2011 2064 2128
f 2011 2013 2064
f 2127 2012 2134
f 2065 2066 2064
f 2066 2069 2064
f 2066 2067 2069
f 2018 2068 2067
f 2068 2070 2069
f 2021 2071 2137
f 2137 2071 2072
f 2072 2140 2137
f 2072 2074 2140
f 2074 2076 2142
f 2076 2026 2143
f 1973 2027 2143
f 2027 2078 2143
f 2029 2084 2085
f 2084 2030 2150
f 1924 2149 2153
f 1982 1924 2153
f 2035 1797 2157
f 2157 1797 2160
f 1933 2092 2159
f 2093 1933 2159
f 1796 2039 1725
f 1725 2039 2093
f 1383 1208 2161
f 1668 2041 1936
f 2096 1862 1985
f 2097 2098 2100
f 2100 2098 2164
f 2100 2164 2165
f 2098 2042 2164
f 2042 2101 2166
f 2164 2042 2166
f 2099 2100 2165
f 2099 2097 2100
f 2104 2099 2168
f 2099 2165 2168
f 2045 2104 2169
f 2169 2104 2168
f 2106 2045 2169
f 2110 2106 2170
f 1947 1342 2171
f 2110 2170 2172
f 1478 1554 2173
f 1739 1264 2111
f 1873 2048 2176
f 2115 1996 2180
f 1954 1823 2181
f 1823 1879 2181
f 1998 1438 1999
f 1999 1438 1956
f 1754 2003 2183
f 2003 2118 2183
f 2183 2118 2185
f 2118 2119 2185
f 2185 2119 2186
f 2119 2120 2186
f 2186 2120 2187
f 2187 2120 2188
f 2120 2125 2188
f 2125 2126 2189
f 2126 2128 2191
f 2128 2129 2191
f 2129 2130 2191
f 2191 2130 2192
f 2192 2130 2193
f 2130 2131 2193
f 2193 2131 2194
f 2063 2195 2014
f 2131 2070 2194
f 2194 2070 2196
f 2070 2135 2196
f 1299 1383 2132
f 2021 2198 2135
f 2021 2136 2198
f 2198 2136 2199
f 2199 2136 2200
f 2136 2138 2200
f 2200 2138 2201
f 2138 2139 2201
f 2201 2139 2202
f 2141 2142 2203
f 2078 2144 2143
f 2143 2144 2205
f 2205 2144 2206
f 2086 2154 2212
f 1982 2153 2213
f 1982 2213 2214
f 2154 2156 2215
f 2090 2037 2217
f 2037 1982 2214
f 2037 2214 2217
f 2215 2156 2219
f 2092 2038 2216
f 2038 2090 2216
f 2159 2092 2220
f 2093 2159 2222
f 1986 1988 2227
f 2165 2164 2228
f 2228 2164 2229
f 2164 2166 2229
f 2168 2165 2230
f 2165 2228 2230
f 2168 2230 2232
f 2230 2228 2232
f 2228 2231 2232
f 2044 1945 2233
f 2169 2168 2170
f 2170 2168 2232
f 1945 2107 2233
f 2170 2232 2234
f 1729 2110 2172
f 2170 2234 2172
f 2172 2236 2235
f 1478 2173 2237
f 1480 1390 2241
f 1390 1392 2241
f 1992 2050 2242
f 1949 2114 2245
f 2180 1996 2053
f 2055 2248 2182
f 2182 2249 2056
f 2184 2250 2122
f 2188 2125 2253
f 2125 2189 2253
f 2189 2126 2254
f 2126 2190 2254
f 2190 2191 2256
f 2191 2192 2256
f 2256 2192 2257
f 2202 2139 2260
f 2139 2141 2260
f 2260 2141 2262
f 2142 2076 2263
f 2075 2265 2204
f 2076 2143 2264
f 2143 2205 2264
f 2077 2204 2080
f 2148 2152 2207
f 2086 2212 2266
f 2092 2216 2220
f 2160 1797 1860
f 1725 2093 2221
f 2093 2222 2221
f 2040 1936 2223
f 759 1402 2094
f 1208 1729 2161
f 2271 2041 1984
f 2271 1984 2225
f 2229 2166 2273
f 2273 2166 2101
f 2274 1313 2275
f 2231 2276 2277
f 2232 2231 2277
f 2232 2277 2278
f 1729 2172 2235
f 2234 2278 2236
f 2234 2232 2278
f 2172 2234 2236
f 1951 2112 2282
f 2242 2050 2285
f 2050 2113 2285
f 2113 2115 2285
f 2115 2286 2285
f 2115 2180 2286
f 1954 2181 2054
f 2181 1879 1998
f 1200 1299 2132
f 1752 1754 2183
f 2249 2288 2289
f 2183 2185 2291
f 2185 2186 2291
f 2186 2187 2291
f 2291 2187 2292
f 2187 2188 2292
f 2253 2189 2293
f 2189 2254 2293
f 2254 2190 2255
f 2190 2295 2255
f 2190 2256 2295
f 2256 2257 2296
f 2196 2135 2298
f 2135 2198 2298
f 2264 2205 2300
f 2205 2206 2300
f 2304 2215 2307
f 2305 2304 2307
f 2306 2305 2309
f 2309 2305 2307
f 2215 2219 2307
f 2216 2308 2270
f 2216 2090 2308
f 2090 2217 2308
f 2220 2216 2270
f 2159 2220 2222
f 2227 1988 2314
f 2229 2273 2316
f 2276 2229 2316
f 2319 2277 2276
f 2278 2277 2319
f 1342 1734 2171
f 2236 2278 2320
f 2235 2236 2321
f 2321 2236 2320
f 2322 2323 2240
f 2240 2323 2279
f 2048 1951 2282
f 2112 1992 2242
f 2180 2053 2327
f 2053 2054 2328
f 1999 1956 2329
f 2292 2253 2331
f 2331 2253 2293
f 2294 2334 2293
f 2294 2255 2336
f 2255 2295 2336
f 2295 2296 2336
f 2296 2257 2337
f 2257 2192 2338
f 2194 2196 2339
f 2134 2297 2127
f 2201 2202 2340
f 1383 2261 2132
f 2262 2203 2260
f 2260 2203 2263
f 2263 2264 2342
f 2300 2206 2302
f 2301 2204 2343
f 2346 2149 2301
f 2160 1860 2348
f 1725 2221 2351
f 2354 2310 2311
f 2312 2353 2313
f 2353 2354 2311
f 2353 2311 2313
f 2356 2272 2315
f 2316 2273 2358
f 2273 2101 2358
f 2101 2044 2358
f 2276 2316 2362
f 2319 2276 2362
f 2278 2319 2320
f 2171 1734 2108
f 2321 2320 2368
f 2235 2321 2369
f 2321 2368 2369
f 2280 2323 2324
f 2112 2242 2282
f 2242 2285 2371
f 2371 2285 2372
f 2285 2286 2372
f 2286 2180 2372
f 2372 2180 2327
f 1956 1957 2330
f 1752 2183 2290
f 2290 2183 2291
f 2331 2332 2292
f 2292 2332 2379
f 2332 2333 2379
f 2379 2333 2380
f 2380 2333 2381
f 2381 2333 2337
f 2337 2257 2383
f 2383 2257 2338
f 2201 2340 2385
f 2260 2263 2386
f 2263 2342 2386
f 2386 2264 2387
f 2264 2300 2388
f 2264 2388 2387
f 2302 2345 2344
f 2344 2345 2389
f 2389 2345 2392
f 2304 2305 2306
f 2393 2304 2306
f 2394 2211 2346
f 2393 2306 2395
f 2214 2213 2394
f 2306 2309 2395
f 2395 2309 2398
f 2308 2217 2396
f 2217 2214 2397
f 2220 2399 2350
f 2220 2270 2399
f 2270 2396 2399
f 2270 2308 2396
f 2220 2350 2222
f 2221 2222 2400
f 2316 2358 2408
f 2362 2408 2361
f 2362 2316 2408
f 2319 2362 2361
f 2360 2366 2410
f 2319 2361 2409
f 2320 2319 2367
f 2368 2320 2367
f 2322 2416 2323
f 2416 2418 2323
f 2239 1554 1949
f 2324 2419 2370
f 2283 2370 2422
f 2053 2328 2327
f 1878 1200 2132
f 2291 2292 2290
f 2290 2292 2425
f 2425 2292 2426
f 2292 2379 2426
f 2379 2380 2426
f 2297 2428 2127
f 2297 2133 2427
f 2339 2196 2429
f 2428 2297 2427
f 2428 2427 2430
f 2196 2298 2431
f 2196 2431 2429
f 2298 2198 2432
f 2340 2202 2434
f 2202 2260 2434
f 2260 2386 2435
f 2435 2386 2387
f 2300 2344 2388
f 2396 2217 2397
f 2397 2214 2394
f 2351 2221 2400
f 2352 2223 2438
f 2223 1936 2438
f 1936 2310 2441
f 2440 2441 2310
f 2404 2358 2451
f 2406 2404 2449
f 2451 2358 2044
f 2105 2274 2453
f 2360 2410 2454
f 1729 2235 2412
f 2412 2235 2369
f 2368 2367 2413
f 2418 2416 2457
f 2418 2457 2419
f 1948 1480 2458
f 2419 2457 2370
f 2111 1264 2240
f 2371 2372 2421
f 1949 2245 2463
f 2462 2463 2245
f 2421 2372 2464
f 2372 2327 2464
f 2464 2327 2465
f 1264 1878 2467
f 2054 2181 2328
f 2328 2181 2466
f 1752 2290 2470
f 2474 2470 2475
f 2470 2290 2471
f 2470 2471 2475
f 2475 2471 2476
f 2471 2290 2472
f 2471 2472 2476
f 2476 2472 2477
f 2290 2425 2472
f 2472 2425 2473
f 2474 2475 2479
f 2381 2337 2478
f 2337 2383 2478
f 1957 2127 2330
f 2127 2428 2430
f 2200 2201 2385
f 2486 2393 2489
f 2487 2488 2490
f 2490 2488 2491
f 2488 2486 2491
f 2486 2489 2491
f 2487 2490 2492
f 2490 2491 2492
f 2492 2491 2493
f 2395 2398 2489
f 2489 2398 2493
f 2491 2489 2493
f 2399 2495 2350
f 2400 2350 2494
f 1725 2351 2496
f 2351 2400 2496
f 2356 2315 2503
f 2446 2501 2445
f 2446 2447 2501
f 2501 2447 2502
f 2447 2404 2451
f 2451 2044 2233
f 1729 2412 2507
f 2452 2506 2412
f 2410 2366 2454
f 2107 1516 2509
f 2369 2368 2412
f 2368 2413 2412
f 2510 2511 2416
f 2511 2515 2457
f 1480 2241 2458
f 2420 2282 2517
f 2517 2282 2518
f 2282 2519 2518
f 2457 2515 2520
f 2282 2242 2519
f 2242 2371 2519
f 2371 2421 2519
f 2520 2462 2460
f 2472 2473 2528
f 2425 2426 2526
f 2475 2476 2479
f 2479 2476 2527
f 2479 2527 2534
f 2476 2477 2527
f 2527 2477 2534
f 2474 2532 2531
f 2474 2479 2532
f 2479 2533 2532
f 2479 2534 2533
f 2430 2427 2535
f 2481 2536 2537
f 2435 2387 2538
f 2387 2483 2538
f 2540 2487 2539
f 2540 2541 2487
f 2541 2542 2488
f 2488 2542 2486
f 2350 2543 2494
f 2350 2495 2543
f 2495 2399 2544
f 2399 2396 2544
f 2400 2494 2496
f 1725 2496 2437
f 2438 1936 2545
f 2442 2548 2497
f 2500 2549 2551
f 2500 2501 2549
f 2501 2502 2549
f 2549 2502 2552
f 2502 2447 2451
f 2504 2500 2550
f 1508 2105 2554
f 2105 2453 2554
f 2453 2555 2554
f 1947 2171 2556
f 2559 2560 2511
f 2511 2560 2515
f 2512 2513 2561
f 2561 2513 2562
f 2513 2514 2562
f 2562 2514 2563
f 2563 2514 2565
f 2514 2420 2565
f 2420 2517 2565
f 2515 2566 2520
f 2518 2519 2568
f 2519 2421 2568
f 2421 2521 2568
f 2521 2464 2522
f 2465 2327 2569
f 2327 2328 2570
f 1264 2467 2240
f 1956 2330 2329
f 2473 2425 2575
f 2426 2380 2576
f 2380 2381 2576
f 2474 2531 2530
f 2477 2579 2534
f 2477 2472 2528
f 2477 2528 2579
f 2531 2532 2577
f 2532 2533 2578
f 2533 2534 2578
f 2192 2193 2580
f 2193 2194 2580
f 2430 2582 2127
f 2430 2480 2582
f 2435 2538 2584
f 2483 2388 2585
f 2388 2344 2586
f 2539 2587 2540
f 2587 2588 2540
f 2588 2484 2542
f 2587 2539 2487
f 2394 2346 2590
f 2487 2492 1860
f 2492 2348 1860
f 2494 2543 2591
f 2544 2592 2495
f 2437 2496 2594
f 2496 2494 2595
f 2497 2548 2599
f 2504 2550 2603
f 2505 2504 2603
f 2505 2603 2604
f 2506 2505 2604
f 2554 2555 2607
f 2507 2412 2606
f 2412 2604 2606
f 2412 2506 2604
f 2607 2555 2609
f 2455 2611 2610
f 2455 2322 2611
f 2611 2322 2558
f 2322 2240 2558
f 2561 2562 2613
f 2613 2562 2614
f 2562 2563 2614
f 2563 2565 2616
f 2565 2517 2617
f 2565 2617 2616
f 1949 2618 2239
f 1949 2463 2618
f 2517 2518 2617
f 2518 2568 2619
f 2568 2521 2619
f 2619 2521 2621
f 2521 2522 2621
f 2621 2522 2622
f 2522 2465 2622
f 2622 2465 2623
f 2328 2571 2570
f 2328 2466 2571
f 2181 1998 2624
f 1752 2470 2625
f 2575 2425 2629
f 2629 2425 2526
f 2474 2530 2631
f 2630 2528 2575
f 2530 2632 2631
f 2530 2531 2632
f 2531 2577 2632
f 2577 2634 2632
f 2577 2532 2578
f 2577 2578 2634
f 2578 2534 2633
f 2578 2633 2634
f 2633 2579 2634
f 2633 2534 2579
f 2580 2194 2635
f 2194 2339 2635
f 2298 2432 2431
f 2198 2199 2432
f 2480 2481 2582
f 2481 2537 2582
f 2587 2487 1860
f 2593 2394 2590
f 2591 2543 2640
f 2543 2495 2640
f 2640 2495 2592
f 2544 2396 2641
f 2396 2397 2641
f 2397 2394 2593
f 2594 2595 2642
f 1936 2441 2546
f 2546 2441 2643
f 2548 2499 2644
f 2549 2552 2600
f 2600 2552 2647
f 2550 2646 2645
f 2550 2551 2646
f 2551 2549 2600
f 2603 2550 2645
f 2161 1729 2507
f 2161 2507 2648
f 2403 2649 2602
f 2403 2314 2649
f 2451 2233 2650
f 2509 1516 2651
f 1516 1947 2651
f 1947 2556 2651
f 2613 2614 2656
f 2613 2656 2657
f 2657 2656 2658
f 2658 2656 2659
f 2614 2563 2656
f 2656 2563 2616
f 2656 2616 2659
f 2616 2617 2662
f 2659 2616 2662
f 2617 2518 2663
f 2664 2619 2667
f 2619 2621 2667
f 2621 2622 2668
f 2667 2621 2668
f 2465 2569 2623
f 2327 2570 2569
f 2466 2181 2669
f 2181 2624 2669
f 2470 2474 2625
f 2575 2629 2671
f 2671 2629 2672
f 2671 2672 2676
f 2629 2526 2672
f 2672 2526 2673
f 2672 2673 2676
f 2676 2673 2677
f 2673 2526 2674
f 2674 2526 2675
f 2474 2631 2625
f 2671 2676 2630
f 2630 2680 2679
f 2631 2632 2681
f 2681 2632 2683
f 2683 2632 2684
f 2632 2682 2684
f 2632 2634 2682
f 2684 2682 2685
f 2682 2634 2679
f 2682 2679 2685
f 2634 2579 2679
f 2683 2684 2686
f 2432 2199 2687
f 2199 2200 2687
f 2435 2584 2691
f 2692 2693 2695
f 2693 2694 2696
f 2695 2693 2696
f 2694 2697 2696
f 2695 2696 2698
f 2586 2344 2701
f 2695 2698 2702
f 2702 2698 2703
f 2698 2699 2703
f 2703 2699 2700
f 2587 1860 2702
f 2595 2591 2704
f 2591 2705 2704
f 2591 2640 2705
f 2640 2592 2706
f 2592 2544 2707
f 2545 1936 2708
f 1936 2546 2708
f 2644 2499 2710
f 2499 2443 2710
f 2646 2551 2600
f 2647 2552 2711
f 2552 2502 2711
f 2711 2502 2713
f 2502 2451 2713
f 1402 1508 2554
f 2603 2645 2712
f 2451 2650 2713
f 2714 2604 2712
f 2604 2603 2712
f 2606 2604 2716
f 2716 2604 2714
f 2507 2606 2717
f 2233 2107 2718
f 2107 2509 2718
f 2721 2659 2722
f 2657 2658 2721
f 2659 2662 2722
f 2618 2666 2239
f 2617 2663 2662
f 2663 2518 2664
f 2518 2619 2664
f 2664 2667 2724
f 2668 2622 2623
f 2571 2466 2669
f 1752 2625 2725
f 2673 2674 2728
f 2728 2674 2729
f 2676 2677 2731
f 2731 2677 2733
f 2630 2676 2680
f 2680 2676 2732
f 2732 2676 2731
f 2731 2733 2732
f 2631 2681 2625
f 2679 2680 2734
f 2686 2684 2735
f 2684 2685 2735
f 2735 2685 2737
f 2685 2679 2734
f 2635 2339 2738
f 2739 2683 2736
f 2683 2686 2736
f 2736 2686 2740
f 2686 2735 2740
f 2735 2737 2740
f 2689 2537 2690
f 2741 2743 2746
f 2747 2750 2746
f 2747 2748 2750
f 2750 2748 2694
f 2748 2749 2694
f 2744 2745 2692
f 2694 2749 2697
f 2749 2751 2697
f 2584 2538 2753
f 2697 2751 2696
f 2751 2754 2696
f 2696 2754 2699
f 2754 2755 2699
f 2756 2586 2701
f 2755 2700 2699
f 2695 2702 2757
f 2639 2346 2759
f 2702 1860 2757
f 2757 1860 2094
f 2704 2705 2761
f 2595 2704 2642
f 2705 2640 2706
f 2706 2592 2764
f 2592 2707 2765
f 2641 2397 2766
f 2646 2600 2769
f 2769 2600 2647
f 2769 2647 2770
f 2647 2711 2770
f 2712 2645 2646
f 2712 2646 2771
f 2712 2771 2772
f 2714 2712 2772
f 2716 2714 2772
f 2774 2779 2717
f 2717 2779 2780
f 1392 1819 2783
f 2239 2666 2720
f 2721 2722 2784
f 2663 2664 2785
f 2664 2724 2785
f 2724 2667 2786
f 2667 2668 2786
f 2668 2623 2786
f 2623 2569 2788
f 2788 2569 2789
f 2569 2570 2789
f 2570 2571 2790
f 2570 2790 2789
f 2571 2669 2790
f 1998 1999 2624
f 2526 2426 2675
f 2733 2677 2797
f 2677 2728 2797
f 2625 2681 2739
f 2680 2801 2800
f 2680 2732 2801
f 2732 2733 2799
f 2734 2680 2800
f 2734 2800 2803
f 2681 2683 2739
f 2685 2734 2737
f 2737 2734 2806
f 2734 2807 2806
f 2739 2736 2804
f 2736 2740 2804
f 2740 2737 2805
f 2537 2689 2582
f 2434 2260 2435
f 2809 2742 2745
f 2809 2745 2744
f 2742 2741 2745
f 2742 2810 2741
f 2810 2743 2741
f 2810 2811 2747
f 2811 2748 2747
f 2748 2812 2749
f 2812 2813 2749
f 2584 2753 2691
f 2744 2692 2757
f 2585 2586 2815
f 2755 2816 2700
f 2816 2817 2700
f 2692 2695 2757
f 2389 2392 2820
f 2594 2642 2760
f 2761 2705 2823
f 2823 2705 2762
f 2544 2641 2707
f 2766 2397 2825
f 2397 2593 2825
f 2768 2601 2831
f 2769 2833 2771
f 2769 2832 2833
f 2833 2832 2834
f 2769 2770 2832
f 2770 2713 2832
f 2832 2713 2835
f 2770 2711 2713
f 2771 2833 2836
f 2834 2832 2837
f 2837 2832 2835
f 2649 2314 2838
f 2772 2771 2839
f 2839 2771 2836
f 2833 2834 2837
f 2713 2650 2835
f 2836 2833 2837
f 2839 2836 2840
f 2836 2837 2840
f 2775 2716 2772
f 2775 2772 2841
f 2772 2839 2841
f 2650 2233 2842
f 2774 2716 2775
f 2839 2843 2841
f 2233 2718 2842
f 2779 2774 2841
f 2775 2841 2774
f 2717 2780 2507
f 2780 2779 2841
f 2722 2662 2784
f 2662 2663 2784
f 2723 2721 2844
f 2845 2724 2786
f 2786 2623 2787
f 2787 2623 2788
f 2729 2674 2847
f 2674 2675 2847
f 2728 2729 2852
f 2797 2728 2851
f 2732 2799 2801
f 2733 2797 2799
f 2625 2739 2848
f 2800 2801 2854
f 2734 2803 2807
f 2739 2804 2856
f 2804 2740 2805
f 2804 2805 2856
f 2856 2805 2857
f 2805 2737 2806
f 2805 2806 2857
f 2689 2690 2859
f 2809 2860 2810
f 2810 2860 2811
f 2860 2812 2811
f 2864 2816 2754
f 2820 2392 2870
f 2822 2761 2823
f 2823 2762 2866
f 2762 2706 2871
f 2592 2765 2764
f 2546 2643 2872
f 2840 2837 2875
f 2837 2835 2875
f 2835 2876 2875
f 2840 2875 2843
f 2839 2840 2843
f 2841 2843 2877
f 2507 2780 2648
f 2841 2877 2878
f 2780 2841 2878
f 2780 2878 2879
f 2558 2240 2467
f 2784 2663 2844
f 2844 2663 2883
f 2663 2785 2883
f 2720 2666 2886
f 2845 2786 2887
f 2786 2787 2887
f 2789 2790 2888
f 2625 2848 2725
f 2847 2675 2891
f 2891 2675 2892
f 2892 2675 2893
f 2675 2426 2893
f 2576 2381 2895
f 2381 2478 2895
f 2728 2852 2851
f 2799 2797 2897
f 2797 2851 2897
f 2854 2801 2901
f 2854 2901 2903
f 2903 2901 2904
f 2901 2801 2902
f 2901 2902 2904
f 2904 2902 2905
f 2801 2799 2902
f 2903 2904 2907
f 2907 2904 2905
f 2848 2739 2909
f 2903 2907 2807
f 2907 2905 2908
f 2806 2807 2911
f 2127 2582 2855
f 2739 2856 2909
f 2912 2909 2913
f 2913 2909 2914
f 2909 2856 2910
f 2909 2910 2914
f 2914 2910 2915
f 2856 2857 2910
f 2910 2857 2911
f 2910 2911 2915
f 2915 2911 2916
f 2857 2806 2911
f 2911 2807 2916
f 2807 2907 2916
f 2907 2908 2916
f 2913 2914 2917
f 2914 2915 2917
f 2429 2431 2918
f 2912 2913 2919
f 2916 2908 2921
f 2920 2917 2915
f 2915 2916 2923
f 2913 2917 2920
f 2920 2915 2923
f 2923 2916 2924
f 2916 2921 2924
f 2919 2913 2925
f 2913 2920 2925
f 2920 2923 2928
f 2923 2924 2928
f 2924 2921 2927
f 2925 2920 2928
f 2919 2925 2930
f 2925 2928 2930
f 2930 2928 2931
f 2931 2928 2813
f 2928 2924 2813
f 2809 2744 2930
f 2813 2924 2861
f 2924 2927 2861
f 2927 2921 2929
f 2930 2744 2757
f 2861 2927 2863
f 2863 2927 2935
f 2927 2929 2935
f 2935 2929 2936
f 2863 2935 2938
f 2935 2936 2938
f 2938 2936 2817
f 2817 2939 2941
f 2862 2932 2943
f 2941 2942 2869
f 2869 2942 2944
f 2868 2762 2871
f 2943 2946 2947
f 2831 2838 2874
f 2835 2650 2876
f 2954 2875 2876
f 2956 2875 2954
f 2957 2843 2956
f 2843 2957 2877
f 2241 1392 2783
f 2239 2720 2960
f 2788 2789 2888
f 2330 2127 2855
f 2847 2891 2852
f 2902 2799 2897
f 2902 2897 2965
f 2848 2909 2912
f 2908 2905 2969
f 2908 2969 2970
f 2385 2340 2971
f 2340 2434 2971
f 2970 2969 2973
f 2970 2973 2929
f 2929 2973 2936
f 2919 2930 2977
f 2930 2757 2977
f 2977 2757 2094
f 2932 2926 2981
f 2937 2866 2940
f 2940 2868 2982
f 2941 2984 2942
f 2932 2981 2946
f 2871 2706 2764
f 2764 2765 2989
f 2546 2872 2992
f 2876 2650 2998
f 2957 2956 2999
f 2607 2609 3001
f 2957 2999 3000
f 2877 2957 3002
f 3002 2957 3000
f 2171 3003 2556
f 2171 2108 3003
f 2878 2877 3002
f 2780 2879 3005
f 3004 2878 3002
f 2879 2878 3004
f 2558 2467 2958
f 2785 2724 3007
f 2724 2845 3007
f 2887 2787 3010
f 2330 2855 2329
f 2891 2892 3012
f 2852 2891 3013
f 2897 2851 2964
f 3015 2897 2964
f 2848 2912 3017
f 2339 2429 2738
f 2912 2919 3017
f 3017 2919 2977
f 2582 2689 2972
f 2933 2976 2974
f 2435 2691 2975
f 2859 2862 2689
f 2862 2980 2689
f 2940 2982 3036
f 2862 2943 2980
f 2871 2764 2988
f 2980 2943 2947
f 2872 2993 2992
f 2950 2994 3044
f 3047 2951 3049
f 2951 2995 3049
f 2954 3054 3053
f 2954 2876 3054
f 2876 2998 3054
f 2956 2954 2999
f 2999 2954 3053
f 3000 2999 3057
f 2108 2109 3058
f 2109 1867 3058
f 2648 2780 3060
f 2780 3005 3060
f 3004 3059 3005
f 3004 3002 3059
f 2879 3004 3005
f 2173 2239 3061
f 2723 2844 3065
f 3065 2844 3066
f 2844 2883 3066
f 2883 2785 3007
f 3007 2845 3068
f 2720 2886 2960
f 2845 2887 3068
f 2787 2788 3010
f 2790 2669 2962
f 2851 3073 2964
f 2851 3013 3073
f 2848 3017 2725
f 2431 2432 2918
f 2582 2972 2855
f 2261 1383 3088
f 2982 3037 3086
f 2756 2701 3091
f 2983 3040 3037
f 2871 2988 3040
f 2948 3093 2991
f 2948 3092 2767
f 2948 2545 3093
f 2545 2708 3093
f 3047 3049 3095
f 3049 2995 3095
f 3095 2995 3098
f 3053 3054 3055
f 2999 3053 3056
f 2650 2842 2998
f 2999 3056 3057
f 2648 3060 3102
f 3005 3059 3060
f 2958 2467 3063
f 3066 2883 3104
f 2960 2886 3070
f 3069 3105 3009
f 3010 2788 2888
f 2892 2893 3107
f 3013 3012 3108
f 3015 2964 3110
f 3083 3084 3085
f 3085 3084 3086
f 2975 2691 3119
f 2689 2980 2972
f 3118 3120 3087
f 3086 3037 3117
f 3087 3120 3122
f 3119 2691 2753
f 3121 3119 2753
f 2977 2094 2986
f 3087 3122 3089
f 3123 3121 2753
f 2756 3091 3123
f 2701 2820 3091
f 2988 2764 3124
f 2764 2989 3124
f 2765 2707 2990
f 2947 2991 3093
f 2991 3043 3092
f 2992 2993 3127
f 2993 3046 3127
f 3095 3098 3129
f 3132 3129 3098
f 3100 3099 3135
f 2108 3058 3003
f 3101 3137 3060
f 3063 2467 3138
f 2883 3007 3141
f 3068 2887 3010
f 2888 2790 3106
f 2790 2962 3106
f 2962 2669 3144
f 2669 2624 3144
f 1999 2329 3011
f 3073 3013 3149
f 3013 3108 3149
f 3015 3110 3111
f 3109 3114 3151
f 3085 3117 3153
f 3154 3155 3120
f 3120 3090 3122
f 3037 3040 3157
f 2988 3124 3040
f 2593 2590 3159
f 2989 2765 3160
f 2765 2990 3160
f 2980 2947 3093
f 3096 3161 3133
f 3055 2998 3134
f 3135 3133 3163
f 3137 3136 3165
f 3138 3168 3139
f 3103 3169 3142
f 3104 2883 3141
f 3105 3172 3070
f 3010 2888 3171
f 3171 2888 3173
f 3173 2888 3106
f 2893 2426 3174
f 2426 2576 3174
f 3149 3175 3073
f 3177 3111 3176
f 3150 3109 3178
f 3109 3151 3178
f 3153 3117 3156
f 3119 3121 3181
f 3121 3123 3181
f 2989 3160 3185
f 2708 2546 3127
f 3127 3046 3187
f 3188 3044 3048
f 3095 3129 3189
f 3189 3129 3131
f 3161 3130 3190
f 3130 3134 3190
f 3163 3133 3191
f 3133 3161 3191
f 3134 2998 3192
f 3136 3135 3163
f 3165 3136 3164
f 3137 3165 3060
f 3138 3193 3168
f 3168 3194 3140
f 3061 2239 2960
f 3194 3195 3169
f 3141 3007 3197
f 3007 3068 3197
f 3068 3171 3197
f 3171 3173 3198
f 3173 3106 3200
f 3106 2962 3201
f 2962 3144 3201
f 2329 2855 3204
f 3072 3148 3146
f 3146 3148 3206
f 2478 2383 3207
f 2383 2338 3207
f 3206 3148 3150
f 3176 3073 3208
f 3177 3176 3209
f 3177 3209 3210
f 3112 3177 3210
f 3151 3153 3179
f 3017 2977 2986
f 3042 3183 3184
f 2989 3185 3124
f 2990 2707 3213
f 2707 2641 3213
f 3161 3215 3191
f 3190 3134 3216
f 3216 3134 3192
f 3192 2998 3220
f 3165 3164 3221
f 3060 3165 3221
f 3060 3221 3102
f 3195 3227 3170
f 3065 3066 3230
f 3231 3172 3170
f 2960 3070 3232
f 3197 3171 3198
f 3200 3106 3234
f 3234 3106 3235
f 3235 3106 3201
f 3011 2329 3204
f 3147 3012 3238
f 3207 2338 3239
f 2338 2192 3239
f 3206 3150 3240
f 3209 3176 3241
f 3210 3209 3242
f 3242 3209 3243
f 3243 3209 3241
f 2918 2432 3245
f 2687 2200 3246
f 2200 2385 3246
f 2725 3017 2986
f 3242 3243 3247
f 3178 3179 3244
f 3242 3247 3248
f 3247 3243 3249
f 3247 3249 3250
f 3248 3247 3212
f 3247 3250 3212
f 3123 3091 3251
f 3157 3252 3156
f 3254 3253 3255
f 3254 3255 3257
f 3255 3256 3257
f 2708 3127 3258
f 3215 3161 3262
f 3262 3161 3216
f 3161 3190 3216
f 3217 3162 3263
f 3218 3191 3215
f 3163 3218 3264
f 3164 3163 3264
f 3220 2998 3266
f 3265 3164 3264
f 2998 2842 3266
f 3003 3058 3267
f 3224 3226 3225
f 3273 3274 3227
f 2960 3232 3276
f 3196 3104 3275
f 3196 3275 3229
f 3104 3141 3277
f 3141 3197 3277
f 3197 3233 3277
f 3198 3199 3279
f 3173 3280 3199
f 3173 3200 3280
f 1051 1752 1819
f 1819 1752 3236
f 3176 3208 3283
f 3150 3178 3244
f 3249 3284 3285
f 2434 2435 3287
f 3179 3156 3286
f 3249 3285 3250
f 3156 3252 3288
f 3253 3290 3255
f 3189 3217 3293
f 3216 3192 3295
f 3295 3192 3220
f 3218 3215 3294
f 2648 3102 2161
f 3221 3265 3297
f 3102 3221 3297
f 2651 2556 3003
f 3268 3298 3193
f 3224 3298 3226
f 3298 3227 3226
f 3269 3270 3301
f 3301 3270 3302
f 3270 3272 3302
f 3302 3272 3304
f 3304 3272 3275
f 3275 3104 3305
f 3277 3233 3306
f 3233 3279 3306
f 3306 3279 3308
f 3308 3279 3280
f 3280 3200 3309
f 3200 3234 3309
f 3235 3201 3310
f 3144 2624 3311
f 3146 3206 3312
f 2478 3207 3313
f 3073 3175 3315
f 2738 2429 3316
f 2429 2918 3316
f 3240 3244 3317
f 3245 2432 3318
f 2432 2687 3318
f 3244 3179 3286
f 2971 2434 3287
f 3119 3181 3320
f 3119 3320 3319
f 3157 3124 3322
f 3157 3322 3252
f 3255 3321 3291
f 3124 3185 3322
f 2980 3093 3323
f 1383 2161 3088
f 3093 2708 3258
f 3216 3292 3262
f 3292 3216 3295
f 3215 3262 3294
f 3264 3218 3296
f 3265 3264 3296
f 3265 3296 3325
f 2161 3102 3326
f 3102 3297 3326
f 3267 3058 3327
f 3268 3193 3328
f 3269 3301 3330
f 3330 3301 3331
f 3301 3302 3331
f 2960 3276 3061
f 3305 3104 3334
f 3104 3277 3334
f 3277 3306 3334
f 3334 3306 3307
f 3306 3308 3307
f 3308 3280 3309
f 3309 3234 3338
f 3338 3234 3339
f 3234 3235 3339
f 3235 3310 3339
f 3310 3201 3340
f 3312 3206 3341
f 3108 3314 3149
f 3239 2192 3342
f 3341 3206 3343
f 2192 2580 3342
f 3206 3240 3343
f 3317 3244 3286
f 3286 3288 3347
f 3251 3091 3350
f 3262 3292 3355
f 3294 3262 3355
f 3296 3218 3356
f 3218 3294 3356
f 3265 3325 3357
f 3297 3265 3358
f 3358 3265 3357
f 3326 3297 3360
f 3058 1867 3359
f 3193 3138 3363
f 3330 3331 3367
f 3330 3367 3370
f 3370 3367 3371
f 3371 3367 3372
f 3331 3302 3367
f 3367 3302 3368
f 3302 3304 3368
f 3367 3368 3372
f 1991 1948 3369
f 3304 3275 3368
f 3368 3275 3305
f 3368 3305 3374
f 3334 3307 3375
f 3375 3307 3376
f 3375 3376 3377
f 3307 3308 3376
f 3308 3309 3376
f 3376 3309 3378
f 3377 3376 3378
f 3309 3338 3378
f 3310 3340 3339
f 3107 2893 3381
f 2893 3174 3381
f 2576 2895 3382
f 2895 2478 3382
f 3240 3317 3343
f 3346 3286 3347
f 3288 3384 3347
f 3288 3252 3384
f 2972 2980 3323
f 2825 2593 3159
f 3185 3160 3353
f 3387 3188 3354
f 3355 3292 3295
f 3355 3295 3390
f 3294 3355 3389
f 3220 3266 3295
f 3325 3296 3356
f 2161 3326 3392
f 2842 2718 3266
f 3358 3357 3394
f 3327 3058 3359
f 3328 3193 3396
f 3396 3193 3363
f 3371 3401 3373
f 3371 3372 3401
f 3368 3374 3372
f 3372 3374 3401
f 3334 3375 3403
f 3375 3410 3409
f 3375 3377 3410
f 3377 3378 3410
f 2467 1878 3408
f 3201 3144 3340
f 2624 1999 3311
f 1752 2725 3236
f 3382 2478 3413
f 3314 3147 3412
f 2478 3313 3413
f 3341 3343 3383
f 3246 2385 2971
f 3317 3346 3343
f 2435 2975 3287
f 2972 3323 3416
f 3252 3322 3418
f 3322 3353 3418
f 2825 3159 3419
f 2766 2825 3419
f 3389 3423 3422
f 3389 3390 3423
f 3389 3355 3390
f 3390 3295 3424
f 3356 3389 3422
f 3325 3356 3393
f 3393 3356 3422
f 3393 3422 3426
f 3426 3422 3423
f 3357 3325 3394
f 3394 3325 3393
f 3394 3393 3428
f 3393 3426 3428
f 3428 3426 3427
f 3394 3428 3429
f 2718 2509 3430
f 3358 3394 3360
f 3360 3394 3429
f 3360 3429 3431
f 3360 3431 3395
f 3373 3401 3432
f 3374 3305 3433
f 3305 3334 3433
f 3433 3334 3435
f 3334 3403 3435
f 3276 3336 3407
f 3375 3409 3403
f 3436 3403 3409
f 3410 3378 3437
f 3378 3338 3437
f 3282 3312 3439
f 3439 3312 3414
f 3343 3346 3441
f 3441 3346 3442
f 3346 3347 3442
f 3384 3252 3418
f 3213 2641 2766
f 3423 3390 3448
f 3390 3424 3448
f 3448 3424 3449
f 3295 3266 3424
f 3426 3423 3427
f 3423 3448 3427
f 3448 3449 3450
f 3427 3448 3451
f 3451 3448 3450
f 3428 3427 3452
f 3427 3451 3452
f 3428 3452 3429
f 3326 3360 3395
f 3363 3138 3454
f 3061 3276 3434
f 3401 3374 3455
f 3401 3455 3432
f 3374 3433 3455
f 3276 3407 3458
f 3403 3436 3459
f 3409 3410 3437
f 3311 1999 3462
f 1999 3011 3462
f 3414 3341 3463
f 3343 3441 3383
f 3442 3347 3464
f 2975 3119 3466
f 3347 3384 3464
f 3384 3418 3470
f 3160 2990 3473
f 2990 3213 3473
f 3420 3258 3474
f 3258 3386 3474
f 3478 3449 3479
f 3449 3424 3479
f 3424 3266 3479
f 3450 3478 3480
f 3451 3450 3480
f 3266 2718 3481
f 3451 3480 3482
f 3452 3451 3482
f 3326 3395 3392
f 3452 3482 3483
f 3431 3483 3395
f 3138 2467 3408
f 3276 3458 3434
f 3435 3403 3459
f 3459 3436 3487
f 3436 3409 3487
f 3409 3437 3487
f 3338 3339 3489
f 3339 3340 3490
f 3315 3175 3493
f 3175 3149 3493
f 3316 2918 3495
f 2918 3245 3495
f 3442 3496 3441
f 2855 2972 3416
f 3384 3470 3468
f 3418 3353 3497
f 3159 2639 3471
f 3474 3386 3475
f 3391 3503 3425
f 3425 3503 3477
f 3478 3479 3504
f 3480 3478 3504
f 3481 2718 3505
f 2718 3430 3505
f 2509 2651 3506
f 3392 3395 3507
f 3484 3395 3483
f 3138 3408 3454
f 3459 3487 3511
f 3487 3437 3488
f 3488 3437 3489
f 3437 3338 3489
f 3340 3144 3490
f 3490 3144 3512
f 3144 3311 3512
f 3174 2576 3514
f 2576 3382 3514
f 3414 3463 3515
f 3496 3442 3464
f 3353 3160 3473
f 3518 3474 3475
f 3500 3519 3501
f 3519 3498 3501
f 3504 3479 3522
f 3522 3479 3523
f 3479 3266 3481
f 3479 3481 3523
f 3480 3524 3525
f 3480 3504 3524
f 3482 3480 3525
f 3482 3525 3526
f 3430 2509 3506
f 3483 3482 3526
f 3395 3484 3507
f 3435 3459 3530
f 3434 3458 3532
f 3459 3511 3530
f 3511 3487 3535
f 2132 2261 3537
f 3463 3383 3538
f 2725 2986 3236
f 3383 3441 3538
f 3251 3350 3539
f 2867 3517 3352
f 3093 3258 3540
f 3520 3476 3544
f 2651 3003 3551
f 3483 3526 3527
f 3484 3483 3527
f 3402 3432 3555
f 3432 3455 3556
f 3487 3488 3535
f 3489 3339 3490
f 3011 3204 3462
f 3493 3149 3558
f 3323 3093 3540
f 3258 3420 3540
f 3420 3474 3561
f 3543 3520 3570
f 3522 3547 3546
f 2161 3392 3550
f 3550 3392 3507
f 3506 2651 3551
f 3527 3549 3507
f 3454 3408 3552
f 3555 3432 3556
f 3433 3435 3577
f 3435 3530 3577
f 3530 3511 3535
f 3439 3414 3515
f 3515 3463 3538
f 3496 3464 3584
f 3464 3585 3584
f 3464 3468 3585
f 3470 3418 3560
f 3560 3418 3497
f 2820 2870 3586
f 3540 3420 3588
f 3566 3567 3591
f 3567 3568 3592
f 3568 3523 3481
f 3549 3573 3575
f 3552 3408 3598
f 3455 3433 3599
f 3530 3535 3601
f 3489 3578 3488
f 3311 3462 3580
f 2855 3581 3204
f 3538 3441 3603
f 2855 3416 3581
f 3441 3496 3582
f 2986 2094 3587
f 3591 3606 3590
f 3591 3592 3606
f 3606 3592 3609
f 3592 3568 3610
f 3593 3611 3612
f 3568 3481 3597
f 3596 3572 3612
f 3575 3596 3614
f 3061 3434 3616
f 3556 3455 3599
f 3433 3577 3599
f 3512 3311 3580
f 3603 3441 3582
f 3585 3468 3470
f 3561 3589 3625
f 3605 3564 3630
f 3590 3606 3608
f 3609 3592 3631
f 3592 3610 3631
f 3565 3543 3570
f 3610 3568 3597
f 3596 3612 3634
f 3614 3596 3634
f 2607 3001 3635
f 3430 3506 3505
f 3598 3408 3636
f 3530 3601 3577
f 3535 3641 3601
f 3535 3488 3641
f 3239 3342 3642
f 3582 3496 3584
f 2975 3466 3643
f 3420 3561 3625
f 3420 3625 3588
f 3606 3609 3645
f 3645 3609 3631
f 3632 3608 3646
f 3608 3606 3646
f 3606 3645 3646
f 3565 3570 3607
f 3611 3608 3632
f 3612 3611 3634
f 3634 3611 3632
f 2554 2607 3648
f 3614 3634 3649
f 3576 3649 3550
f 3576 3614 3649
f 3551 3003 3650
f 3636 3408 3618
f 3639 3651 3652
f 3619 3652 3640
f 3577 3601 3653
f 3640 3654 3620
f 3408 1878 3618
f 3490 3512 3655
f 3537 2261 3088
f 1402 2554 3587
f 3645 3631 3659
f 3631 3610 3660
f 3634 3632 3661
f 3634 3664 3666
f 3649 3634 3666
f 3003 3267 3650
f 3636 3667 3637
f 3637 3667 3651
f 3651 3669 3652
f 3556 3599 3670
f 3599 3577 3671
f 3671 3577 3672
f 3652 3669 3654
f 3577 3653 3672
f 3489 3490 3655
f 3462 3204 3676
f 3207 3239 3642
f 2635 2738 3677
f 3538 3603 3678
f 3584 3585 3679
f 3319 3320 3680
f 3585 3470 3681
f 2820 3586 3683
f 3323 3540 3416
f 3497 3353 3685
f 3353 3473 3685
f 3625 3589 3658
f 2094 1402 3587
f 3632 3646 3689
f 3646 3645 3689
f 3645 3659 3689
f 3659 3631 3660
f 3610 3597 3660
f 3569 3544 3693
f 3597 3481 3694
f 3481 3505 3694
f 3550 3649 3695
f 3649 3666 3695
f 3650 3267 3327
f 3636 3696 3667
f 2173 3061 3697
f 3668 3698 3651
f 3651 3698 3669
f 3555 3556 3699
f 3556 3670 3699
f 3599 3671 3670
f 3672 3673 3671
f 3671 3673 3700
f 3700 3673 3701
f 3701 3673 3674
f 3601 3675 3674
f 3578 3489 3655
f 1878 2132 3537
f 2738 3316 3677
f 3287 2975 3583
f 3539 3350 3705
f 3419 3159 3708
f 3689 3659 3711
f 3659 3660 3711
f 3661 3689 3691
f 3691 3689 3712
f 3662 3661 3691
f 3714 3662 3691
f 3664 3662 3714
f 3666 3664 3716
f 3716 3664 3714
f 2161 3550 3695
f 3666 3716 3717
f 3695 3666 3717
f 3696 3719 3667
f 3667 3719 3668
f 3719 3720 3668
f 3636 3618 3721
f 3668 3720 3698
f 3699 3670 3722
f 3670 3671 3700
f 3434 3532 3616
f 3675 3724 3674
f 3641 3725 3675
f 3641 3726 3725
f 3641 3578 3726
f 3439 3515 3703
f 3677 3316 3495
f 2687 3246 3729
f 3246 2971 3729
f 3729 2971 3730
f 2971 3287 3731
f 3583 2975 3643
f 3540 3588 3657
f 3588 3710 3657
f 3588 3625 3710
f 3689 3711 3712
f 3712 3711 3738
f 3711 3660 3739
f 3660 3597 3740
f 3739 3660 3740
f 3691 3712 3741
f 3712 3738 3741
f 3714 3691 3742
f 3742 3691 3741
f 3587 2554 3648
f 2161 3695 3715
f 3716 3714 3742
f 3717 3716 3743
f 3718 3717 3743
f 3745 3746 3719
f 3697 3061 3747
f 3061 3616 3747
f 3369 1948 3748
f 3748 1948 2458
f 3720 3749 3698
f 3722 3670 3751
f 3751 3670 3752
f 3752 3670 3753
f 3670 3700 3753
f 3701 3674 3754
f 3674 3724 3754
f 3675 3725 3724
f 3726 3578 3727
f 3558 3412 3728
f 3287 3583 3731
f 3470 3560 3681
f 3710 3625 3760
f 3088 2161 3690
f 3688 3737 3761
f 3738 3711 3739
f 3738 3739 3740
f 3630 3569 3763
f 3764 3738 3740
f 3690 2161 3715
f 3741 3738 3764
f 3741 3764 3768
f 3597 3694 3740
f 3742 3741 3768
f 3742 3768 3770
f 3742 3770 3716
f 3716 3770 3743
f 3695 3718 3715
f 3779 3699 3778
f 3700 3781 3753
f 3700 3701 3781
f 3701 3754 3781
f 3755 3724 3785
f 3724 3725 3785
f 3725 3786 3785
f 3725 3726 3786
f 3655 3512 3787
f 3315 3493 3790
f 3091 2820 3683
f 2986 3587 3623
f 3762 3737 3796
f 3737 3763 3796
f 3764 3740 3801
f 3801 3740 3694
f 3764 3802 3768
f 3768 3802 3805
f 3505 3506 3809
f 3327 3359 3811
f 3359 3772 3811
f 3743 3810 3812
f 3715 3718 3812
f 3636 3721 3774
f 3775 3776 3814
f 3814 3776 3815
f 3776 3777 3815
f 3815 3777 3816
f 3816 3777 3819
f 3777 3751 3819
f 3751 3752 3819
f 3781 3754 3821
f 3754 3755 3821
f 3785 3786 3822
f 3786 3726 3824
f 3726 3825 3824
f 3726 3727 3825
f 3727 3655 3825
f 3825 3655 3787
f 3787 3512 3826
f 3512 3580 3826
f 3826 3580 3827
f 3788 1819 3236
f 3493 3558 3828
f 3582 3584 3679
f 3831 3680 3320
f 3831 3320 3539
f 3091 3683 3705
f 3416 3540 3833
f 3734 3793 3760
f 3760 3793 3836
f 3797 3762 3837
f 3762 3799 3837
f 3837 3799 3840
f 3802 3764 3801
f 3800 3767 3843
f 3767 3807 3843
f 3843 3807 3846
f 3694 3505 3847
f 2607 3635 3648
f 3770 3805 3808
f 3812 3810 3848
f 3773 3696 3774
f 3696 3636 3774
f 3752 3753 3850
f 3753 3781 3851
f 3821 3755 3853
f 3755 3784 3853
f 3784 3785 3855
f 3786 3823 3822
f 3786 3824 3823
f 3313 3207 3413
f 3585 3732 3679
f 3585 3681 3858
f 3710 3760 3862
f 3841 3800 3869
f 3802 3801 3868
f 3868 3801 3803
f 3801 3694 3803
f 3802 3868 3870
f 3805 3870 3871
f 3805 3802 3870
f 3808 3805 3871
f 3808 3871 3873
f 3810 3808 3874
f 3874 3808 3873
f 3715 3812 3875
f 3848 3810 3874
f 3812 3848 3875
f 3815 3816 3877
f 3753 3851 3850
f 3851 3781 3821
f 3855 3785 3822
f 1878 3537 3881
f 3107 3381 3882
f 3642 3342 3883
f 3342 2580 3883
f 2971 3731 3730
f 3582 3679 3603
f 3560 3497 3759
f 3862 3760 3886
f 3884 3885 3836
f 3795 3797 3887
f 3797 3837 3887
f 3887 3837 3891
f 3888 3887 3890
f 3890 3887 3891
f 3837 3840 3891
f 3868 3803 3894
f 3895 3892 3897
f 3892 3893 3897
f 3869 3843 3898
f 3893 3869 3897
f 3897 3869 3898
f 3803 3694 3847
f 3895 3897 3900
f 3843 3846 3898
f 3897 3898 3900
f 3848 3874 3902
f 3814 3815 3904
f 3904 3815 3905
f 3815 3877 3905
f 3816 3819 3907
f 3819 3752 3909
f 3752 3850 3909
f 3823 3824 3911
f 3883 2580 3912
f 2580 2635 3912
f 3912 2635 3913
f 3913 2635 3677
f 3318 2687 3914
f 2687 3729 3914
f 3732 3585 3858
f 3791 3352 3860
f 3159 3861 3708
f 3889 3918 3888
f 3889 3920 3919
f 3922 3923 3892
f 3870 3894 3896
f 3870 3868 3894
f 3871 3870 3899
f 3899 3870 3896
f 3505 3809 3926
f 3505 3926 3847
f 3902 3874 3901
f 3928 3875 3927
f 3821 3853 3931
f 3854 3910 3879
f 3855 3822 3911
f 3822 3823 3911
f 3824 3825 3932
f 3825 3787 3933
f 3787 3826 3933
f 3413 3207 3936
f 3207 3642 3936
f 3538 3937 3515
f 3657 3710 3940
f 3918 3889 3919
f 3921 3803 3847
f 3715 3928 3690
f 3901 3925 3943
f 3715 3875 3928
f 3877 3816 3944
f 3816 3907 3944
f 3851 3821 3931
f 3855 3911 3949
f 3911 3824 3950
f 3824 3932 3950
f 3439 3703 3934
f 3413 3936 3951
f 3495 3245 3953
f 3245 3318 3953
f 3603 3679 3954
f 3539 3705 3939
f 2766 3419 3708
f 3540 3657 3833
f 3710 3862 3940
f 3918 3919 3959
f 3920 3941 3960
f 3924 3963 3962
f 3924 3921 3963
f 3963 3921 3964
f 3921 3967 3964
f 3942 3924 3962
f 3921 3847 3967
f 3943 3925 3968
f 3925 3942 3968
f 3943 3968 3969
f 3847 3926 3970
f 3877 3944 3972
f 3944 3907 3973
f 3850 3851 3909
f 3853 3784 3949
f 3784 3855 3949
f 3952 3728 3976
f 3677 3495 3977
f 3236 2986 3623
f 3581 3416 3957
f 3583 3643 3979
f 3979 3643 3981
f 3980 3979 3981
f 3956 3980 3981
f 3643 3466 3981
f 3705 3683 3982
f 3560 3759 3984
f 3213 2766 3985
f 3962 3963 3988
f 3962 3988 3987
f 3963 3964 3989
f 3963 3989 3988
f 3966 3962 3991
f 3690 3928 3992
f 3968 3942 3966
f 3877 3972 3973
f 3907 3819 3994
f 3616 3820 3747
f 3819 3909 3994
f 3851 3931 3995
f 3820 3879 3975
f 3721 3618 3881
f 3933 3826 3996
f 3826 3827 3996
f 3318 3914 3953
f 3581 3957 3978
f 3416 3833 3957
f 3962 3987 3991
f 3967 3847 3993
f 3968 3966 4003
f 4003 3966 3991
f 3969 4003 4004
f 3969 3968 4003
f 3992 3928 4004
f 3928 3969 4004
f 3721 4005 4006
f 3904 3905 4009
f 3905 3877 4009
f 3877 3973 4010
f 3973 3907 4010
f 3949 3911 4016
f 3825 3933 3932
f 3495 3953 3977
f 3979 3980 4018
f 3681 3560 3984
f 3759 3497 4020
f 3497 3685 4020
f 3657 3940 3833
f 3987 3988 4025
f 4025 3988 4026
f 3988 3989 4026
f 3960 3941 3990
f 3991 4025 4027
f 3991 3987 4025
f 3991 4027 4028
f 3551 3650 4031
f 4005 4032 4006
f 4009 3877 4033
f 3877 4010 4033
f 3994 3909 4036
f 3909 3851 4036
f 4036 3851 4013
f 3931 3853 3995
f 3853 3949 4037
f 3933 3996 4038
f 3827 3580 4039
f 3580 3462 4039
f 3618 1878 3881
f 3538 3678 3937
f 3677 3977 4041
f 3956 3939 4043
f 3681 3984 3983
f 3940 3862 4046
f 3862 3886 4046
f 4025 4026 4047
f 4026 3989 3967
f 3989 3964 3967
f 3990 3941 4049
f 4030 4003 4028
f 4004 4003 4030
f 3847 3970 3993
f 4004 4030 3992
f 3992 4030 4051
f 3809 3506 4053
f 3506 3551 4053
f 3398 3697 4054
f 4006 4032 4007
f 4007 4055 4034
f 3851 4058 4013
f 3820 4059 4057
f 3851 3995 4058
f 3995 3853 4037
f 3820 3975 4059
f 4037 4016 4060
f 3911 3950 4016
f 3913 3677 4041
f 3953 3914 4063
f 3953 4063 4062
f 4063 3914 4064
f 4063 4064 4065
f 3914 3729 4064
f 3729 3730 4064
f 3730 3731 4064
f 4065 4064 3731
f 4043 3939 4044
f 4044 3939 3982
f 3088 3792 4019
f 3985 2766 4066
f 2766 3708 4066
f 3792 3088 3690
f 4024 3990 4070
f 4026 3967 4047
f 4047 3967 4072
f 4027 4025 4071
f 4071 4025 4047
f 4071 4073 4074
f 4030 4028 4074
f 4030 4074 4075
f 4051 4030 4075
f 3992 4051 4052
f 3650 3327 4076
f 4032 4078 4055
f 4055 4078 4034
f 3904 4009 4079
f 4033 4010 4080
f 4010 3907 4080
f 3747 3820 4057
f 3994 4036 4083
f 4036 4013 4084
f 4084 4013 4058
f 4035 4081 4056
f 4056 4087 4059
f 4037 4060 4086
f 4016 4088 4060
f 4016 3950 4088
f 3950 3932 4089
f 3932 3933 4038
f 4041 3977 4090
f 3977 3953 4091
f 3953 4062 4091
f 4062 4063 4065
f 4065 3731 4093
f 3583 3979 4042
f 3858 3681 3983
f 3984 3759 4094
f 3685 3473 4095
f 3473 3213 4095
f 3833 3940 4068
f 4068 3940 4096
f 3940 4046 4096
f 4071 4047 4097
f 4047 4072 4097
f 4097 4072 4099
f 4099 4072 4100
f 3967 3993 4072
f 4073 4097 4101
f 3993 4102 4072
f 4074 4073 4101
f 4075 4074 4103
f 4051 4075 4104
f 4075 4103 4104
f 4052 4051 4104
f 3327 3811 4076
f 3992 4052 4050
f 4032 4106 4078
f 4005 3721 4082
f 4079 4009 4108
f 4009 4033 4108
f 4080 3907 4110
f 3907 3994 4110
f 4109 4081 4035
f 4083 4036 4084
f 4081 4087 4056
f 4087 4057 4059
f 4037 4086 3995
f 3995 4086 4111
f 4111 4086 4112
f 4112 4086 4113
f 4086 4060 4113
f 4060 4088 4113
f 3721 3881 4082
f 4089 3932 4114
f 3932 4038 4114
f 3996 3827 4039
f 3788 3236 4116
f 3881 3537 3935
f 3882 3381 4118
f 3381 3174 4118
f 3204 3581 4119
f 4119 3581 3978
f 3977 4091 4090
f 3537 3088 4019
f 4062 4065 4121
f 4065 4093 4121
f 3731 3583 4042
f 3679 3732 3858
f 4046 3886 4125
f 4100 4072 4102
f 4097 4099 4101
f 4101 4099 4128
f 4128 4099 4127
f 4099 4100 4127
f 3690 3992 4050
f 4074 4101 4103
f 4103 4101 4129
f 4103 4129 4130
f 4103 4130 4104
f 4104 4130 4105
f 4052 4104 4105
f 4077 4005 4131
f 4033 4080 4108
f 3994 4083 4110
f 4058 3995 4134
f 4134 3995 4111
f 4112 4113 4135
f 4113 4088 4135
f 4088 3950 4089
f 4114 4038 4136
f 4038 3996 4136
f 4091 4062 4138
f 4042 3979 4139
f 3679 3858 3954
f 4044 3982 4140
f 4124 4125 4023
f 3990 4049 4070
f 4070 4049 4142
f 4127 4100 4102
f 4128 4127 4143
f 4102 3993 4144
f 4129 4101 4128
f 3993 3970 4144
f 4130 4129 4145
f 4053 3551 4031
f 4050 4052 4146
f 4105 4130 4147
f 4052 4105 4148
f 4148 4105 4147
f 4131 4005 4150
f 4079 4108 4155
f 4158 4155 4159
f 4155 4108 4156
f 4155 4156 4159
f 4159 4156 4160
f 4108 4080 4156
f 4080 4110 4156
f 3747 4057 4157
f 4156 4110 4162
f 4160 4156 4162
f 4162 4110 4083
f 4134 4111 4165
f 4165 4111 4166
f 4166 4111 4167
f 4166 4167 4168
f 4111 4112 4167
f 4112 4135 4167
f 4136 3996 4169
f 3996 4039 4169
f 3703 3515 4170
f 3515 3937 4170
f 4062 4121 4138
f 4093 3731 4172
f 3731 4042 4172
f 3213 3985 4095
f 4174 4123 4069
f 4127 4102 4179
f 4102 4144 4179
f 4143 4127 4179
f 4129 4128 4143
f 4145 4129 4143
f 4147 4130 4145
f 4052 4148 4146
f 4150 4005 4082
f 3369 3748 4182
f 4159 4160 4183
f 4159 4183 4163
f 4160 4162 4183
f 4083 4084 4184
f 4084 4058 4184
f 4058 4164 4184
f 4165 4166 4187
f 4187 4166 4168
f 4167 4135 4168
f 4168 4135 4188
f 4135 4088 4188
f 4188 4088 4089
f 3676 3204 4119
f 3936 3642 4191
f 3642 3883 4191
f 4091 4138 4192
f 3603 3954 4092
f 4138 4121 4193
f 4121 4093 4193
f 4193 4093 4194
f 4093 4172 4194
f 4173 4018 4195
f 4046 4125 4200
f 4205 4176 4204
f 4070 4142 4205
f 4179 4144 4209
f 4143 4179 4208
f 4143 4208 4210
f 4145 4143 4210
f 4145 4210 4212
f 4031 3650 4213
f 3650 4076 4214
f 4147 4145 4215
f 4145 4212 4215
f 4147 4215 4148
f 4162 4083 4183
f 4164 4134 4219
f 4134 4165 4219
f 1819 3788 2783
f 4165 4187 4219
f 4219 4187 4221
f 4187 4168 4188
f 4089 4114 4222
f 4114 4223 4222
f 4114 4136 4223
f 4091 4192 4090
f 4195 4043 4227
f 4044 4140 4227
f 4094 3759 4228
f 3759 4020 4228
f 3708 3861 4229
f 4096 4046 4200
f 4231 4203 4202
f 4232 4201 4174
f 4235 4206 4239
f 3690 4050 4237
f 4179 4209 4208
f 4209 4144 4241
f 4213 3650 4214
f 4215 4212 4247
f 4146 4148 4247
f 4148 4215 4247
f 4163 4183 4250
f 4250 4183 4184
f 4183 4083 4184
f 4186 4163 4250
f 4221 4187 4188
f 4089 4222 4188
f 4136 4169 4223
f 3678 3603 4092
f 4140 3982 4255
f 3957 3833 4230
f 3833 4068 4230
f 4258 4259 4203
f 4200 4199 4259
f 4263 4206 4235
f 4241 4144 4270
f 4242 4208 4240
f 4244 4212 4243
f 4212 4210 4243
f 4247 4212 4246
f 3747 4157 4277
f 2458 2241 4275
f 4219 4221 4279
f 4082 3881 4280
f 4221 4188 4281
f 4188 4222 4281
f 3462 3676 4039
f 3937 3678 4283
f 4192 4138 4284
f 4138 4193 4284
f 4193 4285 4284
f 4193 4194 4285
f 4285 4194 4286
f 4194 4172 4286
f 4285 4286 4287
f 4172 4042 4286
f 4287 4286 4288
f 4286 4042 4289
f 4288 4286 4289
f 4195 4288 4173
f 4042 4139 4289
f 4289 4139 4173
f 4288 4289 4173
f 4290 4227 4140
f 4096 4200 4292
f 4264 4265 4294
f 4265 4266 4295
f 4266 4270 4295
f 4269 4264 4268
f 4266 4241 4270
f 4270 4144 3970
f 4146 4247 4246
f 4277 4157 4301
f 4157 4218 4301
f 4164 4219 4302
f 4279 4221 4304
f 4221 4281 4304
f 4306 4222 4223
f 4253 3236 3623
f 4192 4284 4307
f 4285 4287 4284
f 4308 4284 4287
f 4287 4288 4308
f 4308 4288 4290
f 4288 4195 4290
f 4309 3983 4310
f 3983 3984 4310
f 3683 3586 4312
f 4095 3985 4313
f 4314 4291 4293
f 4294 4265 4317
f 4265 4295 4317
f 4317 4295 4318
f 4294 4316 4319
f 4297 4296 4323
f 4237 4050 4146
f 4298 4146 4246
f 2458 4275 4325
f 4184 4164 4326
f 4326 4164 4302
f 4302 4219 4327
f 4219 4279 4327
f 4328 4279 4304
f 4281 4222 4331
f 4331 4222 4332
f 4118 3174 4335
f 3174 3514 4335
f 3678 4092 4283
f 4090 4192 4307
f 4307 4284 4308
f 4308 4290 4337
f 4290 4140 4337
f 3858 3983 4338
f 4340 4261 4343
f 4294 4342 4316
f 4294 4317 4342
f 4342 4317 4318
f 3587 3648 4322
f 4323 4321 4344
f 4186 4250 4347
f 4304 4281 4350
f 4223 4169 4306
f 4351 4041 4090
f 4307 4308 4337
f 4337 4140 4255
f 3983 4309 4338
f 4068 4096 4354
f 4096 4292 4354
f 4358 4316 4359
f 4316 4342 4359
f 4318 4360 4342
f 4318 4295 4360
f 4263 4363 4361
f 4319 4358 4362
f 4319 4316 4358
f 4295 4270 4364
f 4263 4235 4363
f 4320 4319 4362
f 4321 4320 4365
f 4365 4320 4362
f 4321 4365 4344
f 4237 4146 4324
f 4146 4298 4324
f 3970 3926 4368
f 3926 3809 4368
f 4054 3697 4369
f 4182 3748 4325
f 3748 2458 4325
f 4347 4250 4371
f 4250 4184 4371
f 4327 4279 4328
f 4218 4330 4301
f 4328 4304 4350
f 4281 4331 4350
f 4222 4306 4332
f 4090 4307 4351
f 4337 4255 4307
f 3954 3858 4374
f 3957 4339 3978
f 3858 4338 4375
f 3861 3791 4377
f 4358 4382 4381
f 4359 4342 4379
f 4342 4360 4379
f 4360 4295 4380
f 4362 4358 4381
f 4295 4364 4380
f 4365 4362 4383
f 4270 3970 4364
f 4344 4365 4384
f 4384 4365 4383
f 4237 4324 4385
f 4324 4384 4385
f 4371 4184 4326
f 4326 4302 4372
f 4327 4328 4389
f 4350 4331 4391
f 4169 4039 4392
f 4394 4116 3236
f 3935 4393 3881
f 4092 3954 4396
f 4307 4255 4397
f 4293 4357 4400
f 4358 4359 4382
f 4382 4401 4402
f 4382 4359 4379
f 4382 4379 4401
f 4379 4360 4401
f 4381 4382 4403
f 4382 4402 4403
f 4235 4239 4405
f 4383 4362 4381
f 4384 4383 4407
f 4237 4385 4366
f 4385 4384 4366
f 4366 4384 4407
f 4213 4214 4409
f 4410 4386 4280
f 4386 4412 4370
f 4370 4412 4387
f 4372 4302 4389
f 4302 4327 4389
f 4328 4350 4415
f 4332 4306 4417
f 3985 4066 4313
f 4354 4292 4420
f 3690 4237 3792
f 4360 4380 4401
f 4401 4380 4423
f 4402 4401 4423
f 4361 4363 4405
f 4383 4381 4406
f 4406 4381 4426
f 4381 4403 4426
f 4407 4383 4406
f 4407 4406 4426
f 4364 3970 4427
f 4407 4426 4428
f 3970 4368 4427
f 4366 4407 4428
f 4053 4031 4213
f 4328 4415 4389
f 4301 4330 4432
f 4350 4391 4415
f 4331 4332 4391
f 4417 4306 4433
f 4306 4169 4434
f 4306 4434 4433
f 4169 4392 4434
f 4436 3236 4253
f 4253 3623 4395
f 4397 4255 4437
f 4229 3861 4377
f 4380 4364 4423
f 4403 4402 4444
f 4428 4426 4445
f 4386 4429 4412
f 4429 4446 4412
f 4412 4446 4413
f 4371 4447 4430
f 4371 4326 4447
f 4447 4326 4450
f 4326 4372 4450
f 4413 4451 4431
f 4389 4415 4453
f 4431 4454 4414
f 4280 3881 4410
f 4410 3881 4393
f 4116 4394 4455
f 4394 3236 4436
f 4436 4253 4456
f 4253 4395 4456
f 4456 4395 4457
f 4170 3937 4283
f 3537 4019 3935
f 4420 4441 4354
f 4443 4423 4463
f 4423 4364 4463
f 4443 4463 4465
f 4402 4465 4444
f 4402 4443 4465
f 4426 4403 4466
f 4466 4403 4444
f 4426 4466 4445
f 4413 4470 4451
f 4448 4450 4471
f 4450 4372 4472
f 4451 4474 4431
f 4301 4432 4475
f 4453 4415 4473
f 3788 4116 4477
f 4415 4391 4476
f 4477 4116 4478
f 4478 4116 4479
f 4479 4116 4482
f 4481 4479 4482
f 4116 4455 4482
f 4455 4394 4483
f 4394 4436 4483
f 4484 4393 3935
f 4456 4457 4485
f 4283 4092 4488
f 4092 4396 4488
f 4351 4307 4489
f 3984 4094 4490
f 3685 4095 4491
f 4095 4313 4491
f 4068 4354 4492
f 4463 4364 4503
f 4465 4463 4504
f 4504 4463 4503
f 4444 4465 4504
f 4444 4511 4466
f 4427 4368 4512
f 4368 3809 4512
f 4512 3809 4513
f 3809 4053 4513
f 3811 3772 4514
f 4428 4445 4515
f 4516 4517 4429
f 4429 4517 4446
f 4446 4518 4470
f 4467 4468 4519
f 4468 4469 4519
f 4519 4469 4520
f 4520 4469 4521
f 4521 4469 4523
f 4469 4471 4523
f 4451 4470 4524
f 4372 4389 4472
f 4451 4524 4474
f 4389 4453 4526
f 4453 4473 4526
f 4476 4391 4527
f 4391 4332 4528
f 4332 4417 4528
f 4417 4433 4529
f 4481 4482 4532
f 4482 4455 4534
f 4482 4534 4533
f 4533 4534 4535
f 4455 4483 4534
f 4483 4436 4536
f 4536 4436 4456
f 4118 4335 4538
f 4335 3514 4538
f 4485 4539 4537
f 3883 3912 4540
f 3912 3913 4540
f 4485 4457 4541
f 4307 4545 4489
f 4307 4397 4545
f 3954 4374 4546
f 4374 3858 4375
f 4310 3984 4490
f 4094 4228 4550
f 3957 4230 4339
f 4230 4068 4492
f 4354 4441 4493
f 4441 4495 4493
f 4237 4366 4554
f 4504 4503 4555
f 4507 4506 4557
f 4364 4427 4503
f 4557 4506 4559
f 4444 4504 4511
f 4366 4428 4554
f 4445 4466 4560
f 4428 4515 4561
f 4516 4410 4562
f 4517 4563 4518
f 4518 4564 4470
f 4523 4471 4566
f 4471 4472 4566
f 4565 4524 4470
f 4472 4389 4525
f 4526 4473 4570
f 4473 4415 4476
f 4473 4476 4570
f 4528 4417 4529
f 4529 4433 4434
f 4410 4393 4568
f 4477 4478 4572
f 4478 4479 4572
f 4479 4530 4572
f 4573 4574 4575
f 4530 4481 4531
f 4576 4573 4578
f 4576 4578 4577
f 4573 4575 4578
f 4531 4481 4532
f 4575 4574 4579
f 4580 4578 4581
f 4578 4575 4581
f 4532 4482 4533
f 4581 4575 4582
f 4575 4579 4582
f 4580 4581 4583
f 4581 4582 4583
f 4577 4580 4584
f 4580 4583 4584
f 4582 4579 4585
f 4456 4537 4536
f 4583 4582 4585
f 3934 3703 4589
f 4539 4485 4590
f 4191 3883 4591
f 4590 4485 4541
f 4583 4585 4592
f 3883 4540 4591
f 4541 4457 4595
f 4457 4395 4595
f 4119 3978 4542
f 4396 3954 4546
f 4397 4437 4545
f 4309 4310 4600
f 4490 4094 4550
f 4493 4495 4603
f 4603 4495 4604
f 4466 4511 4611
f 4560 4466 4611
f 4561 4445 4560
f 4467 4519 4615
f 4615 4519 4613
f 4519 4520 4614
f 4614 4520 4616
f 4616 4520 4617
f 4520 4521 4617
f 4521 4523 4617
f 4617 4523 4566
f 4618 4617 4566
f 4566 4472 4620
f 4301 4475 4277
f 4525 4526 4621
f 4621 4526 4570
f 4570 4476 4622
f 4391 4528 4527
f 4529 4434 4623
f 4434 4392 4623
f 4477 4572 4624
f 4624 4572 4626
f 4625 4627 4573
f 4626 4572 4530
f 4628 4530 4531
f 4531 4532 4630
f 4630 4532 4634
f 4578 4580 4577
f 4634 4532 4533
f 4633 4634 4635
f 4634 4533 4535
f 4634 4535 4635
f 4632 4633 4636
f 4633 4635 4636
f 4535 4637 4635
f 4632 4636 4638
f 4635 4637 4639
f 4535 4534 4637
f 4534 4483 4637
f 4635 4639 4636
f 4637 4483 4641
f 4639 4637 4640
f 4640 4637 4641
f 4636 4639 4640
f 4483 4536 4641
f 4642 4640 4641
f 4636 4640 4642
f 4641 4537 4539
f 4642 4641 4539
f 4583 4586 4584
f 4538 3514 4643
f 3514 3382 4643
f 4636 4642 4644
f 4642 4590 4644
f 4642 4539 4590
f 4638 4636 4645
f 4590 4541 4647
f 4644 4590 4647
f 4586 4649 4648
f 4583 4592 4649
f 4586 4583 4649
f 3493 3828 4646
f 4593 4119 4542
f 4041 4351 4597
f 4603 4604 4662
f 4661 4662 4604
f 4660 4663 4666
f 4665 4661 4605
f 4661 4604 4605
f 4669 4667 4670
f 4667 4665 4670
f 4665 4605 4670
f 4660 4666 4671
f 4671 4666 4672
f 4666 4668 4672
f 4672 4668 4673
f 4668 4608 4673
f 4668 4669 4608
f 4608 4507 4673
f 4555 4503 4674
f 4503 4427 4674
f 4507 4557 4673
f 4671 4672 4609
f 4609 4672 4675
f 4557 4559 4673
f 4673 4559 4675
f 4672 4673 4675
f 4511 4504 4555
f 4511 4555 4611
f 4560 4611 4676
f 4428 4561 4554
f 4561 4560 4676
f 4562 4410 4677
f 3697 3747 4681
f 4519 4614 4613
f 3747 4277 4681
f 4410 4568 4677
f 4614 4616 4682
f 4616 4617 4618
f 4618 4566 4620
f 4277 4475 4684
f 4472 4525 4620
f 4620 4525 4685
f 4525 4621 4685
f 4621 4570 4686
f 4476 4527 4622
f 3788 4477 4688
f 4529 4687 4528
f 4529 4623 4687
f 4688 4477 4624
f 4625 4573 4689
f 4626 4530 4628
f 4628 4531 4630
f 4631 4691 4633
f 4691 4630 4634
f 4633 4691 4634
f 3676 4119 4690
f 3976 3728 4694
f 4636 4695 4645
f 4636 4644 4695
f 4645 4695 4696
f 4644 4647 4695
f 4650 4645 4696
f 4541 4595 4647
f 4649 4592 4697
f 4655 4020 4700
f 4020 3685 4700
f 3792 4237 4659
f 4493 4603 4492
f 4603 4662 4704
f 4706 4661 4664
f 4666 4707 4668
f 4707 4667 4668
f 4707 4706 4667
f 4706 4664 4667
f 4237 4554 4659
f 4555 4674 4708
f 4611 4555 4710
f 4611 4710 4711
f 4676 4611 4711
f 4561 4676 4712
f 4682 4616 4714
f 4616 4618 4714
f 4618 4620 4716
f 4714 4618 4716
f 4570 4622 4686
f 4527 4528 4719
f 4528 4687 4719
f 4687 4623 4720
f 4623 4721 4720
f 4623 4392 4721
f 4039 3676 4724
f 4628 4630 4726
f 4282 3934 4589
f 4695 4647 4731
f 4649 4697 4648
f 3913 4041 4597
f 4647 4595 4731
f 4595 4395 4734
f 4351 4489 4597
f 4736 4737 4735
f 4663 4739 4707
f 4739 4706 4707
f 4739 4735 4706
f 4708 4674 4741
f 4676 4711 4744
f 4613 4614 4682
f 4682 4714 4746
f 4620 4685 4716
f 4621 4686 4750
f 4686 4622 4751
f 4622 4527 4751
f 4751 4527 4752
f 4527 4719 4752
f 4687 4753 4719
f 4687 4720 4753
f 4626 4628 4754
f 4628 4726 4754
f 4690 4119 4593
f 4694 3728 4773
f 4730 4224 4694
f 4650 4696 4774
f 4774 4696 4775
f 4696 4695 4775
f 4695 4731 4775
f 4731 4595 4777
f 4396 4546 4488
f 4255 3982 4781
f 4310 4490 4600
f 4782 4735 4739
f 4742 4709 4740
f 4674 4427 4787
f 4743 4711 4742
f 4561 4712 4790
f 4712 4744 4790
f 4615 4613 4792
f 4792 4613 4793
f 4792 4793 4794
f 4613 4682 4793
f 4682 4746 4793
f 4746 4714 4795
f 4793 4746 4794
f 4794 4746 4795
f 4792 4794 4796
f 4792 4796 4569
f 4794 4795 4796
f 4795 4714 4716
f 4795 4716 4796
f 4716 4685 4748
f 4685 4621 4797
f 4621 4750 4797
f 4750 4686 4751
f 4624 4754 4800
f 4757 4758 4801
f 4802 4726 4729
f 4805 4765 4807
f 4765 4766 4807
f 4767 4765 4808
f 3882 4118 4812
f 4283 4596 4170
f 3978 4339 4542
f 4375 4816 4374
f 3982 3683 4781
f 3791 4311 4818
f 4230 4702 4339
f 4783 4784 4820
f 4784 4674 4787
f 4554 4561 4825
f 4561 4790 4825
f 4677 4568 4791
f 4277 4684 4681
f 4569 4796 4828
f 4716 4748 4796
f 4684 4718 4831
f 4750 4751 4832
f 4832 4751 4833
f 4833 4751 4834
f 4751 4752 4834
f 4719 4753 4835
f 4720 4721 4753
f 4392 4039 4724
f 4801 4758 4837
f 4758 4725 4756
f 4758 4756 4837
f 3676 4690 4724
f 4807 4766 4842
f 4766 4764 4842
f 4643 3382 4845
f 3382 3413 4845
f 3951 3936 4848
f 3936 4191 4848
f 4775 4731 4850
f 4395 3623 4734
f 4597 4489 4545
f 4375 4338 4780
f 4255 4781 4437
f 4019 3792 4779
f 4228 4020 4655
f 4066 3708 4853
f 3708 4229 4853
f 4821 4858 4857
f 4821 4783 4858
f 4783 4820 4858
f 4821 4857 4822
f 4821 4822 4823
f 4824 4786 4823
f 4513 4053 4860
f 4053 4213 4860
f 4796 4748 4828
f 4748 4685 4864
f 4685 4797 4864
f 3788 4688 4866
f 4752 4719 4834
f 4754 4726 4836
f 4805 4807 4874
f 4806 4805 4841
f 4807 4842 4874
f 4845 3413 4878
f 3413 3951 4878
f 4484 3935 4779
f 4881 4697 4732
f 3935 4019 4779
f 4654 4377 4818
f 3623 3587 4322
f 4492 4603 4886
f 4603 4704 4886
f 4820 4887 4856
f 4887 4820 4888
f 4820 4784 4888
f 4857 4858 4889
f 4889 4858 4856
f 4784 4787 4888
f 4859 4822 4890
f 4822 4857 4890
f 4824 4823 4859
f 4787 4427 4789
f 4825 4824 4554
f 4791 4568 4861
f 4892 4748 4864
f 4800 4754 4836
f 4801 4898 4897
f 4801 4837 4898
f 4842 4764 4903
f 4842 4903 4902
f 4733 4648 4906
f 4648 4697 4881
f 4648 4881 4906
f 4776 4774 4775
f 4596 4283 4907
f 4283 4488 4907
f 4377 4654 4229
f 3792 4701 4779
f 4908 4492 4886
f 4857 4889 4910
f 4910 4889 4911
f 4911 4889 4856
f 4890 4857 4910
f 4891 4859 4912
f 2241 2783 4916
f 2783 3788 4916
f 4828 4748 4892
f 4833 4834 4919
f 4835 4753 4920
f 4753 4721 4920
f 4836 4726 4923
f 4926 4841 4873
f 4777 4595 4929
f 4595 4734 4929
f 4375 4780 4816
f 4339 4702 4930
f 4886 4704 4934
f 4856 4887 4935
f 4856 4935 4936
f 4887 4888 4935
f 4910 4911 4938
f 4911 4856 4936
f 4912 4890 4937
f 4890 4910 4937
f 4939 4912 4937
f 4891 4912 4939
f 4554 4891 4659
f 4659 4891 4939
f 4659 4939 4941
f 4861 4568 4943
f 4681 4684 4944
f 4829 4828 4945
f 4945 4828 4946
f 4864 4797 4947
f 4797 4750 4947
f 4947 4750 4832
f 4684 4831 4944
f 3788 4866 4948
f 4866 4688 4951
f 4688 4800 4951
f 4719 4835 4952
f 4920 4721 4953
f 4721 4392 4953
f 4898 4837 4756
f 4756 4627 4954
f 4836 4923 4922
f 4726 4869 4923
f 4869 4802 4956
f 4874 4842 4902
f 4850 4731 4962
f 4731 4777 4962
f 4965 4545 4966
f 4491 4313 4968
f 4313 4066 4968
f 4230 4492 4702
f 4908 4886 4970
f 4938 4976 4975
f 4911 4936 4938
f 4935 4973 4936
f 4935 4888 4973
f 4888 4787 4973
f 4937 4910 4974
f 4974 4975 4937
f 4910 4938 4974
f 4974 4938 4975
f 4937 4975 4940
f 4940 4978 4977
f 4659 4941 4979
f 4941 4940 4977
f 4941 4977 4979
f 4182 4325 4981
f 4946 4828 4892
f 4892 4864 4983
f 4568 4393 4985
f 4919 4834 4984
f 4834 4719 4952
f 4952 4835 4920
f 4897 4898 4986
f 4805 4874 4873
f 4775 4850 4991
f 4961 4776 4991
f 4776 4775 4991
f 4597 4545 4965
f 4339 4930 4542
f 4970 4886 4994
f 4886 4934 4994
f 4938 4936 4976
f 4976 4997 4996
f 4936 4973 4976
f 4976 4973 4997
f 4975 4976 4996
f 4787 4998 4973
f 4997 4973 4998
f 4940 4975 4978
f 4975 4996 4978
f 4787 4789 4998
f 4996 4999 4978
f 4977 4978 5000
f 4979 4977 5000
f 4076 3811 4514
f 4979 5000 5001
f 4943 4568 5002
f 4980 5004 5005
f 4916 3788 4948
f 4864 4947 4983
f 4947 4832 5006
f 4832 4833 5006
f 4833 4919 4984
f 4953 4392 5008
f 4392 4724 5008
f 4986 4898 5009
f 4898 4756 5009
f 4756 4954 5009
f 4869 4956 4923
f 4873 4874 5012
f 4393 4484 4900
f 4874 4902 5013
f 3790 3493 5015
f 4881 4732 4960
f 4545 4437 4966
f 4818 4311 5017
f 3685 4491 4700
f 3792 4659 4701
f 4996 5021 5022
f 4996 4997 5021
f 4997 4998 5021
f 4999 4996 5022
f 4999 5022 5023
f 4978 4999 5023
f 4978 5023 5024
f 5000 4978 5024
f 4979 5001 5025
f 5002 5027 5003
f 5027 5028 5003
f 5002 4568 4985
f 4681 4944 5031
f 4982 5032 5034
f 4944 4831 5035
f 4833 4984 5006
f 4834 4952 4984
f 4920 4953 5036
f 5009 4954 5041
f 5011 5043 4958
f 5012 4874 5013
f 5044 4873 5012
f 4902 4903 5045
f 4926 5044 5046
f 4690 4593 5042
f 4812 4118 5047
f 4118 4538 5047
f 4170 4596 5014
f 4540 3913 5049
f 3913 4597 5049
f 4991 4850 5050
f 4850 4962 5050
f 4702 4492 4908
f 4970 4994 5053
f 5054 5053 4994
f 5055 5054 4994
f 4659 4995 4701
f 5022 5021 5063
f 5063 5021 5064
f 5021 4998 5064
f 4998 4789 5065
f 4789 4512 5065
f 5000 5024 5026
f 5001 5000 5026
f 5001 5026 5025
f 4983 4947 5033
f 5032 5068 5034
f 4947 5006 5033
f 5068 5035 5034
f 4393 4900 4985
f 5037 4922 5072
f 4922 4923 5072
f 5040 4986 5073
f 5040 5073 5074
f 4986 5009 5073
f 5074 5073 5075
f 5009 5041 5073
f 5073 5041 5075
f 5041 4954 5039
f 5041 5039 5075
f 5075 5039 5076
f 5040 5074 5078
f 5074 5075 5079
f 5075 5076 5079
f 5079 5076 5080
f 4923 4956 5077
f 4987 5078 5079
f 5079 5080 5081
f 5081 5080 5043
f 5079 5081 4987
f 5012 5013 5083
f 5044 5012 5083
f 5044 5083 5046
f 5013 4902 5045
f 5045 4903 5082
f 5046 5083 5086
f 5083 5084 5087
f 5087 5084 5088
f 5086 5083 5087
f 5090 5087 5088
f 5088 5089 5091
f 5086 5087 4988
f 5089 5092 5091
f 4988 5087 5048
f 5087 5090 5048
f 5088 5091 5090
f 5042 4593 4542
f 5048 5090 4959
f 5090 5091 4959
f 4959 5091 5092
f 5092 4905 4959
f 4905 5092 4880
f 4597 4965 5094
f 4488 4546 5095
f 5051 4702 5098
f 5101 5054 5055
f 5064 4998 5065
f 5022 5063 5110
f 5113 5023 5110
f 5023 5022 5110
f 5024 5023 5116
f 5116 5023 5113
f 5026 5024 5025
f 5025 5024 5116
f 5027 5117 5028
f 5028 5117 5029
f 5117 5118 5029
f 5029 5118 5030
f 5118 5068 5032
f 4892 4983 5119
f 5033 5067 4983
f 5067 5006 5069
f 5069 5006 5121
f 5121 5006 5122
f 5006 4984 5122
f 4951 5037 5124
f 4896 5070 5038
f 5076 5039 5082
f 5076 5082 5080
f 5080 5082 4903
f 5013 5127 5083
f 5013 5045 5127
f 5083 5127 5084
f 5127 5045 5084
f 5084 5045 5085
f 5045 5082 5085
f 5085 5082 5128
f 5084 5085 5088
f 5085 5128 5089
f 5085 5089 5088
f 5089 5128 5092
f 4546 4374 5131
f 4992 3623 4884
f 4702 4908 5098
f 4970 5053 5135
f 5134 5054 5101
f 5100 5102 5133
f 5104 5108 5140
f 5140 5108 5142
f 5063 5146 5145
f 5063 5064 5146
f 5064 5065 5146
f 5109 5112 5147
f 5110 5063 5145
f 4322 3648 5149
f 5147 5112 5152
f 5113 5110 5148
f 3648 3635 5149
f 5116 5113 5148
f 4979 5025 5153
f 5025 5116 5154
f 5027 5002 5155
f 5117 5156 5118
f 5118 5156 5157
f 5157 5158 5068
f 4946 4892 5159
f 4892 5119 5159
f 5120 5031 4944
f 4983 5067 5160
f 5067 5069 5160
f 4984 5123 5122
f 4984 4952 5123
f 5123 4920 5161
f 4920 5036 5161
f 5037 5072 5124
f 5072 4923 5126
f 4923 5077 5126
f 5077 4956 5126
f 5130 4961 5168
f 4961 4991 5168
f 4991 5050 5168
f 5050 4962 5169
f 4962 4777 5169
f 5131 4374 4816
f 4966 4437 5172
f 4437 4781 5172
f 4338 4309 5132
f 4309 4600 5132
f 4908 4970 5135
f 5176 5058 5140
f 5144 5109 5186
f 5109 5147 5186
f 5110 5145 5187
f 4659 4979 5153
f 5148 5187 5184
f 5148 5110 5187
f 5116 5148 5190
f 5154 5116 5190
f 5025 5154 5191
f 4946 5159 5193
f 5119 4983 5160
f 5121 5122 5195
f 4866 4951 5198
f 5161 5036 5196
f 5036 4953 5008
f 4951 5124 5198
f 5198 5124 5199
f 5125 5162 5200
f 5015 3493 5218
f 3493 4646 5218
f 5168 5050 5217
f 5130 5168 5216
f 4906 4881 4960
f 4338 5132 4780
f 3683 4312 5222
f 4229 4654 5223
f 4968 4066 5224
f 5140 5142 5232
f 5236 5186 5237
f 5184 5182 5233
f 5238 5235 5239
f 5235 5236 5239
f 5186 5147 5237
f 5236 5237 5239
f 4659 5153 4995
f 5238 5239 5241
f 5147 5152 5237
f 5237 5152 5241
f 5239 5237 5241
f 5065 4512 5242
f 5190 5148 5188
f 4409 4214 5243
f 4214 4076 5243
f 4076 4514 5243
f 5154 5190 5191
f 5155 5002 5245
f 5193 5159 5252
f 4946 5193 5255
f 5159 5119 5256
f 5069 5121 5160
f 5121 5195 5258
f 4948 4866 5259
f 5122 5123 5195
f 4866 5198 5259
f 5196 5036 5260
f 5036 5008 5260
f 4690 5042 4724
f 5163 5202 5199
f 5162 5201 5200
f 5126 5203 5202
f 5207 5206 5208
f 5214 5215 5276
f 5014 4596 5277
f 5169 4777 5217
f 4906 4960 5219
f 4907 4488 5095
f 4600 4490 5278
f 4066 4853 5224
f 4930 4702 5280
f 5228 5229 5285
f 5233 5230 5284
f 5231 5065 5287
f 5288 5289 5235
f 5065 5242 5287
f 5190 5188 5290
f 5153 5025 5191
f 4213 4409 5291
f 5002 4985 5245
f 5248 5249 5293
f 5293 5249 5294
f 5249 5250 5294
f 5294 5250 5295
f 5250 5252 5295
f 5295 5252 5253
f 5256 5119 5298
f 5298 5119 5299
f 5119 5160 5299
f 5299 5160 5301
f 5160 5121 5301
f 5301 5121 5302
f 5121 5258 5302
f 5302 5258 5303
f 5258 5195 5303
f 5303 5195 5304
f 5195 5123 5304
f 5304 5123 5305
f 5123 5306 5305
f 5123 5161 5306
f 5306 5161 5307
f 5161 5196 5307
f 5198 5199 5259
f 5008 4724 5308
f 5259 5199 5309
f 5199 5202 5309
f 5309 5202 5311
f 5269 5270 5314
f 5270 5315 5314
f 5315 5270 5317
f 5270 5274 5317
f 5274 5318 5317
f 5214 5276 5318
f 4597 5170 5049
f 4781 3683 5222
f 4702 5051 5325
f 3623 4322 4884
f 4908 5135 5327
f 5227 5136 5330
f 5284 5228 5331
f 5228 5285 5331
f 5285 5229 5332
f 5229 5231 5332
f 5286 5284 5334
f 5234 5286 5335
f 4860 4213 5291
f 4275 2241 5338
f 2241 4916 5338
f 5253 5256 5339
f 4681 5031 5257
f 5301 5302 5299
f 5302 5303 5341
f 5341 5303 5304
f 5305 5306 5343
f 5307 5196 5344
f 5008 5308 5260
f 4985 4900 5340
f 5311 5267 5312
f 5312 5269 5314
f 5315 5317 5345
f 5317 5318 5346
f 4282 4589 5347
f 3951 4848 4878
f 5276 5217 5321
f 5276 5321 5348
f 4907 5095 5349
f 4490 4550 5278
f 4550 4228 5351
f 4228 4655 5351
f 4702 5325 5280
f 5098 4908 5352
f 4908 5327 5352
f 5334 5284 5357
f 5284 5331 5357
f 5357 5331 5358
f 5331 5285 5358
f 5358 5285 5359
f 5285 5332 5359
f 5232 5142 5360
f 5286 5334 5361
f 5335 5286 5361
f 5153 5336 4995
f 4512 4513 5242
f 5294 5295 5365
f 5256 5298 5339
f 5298 5299 5369
f 5369 5299 5370
f 5370 5299 5371
f 5299 5302 5371
f 5371 5302 5341
f 5341 5304 5372
f 5372 5304 5343
f 5304 5305 5343
f 5306 5307 5373
f 5196 5260 5344
f 5309 5311 5375
f 5311 5312 5375
f 5314 5315 5345
f 5345 5317 5376
f 5042 4542 5377
f 5318 5348 5346
f 4191 4591 5378
f 4591 4540 5378
f 5348 5321 5379
f 5321 4777 5379
f 4777 4929 5379
f 5379 4929 4734
f 5380 4930 5280
f 5325 5051 5326
f 4701 4995 5385
f 5332 5231 5384
f 5386 5334 5357
f 5361 5334 5387
f 5387 5334 5386
f 5336 5362 4995
f 5245 4985 5363
f 3697 4681 5390
f 5293 5294 5391
f 5391 5294 5392
f 5294 5365 5392
f 5295 5253 5395
f 4325 4275 5394
f 4681 5257 5396
f 5257 5342 5396
f 5371 5341 5372
f 5371 5372 5397
f 5397 5372 5343
f 5306 5373 5343
f 5307 5344 5373
f 4724 5042 5398
f 5375 5312 5345
f 5312 5314 5345
f 5317 5346 5376
f 5348 5379 5346
f 4596 4907 5277
f 4597 5094 5170
f 4965 4966 5400
f 4966 5172 5400
f 5326 5051 5382
f 5382 5051 5402
f 5357 5358 5405
f 5358 5359 5405
f 5359 5332 5384
f 5360 5142 5409
f 5387 5386 5407
f 5361 5387 5407
f 5287 5242 5410
f 5362 5361 5411
f 5411 5361 5407
f 4995 5362 5411
f 5339 5298 5414
f 5298 5369 5414
f 5369 5370 5415
f 5370 5371 5397
f 4900 4484 5419
f 5347 4589 5420
f 4589 5014 5420
f 5376 5346 5422
f 4694 4773 5421
f 4730 4694 4646
f 5346 5379 5422
f 5379 4734 5422
f 5423 5280 5325
f 5402 5051 5098
f 5430 5405 5427
f 5405 5359 5427
f 5359 5384 5427
f 5386 5357 5406
f 5357 5405 5406
f 5406 5405 5430
f 5333 5360 5428
f 5386 5406 5408
f 5231 5287 5384
f 5407 5386 5408
f 5411 5407 5433
f 4995 5411 5385
f 5242 4513 5434
f 5363 4985 5412
f 5365 5295 5436
f 5295 5395 5436
f 5395 5253 5439
f 5253 5339 5439
f 5342 5418 5396
f 5415 5370 5440
f 5397 5443 5370
f 5397 5343 5443
f 5373 5344 5445
f 5259 5309 5375
f 4646 4694 5421
f 4848 4191 5446
f 4907 5349 5277
f 4734 3623 4992
f 5449 5280 5423
f 5352 5327 5450
f 5328 5424 5425
f 5425 5424 5454
f 5424 5383 5456
f 5430 5427 5459
f 5427 5384 5460
f 5384 5287 5460
f 5360 5409 5428
f 5406 5430 5458
f 5408 5406 5462
f 5433 5407 5463
f 5407 5408 5463
f 5410 5242 5434
f 5385 5411 5433
f 5439 5339 5467
f 5339 5414 5467
f 5370 5443 5440
f 5443 5343 5469
f 5343 5373 5469
f 5469 5373 5445
f 5344 5260 5445
f 5345 5376 5422
f 4812 5047 5470
f 5470 5047 5471
f 5470 5471 5473
f 5047 4538 5471
f 4538 4643 5471
f 5471 4643 5472
f 4643 4845 5472
f 5471 5472 5473
f 5470 5473 5474
f 5474 5473 5475
f 4845 4878 5472
f 5472 4878 5475
f 5473 5472 5475
f 4878 4848 5446
f 5475 4878 5446
f 5218 4646 5476
f 5278 4550 5351
f 5429 5457 5478
f 5459 5427 5460
f 5459 5460 5481
f 5481 5460 5482
f 5287 5410 5460
f 5462 5406 5458
f 5463 5408 5462
f 5463 5462 5483
f 5463 5483 5484
f 5385 5433 5484
f 5484 5433 5463
f 5291 4409 5485
f 5412 4985 5340
f 5415 5440 5488
f 5445 5260 5492
f 5260 5308 5492
f 5474 5494 5493
f 5474 5475 5494
f 5475 5446 5494
f 4646 5421 5493
f 5446 4191 5495
f 4191 5378 5495
f 5095 4546 5131
f 4779 4701 5477
f 4700 4491 5498
f 5402 5098 5352
f 5450 5499 5352
f 5451 5455 5450
f 5430 5481 5458
f 5481 5482 5507
f 5482 5460 5410
f 5482 5410 5507
f 5462 5458 5483
f 5484 5483 5508
f 5484 5508 5464
f 5391 5392 5510
f 5392 5365 5510
f 4981 4325 5394
f 5414 5369 5511
f 5511 5369 5512
f 5396 5418 5514
f 5440 5515 5488
f 5440 5443 5515
f 5443 5469 5516
f 5492 5308 5517
f 5308 5374 5517
f 5375 5345 5422
f 5446 5495 5494
f 4542 4930 5377
f 5377 4930 5448
f 5280 5449 5519
f 5351 4655 5520
f 5402 5352 5521
f 4884 4322 5522
f 5450 5501 5499
f 5479 5506 5525
f 5525 5506 5527
f 5458 5481 5507
f 5483 5458 5529
f 5530 5483 5529
f 5508 5530 5531
f 5508 5483 5530
f 5464 5508 5531
f 4409 5243 5485
f 5395 5439 5534
f 5439 5467 5534
f 5467 5414 5511
f 5369 5415 5512
f 5469 5445 5538
f 5493 5494 5540
f 5493 5540 5476
f 5494 5495 5540
f 4540 5049 5541
f 4965 5400 5542
f 5131 4816 5543
f 5448 4930 5380
f 4654 4818 5223
f 5352 5544 5521
f 5544 5352 5499
f 5499 5501 5548
f 5458 5507 5550
f 5507 5410 5551
f 5410 5434 5551
f 5529 5458 5552
f 5552 5458 5550
f 5553 5529 5552
f 5530 5529 5553
f 5291 5485 5555
f 5464 5531 5556
f 5532 5558 5533
f 5559 5561 5535
f 4948 5259 5375
f 5515 5443 5516
f 5516 5469 5537
f 4724 5398 5374
f 5398 5042 5377
f 5495 5378 5540
f 4818 5017 5567
f 5544 5499 5568
f 5568 5499 5548
f 5575 5570 5524
f 5572 5573 5576
f 5575 5525 5579
f 5574 5575 5578
f 5578 5575 5579
f 5572 5576 5461
f 5576 5577 5580
f 5577 5578 5580
f 5525 5527 5579
f 5578 5579 5580
f 5550 5507 5581
f 5581 5507 5551
f 5550 5581 5552
f 5553 5552 5554
f 5530 5554 5582
f 5530 5553 5554
f 5434 4513 5583
f 5531 5530 5582
f 4513 4860 5555
f 4513 5555 5583
f 4860 5291 5555
f 5556 5531 5582
f 5509 5584 5532
f 5365 5436 5585
f 5436 5395 5585
f 5558 5586 5559
f 5534 5467 5588
f 5586 5589 5559
f 5467 5511 5588
f 5559 5589 5561
f 5512 5415 5590
f 5415 5488 5590
f 5590 5488 5591
f 5562 5592 5514
f 5469 5538 5537
f 5340 4900 5419
f 5375 5422 5593
f 5094 4965 5170
f 5380 5280 5599
f 5280 5519 5599
f 5132 4600 5600
f 4655 4700 5601
f 4700 5498 5601
f 5521 5544 5602
f 5605 5603 5569
f 5568 5548 5603
f 5605 5569 5604
f 5609 5610 5574
f 5608 5575 5610
f 5608 5570 5575
f 5573 5609 5577
f 5577 5609 5574
f 5581 5551 5611
f 5551 5434 5612
f 5385 5464 5616
f 5552 5581 5614
f 5554 5614 5615
f 5554 5552 5614
f 5616 5464 5619
f 5464 5556 5619
f 5619 5556 5620
f 5620 5556 5582
f 5557 5340 5621
f 5584 5586 5558
f 5510 5365 5622
f 5365 5585 5622
f 5585 5395 5534
f 5589 5623 5561
f 5588 5511 5624
f 5511 5512 5625
f 5592 5396 5514
f 5488 5515 5591
f 5538 5445 5627
f 5445 5492 5627
f 5340 5419 5626
f 5170 4965 5542
f 5095 5131 5598
f 5448 5380 5628
f 4816 4780 5630
f 4655 5601 5520
f 4701 5606 5477
f 5633 5544 5568
f 5634 5603 5605
f 5571 5634 5604
f 5636 5635 5639
f 4701 5385 5606
f 5611 5612 5642
f 5614 5611 5613
f 5615 5614 5613
f 5149 3635 5644
f 5618 5582 5617
f 5620 5618 5619
f 5621 5645 5584
f 5390 4681 5649
f 4681 5396 5649
f 5391 5510 5650
f 5650 5510 5622
f 5648 5651 5589
f 5589 5651 5623
f 5623 5652 5592
f 5512 5590 5625
f 5591 5515 5653
f 5516 5537 5654
f 5537 5655 5654
f 5419 4484 5447
f 4484 4779 5447
f 5476 5540 5657
f 5540 5378 5657
f 5095 5598 5349
f 5447 4779 5477
f 5543 4816 5630
f 5630 4780 5132
f 5172 4781 5659
f 4781 5222 5659
f 5223 4818 5567
f 5498 4491 4968
f 5602 5544 5633
f 5602 5633 5660
f 5615 5613 5641
f 5611 5642 5640
f 5243 4514 5669
f 5650 5622 5672
f 5650 5672 5673
f 5673 5672 5674
f 5622 5585 5672
f 5585 5534 5675
f 5672 5585 5674
f 5674 5585 5675
f 5673 5674 5677
f 5675 5534 5678
f 5534 5588 5678
f 5653 5515 5654
f 5515 5516 5654
f 5655 5537 5656
f 5218 5476 5657
f 5049 5170 5680
f 5131 5543 5681
f 5568 5685 5682
f 5683 5662 5686
f 5635 5636 5686
f 5664 5665 5688
f 5666 5642 5689
f 5643 5667 5692
f 5643 5641 5667
f 5642 5612 5690
f 5385 5616 5693
f 5668 5643 5692
f 5674 5675 5677
f 5677 5675 5701
f 5675 5678 5701
f 5588 5624 5678
f 5624 5511 5625
f 5591 5653 5590
f 5340 5626 5679
f 5400 5658 5542
f 4600 5278 5600
f 5660 5633 5707
f 5688 5689 5713
f 5667 5712 5714
f 5667 5664 5712
f 5664 5688 5712
f 5606 5385 5693
f 5691 5667 5714
f 5612 5434 5694
f 5695 5621 5717
f 5621 5697 5717
f 5621 5340 5697
f 5677 5701 5720
f 5590 5653 5721
f 5654 5655 5722
f 5722 5655 5723
f 5655 5656 5723
f 5656 5538 5724
f 5538 5627 5724
f 5422 4734 5593
f 5541 5049 5680
f 5598 5131 5681
f 5658 5400 5725
f 5400 5172 5725
f 5380 5599 5726
f 5686 5636 5730
f 5636 5639 5731
f 5712 5688 5732
f 5732 5688 5713
f 5713 5689 5733
f 5689 5690 5733
f 5714 5712 5715
f 5693 5734 5606
f 5716 5691 5715
f 5693 5716 5734
f 5697 5340 5679
f 5396 5703 5649
f 5701 5678 5720
f 5720 5678 5624
f 5624 5625 5738
f 5625 5590 5738
f 5656 5724 5723
f 5374 5398 5741
f 5398 5377 5741
f 5093 5319 5742
f 5172 5659 5725
f 5660 5707 5743
f 5712 5732 5747
f 5732 5713 5748
f 5713 5733 5748
f 5712 5747 5749
f 5715 5712 5749
f 5716 5715 5734
f 5734 5715 5749
f 5555 5485 5751
f 5485 5243 5752
f 5243 5669 5752
f 5721 5653 5754
f 5653 5654 5754
f 5654 5722 5754
f 5742 5319 5755
f 4699 5173 5631
f 5600 5278 5756
f 5731 5639 5761
f 5747 5732 5762
f 5732 5748 5762
f 5748 5733 5763
f 5733 5690 5764
f 5765 5749 5747
f 5606 5734 5768
f 5734 5749 5765
f 5768 5734 5769
f 5768 5769 5770
f 5720 5624 5775
f 5775 5624 5777
f 5704 5720 5775
f 5624 5738 5777
f 5722 5723 5781
f 5378 4540 5783
f 4540 5541 5783
f 5170 5542 5658
f 5785 5726 5786
f 5278 5351 5756
f 5748 5789 5762
f 5748 5763 5789
f 5763 5733 5764
f 5747 5766 5765
f 5690 5612 5764
f 5734 5765 5769
f 5769 5765 5790
f 5612 5694 5764
f 5770 5769 5790
f 5768 5770 5791
f 5768 5791 5792
f 5434 5583 5750
f 5777 5738 5778
f 5738 5590 5778
f 5724 5627 5799
f 5627 5492 5799
f 5492 5517 5800
f 5517 5374 5800
f 5380 5726 5785
f 5762 5789 5806
f 5789 5763 5807
f 5766 5762 5808
f 5762 5806 5808
f 5763 5764 5807
f 5765 5808 5809
f 5765 5766 5808
f 5790 5765 5809
f 5790 5810 5770
f 5770 5810 5811
f 5768 5792 5812
f 5770 5811 5791
f 5791 5813 5792
f 5791 5811 5813
f 5792 5815 5814
f 5704 5775 5816
f 5795 5679 5626
f 5754 5722 5817
f 5722 5781 5817
f 5723 5724 5820
f 5782 5377 5448
f 5628 5380 5785
f 5743 5707 5825
f 5789 5807 5806
f 5806 5807 5828
f 5828 5807 5829
f 5808 5806 5830
f 5830 5806 5828
f 5807 5764 5829
f 5809 5808 5830
f 5522 4322 5831
f 5790 5809 5810
f 5809 5830 5810
f 5811 5810 5833
f 5694 5750 5832
f 5811 5833 5834
f 5813 5811 5834
f 5792 5814 5812
f 5814 5835 5812
f 5792 5813 5815
f 5838 5649 5796
f 5649 5703 5796
f 5590 5721 5841
f 5703 5780 5796
f 5721 5754 5841
f 5014 5277 5844
f 5707 5758 5825
f 5828 5855 5830
f 5828 5829 5855
f 5855 5829 5856
f 5829 5764 5856
f 5764 5694 5856
f 5810 5830 5857
f 4322 5149 5831
f 5834 5833 5858
f 5813 5834 5815
f 5814 5815 5835
f 5777 5778 5860
f 5778 5590 5861
f 5590 5841 5861
f 5796 5780 5819
f 5842 5840 5863
f 5841 5754 5862
f 5754 5817 5862
f 5723 5820 5781
f 5347 5420 5866
f 5349 5598 5823
f 5785 5786 5869
f 5743 5825 5870
f 5606 5850 5477
f 5606 5768 5850
f 5855 5856 5883
f 5857 5830 5855
f 5694 5832 5856
f 5768 5812 5884
f 5810 5857 5858
f 5885 5834 5858
f 5485 5752 5751
f 5815 5834 5885
f 5835 5815 5885
f 5887 5888 5889
f 5778 5861 5860
f 5863 5892 5819
f 5862 5817 5893
f 5817 5781 5893
f 5893 5781 5820
f 5724 5799 5820
f 5799 5492 5894
f 5492 5800 5894
f 5374 5741 5800
f 5377 5782 5741
f 5593 4734 4992
f 5448 5628 5895
f 5725 5659 5896
f 5498 4968 5900
f 5758 5903 5825
f 5847 5872 5903
f 5878 5877 5908
f 5908 5877 5911
f 5883 5856 5832
f 5883 5832 5912
f 5913 5857 5855
f 5858 5857 5913
f 5858 5913 5914
f 5885 5858 5914
f 5885 5914 5916
f 5812 5835 5917
f 5917 5885 5916
f 5835 5885 5917
f 5795 5886 5887
f 5889 5888 5890
f 5888 5891 5890
f 5918 5775 5919
f 5775 5777 5919
f 5816 5775 5918
f 5920 5819 5892
f 5841 5862 5861
f 5861 5862 5921
f 5862 5893 5921
f 5893 5820 5922
f 5820 5799 5923
f 5799 5894 5923
f 5626 5419 5447
f 5170 5658 5868
f 5658 5725 5926
f 5926 5725 5896
f 5223 5567 5929
f 5825 5903 5902
f 5872 5932 5903
f 5850 5768 5933
f 5933 5768 5884
f 5855 5883 5937
f 5883 5912 5937
f 5936 5913 5937
f 5913 5855 5937
f 5913 5936 5914
f 5884 5812 5917
f 5886 5941 5888
f 5390 5649 5943
f 5941 5944 5888
f 5886 5795 5946
f 5944 5945 5888
f 5888 5945 5891
f 5795 5626 5946
f 5918 5919 5947
f 5796 5819 5920
f 5921 5893 5949
f 5949 5893 5922
f 5922 5820 5923
f 5594 5014 5844
f 5657 5378 5924
f 5680 5170 5868
f 5785 5869 5952
f 5869 5897 5952
f 5630 5132 5953
f 5132 5600 5954
f 5600 5756 5954
f 5756 5351 5928
f 5958 5932 5957
f 5960 5961 5964
f 5964 5961 5905
f 5962 5963 5965
f 5963 5959 5965
f 5959 5960 5965
f 5965 5960 5966
f 5964 5908 5967
f 5960 5964 5966
f 5966 5964 5967
f 5962 5965 5934
f 5934 5965 5968
f 5968 5965 5969
f 5965 5966 5969
f 5908 5911 5967
f 5966 5967 5969
f 5936 5937 5970
f 5937 5912 5970
f 5938 5914 5936
f 5973 5941 5886
f 5944 5974 5945
f 5891 5945 5920
f 5919 5777 5980
f 5861 5921 5981
f 5949 5950 5984
f 5950 5923 5984
f 5984 5923 5985
f 5923 5894 5985
f 5375 5593 5986
f 5420 5594 5866
f 5277 5349 5987
f 5868 5658 5926
f 5930 5870 5990
f 5870 5902 5990
f 5992 5993 5961
f 5993 5958 5957
f 5958 5991 5932
f 5992 5959 5994
f 5992 5961 5960
f 5992 5960 5959
f 5993 5957 5961
f 5995 5996 5962
f 5962 5996 5963
f 5996 5994 5959
f 5996 5959 5963
f 5970 5971 5999
f 5973 6002 5941
f 5941 6002 5974
f 5975 5976 6004
f 6004 5976 6005
f 5976 5977 6005
f 6005 5977 6006
f 4981 5394 6007
f 5977 5948 6006
f 6006 5948 5979
f 5980 5777 6009
f 5860 5861 6010
f 5861 5981 6010
f 6010 5981 6011
f 5981 5982 6011
f 5982 5983 6011
f 5844 5277 5987
f 5448 5895 5782
f 5628 5785 5952
f 5630 5953 5898
f 5132 5954 5953
f 5567 5017 5927
f 5601 5498 6016
f 5498 5900 6016
f 5930 5990 6017
f 6018 5902 5903
f 6018 5903 5991
f 5993 6020 6021
f 6019 5994 6024
f 5992 5994 6019
f 5999 5971 6000
f 5971 5832 6027
f 5973 5886 6031
f 4981 6007 6034
f 5838 5796 6037
f 5777 5860 6009
f 5860 6010 6009
f 6009 6010 6038
f 6010 6011 6038
f 6038 6011 6039
f 6039 6011 6040
f 6011 5983 6040
f 5983 6012 6040
f 4948 5375 5986
f 5894 5800 6012
f 5349 5823 5987
f 5447 5477 6014
f 5543 5630 5988
f 4853 5223 5929
f 4968 6043 5900
f 4968 5224 6043
f 5224 4853 6044
f 5990 5902 6018
f 6018 5991 6049
f 6025 5998 6051
f 5998 6000 6051
f 5832 5750 6057
f 5583 5555 5751
f 6005 6006 6059
f 6059 6006 6060
f 6060 6006 6061
f 5394 4275 6035
f 6006 5979 6061
f 5979 5980 6061
f 5980 6009 6063
f 6009 6038 6065
f 6065 6038 6066
f 6065 6066 6068
f 6038 6039 6066
f 6068 6066 6069
f 6066 6039 6067
f 6066 6067 6069
f 6039 6040 6067
f 6067 6040 6070
f 6069 6067 6070
f 6040 6012 6070
f 6070 6012 6071
f 6012 5800 6072
f 5351 5520 5928
f 6046 6019 6076
f 6019 6024 6077
f 6081 6051 6082
f 6051 6052 6082
f 6052 6000 6055
f 6053 6054 6083
f 6053 6026 6054
f 6054 6025 6080
f 6025 6051 6080
f 6055 5971 6027
f 6028 6053 6084
f 6027 5832 6057
f 5973 6031 6086
f 6031 5886 5946
f 5943 5649 6088
f 5649 5838 6088
f 6007 5394 6035
f 6061 5980 6063
f 5838 6037 6089
f 6063 6009 6090
f 6009 6093 6090
f 6093 6009 6065
f 6065 6068 6095
f 6069 6070 6068
f 6068 6070 6095
f 6095 6070 6096
f 6096 6070 6071
f 6071 6012 6097
f 5594 5844 6099
f 5681 5543 5988
f 5988 5630 5898
f 5520 5601 6016
f 6077 6024 6078
f 6078 6024 6105
f 6054 6080 6106
f 6082 6052 6055
f 5933 6084 6107
f 5669 4514 6085
f 5946 5626 6110
f 6093 6065 6112
f 6093 6112 6111
f 6065 6095 6112
f 6112 6095 6113
f 6113 6095 6096
f 6096 6071 6114
f 6071 6097 6114
f 6114 6097 6116
f 6012 6072 6097
f 5222 4312 6119
f 6106 6080 6125
f 6080 6081 6125
f 6081 6082 6126
f 6083 6127 6084
f 6004 6005 6129
f 6005 6059 6129
f 4275 5338 6035
f 6061 6063 6130
f 6063 6090 6130
f 6090 6093 6111
f 6089 6094 6133
f 6111 6112 6113
f 6113 6096 6134
f 6096 6114 6134
f 6072 5800 5741
f 6135 5657 6136
f 5657 5924 6136
f 5628 5952 6074
f 5222 6119 6137
f 5728 5477 5850
f 6017 5990 6120
f 5990 6018 6138
f 6106 6141 6140
f 6106 6125 6141
f 6081 6126 6125
f 6082 6055 6126
f 6126 6055 6142
f 6055 6143 6142
f 6055 6027 6143
f 6084 6127 6144
f 5850 5933 6107
f 5850 6107 6145
f 6107 6084 6144
f 6004 6129 6148
f 6059 6060 6149
f 6060 6061 6149
f 6149 6061 6130
f 5338 4916 6150
f 4916 4948 6150
f 6111 6113 6154
f 6113 6134 6154
f 6135 6136 6156
f 5015 5218 6158
f 5218 5657 6157
f 5924 5378 6159
f 5628 6074 5895
f 5896 5659 6160
f 6014 5477 5728
f 5659 5222 6137
f 5928 5520 6162
f 5520 6016 6162
f 5224 6044 6164
f 6120 5990 6138
f 6077 6078 6169
f 6077 6169 6166
f 6169 6078 6105
f 6168 6169 6105
f 6167 6168 6104
f 6104 6168 6170
f 6168 6105 6170
f 6125 6126 6172
f 6125 6172 6171
f 6127 6140 6173
f 6144 6127 6173
f 6107 6144 6174
f 6107 6174 6145
f 6035 5338 6177
f 5338 6150 6177
f 6130 6090 6179
f 6090 6111 6181
f 6182 6111 6154
f 6154 6134 6184
f 6134 6114 6184
f 5741 5782 6186
f 6157 6135 6194
f 6156 6136 6195
f 6136 5924 6195
f 6158 5218 6196
f 5218 6157 6196
f 5378 5783 6159
f 5593 4992 6101
f 5895 6074 6197
f 5988 5898 6198
f 5954 5756 6199
f 5756 5928 6199
f 6165 6200 6168
f 6166 6169 6168
f 6200 6166 6168
f 6140 6141 6171
f 6141 6125 6171
f 6203 6171 6204
f 6171 6172 6204
f 6172 6126 6142
f 6172 6142 6204
f 6173 6206 6205
f 6173 6140 6206
f 6142 6143 6207
f 6144 6173 6205
f 6143 6027 6208
f 6174 6144 6205
f 6174 6205 6209
f 6027 6057 6208
f 6174 6209 6145
f 5750 5583 6211
f 6059 6149 6129
f 5838 6089 6088
f 6181 6111 6182
f 6185 6114 6217
f 6114 6116 6217
f 6116 6097 6217
f 6189 6190 6218
f 6218 6190 6219
f 6219 6190 6220
f 6190 6191 6220
f 6220 6191 6221
f 6221 6191 6223
f 6191 6195 6223
f 6223 6195 6224
f 6099 5844 6225
f 6195 5924 6224
f 5659 6137 6160
f 5929 5567 6228
f 4853 5929 6044
f 6138 6124 6234
f 6140 6171 6206
f 6171 6203 6206
f 6203 6204 6235
f 6142 6207 6204
f 6205 6206 6236
f 6206 6203 6237
f 6203 6235 6237
f 6204 6207 6235
f 6207 6143 6235
f 6238 6205 6236
f 6235 6143 6208
f 6236 6206 6239
f 6206 6237 6239
f 6209 6205 6238
f 6238 6236 6241
f 6209 6238 6210
f 6238 6241 6242
f 6210 6238 6242
f 6210 6242 6243
f 6129 6149 6212
f 6149 6130 6244
f 6130 6213 6244
f 6130 6179 6213
f 6089 6133 6247
f 6182 6154 6248
f 6184 6114 6249
f 6114 6185 6249
f 6110 5626 5447
f 6072 5741 6250
f 6196 6157 6251
f 6224 5924 6159
f 5782 6252 6186
f 5782 5895 6252
f 6253 5844 5987
f 5987 5823 6253
f 5823 5598 6226
f 6255 5895 6257
f 6226 5598 6258
f 5598 5681 6258
f 5895 6197 6257
f 5681 5988 6258
f 5953 5954 5898
f 6044 5929 6228
f 5224 6164 6043
f 6237 6235 6267
f 6239 6237 6267
f 6236 6239 6241
f 6241 6239 6268
f 6239 6267 6268
f 6242 6241 6269
f 6241 6268 6269
f 6210 6243 6270
f 6210 6270 6145
f 5750 6211 6146
f 6242 6271 6243
f 6242 6269 6271
f 6243 6271 6272
f 6129 6212 6273
f 6179 6090 6274
f 6090 6181 6274
f 6181 6182 6248
f 6154 6184 6248
f 6217 6097 6277
f 6097 6072 6277
f 6251 6194 6278
f 6223 6224 6279
f 5680 5868 6282
f 6229 6138 6286
f 6234 6266 6286
f 6267 6235 6208
f 6267 6208 6289
f 6269 6268 6290
f 5583 5751 6211
f 6271 6269 6291
f 6243 6272 6270
f 6293 6244 6294
f 6244 6293 6295
f 6244 6213 6294
f 5946 6110 6297
f 6089 6247 6299
f 6224 6159 6279
f 6225 5844 6253
f 6252 5895 6302
f 6302 5895 6304
f 5895 6255 6304
f 6258 5988 6198
f 6014 5728 6284
f 6321 6267 6289
f 6290 6267 6321
f 6208 6057 6320
f 6322 6290 6321
f 6269 6290 6322
f 6291 6269 6322
f 6270 6272 6323
f 6088 6089 6299
f 6246 6326 6298
f 6181 6248 6274
f 6248 6184 6327
f 6327 6184 6328
f 6184 6249 6328
f 6250 5741 6186
f 6253 5823 6226
f 6255 6330 6304
f 6330 6255 6331
f 6255 6254 6331
f 6226 6258 6332
f 5926 5896 6333
f 5896 6283 6333
f 5898 6335 6198
f 6199 5928 6162
f 4992 4884 5522
f 5728 5850 6306
f 6229 6286 6305
f 6305 6286 6339
f 6286 6310 6339
f 6312 6313 6342
f 6342 6313 6346
f 6313 6317 6346
f 6346 6317 6348
f 6317 6319 6348
f 6348 6319 6353
f 6321 6289 6354
f 6321 6354 6355
f 6322 6321 6355
f 5850 6145 6357
f 6145 6270 6357
f 6291 6322 6358
f 6291 6358 6359
f 6272 6291 6359
f 6148 6129 6360
f 6129 6273 6360
f 6360 6273 6361
f 6273 6293 6361
f 6324 6362 6325
f 6294 6213 6363
f 6213 6179 6363
f 6325 6362 6326
f 6362 6364 6326
f 6363 6179 6274
f 6274 6248 6365
f 6365 6248 6327
f 5866 6099 6371
f 5898 5954 6373
f 5954 6199 6373
f 6312 6342 6379
f 6379 6342 6343
f 6342 6346 6343
f 6346 6348 6380
f 6348 6353 6380
f 6320 6382 6354
f 5831 5149 6385
f 6322 6355 6356
f 5149 5644 6385
f 6358 6322 6356
f 5751 5752 6387
f 5752 5669 6388
f 5669 6085 6388
f 6357 6270 6323
f 6297 6391 6324
f 6363 6274 6365
f 6088 6299 6394
f 6365 6327 6367
f 6367 6327 6369
f 6328 6249 6370
f 6072 6300 6277
f 5447 6014 6397
f 6158 6196 6401
f 5868 5926 6333
f 6283 5896 6160
f 5898 6373 6335
f 6284 5728 6306
f 6305 6377 6375
f 6305 6339 6377
f 6379 6343 6406
f 6379 6406 6408
f 6408 6406 6409
f 6343 6346 6406
f 6406 6346 6407
f 6346 6380 6407
f 6407 6380 6410
f 6406 6407 6409
f 6409 6407 6410
f 6408 6409 6411
f 6409 6410 6411
f 6408 6411 6413
f 6413 6411 6414
f 6380 6353 6410
f 6410 6353 6414
f 6411 6410 6414
f 6354 6382 6381
f 6383 6381 6412
f 5850 6357 6306
f 6389 6358 6384
f 6297 6418 6391
f 6391 6420 6364
f 6148 6360 6421
f 6361 6293 6422
f 6293 6294 6422
f 6363 6424 6294
f 6363 6365 6424
f 6394 6299 6396
f 6367 6369 6425
f 6369 6328 6426
f 6426 6328 6427
f 6370 6249 6428
f 6428 6249 6429
f 6218 6219 6430
f 6219 6220 6430
f 6258 6198 6402
f 6044 6228 6434
f 5900 6043 6016
f 6377 6339 6437
f 6412 6381 6438
f 6438 6381 6439
f 6381 6382 6439
f 6382 6320 6441
f 6387 5752 6443
f 5752 6388 6443
f 6357 6323 6417
f 6421 6360 6445
f 6360 6361 6445
f 6361 6422 6445
f 6395 6425 6446
f 6446 6425 6447
f 6447 6425 6426
f 6427 6328 6448
f 6328 6370 6448
f 6249 6185 6429
f 6185 6217 6429
f 6429 6217 6449
f 6217 6277 6449
f 6072 6250 6300
f 6302 6187 6451
f 6402 6198 6335
f 6373 6199 6454
f 6101 4992 5522
f 6438 6439 6462
f 6462 6439 6440
f 6442 6438 6462
f 6416 6442 6465
f 6417 6416 6465
f 6211 5751 6466
f 5751 6387 6466
f 6444 6390 6467
f 6390 6297 6467
f 5943 6088 6471
f 6422 6294 6473
f 6294 6424 6473
f 6424 6365 6475
f 6365 6395 6475
f 6395 6476 6475
f 6395 6446 6476
f 6447 6426 6479
f 6426 6427 6479
f 5783 5541 6484
f 6483 6252 6451
f 6252 6302 6451
f 6451 6187 6481
f 6253 6226 6486
f 5541 5680 6282
f 6226 6332 6486
f 6282 5868 6333
f 6332 6258 6489
f 6452 6283 6160
f 6335 6373 6453
f 6454 6199 6490
f 6199 6162 6490
f 6162 6016 6492
f 5522 5831 6460
f 6462 6440 6496
f 6440 6441 6497
f 6497 6441 6498
f 6441 6320 6498
f 6442 6499 6463
f 6442 6462 6499
f 6464 6442 6463
f 6465 6464 6502
f 6306 6357 6501
f 6357 6417 6501
f 6467 6297 6110
f 6421 6445 6504
f 6504 6445 6505
f 6504 6505 6508
f 6445 6422 6505
f 6505 6422 6506
f 6505 6506 6508
f 6422 6473 6506
f 6506 6473 6508
f 6473 6424 6511
f 6508 6473 6511
f 6511 6424 6475
f 6475 6476 6512
f 6446 6447 6513
f 6447 6479 6513
f 6513 6479 6515
f 6479 6427 6515
f 6427 6448 6515
f 6370 6428 6448
f 6277 6300 6517
f 6225 6253 6518
f 6253 6486 6518
f 6332 6489 6521
f 6333 6283 6522
f 6258 6402 6489
f 6537 6462 6496
f 6440 6538 6496
f 6440 6497 6538
f 6498 6320 6541
f 6539 6499 6540
f 6499 6537 6540
f 6499 6462 6537
f 6464 6463 6500
f 6502 6542 6501
f 6385 5644 6543
f 6146 6211 6466
f 6509 6504 6545
f 6545 6508 6546
f 6508 6511 6546
f 6476 6446 6514
f 6476 6514 6547
f 6446 6513 6514
f 6514 6513 6515
f 6279 6159 6550
f 5541 6282 6484
f 6332 6521 6486
f 6402 6335 6552
f 6335 6453 6552
f 5631 5989 6526
f 6526 5989 6523
f 6375 6377 6559
f 6534 6536 6560
f 6306 6501 6564
f 6320 6057 6541
f 6501 6565 6564
f 6501 6542 6563
f 6511 6475 6512
f 6575 6514 6515
f 6515 6448 6576
f 6449 6277 6517
f 6221 6223 6577
f 6223 6329 6577
f 6550 6159 6579
f 6159 5783 6579
f 6518 6486 6580
f 6486 6521 6580
f 6581 6521 6489
f 6489 6402 6552
f 6581 6489 6552
f 6552 6453 6582
f 6453 6373 6454
f 6284 6306 6531
f 6496 6591 6537
f 6496 6538 6591
f 6540 6537 6590
f 6501 6563 6565
f 6085 6386 6388
f 6568 6467 6110
f 6088 6394 6598
f 6546 6511 6596
f 6596 6511 6512
f 6514 6575 6547
f 6575 6515 6576
f 6110 5447 6397
f 6225 6518 6601
f 6252 6483 6600
f 5015 6158 6602
f 6521 6581 6580
f 6582 6453 6454
f 5927 6527 6491
f 6162 6492 6490
f 6377 6613 6559
f 6377 6437 6613
f 6560 6562 6614
f 6562 6539 6614
f 6614 6539 6618
f 6537 6591 6590
f 6538 6615 6591
f 6538 6497 6615
f 6615 6497 6616
f 6497 6498 6616
f 6617 6618 6619
f 6539 6540 6618
f 6618 6540 6619
f 6540 6590 6619
f 6541 6057 6621
f 6565 6563 6620
f 6007 6035 6623
f 6572 6546 6625
f 6512 6476 6626
f 6476 6547 6626
f 6394 6548 6598
f 6547 6575 6627
f 6448 6428 6631
f 6300 6250 6632
f 6250 6186 6252
f 6220 6221 6633
f 6221 6577 6633
f 6225 6601 6371
f 6196 6251 6634
f 6196 6634 6401
f 6581 6552 6637
f 6454 6490 6642
f 6492 6016 6555
f 6016 6043 6555
f 6458 6645 6532
f 6647 6646 6614
f 6648 6649 6651
f 6647 6614 6652
f 6652 6614 6618
f 6590 6650 6619
f 6619 6650 6653
f 6590 6591 6650
f 6591 6615 6650
f 6498 6541 6616
f 6654 6617 6655
f 6654 6655 6620
f 6617 6619 6655
f 6620 6655 6656
f 6620 6656 6657
f 6564 6565 6657
f 6595 6471 6660
f 6471 6088 6661
f 6626 6547 6663
f 6576 6448 6631
f 6517 6300 6666
f 6250 6252 6667
f 6669 6518 6580
f 6637 6552 6582
f 6612 6559 6680
f 6559 6613 6644
f 6649 6682 6651
f 6651 6682 6685
f 6682 6647 6685
f 6647 6652 6685
f 6653 6650 6684
f 6650 6615 6684
f 6615 6616 6684
f 6684 6616 6686
f 6616 6541 6686
f 6653 6684 6688
f 6655 6619 6653
f 6653 6689 6655
f 6653 6688 6689
f 6306 6564 6690
f 6656 6655 6689
f 6057 6146 6621
f 6657 6656 6692
f 6568 6110 6693
f 6596 6512 6625
f 6663 6547 6627
f 6598 6548 6665
f 6428 6429 6631
f 6669 6580 6672
f 6671 6635 6697
f 6580 6699 6672
f 6580 6581 6699
f 6581 6637 6699
f 6582 6454 6702
f 6164 6044 6434
f 6680 6559 6644
f 6705 6706 6682
f 6710 6684 6686
f 6684 6710 6688
f 6306 6690 6687
f 6564 6657 6690
f 6657 6692 6690
f 6656 6689 6711
f 6692 6656 6711
f 6692 6711 6713
f 6466 6387 6712
f 6387 6443 6712
f 6471 6661 6660
f 6088 6598 6661
f 6034 6007 6715
f 6715 6007 6623
f 6150 4948 6716
f 6572 6625 6718
f 6625 6512 6719
f 6719 6512 6720
f 6512 6626 6720
f 6626 6663 6720
f 6627 6575 6721
f 6575 6576 6721
f 6576 6631 6721
f 6696 6429 6724
f 6429 6449 6724
f 6517 6666 6449
f 6252 6600 6667
f 6727 6578 6726
f 6600 6578 6727
f 6601 6518 6669
f 6579 5783 6728
f 5783 6484 6728
f 6671 6697 6729
f 6672 6699 6730
f 6637 6582 6735
f 6702 6454 6642
f 6613 6741 6738
f 6688 6710 6742
f 6541 6621 6686
f 6689 6688 6743
f 6688 6742 6743
f 6689 6743 6744
f 6711 6689 6746
f 6689 6744 6746
f 6388 6386 6745
f 6713 6711 6746
f 6748 6749 6714
f 6035 6177 6623
f 6718 6625 6752
f 6752 6625 6719
f 6598 6665 6753
f 6631 6429 6696
f 6666 6300 6754
f 6250 6667 6755
f 6218 6430 6756
f 6371 6601 6301
f 6329 6279 6757
f 6600 6727 6667
f 6670 6758 6729
f 6582 6702 6735
f 6642 6490 6761
f 6490 6492 6761
f 6765 6738 6741
f 6766 6765 6741
f 5831 6385 6769
f 6710 6686 6770
f 6770 6686 6771
f 6686 6621 6771
f 6742 6710 6770
f 6768 6772 6775
f 6775 6772 6776
f 6769 6385 6778
f 6774 6769 6778
f 6775 6776 6780
f 6776 6777 6780
f 6780 6777 6778
f 6777 6774 6778
f 6385 6543 6778
f 6690 6692 6779
f 6443 6388 6745
f 6781 6746 6744
f 6692 6713 6747
f 6713 6746 6747
f 6747 6746 6781
f 6748 6782 6749
f 6749 6784 6750
f 6750 6784 6751
f 6785 6722 6695
f 4948 5986 6716
f 6300 6632 6754
f 6632 6250 6755
f 6397 6787 6110
f 6667 6788 6755
f 6601 6669 6792
f 6279 6550 6757
f 6519 6372 6793
f 6669 6672 6794
f 6729 6758 6796
f 6282 6333 6522
f 6730 6699 6798
f 6699 6799 6798
f 6799 6699 6800
f 6699 6637 6800
f 6800 6637 6802
f 6637 6735 6802
f 6043 6164 6806
f 6809 6680 6644
f 6810 6738 6765
f 6813 6766 6812
f 6813 6765 6766
f 6531 6306 6814
f 6740 6708 6816
f 6306 6687 6814
f 6687 6831 6825
f 6829 6830 6833
f 6687 6690 6831
f 6831 6690 6836
f 6833 6834 6772
f 6834 6835 6777
f 6777 6835 6774
f 6835 6769 6774
f 6742 6770 6773
f 6772 6834 6777
f 6690 6779 6836
f 6743 6742 6838
f 6742 6773 6838
f 6621 6146 6839
f 6781 6744 6838
f 6744 6743 6838
f 6146 6466 6841
f 6466 6712 6841
f 6779 6692 6842
f 6782 6843 6749
f 6784 6845 6751
f 6663 6627 6848
f 6627 6721 6849
f 6627 6849 6848
f 6449 6666 6850
f 6788 6667 6852
f 6667 6727 6726
f 6792 6669 6855
f 6669 6794 6855
f 6857 6730 6798
f 6859 6798 6799
f 6522 6452 6860
f 6859 6799 6800
f 6452 6160 6860
f 6735 6702 6802
f 6809 6644 6810
f 6644 6738 6810
f 6818 6819 6870
f 6870 6819 6871
f 6819 6820 6871
f 6820 6824 6875
f 6824 6827 6875
f 6875 6827 6878
f 6828 6771 6879
f 5831 6769 6880
f 6831 6832 6825
f 6773 6770 6828
f 6771 6621 6882
f 6832 6837 6883
f 6883 6837 6885
f 6839 6146 6841
f 6781 6838 6840
f 6712 6443 6886
f 6443 6745 6886
f 6887 6781 6840
f 6842 6692 6888
f 6692 6747 6888
f 6747 6781 6888
f 6781 6887 6888
f 6693 6110 6786
f 6715 6623 6892
f 6623 6177 6892
f 6784 6890 6845
f 6720 6663 6848
f 6716 5986 6898
f 6850 6666 6899
f 6755 6788 6901
f 6794 6730 6904
f 6796 6795 6905
f 6904 6730 6857
f 6909 6798 6859
f 6522 6860 6910
f 6860 6160 6734
f 6642 6913 6702
f 6642 6761 6913
f 6555 6043 6806
f 6919 6920 6813
f 6810 6765 6920
f 6867 6923 6707
f 6811 6925 6815
f 6872 6927 6873
f 6818 6870 6872
f 6871 6820 6926
f 6820 6875 6926
f 6926 6875 6928
f 6687 6825 6814
f 6875 6878 6928
f 6828 6879 6929
f 6879 6771 6882
f 6880 6769 6933
f 6825 6832 6934
f 6832 6883 6934
f 6934 6883 6937
f 6881 6773 6935
f 6773 6828 6935
f 6883 6885 6937
f 6937 6885 6939
f 6838 6773 6881
f 6884 6779 6842
f 6838 6881 6840
f 6889 6941 6843
f 6941 6942 6843
f 6034 6715 6944
f 6715 6892 6944
f 6944 6892 6945
f 6944 6945 6947
f 6892 6177 6945
f 6945 6177 6946
f 6177 6150 6946
f 6944 6947 6948
f 6945 6946 6949
f 6150 6716 6946
f 6719 6720 6894
f 6598 6753 6952
f 6849 6721 6897
f 6721 6631 6897
f 6897 6631 6954
f 6631 6696 6954
f 6724 6449 6850
f 6666 6754 6899
f 6754 6632 6956
f 6787 6397 6902
f 6577 6329 6958
f 6329 6757 6958
f 5593 6101 6959
f 6855 6794 6904
f 6960 6855 6904
f 6793 6372 6961
f 6905 6795 6903
f 6397 6014 6902
f 6962 6857 6909
f 6857 6798 6909
f 6014 6964 6902
f 6964 6014 6284
f 6800 6912 6859
f 6912 6800 6966
f 6800 6802 6966
f 6802 6702 6966
f 6918 6809 6970
f 6809 6810 6970
f 6925 6975 6976
f 6924 6868 6817
f 6975 6924 6976
f 6976 6924 6817
f 6925 6976 6815
f 6815 6976 6977
f 6976 6817 6977
f 6872 6870 6927
f 6927 6870 6981
f 6927 6981 6984
f 6870 6871 6981
f 6871 6926 6981
f 6926 6928 6985
f 6981 6926 6984
f 6984 6926 6985
f 6927 6984 6986
f 6986 6984 6987
f 6984 6985 6987
f 6986 6987 6988
f 6928 6878 6985
f 6985 6878 6988
f 6987 6985 6988
f 6825 6934 6990
f 6934 6937 6992
f 6990 6934 6991
f 6991 6934 6992
f 6882 6621 6993
f 6621 6839 6993
f 6937 6939 6992
f 6991 6992 6994
f 6994 6992 6939
f 6884 6842 6994
f 6841 6712 6996
f 6712 6886 6996
f 6889 6782 6998
f 6782 6693 6999
f 6693 6786 6999
f 6660 6661 7001
f 6947 7002 7003
f 6947 6945 7002
f 7002 6945 6949
f 6661 6598 7006
f 6947 7003 6948
f 6946 6716 6949
f 6752 6719 7004
f 6719 6894 7004
f 6720 6951 6894
f 6598 6952 7006
f 6949 6716 7010
f 6720 6848 6951
f 6951 6848 6953
f 7010 6716 7011
f 7011 6716 6898
f 6849 6897 7012
f 6899 6754 7013
f 6754 6956 7013
f 6755 6901 7014
f 6401 6634 6158
f 6904 6857 7015
f 6962 7015 6857
f 6906 6856 6905
f 7016 6962 6909
f 7016 6909 7022
f 6859 7026 6909
f 7022 6909 7026
f 7026 6859 6912
f 6160 6137 7031
f 6966 6702 7032
f 7032 6702 6913
f 6761 6492 7033
f 6923 7039 6975
f 7039 6924 6975
f 6979 6980 7043
f 6982 6978 7044
f 6980 6930 6983
f 6825 6990 6814
f 6990 6991 6814
f 6814 6991 7046
f 6991 6994 6842
f 6991 6842 7046
f 6842 6888 6997
f 6998 6782 6999
f 7003 7002 7053
f 7002 6949 7053
f 6894 6951 7055
f 7054 6948 7003
f 7059 6953 7012
f 6953 6849 7012
f 7012 6897 7060
f 6897 6954 7060
f 6954 6696 7060
f 6850 6899 7061
f 6901 6957 7014
f 6430 6220 7063
f 6220 6633 7063
f 6602 6158 6961
f 6960 6904 7015
f 7067 7015 6962
f 7067 7016 7068
f 7067 6962 7016
f 7069 7068 7073
f 7016 7022 7068
f 7022 7024 7068
f 6522 6910 7076
f 7073 7068 7024
f 7073 7024 7079
f 7079 7024 7080
f 7024 7022 7080
f 7022 7026 7080
f 7026 6912 7081
f 7080 7026 7081
f 6912 6966 7084
f 6913 6761 7033
f 7033 6492 6555
f 5522 6460 6917
f 7041 7042 7087
f 7042 7043 7088
f 7088 7043 7089
f 7043 6983 7090
f 7043 7090 7089
f 6983 6882 7093
f 7046 6842 6997
f 6660 7001 7052
f 6894 7055 7004
f 7054 7003 7100
f 7003 7053 7100
f 7053 6949 7100
f 7100 6949 7101
f 6949 7010 7101
f 6786 6110 7103
f 7055 6951 7102
f 6951 6953 7102
f 7102 6953 7059
f 7012 7107 7106
f 7012 7060 7107
f 7060 6696 6724
f 6724 6850 7061
f 6632 6755 6956
f 7112 7113 6960
f 7113 7064 6960
f 7114 7112 7067
f 6960 7015 7112
f 6903 6961 7115
f 7116 7114 7067
f 7117 7069 7120
f 7117 7116 7069
f 7116 7067 7068
f 6959 6101 7071
f 7117 7120 7119
f 7116 7068 7069
f 7122 7119 7120
f 7123 7122 7126
f 7120 7069 7075
f 6282 6522 7076
f 7071 6101 7077
f 7120 7127 7122
f 7120 7075 7127
f 7126 7122 7127
f 7129 7126 7130
f 7127 7075 7128
f 7128 7075 7079
f 7075 7073 7079
f 7126 7127 7130
f 7127 7128 7130
f 7130 7128 7132
f 7128 7079 7133
f 7079 7134 7133
f 7132 7128 7133
f 7080 7081 7134
f 7079 7080 7134
f 7134 7081 7136
f 7136 7081 7138
f 7081 6912 7138
f 6912 7084 7138
f 7084 6966 7140
f 7140 6966 7032
f 6101 5522 6917
f 6969 6918 7142
f 7042 7146 7087
f 7090 6983 7093
f 7092 7044 7091
f 7094 7045 7092
f 6814 7046 7149
f 6993 6839 7150
f 6839 6841 7150
f 6661 7006 7153
f 7004 7055 7156
f 7054 7100 7154
f 6718 6752 7155
f 6752 7004 7155
f 7156 7055 7157
f 7156 7157 7158
f 7055 7102 7157
f 7102 7059 7159
f 7157 7102 7159
f 6952 7058 7006
f 7057 7054 7154
f 7059 7012 7159
f 7106 7107 7162
f 7107 7060 7163
f 7107 7163 7165
f 7165 7163 7166
f 7060 6724 7163
f 6724 7061 7163
f 7163 7061 7164
f 7061 6899 7164
f 7163 7164 7166
f 7166 7164 7167
f 7167 7164 7168
f 6899 7108 7164
f 7168 7164 7108
f 6899 7013 7108
f 7013 6956 7108
f 7113 7172 7064
f 7066 6158 7173
f 6158 6634 7111
f 6158 7111 7173
f 7115 6961 7066
f 7117 7114 7116
f 7017 6903 7115
f 7017 7115 7175
f 7176 7117 7119
f 7178 7176 7123
f 7176 7122 7123
f 7122 7176 7119
f 7018 7121 7177
f 7071 7077 7182
f 7129 7130 7185
f 7130 7186 7185
f 7130 7132 7186
f 7077 6101 7187
f 7186 7132 7188
f 7132 7133 7188
f 7188 7133 7189
f 7133 7134 7189
f 7134 7136 7189
f 7136 7138 7192
f 7138 7084 7192
f 6137 6119 7195
f 6913 7033 7032
f 6806 6164 7196
f 6810 6974 7199
f 7091 7087 7204
f 7042 7205 7146
f 7042 7088 7205
f 7089 7090 7093
f 7092 7091 7147
f 7094 7092 7147
f 7148 7094 7147
f 7149 7148 7209
f 7149 7096 7148
f 7154 7100 7212
f 7004 7156 7213
f 7156 7158 7215
f 7158 7157 7159
f 7158 7159 7215
f 7159 7012 7106
f 7159 7106 7216
f 7107 7165 7162
f 7166 7167 7165
f 6755 7014 7218
f 6633 6577 7222
f 6577 6958 7222
f 7223 7113 7112
f 7223 7112 7114
f 7224 7223 7114
f 7225 7224 7117
f 7224 7114 7117
f 7225 7117 7176
f 7118 7229 7070
f 7070 7229 7123
f 7177 7174 7228
f 7229 7178 7123
f 6959 7071 7235
f 7235 7071 7239
f 7239 7071 7182
f 7182 7077 7247
f 7247 7077 7253
f 7027 7129 7185
f 7185 7186 7262
f 7186 7188 7263
f 7262 7186 7263
f 7263 7188 7265
f 7188 7189 7265
f 7265 7189 7267
f 7084 7140 7192
f 7032 7270 7140
f 7033 6555 7271
f 6164 6434 7196
f 6284 6531 7197
f 7142 6918 7272
f 6918 6970 7272
f 7040 7085 7035
f 7274 7200 7276
f 7087 7146 7204
f 7088 7089 7205
f 7147 7091 7279
f 7279 7091 7204
f 7282 7147 7279
f 7284 7147 7282
f 7148 7147 7284
f 7287 7148 7285
f 7285 7148 7284
f 6814 7149 7209
f 6814 7209 7289
f 7209 7148 7287
f 6841 6996 7150
f 6886 6745 7290
f 6661 7153 7001
f 7100 7101 7212
f 7156 7215 7213
f 7006 7058 7295
f 7215 7159 7216
f 7165 7217 7162
f 7165 7167 7217
f 7167 7168 7217
f 7168 7300 7217
f 7300 7168 7301
f 7168 7108 7302
f 7108 6956 7302
f 6956 6755 7218
f 7014 7170 7218
f 7220 6900 7169
f 7304 7223 7224
f 7111 6668 7173
f 7305 7224 7225
f 7118 7305 7229
f 7229 7305 7178
f 7178 7305 7176
f 7305 7225 7176
f 7226 7227 7307
f 7307 7227 7306
f 7227 7115 7306
f 7115 7066 7306
f 7232 7233 7311
f 7311 7233 7312
f 7233 7234 7312
f 7235 7239 7314
f 7240 7241 7313
f 7239 7242 7314
f 7314 7242 7316
f 7242 7240 7316
f 7253 7077 7317
f 7317 7077 7321
f 7321 7077 7187
f 7331 7185 7262
f 7027 7185 7331
f 7331 7262 7332
f 7262 7263 7332
f 7027 7331 7141
f 7332 7263 7333
f 7263 7265 7333
f 7265 7334 7333
f 7265 7267 7334
f 7189 7136 7267
f 7136 7192 7267
f 6137 7195 7031
f 7140 7270 7336
f 6101 6917 7187
f 7032 7033 7270
f 7033 7271 7337
f 7272 6970 7338
f 6970 6810 7339
f 6970 7339 7338
f 6810 7199 7339
f 7274 7276 7341
f 7281 7285 7344
f 6531 6814 7289
f 7344 7285 7350
f 5831 6880 7351
f 7285 7284 7350
f 7209 7287 7352
f 7352 7287 7284
f 6999 6786 7291
f 6718 7155 7355
f 7213 7357 7294
f 7213 7215 7357
f 7215 7297 7357
f 7215 7216 7297
f 7162 7360 7359
f 7162 7217 7360
f 7301 7168 7302
f 7063 6633 7363
f 6633 7222 7363
f 7364 7304 7224
f 7364 7224 7305
f 7173 6668 7365
f 7110 7305 7118
f 7306 7173 7366
f 7226 7307 7308
f 7309 7367 7369
f 7309 7310 7367
f 7232 7311 7371
f 7235 7314 7372
f 7314 7315 7372
f 7315 7316 7373
f 7321 7187 7378
f 7332 7386 7331
f 7332 7333 7386
f 7333 7387 7386
f 7333 7334 7387
f 7334 7267 7388
f 7267 7192 7388
f 7192 7140 7336
f 7270 7033 7337
f 7142 7272 7389
f 6917 6460 7392
f 7274 7341 7390
f 7146 7205 7391
f 7279 7204 7393
f 7393 7204 7391
f 7204 7146 7391
f 7279 7393 7282
f 7093 6882 7340
f 7340 6882 6993
f 6460 5831 7399
f 5831 7351 7399
f 7289 7209 7401
f 7352 7284 7400
f 7209 7352 7401
f 6886 7290 6996
f 7001 7153 7353
f 7153 7006 7407
f 7155 7004 7405
f 7004 7213 7405
f 7297 7216 7409
f 7216 7106 7409
f 7359 7360 7412
f 7217 7300 7360
f 5593 6959 7303
f 7415 7304 7418
f 7366 7365 7419
f 7307 7306 7422
f 6550 6579 7423
f 6579 6728 7423
f 7367 7310 7426
f 6959 7235 7424
f 7373 7374 7430
f 7316 7375 7374
f 7372 7315 7373
f 6734 6160 7031
f 7378 7187 7442
f 7141 7331 7445
f 7331 7386 7445
f 7445 7386 7446
f 7386 7387 7446
f 7388 7192 7448
f 7448 7192 7336
f 7270 7337 7336
f 7271 6555 6806
f 7142 7389 7450
f 7272 7451 7389
f 7272 7338 7451
f 7453 7339 7455
f 7391 7205 7458
f 7458 7205 7459
f 7205 7340 7459
f 7278 7395 7341
f 7393 7391 7458
f 7393 7458 7462
f 7282 7393 7461
f 7282 7461 7463
f 7398 7282 7463
f 7290 7151 7465
f 7352 7466 7401
f 7291 6786 7467
f 7294 7357 7469
f 7106 7162 7470
f 7162 7359 7470
f 6110 6787 7103
f 7360 7300 7412
f 7300 7301 7472
f 7473 7302 7474
f 7302 6956 7474
f 7171 7221 7476
f 7478 7418 7417
f 7365 6756 7420
f 7303 6959 7481
f 7306 7366 7482
f 6959 7424 7481
f 7425 7426 7486
f 7426 7421 7486
f 7427 7369 7425
f 7369 7367 7425
f 7428 7375 7427
f 7424 7430 7487
f 7430 7429 7487
f 6860 6734 7488
f 6964 6284 7197
f 7442 7187 7490
f 7490 7187 6917
f 7446 7387 7447
f 7387 7334 7388
f 7387 7388 7447
f 7141 7445 7493
f 7336 7337 7448
f 7497 7498 6971
f 7338 7453 7451
f 7499 7451 7453
f 7500 7499 7453
f 7501 7500 7502
f 7500 7455 7502
f 7500 7453 7455
f 7338 7339 7453
f 7462 7458 7505
f 7505 7458 7506
f 7458 7459 7506
f 7461 7393 7462
f 7461 7462 7505
f 7509 7461 7505
f 7340 6993 7508
f 7463 7461 7509
f 7344 7350 7511
f 7400 7398 7463
f 7400 7463 7512
f 7463 7509 7512
f 7464 7400 7512
f 6993 7150 7514
f 7150 6996 7514
f 7352 7464 7466
f 7405 7213 7517
f 7213 7294 7517
f 7101 7010 7518
f 7010 7011 7518
f 7518 7011 7519
f 7006 7295 7407
f 7106 7470 7409
f 7295 7361 7522
f 7412 7300 7472
f 7472 7301 7523
f 7301 7302 7473
f 6956 7218 7474
f 7170 7220 7169
f 7109 7478 7417
f 7479 7420 7527
f 7527 7420 7528
f 7528 7420 6430
f 7420 6756 6430
f 6958 6757 7535
f 7306 7482 7422
f 6757 6550 7535
f 7530 7481 7536
f 7481 7483 7536
f 7536 7483 7533
f 7483 7484 7533
f 7484 7421 7533
f 7421 7308 7533
f 7308 7307 7533
f 7307 7422 7533
f 6910 6860 7488
f 7490 6917 7539
f 7447 7388 7542
f 7388 7448 7542
f 7271 6806 7544
f 7445 7446 7493
f 7446 7545 7493
f 7545 7446 7447
f 7547 7450 7549
f 7389 7451 7549
f 7548 7549 7451
f 7548 7451 7551
f 7551 7499 7552
f 7551 7451 7499
f 7500 7552 7499
f 7553 7500 7501
f 7390 7341 7554
f 7554 7341 7555
f 7341 7395 7555
f 7506 7459 7557
f 7459 7340 7557
f 7340 7508 7557
f 7505 7506 7558
f 7506 7557 7558
f 7397 7344 7559
f 7397 7559 7507
f 7509 7505 7560
f 7505 7558 7560
f 7344 7511 7559
f 7512 7509 7561
f 7464 7512 7561
f 7514 6996 7562
f 6996 7290 7562
f 7466 7464 7561
f 7467 6786 7563
f 7353 7153 7564
f 6786 7103 7563
f 7355 7155 7567
f 7155 7405 7567
f 7153 7407 7568
f 7294 7469 7570
f 7357 7297 7571
f 7297 7409 7573
f 7295 7522 7407
f 7359 7412 7575
f 7412 7472 7575
f 7528 6430 7063
f 7531 7532 7582
f 7533 7577 7532
f 7533 7578 7577
f 7578 7533 7534
f 7422 7583 7534
f 7482 7366 7584
f 7530 7536 7580
f 7580 7536 7531
f 7539 6917 7587
f 7448 7337 7543
f 6806 7196 7591
f 7545 7447 7542
f 7594 7493 7545
f 7596 7551 7597
f 7596 7548 7551
f 7597 7551 7552
f 7553 7552 7500
f 7557 7604 7603
f 7557 7508 7605
f 7558 7557 7603
f 7558 7603 7607
f 7560 7558 7607
f 7509 7560 7608
f 7560 7607 7608
f 6993 7514 7508
f 7509 7608 7561
f 7151 7609 7465
f 7401 7466 7611
f 7401 7611 7289
f 7466 7561 7610
f 7466 7610 7612
f 7466 7612 7613
f 7566 7618 7569
f 7567 7405 7619
f 7405 7517 7619
f 7057 7154 7620
f 7154 7212 7620
f 7212 7101 7621
f 7101 7518 7621
f 7519 7011 6898
f 7297 7573 7571
f 7359 7575 7625
f 7627 7472 7523
f 7218 7170 7628
f 7170 7629 7628
f 7170 7169 7629
f 7303 7481 7634
f 7527 7528 7632
f 7528 7063 7632
f 7636 7632 7637
f 7632 7063 7633
f 7632 7633 7637
f 7637 7633 7638
f 7063 7363 7633
f 7363 7222 7633
f 7633 7222 7535
f 7638 7633 7535
f 7632 7636 7584
f 7222 6958 7535
f 7634 7481 7579
f 7481 7530 7579
f 7530 7580 7579
f 7579 7580 7639
f 7580 7531 7581
f 7581 7531 7582
f 7582 7532 7577
f 7534 7583 7640
f 7422 7482 7583
f 7535 6550 7641
f 6550 7423 7641
f 6228 6491 7648
f 7587 6917 7645
f 7645 6917 7650
f 7593 7542 7448
f 7337 7544 7543
f 7337 7271 7544
f 6806 7591 7544
f 7650 6917 7651
f 7545 7542 7593
f 7594 7545 7652
f 7652 7545 7593
f 7547 7549 7653
f 7655 7548 7596
f 7597 7553 7599
f 7604 7557 7605
f 7603 7604 7662
f 7605 7508 7664
f 7663 7603 7662
f 7607 7603 7663
f 7607 7665 7666
f 7665 7607 7663
f 7290 7465 7562
f 7465 7609 7667
f 7561 7608 7610
f 7610 7608 7666
f 7466 7613 7611
f 7564 7153 7670
f 7153 7568 7670
f 7057 7620 7671
f 7620 7212 7621
f 7409 7470 7573
f 7407 7522 7675
f 7625 7575 7626
f 7473 7474 7676
f 7629 7169 7628
f 5986 5593 7677
f 7679 7303 7680
f 7303 7634 7680
f 7577 7686 7685
f 7577 7578 7687
f 7577 7687 7686
f 7636 7637 7689
f 7637 7638 7689
f 7639 7581 7635
f 7581 7582 7577
f 7578 7534 7687
f 7534 7640 7687
f 7584 7636 7691
f 7636 7689 7691
f 7689 7638 7690
f 7638 7535 7690
f 7482 7584 7691
f 7690 7535 7641
f 7076 6910 7488
f 7593 7448 7700
f 7448 7543 7700
f 7597 7599 7705
f 7555 7395 7710
f 7604 7605 7662
f 7610 7666 7668
f 7612 7610 7668
f 7611 7613 7714
f 7613 7612 7668
f 7563 7715 7716
f 7669 7716 7618
f 7716 7717 7622
f 7717 7718 7622
f 7718 7720 7623
f 7469 7357 7721
f 7357 7571 7721
f 7720 7624 7623
f 7470 7359 7625
f 7575 7472 7626
f 7523 7301 7473
f 7676 7474 7725
f 7474 7218 7725
f 7680 7681 7679
f 7679 7681 7729
f 7681 7682 7729
f 7729 7682 7730
f 7682 7683 7730
f 7683 7684 7730
f 7730 7684 7731
f 7731 7684 7732
f 7684 7640 7732
f 7732 7640 7688
f 7482 7691 7734
f 7734 7691 7689
f 6484 6282 7736
f 7694 7697 7737
f 7737 7697 7740
f 7700 7543 7544
f 7651 6917 7702
f 7652 7741 7701
f 7652 7593 7741
f 7741 7593 7700
f 7493 7594 7496
f 7496 7594 7742
f 7594 7652 7742
f 7742 7652 7701
f 7596 7597 7744
f 7597 7705 7744
f 7601 7658 7708
f 7392 6460 7709
f 7709 6460 7399
f 7712 7662 7751
f 6531 7289 7606
f 7559 7511 7754
f 7665 7663 7756
f 7514 7562 7759
f 7666 7665 7756
f 7613 7668 7761
f 7762 7717 7716
f 7355 7567 7764
f 7517 7294 7570
f 7570 7469 7765
f 7469 7721 7765
f 7571 7573 7766
f 7626 7472 7767
f 7472 7627 7767
f 7523 7473 7768
f 7473 7676 7768
f 7679 7729 7772
f 7729 7730 7772
f 7688 7583 7774
f 7583 7482 7774
f 7734 7689 7775
f 7689 7690 7775
f 7690 7641 7775
f 6728 6484 7776
f 6484 7736 7776
f 7777 6734 7778
f 7644 7694 7780
f 7779 7780 7694
f 7544 7782 7700
f 7544 7591 7782
f 7702 6917 7392
f 7786 7655 7787
f 7655 7744 7787
f 7744 7705 7789
f 7705 7745 7789
f 7746 7707 7747
f 7790 7708 7658
f 7554 7555 7793
f 7555 7710 7793
f 7750 7605 7664
f 7753 7751 7792
f 7756 7712 7753
f 7562 7465 7797
f 7465 7667 7797
f 7761 7668 7760
f 7611 7714 7799
f 7762 7802 7717
f 7802 7720 7718
f 7764 7567 7803
f 7764 7803 7809
f 7809 7803 7810
f 7567 7619 7803
f 7619 7517 7803
f 7803 7517 7804
f 7517 7570 7804
f 7803 7804 7810
f 7671 7620 7806
f 7806 7620 7807
f 7806 7807 7811
f 7620 7621 7807
f 7811 7807 7812
f 7621 7518 7807
f 7807 7518 7808
f 7518 7519 7808
f 7807 7808 7812
f 7804 7570 7765
f 7813 7804 7765
f 7806 7811 7814
f 7519 6898 7808
f 7812 7808 7815
f 7721 7571 7766
f 7568 7407 7818
f 7808 6898 7819
f 7766 7573 7816
f 7816 7573 7817
f 7816 7817 7820
f 7573 7470 7817
f 7470 7625 7817
f 7407 7675 7818
f 7818 7675 7821
f 7817 7625 7822
f 7820 7817 7822
f 7625 7626 7823
f 7822 7625 7823
f 7626 7767 7823
f 7823 7767 7824
f 7767 7825 7824
f 7824 7825 7826
f 7767 7627 7825
f 7627 7523 7825
f 7825 7523 7768
f 7825 7768 7826
f 7826 7768 7827
f 7827 7768 7828
f 7676 7769 7768
f 7828 7768 7769
f 7676 7725 7769
f 7218 7628 7830
f 7628 7169 7524
f 7679 7772 7832
f 7832 7772 7833
f 7833 7772 7834
f 7834 7772 7835
f 7834 7835 7837
f 7837 7835 7838
f 7772 7730 7835
f 7730 7731 7835
f 7835 7731 7836
f 7731 7732 7836
f 7835 7836 7838
f 7732 7688 7836
f 7836 7688 7839
f 7838 7836 7839
f 7839 7688 7774
f 6282 7076 7736
f 6734 7031 7778
f 7842 7843 7847
f 7779 7737 7843
f 7843 7737 7848
f 7847 7843 7848
f 6434 7648 7844
f 7845 7846 7851
f 7846 7847 7851
f 7851 7847 7852
f 7737 7740 7848
f 7847 7848 7852
f 7591 7196 7849
f 7196 6434 7844
f 7742 7853 7496
f 7853 7742 7701
f 7654 7653 7785
f 7786 7787 7858
f 7858 7789 7745
f 7658 7554 7864
f 7864 7554 7868
f 7749 7750 7866
f 7709 7399 7872
f 7873 7875 7876
f 7872 7399 7881
f 7878 7872 7877
f 7877 7872 7881
f 7754 7511 7880
f 7873 7876 7882
f 7876 7877 7882
f 7882 7877 7881
f 7399 7351 7881
f 7289 7611 7606
f 7606 7611 7799
f 7799 7761 7798
f 7564 7670 7886
f 7804 7813 7810
f 7887 7810 7813
f 7811 7812 7889
f 7765 7888 7813
f 7811 7889 7814
f 7889 7812 7893
f 7812 7815 7893
f 7765 7721 7888
f 7721 7766 7891
f 7808 7819 7815
f 7891 7766 7816
f 7820 7822 7895
f 7895 7822 7823
f 7823 7824 7895
f 7895 7824 7896
f 7826 7827 7824
f 7824 7827 7897
f 7897 7827 7828
f 7828 7769 7898
f 7830 7628 7524
f 7677 5593 7303
f 6787 6902 7728
f 7901 7679 7832
f 7833 7834 7903
f 7834 7837 7906
f 7837 7907 7906
f 7837 7904 7907
f 7837 7905 7904
f 7904 7905 7908
f 7837 7838 7905
f 7908 7905 7839
f 7905 7838 7839
f 7839 7774 7909
f 7482 7734 7909
f 7842 7779 7843
f 7845 7910 7846
f 7910 7842 7846
f 7591 7849 7782
f 7849 7196 7912
f 7196 7844 7912
f 7741 7700 7913
f 7700 7782 7913
f 7914 7701 7741
f 7915 7853 7701
f 7917 7855 7786
f 7786 7858 7919
f 7917 7786 7919
f 7921 7919 7858
f 7922 7921 7859
f 7863 7749 7866
f 7866 7750 7925
f 7750 7664 7925
f 7869 7926 7927
f 7709 7872 7878
f 7875 7930 7876
f 7874 7871 7929
f 7876 7930 7877
f 7930 7931 7877
f 7508 7514 7934
f 7934 7514 7759
f 7562 7797 7759
f 7606 7799 7883
f 7715 7563 7937
f 7890 7887 7943
f 7813 7888 7887
f 7721 7891 7888
f 7814 7889 7944
f 7893 7815 7945
f 7815 7819 7945
f 7816 7820 7947
f 7947 7820 7895
f 7824 7897 7896
f 7897 7828 7898
f 7898 7769 7952
f 7769 7725 7952
f 7218 7830 7725
f 7303 7679 7901
f 7833 7903 7955
f 7904 7908 7907
f 7839 7909 7908
f 7774 7482 7909
f 7909 7734 7775
f 7775 7641 7423
f 7736 7076 7488
f 7031 7195 7960
f 7961 7910 7845
f 7962 7845 7963
f 7845 7851 7963
f 7963 7851 7965
f 7782 7849 7913
f 7914 7741 7913
f 7496 7853 7915
f 7915 7701 7914
f 7916 7654 7918
f 7917 7919 7969
f 7863 7866 7924
f 7924 7866 7971
f 7864 7868 7972
f 7926 7869 7923
f 7554 7793 7868
f 7709 7878 7978
f 7878 7977 7978
f 7664 7508 7975
f 7667 7609 7980
f 7800 7715 7982
f 7715 7937 7982
f 7563 7103 7937
f 7943 7887 7987
f 7887 7888 7987
f 7944 7889 7988
f 7889 7893 7988
f 7988 7893 7945
f 7891 7816 7989
f 7816 7947 7989
f 7947 7895 7992
f 6898 5986 7994
f 7895 7896 7996
f 7896 7897 7951
f 7896 7951 7997
f 7951 7898 7997
f 7897 7898 7951
f 7677 7303 7901
f 7901 7832 7954
f 7832 7833 7954
f 7833 7955 7954
f 7903 7834 8001
f 7834 7906 8001
f 8001 7906 8002
f 7906 8003 8002
f 7906 7907 8003
f 7907 7908 8003
f 8003 7908 8004
f 8004 7908 7909
f 8005 7909 8006
f 7909 7775 8006
f 8006 7775 7423
f 7488 6734 7777
f 7961 7845 7962
f 7844 7648 7911
f 7844 7911 7912
f 7916 7918 8011
f 7970 7921 8016
f 7924 8018 8017
f 8018 7924 7971
f 7790 8022 8020
f 7923 7924 8021
f 7924 8017 8021
f 7971 7866 7925
f 7864 7972 8022
f 7923 8021 8023
f 7392 7709 7973
f 7926 7923 8024
f 8024 7923 8023
f 7926 8024 8026
f 7927 7926 8026
f 7929 7927 8026
f 6531 7606 8028
f 7975 7508 7934
f 7933 7929 8026
f 7933 8026 8029
f 7981 7933 8029
f 7670 7568 8033
f 7670 8033 7886
f 7888 7891 8035
f 7891 7989 8035
f 7989 7947 8036
f 7944 7988 8037
f 7945 7819 8038
f 7947 7992 8036
f 7992 7895 7996
f 7996 7896 7997
f 7997 7898 7998
f 7952 7725 8043
f 7725 7830 8043
f 8048 8045 8049
f 8045 7901 8046
f 8045 8046 8049
f 7901 7954 8046
f 8049 8046 8050
f 7954 7955 8046
f 8046 7955 8047
f 7955 7903 8047
f 8046 8047 8050
f 8048 8049 8053
f 8049 8050 8053
f 8053 8050 8054
f 8054 8050 8055
f 8047 7903 8001
f 8050 8047 8055
f 8055 8047 8001
f 8002 8003 8056
f 8003 8004 8056
f 8005 8006 8057
f 8060 8057 8061
f 8006 7423 8057
f 8057 7423 8058
f 8057 8058 8061
f 7423 6728 8058
f 8058 6728 8059
f 6728 7776 8059
f 8058 8059 8061
f 8061 8059 8062
f 7776 7736 8059
f 7736 7488 8063
f 7778 7031 8066
f 8066 7031 8070
f 8067 8068 8072
f 8068 8069 8072
f 8069 8066 8072
f 8066 8070 8072
f 8071 8067 8075
f 8067 8072 8075
f 8075 8072 8076
f 7031 7960 8070
f 8072 8070 8076
f 8076 8070 7960
f 8073 8009 7961
f 8080 8077 8081
f 8077 7962 8081
f 8079 8080 8083
f 8079 8083 8084
f 8084 8083 8085
f 8083 8080 8085
f 7963 7965 8081
f 8080 8081 8085
f 7914 7913 7966
f 7496 7915 8086
f 7918 8012 8011
f 7968 8014 8013
f 7971 8019 8018
f 7793 7710 8093
f 8096 8026 8092
f 8029 8026 8096
f 7934 7759 8097
f 7797 7667 8098
f 7606 7883 8030
f 7943 7987 8101
f 8101 7987 7888
f 7888 8035 8102
f 7944 8037 8103
f 8037 7988 7945
f 8038 7819 8104
f 7819 6898 8104
f 8104 6898 8106
f 6898 7994 8106
f 7949 8042 8111
f 7998 7898 8113
f 7898 7952 8113
f 7830 7524 8114
f 7103 6787 7728
f 7901 8045 7677
f 8116 8048 8117
f 8053 8117 8048
f 8117 8053 8119
f 8053 8054 8119
f 8055 8001 8002
f 8056 8004 8121
f 8004 7909 8121
f 8121 7909 8005
f 8005 8057 8122
f 8057 8060 8122
f 8060 8061 8123
f 8061 8062 8123
f 8122 8060 8124
f 8060 8123 8124
f 8059 7736 8062
f 8062 7736 8125
f 8063 7488 7777
f 7777 7778 8126
f 8126 7778 8066
f 8071 8128 8067
f 8128 8129 8067
f 8129 8130 8068
f 8130 8069 8068
f 8130 8131 8069
f 8131 8066 8069
f 8132 8071 8074
f 8136 8137 8135
f 8135 8137 8077
f 7849 8082 8139
f 7912 8078 8082
f 7913 7849 8138
f 8086 7915 8141
f 7915 7966 8141
f 8011 8012 8143
f 8143 8012 8088
f 8088 8013 8145
f 8146 8015 8148
f 8018 8019 8149
f 8020 8151 8150
f 8021 8017 8090
f 8023 8021 8090
f 8091 8023 8090
f 8091 8090 8153
f 7925 7664 8152
f 8024 8023 8091
f 7664 7975 8152
f 7868 7793 8154
f 7793 8093 8154
f 7709 7978 8158
f 8096 8092 8159
f 7797 8098 8160
f 8098 7980 8161
f 7981 8029 8164
f 8164 8029 8096
f 8030 7981 8164
f 8037 7945 8038
f 8036 7992 8167
f 7568 7818 8168
f 7818 7949 8168
f 7992 8170 8169
f 7949 8111 8168
f 7992 7996 8170
f 7996 8172 8170
f 7996 7997 8172
f 7997 7998 8173
f 8045 8048 7677
f 8048 8116 7677
f 8116 8117 8180
f 8117 8181 8180
f 8117 8119 8181
f 8181 8119 8182
f 8119 8054 8182
f 8054 8055 8182
f 8055 8002 8182
f 8182 8002 8056
f 8005 8122 8183
f 8183 8122 8184
f 8185 8122 8124
f 8124 8123 8186
f 8123 8062 8125
f 8126 8066 8193
f 8191 8192 8128
f 8192 8131 8130
f 8192 8127 8131
f 8127 8066 8131
f 7911 8065 8194
f 8132 8074 8198
f 8197 8137 8136
f 7911 8196 8078
f 8139 8082 8199
f 8134 8079 8084
f 7966 8140 8141
f 8084 7702 7392
f 8143 8088 8201
f 8201 8088 8144
f 8088 8145 8144
f 8020 8150 8148
f 6531 8028 7197
f 8017 8149 8203
f 8019 7925 8204
f 8019 8204 8149
f 7925 8152 8204
f 8090 8203 8153
f 7973 7709 8205
f 7972 7868 8207
f 8091 8153 8208
f 7794 7932 8212
f 8092 8091 8210
f 8095 7754 8214
f 8101 7888 8102
f 8102 8035 8218
f 8167 7992 8169
f 8107 8221 8222
f 8168 8111 8224
f 8113 7952 8225
f 7952 8226 8225
f 7952 8043 8226
f 8043 7830 8227
f 7830 8228 8227
f 7830 8114 8228
f 8228 8114 8229
f 7677 8116 8231
f 8116 8180 8233
f 8180 8181 8234
f 8234 8181 8121
f 8181 8182 8121
f 8182 8056 8121
f 8121 8005 8235
f 8005 8183 8235
f 8122 8185 8184
f 8124 8186 8185
f 8186 8123 8187
f 8123 8125 8187
f 8187 8125 8237
f 8125 7736 8237
f 8237 7736 8238
f 7736 8063 8238
f 8063 7777 8239
f 8065 8190 8194
f 8241 8242 8195
f 8195 8242 8191
f 6964 7197 8246
f 8138 8247 8140
f 8141 8200 8086
f 8011 8143 8087
f 8144 8145 8248
f 8248 8145 8252
f 8249 8250 8146
f 8148 8150 8253
f 8203 8149 8254
f 8149 8204 8254
f 8150 8151 8255
f 8205 7709 8209
f 8153 8258 8208
f 8210 8091 8208
f 7709 8158 8209
f 8092 8210 8259
f 7606 8030 8261
f 8164 8096 8260
f 8260 8096 8159
f 8262 8030 8164
f 7937 7103 8217
f 8102 8218 8266
f 8103 8037 8267
f 8267 8037 8268
f 8267 8268 8274
f 8037 8038 8268
f 8274 8268 8275
f 8268 8038 8269
f 8268 8269 8275
f 8038 8104 8269
f 8269 8104 8270
f 8104 8106 8270
f 8269 8270 8275
f 8272 8273 8221
f 8272 8221 8276
f 8267 8274 8277
f 8277 8274 8278
f 8106 7994 8270
f 8275 8270 8279
f 8276 8167 8280
f 8167 8169 8280
f 8172 7997 8173
f 8173 7998 8283
f 8228 8229 8285
f 8116 8233 8231
f 8292 8233 8293
f 8233 8180 8288
f 8233 8288 8293
f 8180 8234 8288
f 8234 8121 8288
f 8293 8288 8294
f 8288 8121 8289
f 8288 8289 8294
f 8121 8235 8289
f 8289 8235 8290
f 8289 8290 8294
f 8235 8183 8290
f 8290 8183 8291
f 8290 8291 8294
f 8292 8293 8295
f 8293 8294 8295
f 8295 8294 8296
f 8296 8294 8297
f 8297 8294 8298
f 8183 8184 8291
f 8294 8291 8298
f 8298 8291 8184
f 8299 8297 8298
f 8300 8299 8301
f 8299 8298 8301
f 8298 8184 8301
f 8184 8185 8301
f 8301 8185 8303
f 8186 8187 8185
f 8185 8187 8302
f 8185 8302 8303
f 8303 8302 8304
f 8187 8237 8302
f 8237 8238 8305
f 8302 8237 8304
f 8304 8237 8305
f 8306 8303 8304
f 8238 8063 8305
f 8306 8304 8308
f 8304 8305 8308
f 8305 8063 8308
f 8239 7777 8310
f 8311 8310 8312
f 8310 7777 8314
f 8312 8310 8314
f 8313 8311 8312
f 7777 8126 8314
f 8317 8316 8241
f 8316 8313 8241
f 8241 8313 8318
f 8313 8312 8318
f 8126 8193 8314
f 8312 8314 8318
f 8318 8314 8193
f 8315 8316 8320
f 8316 8317 8320
f 8317 8241 8195
f 8324 8319 8320
f 8319 8315 8320
f 8317 8195 8132
f 8320 8317 8132
f 8322 8323 8326
f 8323 8324 8326
f 8324 8320 8326
f 8326 8320 8327
f 8320 8132 8327
f 8322 8326 8329
f 8329 8326 8330
f 8330 8326 8331
f 8326 8327 8331
f 8327 8132 8331
f 8331 8132 8198
f 8197 8134 8329
f 8199 8243 8328
f 8139 8199 8247
f 8134 8084 8329
f 8140 8247 8332
f 8140 8332 8200
f 8329 8084 7392
f 8201 8144 8334
f 8337 8335 8252
f 8335 8248 8252
f 8336 8337 8338
f 8205 8209 8339
f 8153 8203 8256
f 8340 8341 8342
f 8339 8209 8345
f 8343 8339 8345
f 8154 8093 8207
f 8344 8207 8346
f 8346 8207 8093
f 8340 8342 8347
f 8342 8343 8347
f 8347 8343 8348
f 8209 8158 8345
f 8343 8345 8348
f 8028 7606 8352
f 7975 7934 8350
f 8350 7934 8097
f 8098 8161 8351
f 8092 8259 8159
f 8032 7886 8354
f 7886 8033 8355
f 7943 8101 8356
f 8356 8101 8357
f 8102 8266 8358
f 8266 8218 8272
f 8266 8272 8358
f 8358 8272 8276
f 8358 8276 8359
f 8359 8276 8280
f 8273 8360 8281
f 7568 8168 8033
f 8361 8275 8363
f 8275 8279 8363
f 8281 8362 8282
f 8270 7994 8279
f 8279 7994 8364
f 8169 8170 8367
f 8170 8172 8368
f 8367 8170 8368
f 7998 8113 8283
f 8228 8285 8227
f 8231 8233 8292
f 8374 8292 8376
f 8292 8295 8375
f 8292 8375 8376
f 8375 8295 8376
f 8295 8377 8376
f 8295 8296 8377
f 8377 8296 8297
f 8297 8299 8378
f 8378 8299 8300
f 8378 8300 8380
f 8380 8300 8381
f 8300 8303 8381
f 8300 8301 8303
f 8303 8382 8381
f 8303 8383 8382
f 8303 8306 8383
f 8383 8306 8384
f 8384 8306 8385
f 8385 8306 8308
f 8385 8308 8386
f 8308 8063 8386
f 8386 8063 8387
f 8240 7537 8309
f 8239 8310 8388
f 8310 8311 8389
f 8310 8389 8388
f 8389 8311 8390
f 8392 8393 8397
f 8393 8394 8397
f 8394 8395 8398
f 8395 8396 8313
f 8396 8390 8313
f 8390 8311 8313
f 8397 8394 8398
f 8395 8313 8398
f 8399 8392 8315
f 8399 8315 8319
f 8400 8401 8405
f 8400 8405 8322
f 8401 8323 8405
f 8401 8402 8323
f 8404 8400 8322
f 8322 8329 8404
f 8332 8247 8408
f 8086 8200 8333
f 8087 8143 8409
f 8334 8248 8412
f 8248 8335 8412
f 8413 8412 8335
f 8414 8413 8336
f 8335 8337 8336
f 8413 8335 8336
f 8249 8253 8415
f 8253 8150 8416
f 8254 8204 8152
f 8254 8152 8417
f 8205 8339 8420
f 8203 8254 8256
f 8256 8254 8418
f 8418 8254 8417
f 8341 8422 8342
f 8423 8420 8343
f 8343 8420 8339
f 8422 8423 8342
f 8342 8423 8343
f 8424 8344 8346
f 8208 8426 8259
f 8208 8258 8426
f 8097 8160 8427
f 8160 8098 8427
f 7880 8216 8214
f 8159 8259 8260
f 8164 8260 8262
f 8101 8102 8357
f 8357 8102 8429
f 8102 8358 8429
f 8429 8358 8430
f 8430 8358 8431
f 8358 8359 8431
f 8359 8280 8434
f 8278 8435 8436
f 8278 8361 8435
f 8279 8364 8363
f 8172 8173 8437
f 7994 5986 8438
f 8283 8113 8225
f 8226 8043 8227
f 8284 8369 8439
f 7677 8231 8440
f 8231 8292 8374
f 8374 8376 8445
f 8376 8446 8445
f 8377 8446 8376
f 8377 8447 8446
f 8377 8297 8447
f 8297 8448 8447
f 8297 8378 8448
f 7728 6902 8449
f 8380 8381 8452
f 8451 8380 8452
f 8381 8382 8453
f 8385 8386 8455
f 8239 8388 8457
f 8389 8390 8458
f 8459 8460 8393
f 8461 8390 8396
f 8462 8459 8392
f 8462 8392 8463
f 8463 8399 8466
f 8404 8464 8400
f 8464 8401 8400
f 8464 8402 8401
f 8464 8403 8402
f 8399 8319 8403
f 8399 8403 8465
f 8333 8200 8469
f 8200 8332 8469
f 8143 8201 8410
f 8415 8253 8473
f 8253 8416 8473
f 8473 8416 8474
f 8150 8255 8474
f 8206 8421 8475
f 8479 8344 8424
f 8256 8418 8481
f 8258 8256 8426
f 8426 8256 8481
f 8259 8426 8482
f 8097 8427 8350
f 8427 8098 8351
f 8483 8259 8482
f 8260 8259 8483
f 7606 8261 8352
f 8030 8262 8261
f 8033 8168 8486
f 8033 8486 8355
f 8431 8359 8433
f 8433 8359 8434
f 8435 8361 8488
f 8435 8488 8489
f 8361 8363 8488
f 8280 8169 8434
f 8434 8169 8367
f 8436 8435 8489
f 8364 7994 8490
f 8168 8224 8492
f 8367 8368 8494
f 8490 7994 8438
f 8368 8172 8437
f 8437 8173 8283
f 8226 8227 8495
f 8438 5986 8440
f 8227 8285 8496
f 5986 7677 8440
f 8285 8439 8497
f 8285 8497 8496
f 8231 8374 8501
f 8374 8445 8501
f 8446 8447 8445
f 8445 8447 8502
f 8447 8448 8502
f 8448 8378 8502
f 8502 8378 8503
f 8378 8450 8503
f 8378 8380 8450
f 8380 8451 8450
f 8381 8453 8452
f 8382 8383 8453
f 8383 8384 8453
f 8453 8384 8505
f 8384 8385 8505
f 8449 6902 6964
f 8455 8386 8507
f 8386 8387 8507
f 8387 8063 8508
f 8063 8239 8508
f 8508 8239 8457
f 8388 8389 8509
f 8388 8509 8510
f 8389 8458 8509
f 8458 8390 8513
f 8514 8462 8463
f 8464 8404 8516
f 8520 8329 7392
f 8523 8522 8415
f 8415 8473 8523
f 8471 8524 8527
f 8471 8472 8524
f 8472 8529 8525
f 8472 8152 8529
f 8205 8420 8534
f 8533 8478 8480
f 8479 8424 8536
f 8482 8426 8481
f 8539 8349 8214
f 8483 8482 8537
f 8540 8260 8483
f 8262 8260 8541
f 8541 8260 8540
f 8217 7103 8493
f 8356 8357 8543
f 8545 8543 8546
f 8546 8543 8547
f 8357 8429 8543
f 8543 8429 8544
f 8543 8544 8547
f 8429 8430 8544
f 8544 8430 8547
f 8547 8430 8549
f 8546 8547 8549
f 8549 8430 8550
f 8430 8431 8550
f 8550 8431 8433
f 8545 8546 8551
f 8550 8433 8434
f 8551 8546 8549
f 8549 8550 8553
f 8550 8434 8553
f 8434 8367 8494
f 8553 8434 8494
f 8436 8489 8554
f 8554 8489 8555
f 8489 8488 8552
f 8489 8552 8555
f 8488 8363 8552
f 8555 8552 8556
f 8363 8364 8552
f 8364 8490 8552
f 8551 8549 8557
f 8549 8553 8557
f 8557 8553 8558
f 8553 8494 8558
f 8436 8554 8559
f 8556 8552 8490
f 8545 8551 8562
f 8562 8551 8563
f 8558 8494 8560
f 8494 8368 8560
f 8368 8437 8560
f 8558 8560 8565
f 8437 8283 8560
f 8560 8283 8564
f 8560 8564 8565
f 8283 8225 8564
f 8225 8226 8564
f 8557 8558 8566
f 8566 8558 8567
f 8558 8565 8567
f 8226 8495 8564
f 8565 8564 8495
f 8568 8567 8569
f 8567 8565 8569
f 8569 8565 8570
f 8565 8495 8570
f 8495 8227 8571
f 8495 8571 8570
f 8227 8496 8571
f 8439 8369 8497
f 8501 8445 8575
f 8501 8575 8577
f 8445 8502 8575
f 8577 8575 8578
f 8575 8502 8576
f 8575 8576 8578
f 8578 8576 8579
f 8502 8503 8576
f 8503 8450 8580
f 8576 8503 8579
f 8579 8503 8580
f 8582 8577 8581
f 8577 8578 8581
f 8581 8578 8583
f 8578 8579 8583
f 8579 8580 8583
f 8584 8577 8585
f 8585 8577 8586
f 8450 8451 8580
f 8451 8452 8588
f 8580 8451 8588
f 8586 8577 8582
f 8582 8581 8587
f 8580 8588 8583
f 8583 8588 8590
f 8452 8453 8588
f 8588 8453 8589
f 8588 8589 8590
f 8453 8505 8589
f 8589 8505 8590
f 8385 8455 8505
f 8581 8583 8592
f 8455 8506 8505
f 8590 8505 8506
f 8583 8593 8592
f 8590 8506 8595
f 8455 8507 8506
f 8593 8583 8595
f 8583 8590 8595
f 8595 8506 8596
f 8506 8507 8596
f 8387 8508 8507
f 8587 8581 8597
f 8597 8581 8598
f 8598 8581 8592
f 8596 8507 8601
f 8598 8592 8599
f 8593 8595 8600
f 8600 8595 8596
f 8507 8508 8602
f 8601 8507 8602
f 8592 8593 8599
f 8599 8593 8600
f 8596 8601 8600
f 8508 8457 8602
f 8509 8600 8603
f 8600 8601 8603
f 8602 8457 8603
f 8601 8602 8603
f 8599 8600 8604
f 8605 8600 8606
f 8600 8509 8606
f 8604 8600 8605
f 8607 8598 8609
f 8598 8599 8609
f 8611 8607 8609
f 8599 8604 8612
f 8612 8604 8514
f 8514 8604 8613
f 8613 8604 8614
f 8604 8605 8614
f 8458 8513 8606
f 8605 8606 8614
f 8614 8606 8513
f 8608 8607 8611
f 8459 8462 8514
f 8459 8514 8613
f 8610 8608 8611
f 8599 8612 8609
f 8514 8463 8615
f 8612 8514 8615
f 8609 8612 8617
f 8612 8615 8617
f 8611 8609 8516
f 8516 8609 8620
f 8609 8617 8620
f 8620 8617 8621
f 8463 8466 8615
f 8615 8466 8621
f 8617 8615 8621
f 8516 8404 8329
f 8332 8408 8518
f 8409 8143 8623
f 8143 8410 8623
f 8624 8411 8522
f 8522 8523 8626
f 8524 8525 8628
f 8527 8524 8627
f 8473 8474 8631
f 8631 8474 8637
f 8630 8631 8636
f 8636 8631 8637
f 7973 8205 8632
f 8632 8205 8534
f 8638 8632 8642
f 8642 8632 8534
f 8639 8635 8532
f 8635 8636 8532
f 8532 8636 8645
f 8474 8255 8637
f 8636 8637 8645
f 8639 8532 8479
f 8529 8152 8646
f 8152 7975 8646
f 8647 8644 8648
f 8648 8644 8649
f 8644 8639 8649
f 8639 8479 8649
f 8649 8479 8536
f 8643 8647 8652
f 8652 8647 8648
f 8648 8649 8538
f 8538 8649 8536
f 8351 8161 8651
f 8643 8652 8654
f 8652 8648 8655
f 8655 8648 8539
f 8538 8349 8539
f 8648 8538 8539
f 8654 8652 8658
f 8652 8655 8658
f 8658 8655 8659
f 8214 8216 8539
f 8539 8216 8659
f 8655 8539 8659
f 8540 8483 8657
f 8554 8555 8668
f 8555 8556 8668
f 8563 8551 8557
f 8554 8667 8559
f 8490 8438 8556
f 8556 8438 8669
f 8563 8557 8672
f 8563 8672 8671
f 8672 8557 8566
f 8566 8567 8675
f 8493 7103 7728
f 8567 8568 8675
f 8568 8569 8675
f 8676 8569 8677
f 8570 8677 8569
f 8570 8571 8677
f 8501 8577 8231
f 8584 8585 8682
f 8682 8585 8586
f 8682 8586 8683
f 8586 8582 8683
f 8683 8582 8684
f 8684 8582 8685
f 8582 8587 8685
f 8685 8587 8688
f 8685 8688 8687
f 8587 8597 8688
f 8688 8597 8690
f 8597 8598 8690
f 8690 8598 8691
f 8692 8693 8607
f 8693 8694 8607
f 8694 8691 8607
f 8607 8691 8598
f 8692 8608 8695
f 8692 8607 8608
f 8610 8695 8608
f 8408 8468 8518
f 8333 8519 8699
f 8409 8623 8622
f 8627 8524 8701
f 8524 8628 8701
f 8525 8702 8628
f 8525 8529 8702
f 7973 8632 8638
f 8705 8703 8635
f 8630 8636 8635
f 8703 8630 8635
f 8708 8638 8642
f 8711 8706 8644
f 8706 8639 8644
f 8710 8711 8647
f 8647 8711 8644
f 7975 8350 8646
f 8646 8350 8715
f 8541 8540 8261
f 8168 8665 8486
f 8667 8554 8668
f 8492 8561 8725
f 8492 8725 8168
f 8559 8667 8723
f 8668 8556 8669
f 8561 8673 8725
f 8671 8672 8728
f 8674 8671 8728
f 8672 8566 8729
f 8566 8730 8729
f 8730 8566 8731
f 8566 8675 8731
f 8734 8675 8676
f 8675 8569 8676
f 8677 8571 8735
f 8571 8736 8735
f 8571 8496 8736
f 8577 8584 8231
f 8584 8682 8745
f 8749 8683 8747
f 8683 8684 8747
f 8688 8690 8750
f 8688 8750 8687
f 8511 8686 8689
f 8690 8691 8750
f 8750 8691 8754
f 8695 8752 8692
f 8752 8693 8692
f 8752 8753 8694
f 8752 8694 8693
f 8691 8694 8753
f 8695 8610 8520
f 8610 8611 8520
f 8611 8516 8520
f 8698 8618 8619
f 8516 8329 8520
f 8520 7392 8762
f 8627 8701 8763
f 8629 8763 8704
f 8629 8627 8763
f 7973 8638 8765
f 8529 8646 8702
f 8707 8634 8767
f 8706 8768 8766
f 8712 8640 8707
f 8651 8257 8773
f 8350 8427 8771
f 8350 8771 8715
f 8427 8351 8772
f 8772 8351 8651
f 8028 8352 8774
f 8352 8261 8777
f 8261 8540 8716
f 8660 8217 8780
f 8217 8493 8782
f 8355 8486 8662
f 8168 8725 8665
f 8723 8667 8788
f 8667 8668 8788
f 8674 8728 8791
f 8672 8729 8728
f 8729 8730 8792
f 8792 8730 8793
f 8793 8730 8794
f 8730 8731 8794
f 8794 8731 8795
f 8725 8673 8797
f 8731 8675 8798
f 8675 8734 8798
f 8676 8677 8799
f 8497 8573 8496
f 8496 8573 8800
f 8573 8737 8800
f 8584 8745 8231
f 8745 8682 8749
f 8682 8683 8749
f 8684 8685 8747
f 8747 8685 8806
f 8685 8687 8806
f 8806 8687 8807
f 8687 8750 8807
f 8807 8750 8754
f 8752 8695 8815
f 8755 8696 8813
f 8756 8757 8755
f 7197 8028 8246
f 8622 8623 8819
f 8701 8823 8763
f 8701 8628 8823
f 8473 8631 8825
f 8826 8703 8705
f 8765 8638 8827
f 8827 8708 8828
f 8708 8533 8828
f 8769 8707 8832
f 8769 8712 8707
f 8714 8769 8833
f 8427 8772 8771
f 8774 8352 8777
f 8716 8776 8834
f 8261 8716 8777
f 8780 8778 8660
f 8217 8782 8780
f 8726 8723 8837
f 8668 8669 8788
f 8669 8438 8838
f 8728 8792 8791
f 8728 8729 8792
f 8438 8440 8841
f 8793 8794 8795
f 8793 8795 8842
f 8731 8798 8795
f 8734 8845 8798
f 8734 8676 8799
f 8734 8799 8845
f 8799 8677 8846
f 8800 8737 8847
f 8737 8802 8847
f 8231 8745 8804
f 8745 8749 8804
f 8804 8749 8851
f 8804 8851 8853
f 8853 8851 8854
f 8749 8747 8851
f 8854 8851 8855
f 8851 8747 8852
f 8851 8852 8855
f 8747 8806 8852
f 8806 8807 8856
f 8852 8806 8855
f 8855 8806 8856
f 8804 8853 8858
f 8854 8855 8859
f 8855 8856 8859
f 8853 8854 8860
f 8860 8854 8861
f 8858 8853 8860
f 8861 8854 8859
f 8807 8754 8856
f 8858 8860 8815
f 8860 8861 8815
f 8861 8859 8815
f 8815 8859 8863
f 8856 8754 8863
f 8859 8856 8863
f 8815 8695 8865
f 8695 8520 8865
f 8868 8867 8819
f 8868 8819 8623
f 8623 8410 8869
f 8821 7392 7973
f 8410 8201 8870
f 8410 8870 8869
f 8201 8334 8870
f 8626 8523 8873
f 7973 8824 8874
f 8763 8823 8875
f 8825 8631 8880
f 8877 8763 8875
f 8704 8763 8877
f 8765 8827 8885
f 8704 8877 8882
f 8881 8883 8887
f 8884 8827 8889
f 8829 8886 8890
f 8766 8768 8831
f 8886 8766 8890
f 8890 8766 8831
f 8767 8704 8882
f 8887 8883 8888
f 8829 8890 8891
f 8890 8831 8891
f 8887 8888 8893
f 8888 8889 8893
f 8893 8889 8828
f 8892 8646 8715
f 8782 8493 8897
f 8726 8837 8900
f 8723 8788 8837
f 8788 8669 8901
f 8901 8669 8902
f 8669 8838 8902
f 8838 8438 8841
f 8792 8793 8905
f 8905 8793 8842
f 8842 8795 8798
f 8725 8797 8906
f 8735 8736 8907
f 8736 8496 8908
f 8802 8848 8847
f 8804 8858 8865
f 8858 8815 8865
f 8914 8867 8868
f 8868 8623 8869
f 8875 8823 8917
f 7973 8765 8824
f 8824 8765 8920
f 8881 8918 8883
f 8765 8885 8919
f 8702 8646 8892
f 8767 8882 8922
f 8772 8651 8923
f 8651 8773 8923
f 8837 8788 8901
f 8842 8798 8928
f 8798 8845 8928
f 8845 8799 8930
f 8930 8799 8846
f 8677 8735 8932
f 8932 8735 8907
f 8736 8908 8907
f 8496 8800 8908
f 8847 8848 8933
f 6964 8246 8449
f 8936 8914 8937
f 8914 8868 8937
f 8938 8937 8868
f 8762 7392 8821
f 8823 8628 8940
f 8628 8702 8941
f 8922 8882 8946
f 8028 8774 8947
f 8924 8832 8922
f 8792 8905 8951
f 8725 8906 8954
f 8954 8906 8931
f 8845 8930 8928
f 8677 8932 8846
f 8908 8800 8957
f 8956 8908 8957
f 8800 8847 8957
f 8847 8933 8958
f 8933 8910 8959
f 8231 8804 8440
f 8804 8865 8440
f 8865 8520 8762
f 8936 8937 8960
f 8960 8937 8938
f 8868 8961 8938
f 8868 8869 8961
f 8962 8961 8869
f 8869 8870 8939
f 8962 8869 8939
f 7973 8874 8821
f 8628 8941 8940
f 8917 8823 8940
f 8965 8875 8917
f 8702 8892 8941
f 8877 8875 8968
f 8946 8882 8877
f 8892 8715 8971
f 8771 8772 8972
f 8772 8923 8972
f 8924 8922 8947
f 8662 8486 8973
f 8900 8837 8974
f 8974 8837 8975
f 8974 8975 8978
f 8837 8901 8975
f 8975 8901 8976
f 8975 8976 8978
f 8978 8976 8979
f 8901 8902 8976
f 8976 8902 8977
f 8902 8838 8977
f 8976 8977 8979
f 8974 8978 8980
f 8980 8978 8981
f 8977 8838 8982
f 8979 8977 8982
f 8665 8725 8954
f 8838 8841 8982
f 8979 8982 8983
f 8842 8928 8985
f 8986 8846 8987
f 8986 8987 8988
f 8988 8987 8989
f 8846 8932 8987
f 8932 8907 8987
f 8987 8907 8989
f 8907 8908 8956
f 8907 8956 8989
f 8988 8989 8991
f 8989 8956 8957
f 8989 8957 8992
f 8991 8989 8992
f 8992 8957 8994
f 8957 8847 8995
f 8994 8957 8995
f 8847 8958 8995
f 8958 8933 8996
f 8996 8933 8959
f 8440 8865 8762
f 8936 8960 8997
f 8914 8998 8915
f 9001 9000 9002
f 9000 8938 8961
f 8961 8962 9000
f 9001 9002 9003
f 9005 9003 9006
f 9006 9003 9002
f 9002 9000 8962
f 9007 9005 9006
f 9002 8962 8963
f 9007 9006 9008
f 9008 9006 9009
f 9009 9006 8964
f 9006 9002 8964
f 8964 9002 9010
f 9002 8963 9010
f 8874 8824 9013
f 9013 8824 9014
f 8873 8825 9009
f 9011 9012 9015
f 9008 8825 8880
f 9007 9008 8880
f 9011 9015 9018
f 9014 8824 9020
f 9017 9014 9019
f 9019 9014 9020
f 9007 8880 9022
f 9018 9015 9023
f 9015 9019 9023
f 9023 9019 9020
f 8824 8920 9020
f 8875 8965 8968
f 8969 8877 8968
f 8946 8877 8969
f 8715 8771 9025
f 8715 9025 8971
f 8771 8972 9025
f 8923 8773 9024
f 8922 8946 9026
f 8947 8922 9026
f 8486 8665 8954
f 8979 9030 8981
f 8979 8983 9030
f 8840 8791 9031
f 9031 8791 9032
f 8791 8792 9032
f 8905 8842 8951
f 8951 8842 9033
f 8842 8985 9033
f 8985 8928 9036
f 8493 7728 9035
f 8928 8930 9036
f 8930 8846 9038
f 9038 8846 8986
f 9038 8986 9039
f 7728 8990 9035
f 8986 9040 9039
f 8986 8988 9040
f 9039 9040 9041
f 9040 8988 8991
f 9041 9040 9042
f 9043 9041 9044
f 9041 9042 9044
f 9040 8991 9042
f 9044 9042 9045
f 8991 8992 9042
f 9045 9042 8994
f 9042 8992 8994
f 8994 8995 9047
f 8995 8958 9047
f 9050 8960 8999
f 8960 8938 8999
f 9051 8999 9000
f 9052 9051 9000
f 9052 9000 9001
f 8999 8938 9000
f 9053 9001 9055
f 9054 9055 9003
f 9055 9001 9003
f 9056 9054 9058
f 9054 9005 9058
f 9054 9003 9005
f 9056 9058 9057
f 8821 8874 9061
f 9057 9058 9062
f 9057 9062 9064
f 9058 9005 9062
f 9062 9005 9007
f 9013 9014 9017
f 9065 8940 9060
f 8940 8941 9060
f 9066 9019 9016
f 9066 9017 9019
f 9067 9064 9069
f 9064 9062 9069
f 9069 9062 9007
f 8917 8940 9065
f 9007 9022 9069
f 8965 8917 9065
f 8965 9065 9068
f 8968 8965 9071
f 8897 8493 9035
f 8980 9077 9079
f 8980 8981 9077
f 8981 9030 9077
f 8983 9078 9030
f 8983 8982 9078
f 8982 8841 9078
f 8954 8931 9084
f 9036 8930 9081
f 8841 8440 9085
f 8930 9038 9081
f 9038 9039 9041
f 9044 9045 9090
f 9045 8994 9046
f 8994 9047 9046
f 9091 8997 9050
f 9093 9050 9094
f 9094 9050 9051
f 9094 9051 9095
f 9096 9052 9097
f 9097 9052 9053
f 9098 9097 9053
f 9053 9055 9100
f 9102 9100 9054
f 9059 9060 9105
f 9107 9057 9064
f 8246 8028 8970
f 9114 9013 9017
f 9068 9065 9063
f 9116 9067 9070
f 9071 8965 9068
f 8969 8968 9119
f 8968 9071 9119
f 8028 8947 8970
f 8947 9026 8970
f 8897 9035 9120
f 9077 9030 9121
f 8792 8951 9032
f 9030 9078 9121
f 9078 8841 9122
f 9122 8841 9085
f 8985 9036 9080
f 9080 9036 9125
f 9036 9081 9125
f 9081 9038 9125
f 9038 9041 9043
f 9128 9038 9043
f 9085 8440 9129
f 9043 9044 9132
f 9132 9044 9090
f 9090 9045 9135
f 9045 9046 9135
f 9135 9046 9136
f 9136 9046 9047
f 8996 8959 9137
f 9049 8997 9138
f 9138 8997 9091
f 9091 9050 9093
f 9139 9094 9095
f 9095 9052 9140
f 9141 9099 9142
f 9099 9101 9142
f 9103 9099 9143
f 9061 8874 9154
f 9064 9116 9107
f 9149 9107 9116
f 9105 9060 9152
f 8874 9013 9154
f 9154 9013 9157
f 9113 9112 9114
f 9064 9067 9116
f 9115 9063 9110
f 9026 8946 9161
f 9161 8946 8969
f 9073 8897 9120
f 8486 8954 8973
f 9031 9032 9164
f 9169 9164 9170
f 9164 9032 9165
f 9164 9165 9170
f 9170 9165 9171
f 9032 8951 9165
f 9171 9165 9172
f 8951 9033 9165
f 9165 9033 9166
f 9033 8985 9166
f 9165 9166 9172
f 9079 9077 9168
f 9079 9168 9173
f 9173 9168 9174
f 9168 9077 9121
f 9168 9121 9174
f 9174 9121 9175
f 9121 9078 9122
f 9121 9122 9175
f 9164 9169 9176
f 9171 9172 9177
f 9166 8985 9080
f 9172 9166 9080
f 9173 9174 9178
f 9122 9085 9179
f 9175 9122 9179
f 9172 9080 9180
f 9080 9125 9180
f 8954 9084 9087
f 9180 9125 9181
f 9125 9038 9128
f 9181 9125 9128
f 9180 9181 9186
f 9181 9128 9132
f 9129 8440 8993
f 9128 9043 9132
f 9087 9089 9185
f 9181 9132 9187
f 9186 9181 9187
f 9185 9089 9189
f 9132 9090 9187
f 9090 9135 9191
f 9047 8958 9192
f 8996 9137 8958
f 8993 8440 8762
f 9138 9091 9195
f 9139 9095 9197
f 9095 9140 9197
f 9140 9096 9199
f 9096 9200 9199
f 9096 9097 9200
f 9097 9201 9200
f 9097 9098 9201
f 9143 9141 9202
f 9101 9105 9142
f 9204 9056 9149
f 9147 9143 9203
f 8246 8970 9212
f 9208 9205 9214
f 9205 9149 9214
f 9213 9208 9214
f 9061 9154 9211
f 9207 9213 9219
f 9213 9214 9219
f 9216 9217 9221
f 9221 9217 9222
f 9211 9154 9157
f 9218 9211 9223
f 9223 9211 9157
f 9222 9223 9224
f 9223 9157 9224
f 9149 9116 9225
f 9214 9149 9225
f 9060 8941 9226
f 9207 9219 9158
f 8941 8892 9226
f 9226 8892 8971
f 9158 9219 9230
f 9219 9214 9230
f 9230 9214 9231
f 9116 9070 9225
f 9214 9225 9231
f 9231 9225 9070
f 8969 9119 9160
f 9119 9159 9160
f 9161 8969 9160
f 9169 9170 9236
f 9170 9171 9236
f 9236 9171 9177
f 9236 9177 9238
f 9238 9177 9239
f 9178 9174 9237
f 9237 9174 9241
f 9174 9175 9241
f 9175 9179 9241
f 9177 9172 9180
f 9177 9180 9239
f 8954 9087 9240
f 9179 9085 9242
f 9242 9085 9243
f 9087 9185 9240
f 9239 9180 9246
f 9246 9180 9186
f 9246 9186 9248
f 9186 9187 9248
f 9187 9090 9191
f 9137 8959 9193
f 9091 9093 9253
f 9139 9197 9255
f 9197 9140 9256
f 9256 9140 9257
f 9140 9199 9257
f 9200 9201 9258
f 9141 9142 9260
f 9201 9098 9259
f 9202 9141 9260
f 9142 9105 9261
f 9208 9204 9205
f 9204 9149 9205
f 9105 9152 9262
f 9061 9211 9218
f 9263 9264 9213
f 9265 9208 9264
f 9209 9147 9206
f 9217 9266 9267
f 9266 9223 9267
f 9152 9060 9226
f 9024 9229 9268
f 9160 9159 9270
f 8973 8954 9235
f 9169 9236 9277
f 9176 9169 9276
f 9237 9278 9280
f 9237 9241 9278
f 9241 9179 9242
f 9238 9239 9281
f 9239 9246 9281
f 9281 9246 9283
f 9246 9248 9283
f 9286 9248 9287
f 9248 9187 9287
f 9187 9191 9289
f 9136 9047 9290
f 9047 9192 9290
f 9192 8958 9291
f 8958 9137 9291
f 9195 9091 9254
f 9252 9293 9092
f 9255 9197 9256
f 9258 9201 9259
f 9142 9261 9260
f 9259 9098 9301
f 9202 9260 9298
f 9302 9202 9298
f 9105 9262 9261
f 8821 9061 9305
f 9204 9208 9303
f 9206 9302 9304
f 9206 9203 9302
f 9208 9307 9303
f 9061 9218 9305
f 9305 9218 9312
f 9217 9310 9266
f 9312 9218 9311
f 9215 9209 9313
f 9212 8970 9269
f 9228 8972 9315
f 8972 9024 9315
f 9315 9024 9268
f 8970 9026 9271
f 9271 9161 9160
f 9026 9161 9271
f 9120 9035 9318
f 9035 9273 9318
f 9169 9277 9276
f 9236 9238 9277
f 9278 9241 9322
f 9241 9242 9322
f 9277 9238 9323
f 9238 9281 9323
f 9323 9281 9324
f 9242 9243 9322
f 9243 9085 9325
f 9085 9129 9325
f 9281 9283 9324
f 9248 9286 9283
f 9185 9189 9330
f 9287 9187 9289
f 9255 9333 9332
f 9255 9256 9333
f 9199 9258 9334
f 9258 9259 9335
f 9260 9261 9336
f 9206 9304 9340
f 9308 9206 9340
f 9152 9226 9262
f 9226 8971 9343
f 9269 8970 9345
f 8970 9271 9345
f 9317 9160 9270
f 9271 9160 9317
f 9279 9276 9349
f 9279 9349 9353
f 9353 9349 9354
f 9276 9277 9349
f 9349 9277 9323
f 9349 9323 9354
f 9354 9323 9355
f 9323 9324 9356
f 9355 9323 9356
f 9280 9278 9350
f 9280 9350 9357
f 9357 9350 9358
f 9278 9322 9350
f 9350 9322 9351
f 9350 9351 9358
f 9358 9351 9359
f 9322 9243 9351
f 9351 9243 9352
f 9243 9325 9352
f 9351 9352 9359
f 9035 8990 9273
f 9354 9355 9360
f 9357 9358 9361
f 9352 9325 9362
f 9359 9352 9362
f 9353 9354 9363
f 9325 9129 9362
f 9353 9363 9364
f 9363 9354 9360
f 9324 9283 9356
f 9360 9355 9286
f 9356 9283 9286
f 9355 9356 9286
f 9360 9286 9368
f 9240 9185 9369
f 9185 9330 9369
f 9286 9287 9370
f 9287 9289 9370
f 9192 9291 9371
f 7728 8449 8990
f 9137 9331 9291
f 9137 9193 9372
f 9375 9332 9333
f 9375 9333 9376
f 9333 9256 9376
f 9377 9334 9379
f 9379 9334 9380
f 9334 9258 9380
f 9258 9335 9380
f 9380 9335 9381
f 8821 9305 9385
f 8246 9212 9338
f 9386 9384 9388
f 9385 9305 9312
f 9390 9385 9312
f 9303 9307 9387
f 9340 9304 9302
f 9388 9389 9390
f 9308 9340 9392
f 9313 9308 9393
f 9212 9314 9313
f 9212 9313 9393
f 9343 8971 9228
f 9358 9397 9361
f 9358 9359 9397
f 9397 9359 9398
f 9359 9362 9398
f 9398 9362 9399
f 9362 9129 9399
f 9364 9363 9401
f 9363 9360 9401
f 9401 9360 9402
f 9360 9368 9402
f 9289 9191 9406
f 9406 9191 9136
f 9191 9135 9136
f 9136 9290 9407
f 9371 9291 9331
f 9331 9372 9409
f 9372 9193 9410
f 9372 9410 9409
f 9254 9253 9413
f 9418 9375 9376
f 9419 9418 9378
f 9418 9376 9378
f 9421 9419 9377
f 9419 9378 9377
f 9422 9379 9380
f 9335 9259 9381
f 9298 9336 9426
f 9336 9261 9262
f 9427 8821 9385
f 9302 9298 9382
f 9382 9298 9426
f 9339 9303 9431
f 9384 9429 9389
f 9429 9430 9389
f 9430 9385 9389
f 9432 9302 9382
f 9389 9385 9390
f 9387 9307 9433
f 9393 9308 9392
f 9434 9212 9393
f 9235 8954 9439
f 9235 9439 9348
f 8954 9240 9439
f 9273 8990 9443
f 9361 9442 9444
f 9361 9397 9442
f 9442 9397 9398
f 9398 9399 9445
f 9364 9401 9447
f 9402 9368 9448
f 9368 9286 9448
f 9448 9286 9452
f 9451 9448 9452
f 9286 9370 9452
f 9370 9289 9453
f 9453 9289 9406
f 9406 9136 9407
f 9407 9290 9408
f 9290 9192 9408
f 9408 9192 9371
f 9371 9331 9409
f 9411 9195 9254
f 9421 9455 9419
f 9456 9379 9459
f 9459 9379 9422
f 9380 9460 9422
f 9380 9381 9460
f 9381 9259 9462
f 9259 9301 9462
f 9462 9301 9464
f 9426 9336 9461
f 9336 9262 9461
f 9427 9385 9467
f 9467 9385 9430
f 9303 9387 9431
f 9470 9302 9432
f 9392 9340 9472
f 9472 9340 9470
f 9340 9302 9470
f 9262 9226 9471
f 9393 9392 9434
f 9268 9229 9435
f 9442 9398 9445
f 9445 9399 9479
f 9399 9129 9479
f 9479 9129 9481
f 9443 8990 9482
f 9129 8993 9481
f 9447 9401 9484
f 9401 9402 9484
f 9402 9448 9484
f 9484 9448 9485
f 9448 9451 9485
f 9369 9330 9488
f 9370 9453 9452
f 9408 9371 9489
f 9489 9371 9490
f 8990 8449 9491
f 9490 9371 9492
f 9492 9371 9493
f 8993 8762 9494
f 9493 9371 9409
f 9409 9495 9496
f 9499 9373 9411
f 9254 9413 9411
f 9421 9456 9455
f 9423 8821 9509
f 9509 8821 9511
f 9422 9460 9512
f 9460 9381 9462
f 8821 9427 9511
f 9463 9426 9513
f 9461 9262 9471
f 9434 9392 9472
f 9444 9442 9517
f 9444 9517 9519
f 9519 9517 9520
f 9517 9442 9518
f 9517 9518 9520
f 9442 9445 9518
f 9520 9518 9521
f 9445 9479 9518
f 9518 9479 9521
f 9521 9479 9523
f 9520 9521 9525
f 9479 9481 9526
f 9523 9479 9526
f 9447 9484 9524
f 9447 9524 9527
f 9527 9524 9528
f 9484 9485 9524
f 9524 9485 9528
f 9519 9520 9525
f 9481 8993 9526
f 9447 9527 9529
f 9528 9485 9451
f 9519 9525 9530
f 9453 9406 9532
f 9406 9407 9532
f 9532 9407 9533
f 9532 9533 9534
f 9534 9533 9535
f 9533 9407 9489
f 9533 9489 9535
f 9407 9408 9489
f 9535 9489 9490
f 9534 9535 9536
f 9535 9490 9536
f 9534 9536 9537
f 9536 9490 9538
f 9490 9492 9538
f 9538 9492 9493
f 9538 9493 9540
f 9409 9496 9493
f 9493 9496 9541
f 9545 9418 9455
f 9547 9455 9550
f 9504 9457 9551
f 9550 9456 9459
f 9553 9549 9555
f 9549 9550 9556
f 9550 9459 9556
f 9558 9554 9559
f 9554 9553 9559
f 9553 9555 9559
f 9555 9549 9560
f 9549 9556 9560
f 9424 9458 9557
f 9558 9559 9562
f 9559 9555 9563
f 9555 9560 9563
f 9459 9422 9556
f 9457 9461 9551
f 9562 9559 9563
f 9422 9512 9556
f 9556 9512 9567
f 9460 9462 9512
f 9512 9462 9568
f 9567 9512 9568
f 9562 9563 9560
f 9560 9556 9567
f 9564 9565 9572
f 9572 9565 9573
f 9511 9427 9467
f 9570 9511 9574
f 9574 9511 9467
f 9576 9562 9577
f 9562 9560 9577
f 9560 9567 9577
f 9577 9567 9578
f 9462 9464 9568
f 9567 9568 9578
f 9578 9568 9464
f 9572 9573 9515
f 9573 9574 9515
f 9515 9574 9580
f 9574 9467 9580
f 9576 9299 9468
f 9576 9577 9299
f 9431 9583 9468
f 9579 9382 9463
f 9583 9387 9433
f 9432 9382 9579
f 9581 9582 9585
f 9582 9583 9585
f 9583 9433 9585
f 9471 9226 9584
f 9584 9226 9343
f 9586 9472 9470
f 9434 9472 9586
f 9240 9587 9439
f 9240 9369 9587
f 9587 9369 9588
f 9521 9523 9589
f 9525 9589 9593
f 9525 9593 9592
f 9589 9594 9593
f 9589 9523 9595
f 9589 9595 9594
f 9529 9527 9590
f 9590 9527 9528
f 9523 9526 9595
f 9451 9452 9596
f 9452 9453 9596
f 9488 9599 9369
f 9530 9525 9592
f 9530 9592 9597
f 9526 8993 9595
f 9598 9453 9600
f 9453 9532 9600
f 9532 9534 9600
f 9600 9534 9601
f 9600 9601 9602
f 9534 9537 9601
f 9602 9601 9605
f 9601 9606 9605
f 9606 9601 9537
f 9605 9606 9537
f 9607 9605 9608
f 9605 9537 9608
f 9537 9536 9608
f 9608 9536 9609
f 9536 9538 9609
f 9609 9538 9540
f 9540 9493 9610
f 9541 9611 9493
f 9610 9493 9611
f 9541 9612 9613
f 9613 9612 9542
f 9542 9499 9615
f 9499 9411 9615
f 9411 9413 9615
f 9413 9415 9617
f 9617 9415 9618
f 9545 9455 9547
f 9504 9624 9620
f 9548 9625 9552
f 9622 9621 9553
f 9504 9551 9624
f 9553 9621 9549
f 9622 9553 9554
f 9506 9505 9626
f 9557 9625 9629
f 9625 9554 9629
f 9629 9554 9558
f 9557 9629 9632
f 9629 9633 9632
f 9629 9558 9633
f 9509 9511 9570
f 9424 9557 9631
f 9551 9461 9634
f 9633 9558 9636
f 9558 9562 9636
f 9565 9635 9573
f 9636 9562 9576
f 9461 9471 9634
f 9573 9635 9574
f 9635 9570 9574
f 9637 9638 9583
f 9637 9583 9582
f 9468 9583 9576
f 9638 9576 9583
f 9432 9579 9639
f 9470 9432 9639
f 9474 9436 9640
f 9436 9475 9640
f 9586 9470 9639
f 9439 9587 9516
f 9595 9646 9594
f 9590 9528 9644
f 9596 9453 9598
f 9369 9599 9588
f 9597 9592 9645
f 9592 9593 9645
f 9595 9647 9646
f 9595 8993 9647
f 9598 9600 9650
f 9650 9600 9602
f 9603 9604 9588
f 9652 9602 9654
f 9654 9602 9605
f 9654 9605 9657
f 9657 9605 9659
f 9605 9607 9659
f 9608 9609 9607
f 9609 9540 9660
f 9660 9540 9610
f 9541 9613 9661
f 9612 9539 9614
f 9615 9413 9617
f 8762 8821 9423
f 8246 9546 8449
f 9663 9547 9621
f 9620 9624 9664
f 9622 9665 9621
f 9504 9620 9666
f 9505 9504 9623
f 9625 9668 9554
f 9626 9505 9623
f 8246 9338 9546
f 9509 9570 9674
f 9557 9632 9631
f 9674 9570 9673
f 9633 9636 9675
f 9636 9576 9675
f 9677 9576 9638
f 9579 9571 9678
f 9639 9579 9678
f 9639 9679 9680
f 9586 9639 9680
f 9434 9586 9681
f 8990 9491 9482
f 9644 9528 9686
f 9528 9451 9686
f 9451 9596 9686
f 9645 9593 9646
f 9593 9594 9646
f 9596 9598 9687
f 9648 9597 9645
f 9647 8993 9691
f 8993 9494 9691
f 9650 9602 9692
f 9602 9652 9692
f 9692 9652 9693
f 9588 9604 9695
f 9604 9656 9695
f 9695 9656 9698
f 9654 9657 9699
f 9699 9657 9659
f 9607 9702 9659
f 9607 9660 9702
f 9607 9609 9660
f 9660 9703 9702
f 9660 9610 9703
f 9703 9610 9704
f 9610 9611 9704
f 9611 9541 9661
f 9705 9611 9661
f 9705 9661 9706
f 9661 9613 9706
f 9707 8762 9423
f 9613 9615 9706
f 9706 9615 9709
f 9708 9706 9709
f 9615 9617 9709
f 9709 9617 9710
f 9710 9617 9712
f 9620 9664 9714
f 9669 9628 9626
f 9423 9509 9716
f 9509 9674 9716
f 9632 9633 9720
f 9633 9675 9720
f 9720 9675 9721
f 9675 9677 9721
f 9634 9471 9584
f 9474 9640 9725
f 9679 9639 9678
f 9434 9729 9338
f 9681 9586 9680
f 9434 9681 9729
f 9482 9491 9731
f 9736 9644 9737
f 9644 9686 9733
f 9644 9733 9737
f 9686 9596 9733
f 9737 9733 9738
f 9596 9687 9733
f 9733 9687 9738
f 9648 9645 9734
f 9648 9734 9739
f 9645 9646 9734
f 9739 9734 9735
f 9734 9646 9735
f 9646 9647 9735
f 9735 9647 9691
f 9735 9691 9740
f 9598 9650 9687
f 9738 9687 9650
f 9648 9739 9741
f 9691 9494 9742
f 9740 9691 9742
f 9737 9738 9744
f 9738 9650 9744
f 9650 9745 9744
f 9650 9692 9745
f 9744 9745 9693
f 9692 9693 9745
f 9736 9737 9746
f 9737 9744 9747
f 9744 9693 9747
f 9746 9737 9749
f 9652 9654 9693
f 9749 9737 9750
f 9737 9747 9750
f 9693 9654 9699
f 9747 9693 9699
f 9750 9747 9753
f 9747 9699 9753
f 9699 9659 9753
f 9753 9659 9754
f 9659 9702 9754
f 9754 9702 9755
f 9755 9702 9756
f 9702 9703 9704
f 9702 9704 9756
f 9704 9611 9705
f 9756 9704 9705
f 9755 9756 9757
f 9756 9705 9758
f 9757 9756 9758
f 9758 9705 9706
f 9759 9757 9758
f 9758 9706 9708
f 9759 9758 9761
f 9758 9708 9761
f 9759 9761 9760
f 9761 9708 9710
f 9709 9710 9708
f 9764 9762 9663
f 9663 9762 9765
f 9762 9760 9765
f 9760 9761 9765
f 9765 9761 9766
f 9761 9710 9766
f 9766 9710 9712
f 9770 9764 9665
f 9665 9764 9663
f 9713 9767 9667
f 9767 9768 9667
f 9768 9769 9668
f 9769 9770 9665
f 9772 9423 9773
f 9666 9714 9771
f 9626 9623 9774
f 9423 9716 9773
f 9551 9634 9624
f 9777 9779 9781
f 9781 9780 9776
f 9773 9716 9674
f 9776 9773 9674
f 9777 9781 9783
f 9781 9776 9783
f 9783 9776 9784
f 9776 9674 9784
f 9719 9631 9785
f 9719 9785 9786
f 9786 9785 9787
f 9631 9632 9785
f 9787 9785 9788
f 9632 9720 9785
f 9720 9721 9789
f 9785 9720 9788
f 9788 9720 9789
f 9786 9787 9790
f 9787 9788 9790
f 9790 9788 9791
f 9721 9677 9789
f 9789 9677 9791
f 9788 9789 9791
f 9640 9475 9726
f 9680 9679 9792
f 9681 9680 9792
f 9516 9587 9795
f 9587 9588 9799
f 9739 9735 9800
f 9735 9740 9800
f 9739 9800 9741
f 9742 9494 9802
f 9588 9695 9799
f 9749 9750 9804
f 9804 9806 9746
f 9804 9750 9807
f 9807 9750 9753
f 9746 9806 9808
f 9807 9753 9809
f 9753 9754 9810
f 9810 9754 9755
f 9809 9753 9812
f 9753 9810 9812
f 9810 9755 9813
f 9755 9757 9813
f 9494 8762 9707
f 9812 9810 9816
f 9810 9813 9816
f 9813 9757 9759
f 9812 9816 9820
f 9816 9813 9762
f 9813 9760 9762
f 9759 9760 9813
f 9820 9816 9822
f 9822 9816 9764
f 9764 9816 9762
f 9770 9822 9764
f 9714 9825 9824
f 9714 9664 9825
f 9664 9624 9825
f 9623 9666 9826
f 9666 9771 9826
f 9773 9776 9780
f 9827 9773 9780
f 9828 9827 9780
f 9779 9828 9781
f 9828 9780 9781
f 9634 9584 9830
f 9584 9725 9830
f 9546 9338 9729
f 9681 9792 9729
f 9482 9731 9793
f 9793 9731 9836
f 9587 9799 9838
f 9587 9838 9795
f 9741 9800 9839
f 9800 9740 9840
f 9740 9742 9840
f 9840 9742 9802
f 9802 9494 9842
f 9695 9845 9799
f 9695 9698 9847
f 9695 9847 9845
f 9806 9804 9807
f 9807 9809 9848
f 9848 9809 9850
f 9809 9812 9852
f 9817 9855 9814
f 9852 9820 9857
f 9812 9820 9852
f 9817 9819 9855
f 9820 9822 9857
f 8449 9546 9862
f 9822 9770 9866
f 9423 9772 9861
f 9770 9768 9865
f 9826 9771 9867
f 9869 9868 9827
f 9772 9773 9868
f 9869 9827 9871
f 9874 9875 9828
f 9875 9871 9828
f 9726 9473 9878
f 9731 9491 9883
f 9842 9494 9707
f 9808 9806 9886
f 9886 9806 9848
f 9806 9807 9848
f 9848 9850 9889
f 9851 9814 9845
f 9809 9852 9850
f 9891 9850 9852
f 9845 9814 9855
f 9852 9857 9891
f 9891 9857 9894
f 9491 8449 9862
f 9707 9423 9861
f 9819 9860 9855
f 9857 9822 9894
f 9855 9860 9825
f 9822 9866 9894
f 9861 9772 9899
f 9867 9824 9897
f 9826 9867 9870
f 9869 9871 9900
f 9774 9826 9870
f 9825 9624 9634
f 9900 9871 9901
f 9778 9669 9902
f 9876 9782 9902
f 9726 9878 9877
f 9830 9725 9903
f 9725 9832 9903
f 9546 9729 9879
f 9841 9839 9907
f 9841 9907 9909
f 9909 9907 9910
f 9839 9840 9907
f 9907 9840 9908
f 9907 9908 9910
f 9910 9908 9911
f 9840 9802 9908
f 9802 9842 9912
f 9908 9802 9911
f 9911 9802 9912
f 9838 9799 9845
f 9909 9910 9914
f 9910 9911 9914
f 9842 9707 9912
f 9918 9888 9919
f 9808 9886 9888
f 9888 9886 9889
f 9888 9889 9919
f 9919 9889 9920
f 9886 9848 9889
f 9847 9851 9845
f 9909 9914 9921
f 9915 9914 9911
f 9850 9891 9889
f 9889 9891 9922
f 9920 9889 9922
f 9912 9707 9923
f 9911 9912 9923
f 9919 9920 9925
f 9921 9914 9915
f 9920 9922 9925
f 9915 9911 9926
f 9911 9923 9926
f 9918 9919 9927
f 9919 9925 9927
f 9891 9894 9922
f 9922 9894 9928
f 9925 9922 9928
f 9491 9862 9917
f 9927 9925 9932
f 9925 9928 9932
f 9918 9927 9934
f 9921 9915 9935
f 9915 9926 9936
f 9707 9861 9923
f 9934 9927 9938
f 9938 9927 9939
f 9927 9932 9939
f 9894 9866 9928
f 9932 9928 9939
f 9939 9928 9866
f 9936 9926 9869
f 9869 9926 9899
f 9861 9899 9923
f 9926 9923 9899
f 9915 9936 9940
f 9940 9936 9869
f 9867 9898 9870
f 9825 9634 9929
f 9935 9915 9940
f 9869 9900 9901
f 9940 9869 9901
f 9634 9943 9929
f 9935 9940 9873
f 9873 9940 9901
f 9902 9669 9942
f 9943 9634 9830
f 9832 9877 9944
f 9838 9947 9795
f 9838 9845 9948
f 9924 9854 9890
f 9892 9854 9924
f 9855 9825 9929
f 9872 9870 9898
f 9942 9872 9953
f 9878 9941 9954
f 9838 9948 9947
f 9883 9491 9959
f 9491 9917 9959
f 9845 9855 9948
f 9855 9929 9948
f 9929 9943 9966
f 9862 9546 9967
f 9953 9872 9952
f 9954 9941 9963
f 9946 9902 9953
f 9948 9969 9947
f 9948 9929 9975
f 9975 9929 9966
f 9862 9967 9981
f 9944 9954 9955
f 9953 9965 9983
f 9883 9959 9968
f 9948 9975 9988
f 9948 9988 9969
f 9917 9960 9974
f 9975 9966 9988
f 9980 9955 9979
f 23 24 1
f 30 10 9
f 10 40 11
f 13 15 14
f 57 61 23
f 32 67 2
f 67 3 2
f 31 70 39
f 72 42 13
f 70 77 39
f 39 77 45
f 18 80 21
f 92 91 33
f 33 91 27
f 94 31 66
f 94 97 31
f 67 68 3
f 31 97 70
f 13 101 72
f 78 79 17
f 79 80 18
f 119 122 120
f 122 123 120
f 119 124 122
f 124 125 122
f 125 123 122
f 121 61 57
f 127 124 119
f 129 127 126
f 130 131 129
f 131 124 129
f 129 124 127
f 131 125 124
f 93 65 1
f 132 125 131
f 125 133 123
f 132 133 125
f 136 131 130
f 138 70 97
f 136 142 131
f 142 132 131
f 138 143 70
f 101 141 72
f 73 103 42
f 76 146 75
f 70 143 77
f 143 149 77
f 142 151 132
f 151 133 132
f 105 152 78
f 142 154 151
f 149 82 77
f 22 155 109
f 157 158 154
f 154 158 151
f 151 158 133
f 136 159 142
f 159 154 142
f 154 160 157
f 159 160 154
f 136 163 159
f 163 160 159
f 53 165 55
f 170 88 91
f 171 66 90
f 171 177 66
f 66 177 94
f 175 127 119
f 126 127 175
f 61 128 64
f 126 178 129
f 180 182 129
f 129 182 130
f 177 97 94
f 182 185 130
f 186 187 96
f 96 187 32
f 32 187 134
f 67 189 68
f 68 189 135
f 130 185 136
f 140 141 101
f 72 195 73
f 73 197 103
f 144 145 76
f 144 76 104
f 146 147 75
f 185 203 136
f 143 208 149
f 157 206 158
f 206 207 158
f 208 82 149
f 203 163 136
f 208 212 82
f 163 211 160
f 169 227 116
f 227 118 116
f 118 117 116
f 118 171 90
f 229 175 119
f 173 121 57
f 173 232 121
f 126 175 233
f 121 235 61
f 233 180 178
f 180 237 182
f 177 240 97
f 243 135 189
f 141 245 195
f 195 197 73
f 105 250 152
f 185 249 203
f 79 202 107
f 253 207 206
f 157 253 206
f 157 254 253
f 203 255 163
f 257 254 210
f 255 256 163
f 163 256 211
f 256 257 211
f 211 257 160
f 164 258 112
f 260 115 87
f 212 220 82
f 170 268 169
f 271 171 118
f 271 177 171
f 273 274 272
f 229 230 273
f 273 230 274
f 230 277 274
f 233 273 275
f 233 229 273
f 232 279 121
f 279 235 121
f 235 236 128
f 280 237 180
f 242 284 187
f 134 286 67
f 286 189 67
f 286 290 189
f 288 292 285
f 292 289 285
f 295 292 288
f 193 297 139
f 297 194 139
f 299 301 300
f 197 298 198
f 300 301 302
f 304 301 299
f 305 302 301
f 304 305 301
f 185 287 249
f 250 312 201
f 313 316 314
f 201 315 202
f 320 316 313
f 202 319 251
f 253 326 325
f 254 327 253
f 327 326 253
f 162 328 258
f 162 258 164
f 329 330 257
f 329 257 256
f 257 330 254
f 330 331 327
f 330 327 254
f 258 165 112
f 165 332 214
f 329 334 330
f 334 331 330
f 208 336 212
f 212 336 220
f 261 340 225
f 354 359 355
f 355 359 356
f 359 360 356
f 360 361 356
f 356 361 357
f 364 359 354
f 360 365 361
f 364 275 359
f 275 272 359
f 272 360 359
f 272 275 273
f 272 274 360
f 274 365 360
f 276 366 173
f 364 233 275
f 364 280 233
f 372 281 368
f 368 281 369
f 281 373 369
f 373 374 369
f 369 374 370
f 235 371 236
f 373 375 374
f 282 376 283
f 282 283 181
f 372 377 281
f 377 373 281
f 378 377 372
f 377 379 373
f 379 375 373
f 239 381 184
f 377 285 379
f 285 382 379
f 379 382 375
f 381 284 242
f 182 287 185
f 284 384 187
f 384 286 187
f 187 286 134
f 377 288 285
f 285 385 382
f 378 288 377
f 289 387 385
f 389 288 378
f 390 391 289
f 289 391 387
f 288 389 295
f 393 289 292
f 393 390 289
f 393 394 390
f 292 397 393
f 389 299 295
f 299 300 295
f 295 300 292
f 300 397 292
f 399 299 389
f 245 400 195
f 300 402 397
f 195 401 298
f 300 302 402
f 399 406 299
f 402 302 405
f 302 407 405
f 406 304 299
f 305 407 302
f 305 409 407
f 410 409 305
f 304 314 305
f 314 410 305
f 411 313 406
f 406 313 304
f 313 314 304
f 314 412 410
f 312 311 315
f 314 317 412
f 412 414 410
f 315 318 202
f 411 415 313
f 313 415 320
f 417 418 317
f 317 418 412
f 412 418 414
f 316 420 317
f 420 417 317
f 421 322 156
f 320 422 316
f 422 420 316
f 423 320 415
f 422 424 420
f 423 425 320
f 425 422 320
f 324 426 161
f 426 328 161
f 425 427 422
f 427 424 422
f 255 429 256
f 331 326 327
f 429 329 256
f 258 428 165
f 428 332 165
f 431 432 423
f 423 432 425
f 425 432 427
f 432 433 427
f 427 433 424
f 429 334 329
f 437 334 429
f 331 438 326
f 437 440 334
f 440 331 334
f 440 442 331
f 442 438 331
f 336 443 220
f 445 446 437
f 437 446 440
f 440 446 442
f 446 447 442
f 447 448 442
f 442 448 438
f 220 443 264
f 443 449 264
f 352 265 268
f 350 349 267
f 349 453 269
f 454 356 455
f 353 363 358
f 354 456 364
f 456 237 364
f 366 460 232
f 460 279 232
f 364 237 280
f 368 462 372
f 462 465 372
f 371 464 236
f 372 465 378
f 468 380 238
f 473 138 97
f 237 287 182
f 382 476 474
f 384 475 286
f 475 290 286
f 378 465 389
f 390 394 391
f 397 486 482
f 465 487 389
f 389 487 399
f 397 402 486
f 401 403 298
f 399 487 406
f 407 491 405
f 307 495 308
f 138 496 143
f 409 493 407
f 406 487 411
f 409 498 493
f 487 499 411
f 413 318 315
f 411 499 415
f 417 506 418
f 420 510 509
f 511 510 420
f 143 507 208
f 415 499 423
f 499 513 423
f 203 515 255
f 255 515 429
f 511 516 510
f 428 517 332
f 513 431 423
f 431 519 432
f 519 520 432
f 520 433 432
f 507 336 208
f 429 515 437
f 515 526 437
f 526 445 437
f 527 444 343
f 445 529 446
f 529 447 446
f 269 453 351
f 533 355 531
f 533 534 354
f 354 534 456
f 271 240 177
f 456 534 237
f 538 460 366
f 279 543 235
f 544 547 368
f 368 547 462
f 545 546 371
f 547 465 462
f 464 549 466
f 463 550 548
f 467 550 463
f 467 553 550
f 383 557 384
f 557 475 384
f 476 479 474
f 475 477 290
f 477 478 386
f 480 561 560
f 394 561 480
f 394 562 561
f 563 562 394
f 482 563 394
f 482 394 393
f 482 569 563
f 569 567 563
f 486 569 482
f 485 489 401
f 402 405 569
f 405 574 569
f 491 576 405
f 405 576 574
f 577 576 491
f 493 577 491
f 492 578 408
f 579 577 493
f 498 583 579
f 500 501 413
f 501 502 318
f 498 584 583
f 504 584 498
f 506 584 504
f 509 584 506
f 508 586 421
f 249 515 203
f 510 587 509
f 499 588 513
f 590 517 428
f 516 587 510
f 520 593 516
f 516 593 587
f 513 519 431
f 513 595 519
f 596 593 520
f 595 520 519
f 595 596 520
f 507 601 336
f 601 443 336
f 602 603 529
f 529 603 447
f 603 604 447
f 447 604 448
f 601 605 443
f 443 605 449
f 611 452 451
f 612 348 452
f 613 271 348
f 613 240 271
f 614 349 350
f 614 618 349
f 615 530 616
f 530 617 616
f 618 453 349
f 531 530 615
f 530 455 617
f 455 620 617
f 618 619 453
f 540 541 626
f 541 542 626
f 542 627 626
f 460 628 279
f 548 627 542
f 628 543 279
f 548 629 627
f 543 545 235
f 235 545 371
f 371 546 464
f 550 633 548
f 548 633 629
f 550 635 633
f 635 636 633
f 553 635 550
f 632 287 237
f 553 474 635
f 474 640 635
f 640 636 635
f 640 639 636
f 558 555 477
f 560 640 474
f 561 640 560
f 561 562 640
f 562 639 640
f 639 642 641
f 562 642 639
f 562 644 642
f 563 643 562
f 643 644 562
f 563 567 643
f 567 645 643
f 643 645 644
f 569 645 567
f 645 646 644
f 569 574 645
f 647 646 645
f 574 647 645
f 647 648 646
f 576 647 574
f 650 647 576
f 651 650 576
f 577 651 576
f 577 652 651
f 652 650 651
f 579 652 577
f 583 652 579
f 583 653 652
f 584 654 583
f 654 653 583
f 654 655 653
f 656 657 654
f 654 657 655
f 584 656 654
f 584 659 656
f 660 586 508
f 249 661 515
f 658 659 584
f 499 487 588
f 662 659 658
f 587 662 658
f 662 663 659
f 593 662 587
f 593 663 662
f 517 666 430
f 666 592 430
f 588 668 513
f 668 595 513
f 669 595 668
f 593 670 663
f 670 671 663
f 669 672 595
f 672 673 595
f 673 596 595
f 673 593 596
f 673 670 593
f 675 676 673
f 675 673 672
f 676 670 673
f 675 678 676
f 602 684 603
f 684 685 603
f 603 685 604
f 610 611 451
f 611 612 452
f 612 613 348
f 688 691 689
f 691 692 689
f 689 692 690
f 692 693 690
f 694 691 688
f 615 616 691
f 691 616 692
f 694 615 691
f 616 617 692
f 617 693 692
f 620 693 617
f 619 621 453
f 694 534 531
f 531 534 533
f 695 623 696
f 623 699 696
f 696 699 697
f 699 700 697
f 697 700 698
f 695 702 623
f 702 703 623
f 623 703 699
f 703 704 699
f 704 705 699
f 699 705 700
f 707 702 695
f 702 708 703
f 709 704 703
f 708 709 703
f 707 626 702
f 708 712 709
f 702 626 708
f 708 629 712
f 626 627 708
f 627 629 708
f 707 540 626
f 538 715 628
f 538 628 460
f 707 544 540
f 707 547 544
f 546 718 464
f 629 633 717
f 633 719 717
f 464 630 549
f 633 722 719
f 719 722 720
f 722 723 720
f 720 723 721
f 633 725 722
f 722 725 723
f 725 726 723
f 723 726 724
f 726 727 724
f 240 473 97
f 636 728 633
f 633 728 725
f 725 728 726
f 728 729 726
f 729 730 726
f 730 727 726
f 636 641 728
f 636 639 641
f 728 732 729
f 641 732 728
f 732 730 729
f 732 735 730
f 735 733 730
f 642 732 641
f 732 736 735
f 735 737 733
f 642 736 732
f 644 736 642
f 736 738 735
f 738 737 735
f 644 648 736
f 738 740 737
f 644 646 648
f 739 738 736
f 648 739 736
f 741 738 739
f 742 740 738
f 648 741 739
f 741 742 738
f 650 648 647
f 650 741 648
f 741 743 742
f 742 744 740
f 653 741 650
f 653 743 741
f 653 745 743
f 745 744 743
f 743 744 742
f 653 655 745
f 655 746 745
f 745 747 744
f 746 747 745
f 496 507 143
f 748 749 655
f 655 749 746
f 749 750 746
f 657 748 655
f 656 753 657
f 586 754 512
f 659 755 656
f 656 756 753
f 755 756 656
f 663 755 659
f 664 666 517
f 663 761 755
f 755 761 756
f 762 763 663
f 763 761 663
f 671 762 663
f 594 598 434
f 661 767 515
f 676 671 670
f 768 675 669
f 669 675 672
f 676 769 671
f 769 770 671
f 671 770 762
f 678 769 676
f 769 773 770
f 768 678 675
f 775 776 768
f 768 776 678
f 776 777 678
f 678 777 769
f 777 773 769
f 515 767 526
f 767 780 526
f 780 782 526
f 526 782 445
f 782 529 445
f 529 782 602
f 782 783 602
f 602 783 684
f 784 785 684
f 684 785 685
f 785 786 685
f 784 788 785
f 788 786 785
f 605 609 449
f 686 790 611
f 611 790 612
f 791 613 612
f 792 796 688
f 688 796 694
f 796 534 694
f 614 799 618
f 799 800 618
f 618 800 619
f 619 801 621
f 802 805 695
f 695 805 707
f 709 808 705
f 712 810 709
f 805 734 707
f 534 632 237
f 629 717 810
f 715 716 628
f 707 734 547
f 716 811 545
f 545 811 546
f 811 718 546
f 734 465 547
f 813 631 630
f 632 731 287
f 734 487 465
f 731 649 287
f 737 818 817
f 740 818 737
f 287 649 249
f 747 819 744
f 750 819 747
f 750 747 746
f 748 820 749
f 748 822 820
f 820 750 749
f 657 751 821
f 657 823 751
f 756 826 823
f 757 666 664
f 588 758 668
f 668 758 669
f 669 758 768
f 758 831 768
f 834 832 827
f 831 775 768
f 775 836 776
f 836 837 776
f 776 837 777
f 837 838 777
f 777 838 773
f 507 843 601
f 783 844 684
f 684 844 784
f 784 846 788
f 846 847 788
f 788 847 786
f 605 850 609
f 789 851 610
f 851 686 610
f 852 240 613
f 853 798 614
f 619 800 801
f 621 856 701
f 856 807 701
f 709 858 808
f 709 862 858
f 810 862 709
f 625 864 715
f 717 865 862
f 717 812 865
f 716 866 811
f 867 813 630
f 867 630 718
f 813 868 631
f 817 870 727
f 819 874 818
f 818 874 873
f 822 875 820
f 820 875 750
f 821 822 748
f 751 876 821
f 751 877 876
f 649 661 249
f 487 758 588
f 823 878 877
f 826 879 823
f 763 880 826
f 880 879 826
f 763 881 880
f 827 881 763
f 832 881 827
f 832 882 881
f 832 884 882
f 782 844 783
f 887 844 782
f 601 850 605
f 851 889 686
f 686 889 790
f 791 852 613
f 798 799 614
f 891 473 240
f 800 893 801
f 801 894 621
f 893 894 801
f 621 894 856
f 808 895 857
f 858 895 808
f 858 896 895
f 856 897 807
f 897 859 807
f 858 899 896
f 900 858 862
f 900 899 858
f 862 865 900
f 865 903 900
f 864 904 716
f 904 866 716
f 812 907 903
f 866 867 811
f 821 875 822
f 821 912 875
f 876 913 821
f 821 913 912
f 877 878 876
f 878 914 876
f 879 918 878
f 878 918 914
f 918 915 914
f 880 919 879
f 879 919 918
f 918 919 915
f 881 882 880
f 882 920 880
f 884 921 882
f 885 921 884
f 758 924 831
f 924 775 831
f 780 927 782
f 927 887 782
f 929 887 927
f 844 887 784
f 887 931 784
f 784 931 846
f 601 932 850
f 889 933 612
f 889 612 790
f 933 791 612
f 937 799 798
f 799 938 800
f 894 897 856
f 896 942 941
f 899 942 896
f 899 943 942
f 903 899 900
f 903 944 899
f 944 943 899
f 903 907 944
f 944 907 943
f 907 949 943
f 905 867 866
f 905 947 813
f 947 906 813
f 813 906 868
f 632 950 731
f 912 956 875
f 913 956 912
f 913 958 956
f 958 957 956
f 915 958 913
f 919 959 915
f 959 958 915
f 919 920 959
f 959 957 958
f 916 767 661
f 959 960 957
f 961 962 920
f 920 962 959
f 921 961 882
f 961 920 882
f 917 924 758
f 924 965 775
f 965 836 775
f 836 966 837
f 837 967 838
f 969 781 928
f 929 930 887
f 930 931 887
f 973 851 789
f 974 889 851
f 976 796 792
f 852 891 240
f 934 979 853
f 853 979 798
f 979 937 798
f 937 980 799
f 980 938 799
f 796 632 534
f 981 982 802
f 802 982 805
f 938 893 800
f 982 951 805
f 894 898 897
f 951 734 805
f 943 985 942
f 943 949 985
f 907 986 949
f 987 986 907
f 734 951 487
f 950 954 731
f 731 911 649
f 649 916 661
f 960 990 957
f 960 991 990
f 961 992 962
f 992 993 962
f 993 991 962
f 994 995 921
f 885 994 921
f 996 885 834
f 836 997 966
f 966 925 837
f 999 1001 928
f 999 928 926
f 780 1000 927
f 927 1000 929
f 1000 1005 929
f 929 1005 930
f 1005 1006 930
f 1006 931 930
f 931 1007 846
f 1007 1008 846
f 846 1008 847
f 979 980 937
f 938 983 893
f 893 983 894
f 894 983 898
f 985 1025 1023
f 949 1025 985
f 949 986 1025
f 1025 986 1026
f 954 911 731
f 911 916 649
f 993 1030 991
f 965 997 836
f 1034 997 965
f 925 967 837
f 1006 1007 931
f 974 1043 889
f 933 852 791
f 1046 1020 1019
f 1019 1020 979
f 1048 1049 1047
f 855 1050 1049
f 981 892 1048
f 980 1053 938
f 796 1018 632
f 1053 983 938
f 1022 1023 1054
f 1023 1055 1054
f 1023 1026 1055
f 1026 1056 1055
f 1056 1057 1055
f 1025 1026 1023
f 1056 1058 1057
f 1026 1060 1056
f 1059 1058 1056
f 632 1024 950
f 986 1060 1026
f 1060 1059 1056
f 987 1060 986
f 987 988 1060
f 1060 988 1059
f 988 1061 1059
f 1066 1029 990
f 1067 1068 993
f 993 1068 1030
f 994 1069 995
f 1069 992 995
f 1070 1031 963
f 885 1071 994
f 966 1075 925
f 1034 1074 997
f 1076 1074 1034
f 1074 966 997
f 1074 1075 966
f 1076 1077 1074
f 767 1000 780
f 975 1084 1013
f 1086 1090 1087
f 1090 1088 1087
f 1090 1091 1088
f 1092 1090 1086
f 1092 1048 1090
f 1048 1091 1090
f 1048 1047 1091
f 1091 1047 1093
f 1093 1047 1096
f 1047 1099 1096
f 1099 1100 1096
f 1096 1100 1097
f 1050 1099 1047
f 1050 939 1099
f 939 1052 1099
f 1099 1052 1100
f 1092 982 981
f 1092 981 1048
f 1020 1053 980
f 1104 1105 983
f 983 1105 898
f 1105 984 898
f 1054 1055 1106
f 1055 1057 1106
f 1057 1107 1106
f 1057 1058 1107
f 1058 1108 1107
f 1058 1109 1108
f 1110 1109 1058
f 951 1064 487
f 1112 496 138
f 911 1114 916
f 1114 1115 916
f 916 1115 767
f 1069 1116 992
f 992 1116 993
f 1116 1067 993
f 1068 1117 1030
f 1070 1118 1031
f 496 843 507
f 1073 1035 1032
f 1075 1121 925
f 1121 967 925
f 1077 1075 1074
f 1077 1123 1075
f 1075 1123 1121
f 1121 1124 967
f 1126 1123 1077
f 1127 1124 1123
f 1123 1124 1121
f 1128 1126 1076
f 1076 1126 1077
f 1129 1127 1123
f 1130 1129 1123
f 1126 1130 1123
f 1130 1131 1129
f 1128 1132 1126
f 1132 1133 1126
f 1126 1133 1130
f 1133 1131 1130
f 1082 1083 1042
f 973 1139 851
f 1139 974 851
f 1084 1085 1044
f 1086 1142 1092
f 1142 982 1092
f 1147 1149 1148
f 1102 1103 1053
f 1103 983 1053
f 1103 1104 983
f 1104 1152 1105
f 1105 1150 984
f 1054 1154 1153
f 1157 138 473
f 954 1111 911
f 487 1064 758
f 1071 1158 1069
f 924 917 965
f 965 917 1034
f 1034 917 1076
f 1076 917 1128
f 1127 1165 1124
f 1166 1127 1129
f 917 1167 1128
f 1167 1169 1128
f 1128 1169 1132
f 1169 1170 1132
f 1132 1170 1133
f 1170 1171 1133
f 1171 1131 1133
f 601 1172 932
f 1172 850 932
f 850 1176 888
f 1136 1177 1040
f 1178 1083 1082
f 1178 1179 1083
f 1179 1084 1083
f 1179 1138 1084
f 1043 1181 933
f 1043 933 889
f 1138 1182 1085
f 1186 1142 1086
f 1182 1188 1085
f 1085 1188 1144
f 1142 1194 982
f 1194 951 982
f 1149 1197 1148
f 1149 1151 1197
f 1103 1152 1104
f 1152 1150 1105
f 1018 1024 632
f 1203 1067 1116
f 1067 1202 1068
f 1202 1117 1068
f 1158 1203 1116
f 1158 1116 1069
f 1158 1204 1203
f 1159 1205 1158
f 1205 1204 1158
f 1163 1205 1159
f 1165 1163 1124
f 1210 1166 1131
f 843 1172 601
f 1170 1212 1171
f 1217 1178 1082
f 1178 1218 1179
f 1218 1180 1179
f 1220 1180 1218
f 1179 1180 1138
f 1220 1138 1180
f 1221 1139 973
f 1181 852 933
f 1138 1223 1182
f 1186 1226 1142
f 976 1229 796
f 1229 1018 796
f 1188 1191 1144
f 1226 1194 1142
f 1148 1234 1233
f 1148 1235 1234
f 1197 1235 1148
f 1197 1151 1235
f 1151 1236 1235
f 1151 1198 1236
f 1198 1153 1237
f 1157 1112 138
f 1203 1242 1067
f 1242 1243 1067
f 1067 1243 1202
f 1204 1242 1203
f 1205 1244 1204
f 1244 1242 1204
f 1244 1245 1242
f 1246 1244 1205
f 1246 1245 1244
f 1247 1246 1163
f 1247 1248 1246
f 1246 1248 1245
f 1210 1165 1166
f 1171 1251 1131
f 1172 1176 850
f 1173 1215 1254
f 1217 1218 1178
f 1219 1218 1217
f 1219 1220 1218
f 1256 1220 1219
f 974 1222 1043
f 1220 1223 1138
f 1256 1223 1220
f 1258 1259 1223
f 1223 1259 1182
f 1259 1228 1182
f 1182 1228 1188
f 1228 1260 1188
f 1188 1260 1191
f 1260 1192 1191
f 1230 1261 1194
f 1230 1194 1226
f 1233 1234 1263
f 1235 1266 1265
f 1236 1270 1266
f 1266 1270 1267
f 1267 1270 1268
f 1268 1270 1269
f 1236 1237 1270
f 1237 1269 1270
f 1237 1271 1269
f 1237 1199 1271
f 1273 954 950
f 954 1275 1111
f 1111 1277 911
f 1277 1278 911
f 1278 1114 911
f 1112 1241 496
f 1243 1279 1117
f 1243 1117 1202
f 1280 1279 1243
f 1242 1281 1243
f 1281 1280 1243
f 1281 1282 1280
f 1282 1279 1280
f 1245 1281 1242
f 1283 1282 1281
f 1284 1283 1245
f 1245 1283 1281
f 1249 1248 1247
f 1249 1284 1248
f 1285 1247 1165
f 1285 1249 1247
f 1210 1285 1165
f 1212 1287 1171
f 1287 1251 1171
f 1288 1289 1219
f 1139 1255 974
f 1289 1256 1219
f 1256 1258 1223
f 1259 1292 1228
f 1228 1292 1260
f 1260 1293 1192
f 1294 1261 1230
f 1300 954 1274
f 1301 1115 1114
f 1249 1305 1284
f 1305 1306 1284
f 1284 1306 1283
f 1306 1307 1283
f 767 1308 1000
f 1285 1305 1249
f 1000 1312 1005
f 1310 1254 1213
f 1312 1006 1005
f 1006 1313 1007
f 1313 1008 1007
f 1314 1216 1254
f 1221 1255 1139
f 1222 1315 1043
f 1315 1181 1043
f 1320 1256 1289
f 1320 1258 1256
f 976 1184 1318
f 1291 1016 1319
f 1321 1259 1258
f 1321 1292 1259
f 1322 1293 1292
f 1292 1293 1260
f 1330 1024 1018
f 1273 1274 954
f 1300 1331 954
f 1331 1275 954
f 1275 1276 1111
f 1111 1332 1277
f 1333 1278 1277
f 1278 1334 1114
f 1114 1065 1301
f 1301 1302 1115
f 1241 843 496
f 1304 1337 1303
f 917 1336 1167
f 1336 1169 1167
f 1308 1312 1000
f 1316 1344 1343
f 1317 1319 1344
f 1288 1345 1289
f 1318 1316 1343
f 1345 1320 1289
f 1318 1346 976
f 1346 1229 976
f 1320 1321 1258
f 1348 1321 1320
f 1348 1349 1321
f 1349 1292 1321
f 1349 1322 1292
f 1322 1350 1293
f 1330 950 1024
f 1353 1275 1331
f 1353 1276 1275
f 1276 1354 1111
f 1354 1332 1111
f 1278 1355 1334
f 1114 1334 1065
f 758 1064 917
f 1065 1302 1301
f 1305 1357 1306
f 1306 1338 1307
f 1359 1341 1210
f 1169 1361 1170
f 1170 1361 1212
f 1364 1222 1255
f 1365 1368 1366
f 1366 1368 1367
f 1368 1344 1367
f 1318 1368 1365
f 1344 1319 1367
f 1288 1290 1345
f 1290 1369 1345
f 1369 1371 1345
f 1345 1371 1320
f 1371 1348 1320
f 1348 1373 1349
f 1349 1350 1322
f 1350 1374 1293
f 1379 1273 950
f 1380 1274 1273
f 1381 1300 1274
f 1300 1381 1331
f 1381 1382 1331
f 1382 1353 1331
f 1353 1354 1276
f 1028 1277 1332
f 1028 1333 1277
f 1065 1335 1302
f 1115 1308 767
f 1387 1391 1365
f 1391 1346 1365
f 1365 1346 1318
f 1371 1372 1348
f 1372 1373 1348
f 1373 1377 1349
f 1349 1377 1350
f 1377 1394 1350
f 1394 1374 1350
f 1194 1298 951
f 1330 1379 950
f 1380 1273 1379
f 1380 1381 1274
f 1332 1399 1028
f 1333 1355 1278
f 1338 1403 1337
f 1340 1405 1285
f 1405 1339 1285
f 1336 1408 1169
f 1408 1361 1169
f 1287 1359 1251
f 1181 1410 852
f 1391 1413 1346
f 1410 891 852
f 1411 1369 1290
f 1411 1412 1369
f 1346 1413 1229
f 1412 1414 1371
f 1412 1371 1369
f 1414 1372 1371
f 1414 1415 1372
f 1372 1415 1373
f 1417 1419 1261
f 1261 1419 1194
f 1415 1418 1373
f 1418 1377 1373
f 1157 1423 1112
f 1423 1426 1112
f 1425 1354 1353
f 1354 1399 1332
f 1426 1427 1112
f 1028 1240 1333
f 1240 1355 1333
f 1064 1336 917
f 1401 1302 1335
f 1428 1115 1302
f 1339 1357 1305
f 1306 1404 1338
f 1361 1431 1212
f 1312 1432 1006
f 1387 1436 1391
f 1419 1298 1194
f 1418 1437 1394
f 1418 1394 1377
f 1437 1374 1394
f 1439 1382 1381
f 1382 1441 1353
f 1441 1425 1353
f 1425 1399 1354
f 1401 1444 1302
f 1444 1428 1302
f 1357 1404 1306
f 1405 1445 1339
f 1212 1431 1287
f 1431 1359 1287
f 1436 1413 1391
f 1450 1451 1412
f 1412 1451 1415
f 1413 1018 1229
f 1416 1437 1418
f 1437 1454 1374
f 1396 1397 1455
f 891 1456 473
f 473 1421 1157
f 1457 1380 1379
f 1380 1458 1381
f 1458 1439 1381
f 1459 1423 1157
f 1461 1064 951
f 1439 1441 1382
f 1460 1426 1423
f 1441 1443 1425
f 1464 1466 1426
f 1466 1427 1426
f 1427 1241 1112
f 1339 1445 1357
f 1408 1470 1361
f 1448 1472 1434
f 1474 1433 1409
f 1478 1255 1221
f 1435 1450 1411
f 1450 1482 1451
f 1413 1330 1018
f 1451 1484 1416
f 1420 1486 1325
f 1416 1484 1437
f 1484 1454 1437
f 1330 1457 1379
f 1457 1458 1380
f 1459 1491 1423
f 1491 1460 1423
f 1466 1503 1427
f 1357 1506 1404
f 1509 1510 1405
f 1509 1340 1341
f 1509 1405 1340
f 1359 1509 1341
f 1470 1431 1361
f 1432 1313 1006
f 1478 1518 1255
f 1518 1364 1255
f 1519 1222 1364
f 1481 1482 1450
f 1482 1523 1483
f 1417 1452 1525
f 1393 1453 1527
f 1483 1484 1451
f 1483 1524 1484
f 1455 1487 1530
f 1489 1457 1330
f 1458 1532 1439
f 1532 1422 1439
f 1439 1422 1441
f 1503 1539 1427
f 1539 1241 1427
f 1064 1541 1336
f 1542 1357 1445
f 1506 1507 1404
f 1510 1445 1405
f 1543 1509 1359
f 1469 1544 1512
f 1470 1545 1431
f 1431 1543 1359
f 1514 1548 1515
f 1514 1515 1473
f 1449 1552 1477
f 1481 1553 1482
f 1553 1523 1482
f 1555 1526 1556
f 1556 1527 1557
f 1557 1527 1558
f 1525 1560 1555
f 1555 1560 1526
f 1526 1527 1556
f 1528 1559 1454
f 1525 1419 1417
f 1421 1459 1157
f 1531 1563 1493
f 1566 1492 1493
f 1440 1441 1422
f 1494 1571 1567
f 1571 1569 1567
f 1440 1443 1441
f 1498 1571 1494
f 1498 1573 1571
f 1573 1572 1571
f 1578 1542 1445
f 1578 1445 1510
f 1580 1509 1543
f 1545 1581 1431
f 1581 1543 1431
f 1172 1583 1176
f 1583 1175 1176
f 1552 1589 1520
f 1519 1590 1222
f 1590 1315 1222
f 1594 1595 1591
f 1595 1596 1591
f 1591 1596 1592
f 1596 1597 1592
f 1599 1555 1594
f 1594 1555 1595
f 1555 1596 1595
f 1596 1556 1597
f 1556 1598 1597
f 1555 1556 1596
f 1556 1557 1598
f 1598 1557 1600
f 1557 1603 1600
f 1603 1601 1600
f 1558 1604 1603
f 1603 1604 1601
f 1599 1525 1555
f 1453 1605 1604
f 1606 1419 1525
f 1605 1530 1607
f 1530 1561 1607
f 1607 1561 1608
f 1561 1609 1608
f 1612 1458 1457
f 1458 1613 1532
f 1562 1564 1563
f 1565 1619 1614
f 1614 1619 1616
f 1619 1620 1616
f 1620 1621 1616
f 1616 1621 1617
f 1563 1566 1493
f 1567 1569 1565
f 1565 1569 1619
f 1619 1622 1620
f 1622 1621 1620
f 1622 1623 1621
f 1565 1494 1567
f 1569 1626 1619
f 1619 1626 1622
f 1623 1627 1624
f 1622 1626 1623
f 1623 1626 1627
f 1626 1630 1627
f 1627 1630 1628
f 1630 1631 1628
f 1631 1632 1628
f 1628 1632 1629
f 1569 1633 1626
f 1630 1635 1631
f 1631 1636 1632
f 1633 1634 1626
f 1626 1634 1630
f 1630 1639 1635
f 1635 1636 1631
f 1568 1570 1534
f 1634 1639 1630
f 1635 1641 1636
f 1636 1641 1640
f 1641 1642 1640
f 1639 1641 1635
f 1644 1641 1639
f 1641 1645 1642
f 1572 1633 1569
f 1634 1643 1639
f 1644 1645 1641
f 1633 1646 1634
f 1634 1647 1643
f 1643 1644 1639
f 1649 1650 1643
f 1643 1650 1644
f 1650 1645 1644
f 1643 1651 1649
f 1647 1652 1643
f 1634 1646 1647
f 1646 1653 1647
f 1653 1652 1647
f 1572 1646 1633
f 1655 1656 1646
f 1656 1657 1646
f 1646 1657 1653
f 1657 1658 1653
f 1658 1652 1653
f 1572 1659 1646
f 1655 1660 1656
f 1573 1659 1572
f 1659 1661 1646
f 1661 1655 1646
f 1575 1659 1573
f 1575 1662 1659
f 1662 1663 1659
f 1659 1663 1661
f 1663 1664 1661
f 1661 1664 1655
f 1667 1428 1444
f 1578 1670 1542
f 1509 1578 1510
f 1672 1671 1581
f 1672 1581 1545
f 1587 1551 1550
f 1551 1588 1552
f 1588 1589 1552
f 1591 1681 1594
f 1589 1678 1593
f 1589 1593 1553
f 1681 1606 1594
f 1594 1606 1599
f 1528 1602 1559
f 1599 1606 1525
f 1604 1605 1688
f 1456 1421 473
f 1612 1613 1458
f 1691 1564 1562
f 1690 1562 1459
f 1621 1623 1696
f 1624 1700 1699
f 1636 1637 1701
f 1651 1707 1649
f 1707 1708 1649
f 1649 1708 1650
f 1707 1711 1708
f 1708 1709 1650
f 1650 1709 1645
f 1710 1651 1643
f 1660 1712 1656
f 1660 1715 1712
f 1656 1712 1657
f 1712 1713 1657
f 1715 1713 1712
f 1715 1716 1713
f 1657 1713 1658
f 1713 1652 1658
f 1714 1660 1655
f 1719 1720 1662
f 1662 1720 1663
f 1720 1664 1663
f 1667 1726 1428
f 1428 1726 1115
f 1542 1728 1357
f 1357 1728 1506
f 1541 1579 1336
f 1669 1670 1578
f 1669 1727 1670
f 1727 1542 1670
f 1580 1730 1509
f 1730 1578 1509
f 1579 1408 1336
f 1671 1580 1581
f 1675 1673 1731
f 1732 1313 1432
f 1676 1675 1731
f 1677 1735 1586
f 1587 1588 1551
f 1588 1736 1589
f 1518 1519 1364
f 1737 1738 1181
f 1737 1181 1315
f 1736 1678 1589
f 1738 1410 1181
f 1740 1681 1591
f 1682 1745 1743
f 1683 1744 1593
f 1681 1747 1606
f 1744 1602 1593
f 1747 1298 1606
f 1606 1298 1419
f 1753 1612 1457
f 1298 1461 951
f 1756 1564 1691
f 1693 1764 1760
f 1760 1764 1761
f 1761 1764 1762
f 1621 1696 1763
f 1618 1759 1625
f 1759 1697 1625
f 1623 1766 1765
f 1697 1698 1625
f 1637 1702 1773
f 1637 1773 1701
f 1711 1709 1708
f 1651 1778 1707
f 1707 1779 1711
f 1782 1780 1710
f 1716 1786 1782
f 1713 1782 1652
f 1660 1783 1715
f 1783 1784 1715
f 1785 1716 1715
f 1787 1717 1654
f 1792 1790 1719
f 1719 1790 1720
f 1790 1791 1720
f 1791 1789 1720
f 1720 1789 1664
f 1721 1792 1662
f 1662 1792 1719
f 1539 1796 1241
f 1798 1667 1444
f 1727 1728 1542
f 1728 1799 1506
f 1799 1507 1506
f 1801 1669 1730
f 1671 1800 1580
f 1800 1730 1580
f 1807 1733 1805
f 1733 1676 1805
f 1808 1588 1587
f 1809 1736 1588
f 1809 1678 1736
f 1740 1811 1681
f 1683 1815 1744
f 1811 1747 1681
f 1612 1611 1613
f 1755 1825 1690
f 1825 1756 1690
f 1690 1756 1691
f 1756 1757 1564
f 1692 1829 1828
f 1760 1831 1829
f 1760 1761 1831
f 1831 1761 1832
f 1761 1762 1832
f 1762 1763 1832
f 1763 1833 1832
f 1763 1696 1834
f 1696 1765 1834
f 1765 1835 1834
f 1765 1766 1835
f 1766 1768 1835
f 1768 1767 1835
f 1771 1837 1769
f 1771 1773 1837
f 1773 1839 1837
f 1773 1774 1839
f 1772 1840 1703
f 1841 1839 1774
f 1841 1843 1839
f 1840 1842 1703
f 1844 1843 1841
f 1842 1777 1703
f 1776 1844 1841
f 1707 1778 1779
f 1779 1776 1711
f 1779 1844 1776
f 1780 1846 1778
f 1846 1847 1778
f 1778 1847 1779
f 1847 1844 1779
f 1848 1846 1780
f 1849 1784 1783
f 1784 1785 1715
f 1785 1786 1716
f 1786 1848 1780
f 1849 1783 1660
f 1784 1849 1785
f 1849 1850 1785
f 1785 1850 1786
f 1850 1848 1786
f 1788 1787 1654
f 1789 1851 1660
f 1660 1851 1849
f 1855 1851 1789
f 1855 1789 1791
f 1852 1790 1792
f 1852 1853 1790
f 1853 1791 1790
f 1853 1854 1791
f 1854 1855 1791
f 1721 1857 1792
f 1796 1725 1241
f 1798 1726 1667
f 1241 1861 843
f 1861 1172 843
f 1863 1308 1115
f 1862 1727 1801
f 1801 1727 1669
f 1672 1800 1671
f 1865 1805 1864
f 1805 1803 1864
f 1807 1805 1865
f 1583 1867 1175
f 1739 1868 1587
f 1868 1808 1587
f 1808 1809 1588
f 1808 1869 1809
f 1809 1813 1678
f 1870 1813 1809
f 1678 1813 1683
f 1813 1815 1683
f 1870 1815 1813
f 1814 1873 1747
f 1814 1747 1811
f 1815 1872 1744
f 1870 1872 1815
f 1489 1753 1457
f 1824 1880 1421
f 1880 1755 1421
f 1612 1881 1611
f 1828 1882 1827
f 1882 1828 1884
f 1828 1888 1884
f 1884 1888 1885
f 1888 1889 1885
f 1889 1890 1885
f 1885 1890 1886
f 1757 1758 1615
f 1828 1829 1888
f 1829 1831 1888
f 1831 1833 1888
f 1888 1833 1889
f 1834 1889 1833
f 1889 1891 1890
f 1834 1835 1889
f 1835 1893 1889
f 1893 1891 1889
f 1891 1894 1892
f 1891 1893 1894
f 1893 1897 1894
f 1894 1897 1895
f 1897 1898 1895
f 1895 1898 1896
f 1893 1767 1897
f 1767 1899 1897
f 1899 1837 1897
f 1900 1898 1897
f 1836 1838 1698
f 1837 1839 1897
f 1900 1903 1901
f 1901 1903 1902
f 1903 1904 1902
f 1838 1840 1772
f 1897 1839 1900
f 1905 1904 1903
f 1839 1905 1900
f 1900 1905 1903
f 1843 1905 1839
f 1905 1907 1904
f 1843 1906 1905
f 1842 1845 1777
f 1906 1908 1905
f 1908 1907 1905
f 1844 1906 1843
f 1844 1847 1906
f 1909 1781 1845
f 1910 1911 1906
f 1911 1912 1906
f 1906 1912 1908
f 1908 1912 1907
f 1848 1847 1846
f 1910 1913 1911
f 1848 1850 1847
f 1850 1906 1847
f 1781 1914 1788
f 1850 1915 1906
f 1915 1916 1906
f 1906 1916 1910
f 1851 1850 1849
f 1917 1918 1850
f 1918 1919 1850
f 1919 1920 1850
f 1850 1920 1915
f 1920 1916 1915
f 1851 1921 1850
f 1921 1917 1850
f 1918 1922 1919
f 1855 1921 1851
f 1917 1925 1918
f 1857 1852 1792
f 1852 1854 1853
f 1852 1857 1854
f 1857 1921 1854
f 1854 1921 1855
f 1921 1926 1917
f 1926 1925 1917
f 1858 1857 1721
f 1858 1927 1857
f 1927 1928 1857
f 1857 1928 1921
f 1921 1928 1926
f 1928 1929 1926
f 1929 1930 1926
f 1926 1930 1925
f 1935 1726 1798
f 1938 1802 1939
f 1941 1864 1938
f 1408 1942 1470
f 1942 1545 1470
f 1941 1865 1864
f 1865 1941 1943
f 1944 1807 1865
f 1946 1866 1944
f 1590 1737 1315
f 1869 1870 1809
f 1950 1873 1814
f 1824 1421 1456
f 1753 1881 1612
f 1958 1826 1825
f 1826 1757 1756
f 1962 1836 1887
f 1887 1836 1830
f 1900 1901 1967
f 1840 1969 1842
f 1969 1845 1842
f 1969 1971 1845
f 1971 1909 1845
f 1911 1972 1912
f 1972 1973 1912
f 1909 1914 1781
f 1919 1975 1920
f 1975 1976 1920
f 1976 1977 1920
f 1920 1977 1916
f 1978 1922 1918
f 1924 1923 1788
f 1858 1979 1927
f 1979 1980 1927
f 1927 1980 1928
f 1928 1980 1929
f 1980 1981 1929
f 1981 1930 1929
f 1727 1937 1728
f 1799 1984 1507
f 1985 1801 1800
f 1989 1943 1941
f 1545 1988 1672
f 1806 1866 1946
f 1739 1990 1868
f 1868 1869 1808
f 1991 1436 1387
f 1993 1870 1869
f 1993 1872 1870
f 891 1995 1456
f 1997 1330 1413
f 2000 1881 1753
f 1880 2001 1825
f 2001 1958 1825
f 1958 2002 1826
f 1757 1959 1883
f 2006 2008 2007
f 2009 2008 2010
f 1959 2005 1887
f 1881 2012 1611
f 1965 2017 2015
f 2015 2017 2016
f 2014 1838 1836
f 1902 2022 2021
f 1902 2021 2019
f 2024 1969 1840
f 1972 2027 1973
f 2027 1972 1913
f 2029 2028 1975
f 1975 2028 1976
f 2028 1977 1976
f 1978 2030 1922
f 2031 2032 1979
f 1979 2032 1980
f 2032 2033 1980
f 1980 2034 1981
f 2034 1930 1981
f 2035 2036 1858
f 1726 1863 1115
f 1984 2041 1505
f 1862 1937 1727
f 1937 1799 1728
f 1986 1985 1800
f 1944 2045 1946
f 1990 2046 1868
f 1868 2046 1869
f 2046 2047 1869
f 2047 2049 1869
f 2049 2051 1869
f 2051 1993 1869
f 1993 2052 1872
f 2055 2001 1880
f 2057 2004 2058
f 2000 2062 1881
f 2004 2059 2058
f 2007 2061 2060
f 2005 1962 1887
f 1962 2063 1836
f 2063 2014 1836
f 2013 1965 2064
f 1965 2065 2064
f 1965 2015 2065
f 2065 2015 2066
f 2015 2016 2066
f 2016 2067 2066
f 2018 2019 2068
f 2019 2070 2068
f 2019 2021 2070
f 2014 2020 1838
f 2024 2073 1969
f 2074 2072 2071
f 2073 2075 1969
f 2075 1971 1969
f 2075 2077 1971
f 1971 2077 1909
f 2027 2079 2078
f 2077 2080 1909
f 2028 2079 1977
f 2028 2083 2079
f 2085 2082 2029
f 2029 2082 2028
f 2082 2083 2028
f 2030 2084 1922
f 2089 2086 2033
f 2086 1980 2033
f 2034 2030 1930
f 2036 2087 2031
f 2031 2087 2032
f 2087 2088 2032
f 2088 2089 2032
f 2089 2033 2032
f 2035 2091 2036
f 2040 1935 1798
f 2095 1579 1541
f 1985 1862 1801
f 1579 2102 1408
f 2102 1942 1408
f 1942 2103 1545
f 2103 1988 1545
f 1313 2105 1008
f 1739 2111 1990
f 2051 2052 1993
f 2052 2114 1872
f 1997 1489 1330
f 1824 2055 1880
f 1958 2056 2002
f 2057 2058 2003
f 2003 2058 2118
f 2058 2123 2118
f 2118 2123 2119
f 2123 2120 2119
f 2117 2121 2002
f 2002 2121 1959
f 2058 2124 2123
f 2124 2009 2123
f 2009 2125 2123
f 2123 2125 2120
f 1959 2121 2005
f 2122 1962 2005
f 2064 2069 2128
f 2128 2069 2129
f 2129 2069 2130
f 2069 2131 2130
f 2062 2133 1881
f 1881 2133 2012
f 2067 2068 2069
f 2069 2070 2131
f 2070 2021 2135
f 2021 2137 2136
f 2137 2138 2136
f 2137 2139 2138
f 2140 2139 2137
f 2074 2141 2140
f 2140 2141 2139
f 2074 2142 2141
f 1973 2143 2026
f 2079 2144 2078
f 2083 2145 2079
f 2083 2146 2145
f 2145 2144 2079
f 2147 2148 2083
f 2148 2146 2083
f 2080 2149 1914
f 2084 2147 2085
f 2085 2147 2082
f 2147 2083 2082
f 2149 1924 1914
f 2084 2150 2147
f 2150 2151 2147
f 2151 2152 2147
f 2147 2152 2148
f 2154 2086 2089
f 2091 2087 2036
f 2091 2155 2087
f 2087 2089 2088
f 2087 2155 2089
f 2155 2156 2089
f 2089 2156 2154
f 2035 2157 2091
f 2157 2158 2091
f 2091 2158 2155
f 2158 2156 2155
f 1935 2163 1726
f 2096 1937 1862
f 1863 2167 1308
f 1308 2167 1312
f 2167 1432 1312
f 2169 2170 2106
f 2111 2046 1990
f 2174 891 1410
f 2046 2175 2047
f 2176 1747 1873
f 2175 2177 2047
f 2047 2177 2049
f 2177 2178 2049
f 2049 2178 2051
f 2051 2178 2052
f 2178 2114 2052
f 2055 2182 2001
f 2182 2056 2001
f 2056 2117 2002
f 2117 2184 2121
f 2126 2191 2190
f 2133 2134 2012
f 2014 2197 2020
f 1461 2081 1064
f 2075 2204 2077
f 2145 2206 2144
f 2148 2207 2146
f 2086 2208 1980
f 1980 2209 2034
f 2034 2209 2030
f 2030 2209 2150
f 2209 2210 2150
f 2150 2210 2151
f 2210 2152 2151
f 2157 2160 2158
f 2160 2218 2158
f 2218 2219 2158
f 2158 2219 2156
f 1064 2162 1541
f 2223 2163 2040
f 2163 1935 2040
f 2224 2225 2096
f 2096 2225 1937
f 2225 1799 1937
f 2225 1984 1799
f 2226 1985 1986
f 2227 2226 1986
f 2237 1518 1478
f 1518 2238 1519
f 1519 2238 1590
f 2239 2173 1554
f 2111 2240 2046
f 2240 2175 2046
f 2177 2243 2178
f 2243 2244 2178
f 2178 2244 2114
f 1747 2246 1298
f 2056 2249 2117
f 2249 2184 2117
f 1489 2252 2000
f 2184 2122 2121
f 2250 2251 2122
f 2122 2251 1962
f 2251 2063 1962
f 2258 2197 2014
f 2259 2073 2024
f 2203 2262 2141
f 2142 2263 2203
f 2264 2263 2076
f 2146 2206 2145
f 2266 2208 2086
f 2208 2209 1980
f 2267 2152 2210
f 2211 2153 2149
f 2215 2212 2154
f 2268 2269 2160
f 2160 2269 2218
f 1726 2163 1863
f 2272 2096 1985
f 2272 2224 2096
f 2274 2105 1313
f 2229 2276 2231
f 2229 2231 2228
f 1432 2275 1732
f 1732 2275 1313
f 2279 2280 2240
f 2280 2175 2240
f 2280 2281 2175
f 2176 2179 1747
f 2281 2177 2175
f 2281 2283 2177
f 2283 2243 2177
f 2284 1997 1413
f 2244 2245 2114
f 2116 2247 2055
f 2116 2055 1824
f 2247 2248 2055
f 2248 2287 2182
f 2249 2289 2184
f 2289 2250 2184
f 2188 2253 2292
f 2293 2254 2294
f 2254 2255 2294
f 2256 2296 2295
f 2000 2252 2062
f 2251 2195 2063
f 2195 2258 2014
f 2133 2297 2134
f 2197 2299 2020
f 2299 2024 2020
f 2299 2259 2024
f 2259 2075 2073
f 2259 2265 2075
f 2204 2301 2080
f 2146 2302 2206
f 2301 2149 2080
f 2207 2303 2146
f 2303 2302 2146
f 2267 2207 2152
f 2211 2213 2153
f 2304 2212 2215
f 2268 2309 2269
f 2309 2307 2269
f 2269 2307 2218
f 2218 2307 2219
f 2162 2095 1541
f 2271 2310 2041
f 2312 2313 2224
f 2224 2313 2225
f 2313 2311 2225
f 2311 2271 2225
f 2272 1985 2226
f 2227 2272 2226
f 2227 2315 2272
f 2314 2315 2227
f 2103 2314 1988
f 2167 2317 1432
f 2317 2318 1432
f 2318 2275 1432
f 2325 2243 2283
f 2325 2326 2243
f 2326 2244 2243
f 2326 2245 2244
f 2287 2249 2182
f 2287 2288 2249
f 2293 2334 2331
f 2334 2335 2331
f 2331 2335 2332
f 2335 2333 2332
f 2294 2336 2334
f 2334 2336 2335
f 2336 2296 2335
f 2296 2333 2335
f 2296 2337 2333
f 2062 2252 2133
f 2299 2341 2259
f 2341 2265 2259
f 2265 2343 2204
f 2302 2344 2300
f 2303 2345 2302
f 2346 2211 2149
f 2209 2347 2210
f 2347 2267 2210
f 2267 2303 2207
f 2304 2266 2212
f 1064 2081 2162
f 2160 2349 2268
f 2352 2163 2223
f 2310 1936 2041
f 2311 2310 2271
f 2355 2312 2224
f 2272 2355 2224
f 2095 2357 1579
f 2357 2102 1579
f 1863 2359 2167
f 2359 2317 2167
f 2363 2317 2359
f 2318 2360 2275
f 2360 2274 2275
f 2363 2364 2317
f 2317 2364 2318
f 2364 2360 2318
f 2363 2365 2364
f 2365 2366 2364
f 2364 2366 2360
f 1738 2174 1410
f 2323 2280 2279
f 2280 2324 2281
f 1436 2284 1413
f 2324 2283 2281
f 1456 2116 1824
f 2116 2374 2247
f 2374 2248 2247
f 2248 2375 2287
f 2376 2287 2375
f 2384 2197 2258
f 2197 2384 2299
f 2264 2386 2342
f 2266 2390 2208
f 2347 2391 2267
f 2267 2391 2303
f 2391 2392 2303
f 2303 2392 2345
f 2394 2213 2211
f 2348 2349 2160
f 2268 2398 2309
f 2400 2222 2350
f 2401 2353 2312
f 2355 2402 2312
f 2356 2355 2272
f 2403 2315 2314
f 1863 2407 2359
f 2102 2405 1942
f 2405 2103 1942
f 2406 2408 2404
f 2408 2358 2404
f 2361 2408 2406
f 2359 2407 2363
f 2409 2361 2406
f 2407 2411 2363
f 2411 2414 2363
f 2363 2414 2365
f 2367 2409 2413
f 2367 2319 2409
f 2414 2415 2365
f 2365 2415 2366
f 2323 2419 2324
f 2048 2282 2420
f 2370 2283 2324
f 2283 2422 2325
f 2422 2326 2325
f 2422 2245 2326
f 2423 2375 2248
f 2288 2377 2289
f 2377 2424 2289
f 2424 2250 2289
f 2424 2378 2250
f 2250 2378 2251
f 2378 2382 2251
f 2251 2382 2195
f 2252 2427 2133
f 2393 2436 2304
f 2436 2266 2304
f 2349 2398 2268
f 1725 2437 1241
f 2352 2439 2163
f 2440 2310 2354
f 2442 2401 2312
f 2402 2442 2312
f 2444 2443 2355
f 2443 2402 2355
f 2449 2446 2445
f 2404 2447 2446
f 2448 2450 2445
f 2450 2449 2445
f 2449 2404 2446
f 2450 2406 2449
f 2452 2409 2448
f 2409 2450 2448
f 2409 2406 2450
f 2360 2453 2274
f 2413 2409 2452
f 2455 2416 2322
f 2237 2456 1518
f 2456 2417 1518
f 2418 2419 2323
f 2048 2420 2459
f 2421 2464 2461
f 2370 2460 2422
f 2179 2246 1747
f 2460 2245 2422
f 2460 2462 2245
f 2374 2468 2248
f 2468 2423 2248
f 2376 2469 2287
f 2287 2469 2288
f 1298 2433 1461
f 2341 2482 2265
f 2388 2483 2387
f 2343 2346 2301
f 2489 2393 2395
f 2348 2492 2349
f 2492 2493 2349
f 2349 2493 2398
f 2437 1861 1241
f 2442 2497 2401
f 2497 2498 2401
f 2401 2498 2353
f 2498 2440 2354
f 2498 2354 2353
f 2443 2499 2402
f 2402 2499 2442
f 2356 2444 2355
f 2445 2501 2500
f 2448 2445 2504
f 2504 2445 2500
f 2403 2503 2315
f 2505 2448 2504
f 2506 2452 2505
f 2452 2448 2505
f 2454 2453 2360
f 2454 2508 2453
f 2452 2412 2413
f 2415 2454 2366
f 2455 2510 2416
f 2511 2457 2416
f 2512 2516 2513
f 2516 2514 2513
f 2512 2459 2516
f 2459 2420 2516
f 2516 2420 2514
f 2459 2176 2048
f 2421 2461 2521
f 2457 2460 2370
f 2457 2520 2460
f 2461 2464 2521
f 2464 2465 2522
f 2523 2116 1456
f 2116 2468 2374
f 2525 2288 2469
f 2535 2536 2430
f 2430 2536 2480
f 2536 2481 2480
f 2436 2484 2266
f 2484 2390 2266
f 2209 2485 2347
f 2486 2436 2393
f 2487 2541 2488
f 2438 2439 2352
f 2548 2442 2499
f 2550 2500 2551
f 2553 2357 2095
f 2508 2555 2453
f 2454 2555 2508
f 2561 2564 2512
f 2564 2567 2512
f 2512 2567 2459
f 1995 891 2174
f 2459 2567 2176
f 2176 2567 2179
f 2567 2246 2179
f 2523 1456 1995
f 2373 2252 1489
f 2572 2468 2116
f 2423 2524 2375
f 2375 2524 2376
f 2524 2573 2376
f 2573 2469 2376
f 2525 2574 2288
f 2288 2574 2377
f 2575 2528 2473
f 2581 2258 2195
f 2583 2537 2536
f 2585 2538 2483
f 2586 2585 2388
f 2208 2390 2209
f 2390 2485 2209
f 2589 2392 2391
f 2540 2588 2541
f 2588 2542 2541
f 2542 2484 2486
f 2486 2484 2436
f 2496 2595 2594
f 2494 2591 2595
f 2439 2547 2163
f 2597 2441 2440
f 2498 2597 2440
f 2356 2601 2444
f 2602 2601 2356
f 2602 2356 2503
f 2403 2602 2503
f 2357 2605 2102
f 2605 2405 2102
f 2415 2608 2454
f 2454 2608 2555
f 2608 2609 2555
f 2455 2610 2510
f 2510 2557 2511
f 2557 2559 2511
f 2417 2238 1518
f 2612 1590 2238
f 2612 1737 1590
f 2613 2564 2561
f 2560 2566 2515
f 2564 2620 2567
f 2566 2618 2520
f 2618 2462 2520
f 2618 2463 2462
f 2620 2246 2567
f 2523 2572 2116
f 2573 2626 2469
f 2626 2525 2469
f 2377 2574 2424
f 2572 2627 2468
f 2627 2423 2468
f 2529 2195 2382
f 2529 2581 2195
f 2636 2384 2258
f 2252 2535 2427
f 2535 2583 2536
f 2265 2637 2343
f 2587 2638 2588
f 2588 2638 2484
f 2638 2390 2484
f 2639 2590 2346
f 2597 2643 2441
f 2497 2598 2498
f 2598 2597 2498
f 2547 1863 2163
f 2611 2652 2610
f 2610 2652 2510
f 2652 2557 2510
f 2557 2654 2559
f 2612 2655 1737
f 2654 2615 2559
f 2613 2657 2564
f 2559 2615 2560
f 1991 2661 1436
f 2615 2660 2560
f 2560 2660 2566
f 2661 2284 1436
f 2660 2618 2566
f 2665 2666 2618
f 2657 2620 2564
f 2423 2670 2628
f 2628 2524 2423
f 2671 2630 2575
f 2678 2382 2378
f 2678 2529 2382
f 2630 2679 2528
f 2528 2679 2579
f 1461 2433 2081
f 2688 2537 2583
f 2688 2690 2537
f 2482 2637 2265
f 2343 2637 2346
f 2389 2701 2344
f 2587 2702 2638
f 2638 2702 2390
f 2702 2703 2390
f 2390 2703 2485
f 2703 2700 2485
f 2700 2347 2485
f 2347 2589 2391
f 2709 2643 2597
f 2599 2598 2497
f 2598 2709 2597
f 2644 2599 2548
f 2444 2710 2443
f 2405 2715 2103
f 2715 2314 2103
f 2652 2653 2557
f 2557 2653 2654
f 2653 2719 2654
f 2654 2660 2615
f 2659 2721 2658
f 2660 2665 2618
f 2721 2723 2620
f 2721 2620 2657
f 2628 2726 2524
f 2726 2573 2524
f 2627 2670 2423
f 2627 2730 2670
f 2728 2677 2673
f 2581 2636 2258
f 2745 2741 2692
f 2692 2741 2693
f 2741 2746 2693
f 2746 2750 2693
f 2750 2694 2693
f 2752 2753 2585
f 2585 2753 2538
f 2696 2699 2698
f 2637 2759 2346
f 2700 2758 2347
f 2760 2763 2594
f 2705 2706 2762
f 2763 2437 2594
f 2081 2596 2162
f 2438 2767 2439
f 2768 2444 2601
f 2553 2605 2357
f 2605 2773 2405
f 2773 2715 2405
f 1172 2776 1583
f 2774 2606 2716
f 2776 1867 1583
f 2774 2717 2606
f 2414 2777 2415
f 2777 2608 2415
f 2608 2778 2609
f 2611 2558 2652
f 2558 2781 2652
f 2781 2653 2652
f 2782 2719 2653
f 2654 2719 2660
f 2719 2665 2660
f 2793 2574 2525
f 2726 2794 2573
f 2794 2626 2573
f 2727 2795 2628
f 2795 2726 2628
f 2572 2796 2627
f 2798 2796 2572
f 2796 2730 2627
f 2670 2727 2628
f 2730 2727 2670
f 2802 2581 2529
f 2583 2808 2688
f 2743 2810 2746
f 2810 2747 2746
f 2814 2751 2749
f 2815 2752 2585
f 2754 2816 2755
f 2817 2818 2700
f 2818 2758 2700
f 2820 2701 2389
f 2760 2822 2821
f 2758 2824 2347
f 2760 2642 2822
f 2642 2704 2822
f 2704 2761 2822
f 2545 2767 2438
f 2596 2095 2162
f 2826 2598 2599
f 2826 2827 2598
f 2830 2827 2826
f 2827 2709 2598
f 2827 2828 2709
f 2828 2643 2709
f 2829 2826 2644
f 2826 2599 2644
f 2710 2829 2644
f 2602 2831 2601
f 2769 2771 2646
f 2715 2838 2314
f 1861 2776 1172
f 2781 2782 2653
f 2784 2844 2721
f 2782 2846 2719
f 2846 2665 2719
f 2846 2666 2665
f 2791 2373 1997
f 1997 2373 1489
f 2626 2792 2525
f 2795 2794 2726
f 2727 2850 2795
f 2853 2727 2730
f 2796 2798 2730
f 2798 2853 2730
f 2854 2803 2800
f 2688 2808 2690
f 2808 2859 2690
f 2809 2810 2742
f 2811 2812 2748
f 2813 2861 2749
f 2861 2814 2749
f 2814 2863 2751
f 2863 2864 2751
f 2751 2864 2754
f 2867 2759 2637
f 2822 2865 2821
f 2823 2866 2865
f 2818 2869 2758
f 2822 2823 2865
f 2762 2868 2866
f 2824 2589 2347
f 2589 2870 2392
f 2828 2872 2643
f 2768 2829 2710
f 2768 2873 2829
f 2444 2768 2710
f 2831 2874 2768
f 2838 2831 2602
f 2838 2602 2649
f 2880 2612 2238
f 2881 2882 2782
f 2882 2884 2782
f 2884 2846 2782
f 2884 2885 2846
f 2846 2886 2666
f 2523 2849 2572
f 2889 2890 2626
f 2889 2626 2794
f 2890 2792 2626
f 2847 2852 2729
f 2850 2794 2795
f 2850 2894 2794
f 2678 2802 2529
f 2896 2894 2850
f 2572 2898 2798
f 2853 2900 2727
f 2727 2900 2850
f 2900 2896 2850
f 2798 2899 2853
f 2899 2900 2853
f 2854 2903 2803
f 2798 2906 2899
f 2898 2906 2798
f 2903 2807 2803
f 2252 2858 2535
f 2858 2583 2535
f 2583 2858 2808
f 2926 2859 2808
f 2930 2931 2809
f 2809 2931 2860
f 2931 2813 2860
f 2860 2813 2812
f 2859 2932 2862
f 2861 2863 2814
f 2863 2938 2864
f 2864 2938 2816
f 2938 2817 2816
f 2821 2865 2934
f 2934 2865 2937
f 2865 2866 2937
f 2817 2941 2818
f 2756 2815 2586
f 2821 2763 2760
f 2941 2869 2818
f 2866 2868 2940
f 2869 2944 2758
f 2758 2944 2824
f 2944 2945 2824
f 2945 2589 2824
f 2767 2547 2439
f 2830 2949 2827
f 2950 2949 2830
f 2949 2828 2827
f 2949 2872 2828
f 2873 2826 2829
f 2873 2830 2826
f 2873 2950 2830
f 2768 2951 2873
f 2874 2951 2768
f 2874 2952 2951
f 2953 2952 2874
f 2838 2953 2874
f 2956 2843 2875
f 2958 2781 2558
f 2958 2959 2781
f 2959 2881 2781
f 2781 2881 2782
f 2885 2961 2846
f 2961 2886 2846
f 2792 2793 2525
f 2373 2858 2252
f 2894 2889 2794
f 2963 2889 2894
f 2896 2963 2894
f 2965 2905 2902
f 2966 2967 2899
f 2899 2967 2900
f 2900 2967 2896
f 2906 2966 2899
f 2968 2906 2898
f 2908 2970 2921
f 2858 2926 2808
f 2970 2929 2921
f 2859 2926 2932
f 2933 2934 2976
f 2934 2978 2976
f 2821 2934 2933
f 2934 2937 2978
f 2937 2940 2978
f 2936 2939 2817
f 2979 2763 2821
f 2979 2821 2933
f 2868 2983 2982
f 2868 2871 2983
f 2942 2985 2944
f 2932 2946 2943
f 2987 2437 2763
f 2981 2947 2946
f 2948 2767 2545
f 2949 2993 2872
f 2951 2994 2873
f 2994 2950 2873
f 2952 2995 2951
f 2553 2996 2605
f 2996 2773 2605
f 2773 2997 2715
f 2715 2997 2838
f 2997 2953 2838
f 2955 2411 2407
f 2778 3001 2609
f 2959 3006 2881
f 3006 2882 2881
f 2882 3006 2884
f 3006 3008 2884
f 3008 2885 2884
f 3008 3009 2885
f 3009 2961 2885
f 3012 3013 2891
f 3014 2890 2889
f 3013 2851 2852
f 2963 3014 2889
f 2849 2898 2572
f 2896 3016 2963
f 3015 2965 2897
f 2965 3019 2905
f 2967 3018 2896
f 2896 3018 3016
f 2966 3020 2967
f 2967 3020 3018
f 2966 3021 3020
f 3020 3022 3018
f 2968 3021 2906
f 3021 2966 2906
f 3023 3022 3020
f 3021 3023 3020
f 3025 3021 2968
f 3024 3025 2968
f 3025 3023 3021
f 2922 2341 2299
f 3027 3025 3024
f 3027 3028 3025
f 3026 2973 2969
f 2974 3027 3024
f 3027 2974 3028
f 3030 3029 3028
f 3029 3030 3031
f 2974 3030 3028
f 3030 3032 3031
f 2976 3030 2974
f 2978 3032 3030
f 3033 2482 2341
f 2976 2978 3030
f 2978 3034 3032
f 2974 2979 2933
f 2978 3035 3034
f 2940 3035 2978
f 3035 2940 3036
f 2482 2867 2637
f 2926 3039 2981
f 2982 2983 3037
f 2939 3038 2941
f 3038 2984 2941
f 2871 3040 2983
f 2984 2985 2942
f 2985 2945 2944
f 3041 2987 2763
f 2981 3043 2947
f 2081 2819 2596
f 2947 3043 2991
f 3045 3046 2993
f 3044 3045 2950
f 2950 3045 2949
f 2949 3045 2993
f 3047 3048 2951
f 2951 3048 2994
f 2547 3050 1863
f 3050 2955 1863
f 1863 2955 2407
f 2996 3051 2773
f 3051 2997 2773
f 2997 3052 2953
f 2953 3052 2952
f 3052 2995 2952
f 3054 2998 3055
f 2777 2778 2608
f 3059 3002 3000
f 1737 3062 1738
f 3062 2174 1738
f 2958 3063 2959
f 3063 3064 2959
f 3064 3006 2959
f 3065 3067 2723
f 2723 3067 2620
f 3067 2246 2620
f 3006 3069 3008
f 2961 3070 2886
f 3071 2792 2890
f 3072 3071 2890
f 3015 3074 2965
f 2963 3075 3014
f 2965 3074 3019
f 2849 3076 2898
f 3016 3075 2963
f 3077 3075 3016
f 3019 2969 2905
f 2898 3076 2968
f 3022 3077 3018
f 3018 3077 3016
f 3019 3026 2969
f 3076 3024 2968
f 3078 3022 3023
f 3022 3079 3077
f 3079 3080 3077
f 2922 2299 2384
f 3078 3079 3022
f 3029 3023 3025
f 3029 3078 3023
f 3078 3031 3079
f 3029 3031 3078
f 3081 3080 3079
f 3028 3029 3025
f 3031 3081 3079
f 3081 3083 3080
f 3031 3034 3081
f 3024 2979 2974
f 3032 3034 3031
f 3081 3034 3083
f 3026 3082 2973
f 3034 3084 3083
f 2973 3082 2936
f 3035 3084 3034
f 3035 3036 3084
f 3036 3086 3084
f 2858 3039 2926
f 3082 2939 2936
f 3036 2982 3086
f 3082 3087 2939
f 3087 3089 2939
f 2939 3089 3038
f 3089 2984 3038
f 3041 2763 2979
f 2984 3042 2985
f 3092 2948 2991
f 2596 2553 2095
f 3044 3094 3045
f 3048 3044 2994
f 3096 3053 3055
f 2997 3097 3052
f 3052 3098 2995
f 3056 3096 3099
f 3056 3053 3096
f 3100 3057 3099
f 3057 3056 3099
f 3101 3057 3100
f 3057 3059 3000
f 3101 3059 3057
f 3060 3059 3101
f 2173 2456 2237
f 3064 3103 3006
f 3103 3069 3006
f 3069 3009 3008
f 3009 3070 2961
f 3071 2793 2792
f 3107 3012 2892
f 3109 3072 2890
f 3073 3110 2964
f 3109 2890 3014
f 3015 3111 3074
f 3075 3109 3014
f 3074 3111 3019
f 3111 3112 3019
f 3114 3109 3075
f 3112 3115 3019
f 3113 2384 2636
f 3115 3026 3019
f 3077 3114 3075
f 3041 3024 3076
f 3080 3114 3077
f 3083 3114 3080
f 3083 3085 3114
f 3041 2979 3024
f 3086 3117 3085
f 2433 2819 2081
f 3118 3087 3082
f 3089 3122 2984
f 3122 3090 2984
f 3123 2753 2815
f 2815 2753 2752
f 3090 3042 2984
f 3123 2815 2756
f 2945 3125 2589
f 2981 3039 3043
f 3092 2547 2767
f 3095 3048 3047
f 3096 3055 3130
f 3055 3134 3130
f 3133 3099 3096
f 3051 3097 2997
f 3131 3132 3097
f 3097 3132 3052
f 3132 3098 3052
f 3135 3099 3133
f 3136 3100 3135
f 3101 3100 3136
f 3137 3101 3136
f 2417 2880 2238
f 3139 3064 3063
f 3142 3069 3103
f 3142 3105 3069
f 3105 3070 3009
f 3071 3145 2793
f 3072 3146 3071
f 3147 3108 3012
f 3148 3072 3109
f 3109 3150 3148
f 3115 3152 3026
f 3114 3085 3151
f 3085 3153 3151
f 3026 3152 3082
f 3152 3118 3082
f 3154 3120 3118
f 3117 3157 3156
f 3037 3157 3117
f 3042 3158 2985
f 3158 2945 2985
f 3125 3126 2589
f 2639 3159 2590
f 3043 3039 3092
f 3092 3039 2547
f 3096 3130 3161
f 3131 3129 3132
f 3162 3131 3097
f 2411 3166 2414
f 3166 2777 2414
f 2777 3167 2778
f 3138 3139 3063
f 3139 3140 3064
f 3140 3103 3064
f 3140 3169 3103
f 3010 3171 3068
f 3170 3105 3142
f 3073 3176 3110
f 3110 3176 3111
f 3177 3112 3111
f 3153 3156 3179
f 3152 3180 3118
f 3180 3154 3118
f 3182 3090 3120
f 3033 2867 2482
f 3183 3042 3090
f 3040 3124 3157
f 3184 3158 3042
f 3158 3125 2945
f 2819 3186 2596
f 3127 2546 2992
f 2596 3128 2553
f 3188 3094 3044
f 3094 3046 3045
f 3163 3164 3136
f 3168 3140 3139
f 3140 3194 3169
f 3066 3104 3196
f 3195 3170 3169
f 3169 3170 3142
f 3170 3172 3105
f 3198 3173 3199
f 1298 3203 2433
f 3210 3115 3112
f 3151 3179 3178
f 3211 3033 2341
f 3180 3212 3154
f 3212 3155 3154
f 3155 3182 3120
f 3182 3183 3090
f 3039 3214 2547
f 3189 3048 3095
f 3162 3189 3131
f 3218 3163 3191
f 3219 3162 3097
f 2776 3223 1867
f 3166 3222 2777
f 3194 3225 3195
f 3225 3226 3195
f 3230 3066 3229
f 3230 3229 3228
f 3066 3196 3229
f 3230 3067 3065
f 3197 3198 3233
f 3172 3232 3070
f 2284 2791 1997
f 3143 2523 1995
f 2246 3203 1298
f 3237 2574 2793
f 3146 3145 3071
f 3107 3238 3012
f 2373 3116 2858
f 3210 3242 3115
f 3150 3244 3240
f 3115 3242 3152
f 3242 3248 3152
f 3152 3248 3180
f 3248 3212 3180
f 3155 3212 3182
f 3251 3181 3123
f 3253 3254 3183
f 3183 3254 3184
f 3184 3254 3158
f 3254 3257 3158
f 3158 3257 3125
f 3257 3256 3125
f 3256 3126 3125
f 3186 3128 2596
f 2987 1861 2437
f 3187 3046 3094
f 3189 3261 3048
f 3261 3188 3048
f 3217 3189 3162
f 3219 3263 3162
f 3265 3221 3164
f 3222 3167 2777
f 3168 3224 3194
f 3224 3225 3194
f 3228 3271 3269
f 3269 3271 3270
f 3271 3272 3270
f 3228 3229 3271
f 3229 3272 3271
f 3226 3227 3195
f 3229 3275 3272
f 3274 3231 3227
f 3227 3231 3170
f 3231 3232 3172
f 3278 3067 3230
f 3198 3279 3233
f 3199 3280 3279
f 2523 3281 2849
f 3241 3284 3243
f 3284 3249 3243
f 3250 3182 3212
f 3289 3183 3182
f 3289 3290 3183
f 3290 3253 3183
f 3255 3291 3256
f 3291 3126 3256
f 3259 3260 3188
f 3188 3260 3094
f 3260 3187 3094
f 3193 3224 3168
f 2612 3299 2655
f 3299 3300 2655
f 3300 1737 2655
f 3269 3303 3228
f 3303 3278 3228
f 3228 3278 3230
f 3231 3276 3232
f 2791 3202 2373
f 3282 3145 3146
f 3312 3282 3146
f 3147 3314 3108
f 3315 3208 3073
f 3283 3241 3176
f 3283 3284 3241
f 3156 3288 3286
f 3250 3289 3182
f 3260 3324 3187
f 3293 3261 3189
f 2955 3166 2411
f 3193 3298 3224
f 3298 3329 3227
f 3300 3062 1737
f 3330 3303 3269
f 3329 3273 3227
f 3333 3231 3274
f 3303 3337 3278
f 3333 3335 3231
f 3231 3335 3276
f 3335 3336 3276
f 3278 3337 3067
f 2849 3281 3076
f 3344 3284 3283
f 3284 3344 3285
f 3286 3346 3317
f 3344 3345 3285
f 3345 3250 3285
f 3345 3289 3250
f 3348 2987 3041
f 3349 3351 3290
f 3351 3321 3255
f 3351 3255 3290
f 3352 2759 2867
f 3185 3353 3322
f 3187 3258 3127
f 3293 3354 3261
f 3051 3219 3097
f 3167 3001 2778
f 3358 3360 3297
f 3328 3361 3268
f 3361 3298 3268
f 3361 3362 3298
f 3362 3364 3298
f 3365 2880 2417
f 2880 3366 2612
f 3366 3299 2612
f 3364 3329 3298
f 3330 3370 3303
f 3329 3332 3273
f 3369 2661 1991
f 3273 3332 3274
f 3370 3373 3303
f 3332 3333 3274
f 3373 3337 3303
f 3337 2246 3067
f 3380 3379 3145
f 3380 3145 3282
f 3205 2581 2802
f 3348 3041 3076
f 3113 2922 2384
f 2922 3211 2341
f 3214 3050 2547
f 3386 3258 3187
f 3387 3259 3188
f 3259 3324 3260
f 3388 3354 3293
f 3261 3354 3188
f 3389 3356 3294
f 3128 3391 2553
f 2553 3391 2996
f 3391 3051 2996
f 3397 3364 3362
f 3398 2456 2173
f 3399 3332 3364
f 3364 3332 3329
f 3371 3373 3370
f 3373 3402 3337
f 3400 3333 3332
f 3400 3404 3333
f 3402 3405 3337
f 3404 3335 3333
f 3337 3405 2246
f 3406 3407 3335
f 3335 3407 3336
f 3143 3281 2523
f 3145 3237 2793
f 2574 3411 2424
f 3411 2378 2424
f 3411 2678 2378
f 3238 3412 3147
f 3414 3312 3341
f 3281 3348 3076
f 3415 3345 3344
f 3417 3321 3351
f 3421 3386 3324
f 3324 3386 3187
f 3263 3293 3217
f 3391 3425 3051
f 3051 3425 3219
f 3396 3361 3328
f 3361 3396 3362
f 3396 3397 3362
f 3398 2417 2456
f 3397 3399 3364
f 3432 3402 3373
f 2174 3143 1995
f 3404 3406 3335
f 3237 3438 2574
f 3438 3411 2574
f 3439 3380 3282
f 3205 3440 2581
f 3283 3415 3344
f 3116 3039 2858
f 3349 3443 3351
f 3443 3417 3351
f 3385 3214 3039
f 3387 3421 3259
f 3259 3421 3324
f 3388 3444 3354
f 3354 3444 3387
f 3445 3388 3293
f 2987 2776 1861
f 3263 3445 3293
f 3425 3446 3219
f 3446 3447 3219
f 3223 3359 1867
f 3363 3453 3396
f 3396 3453 3397
f 3399 3400 3332
f 3456 3404 3400
f 3456 3457 3404
f 3457 3406 3404
f 3457 3460 3406
f 3460 3461 3406
f 3406 3461 3407
f 2678 3205 2802
f 3383 3463 3341
f 3440 3113 2636
f 3440 2636 2581
f 3319 3466 3119
f 3464 3384 3468
f 3469 3290 3289
f 3291 3472 3126
f 3475 3386 3421
f 3445 3476 3388
f 3447 3263 3219
f 3477 3446 3425
f 3449 3478 3450
f 3452 3483 3431
f 3452 3431 3429
f 3454 3453 3363
f 3453 3399 3397
f 3453 3485 3399
f 3485 3456 3399
f 3399 3456 3400
f 3486 3457 3456
f 3461 3458 3407
f 3203 3491 2433
f 3492 3438 3237
f 3208 3494 3283
f 3352 3471 2759
f 2759 3471 2639
f 3499 3500 3387
f 3500 3501 3387
f 3387 3501 3421
f 3501 3498 3421
f 3498 3475 3421
f 3499 3387 3444
f 3476 3444 3388
f 3447 3445 3263
f 3477 3447 3446
f 3508 3485 3453
f 2661 3509 2284
f 3509 3510 2284
f 3379 3513 3145
f 3513 3237 3145
f 3415 3465 3345
f 3116 3385 3039
f 3033 3517 2867
f 3472 2589 3126
f 3498 3518 3475
f 3444 3502 3499
f 3520 3444 3476
f 3520 3502 3444
f 3447 3521 3445
f 3445 3521 3476
f 3524 3504 3522
f 3454 3508 3453
f 3508 3528 3485
f 3485 3528 3456
f 3528 3529 3456
f 3529 3486 3456
f 3529 3531 3486
f 3486 3531 3457
f 3533 3460 3457
f 3460 3534 3461
f 3534 3458 3461
f 3202 3116 2373
f 3411 3536 2678
f 3465 3289 3345
f 3539 3320 3251
f 3251 3320 3181
f 3498 3541 3518
f 3499 3542 3500
f 3500 3542 3519
f 3520 3543 3502
f 3545 3521 3447
f 3521 3544 3476
f 3522 3523 3547
f 3545 3447 3477
f 3546 3524 3522
f 3525 3524 3548
f 3548 3524 3546
f 3549 3526 3548
f 3526 3525 3548
f 3527 3526 3549
f 3552 3553 3454
f 3454 3553 3508
f 3369 3509 2661
f 3553 3528 3508
f 3554 3529 3528
f 3555 3405 3402
f 3531 3533 3457
f 3533 3534 3460
f 3412 3558 3314
f 3314 3558 3149
f 2922 3516 3211
f 3465 3469 3289
f 3542 3562 3519
f 3562 3541 3519
f 3519 3541 3498
f 3564 3563 3499
f 3499 3563 3542
f 3565 3564 3502
f 3564 3499 3502
f 3543 3565 3502
f 3569 3570 3520
f 3569 3520 3544
f 3571 3546 3566
f 3546 3567 3566
f 3546 3547 3567
f 3547 3568 3567
f 3547 3523 3568
f 3572 3546 3571
f 3503 3545 3477
f 3548 3546 3572
f 3573 3549 3572
f 3549 3548 3572
f 3222 3574 3167
f 3507 3549 3576
f 3576 3549 3575
f 3484 3527 3507
f 3579 2791 2284
f 3211 3467 3033
f 2589 3586 2870
f 3562 3589 3541
f 3589 3561 3518
f 3589 3518 3541
f 3561 3474 3518
f 3542 3563 3562
f 3590 3566 3591
f 3591 3567 3592
f 3593 3571 3590
f 3590 3571 3566
f 3572 3571 3593
f 3391 3594 3503
f 3594 3545 3503
f 3545 3595 3521
f 3573 3572 3596
f 3575 3573 3596
f 3598 3553 3552
f 3598 3528 3553
f 3598 3554 3528
f 3529 3600 3531
f 3600 3533 3531
f 3533 3602 3534
f 3602 3458 3534
f 3494 3415 3283
f 3604 3562 3563
f 3604 3589 3562
f 3605 3563 3564
f 3607 3564 3565
f 3608 3611 3590
f 3611 3593 3590
f 3128 3613 3391
f 3613 3594 3391
f 3594 3595 3545
f 3593 3612 3572
f 3576 3575 3614
f 3398 3615 2417
f 3615 3365 2417
f 3598 3617 3554
f 3617 3619 3554
f 2174 3557 3143
f 3554 3619 3529
f 3529 3619 3600
f 3600 3620 3533
f 3620 3602 3533
f 3405 3203 2246
f 3621 3458 3602
f 3439 3379 3380
f 3536 3205 2678
f 3626 3604 3563
f 3626 3627 3604
f 3604 3628 3589
f 3214 3629 3050
f 3607 3630 3564
f 3595 3633 3521
f 3633 3544 3521
f 3167 3635 3001
f 3550 3507 3576
f 3636 3637 3598
f 3637 3638 3598
f 3638 3617 3598
f 3639 3619 3617
f 3555 3203 3405
f 3619 3640 3600
f 3640 3620 3600
f 3621 3532 3458
f 3510 3579 2284
f 3622 3348 3281
f 3440 2922 3113
f 3467 3517 3033
f 3627 3628 3604
f 3186 3647 3128
f 2987 3624 2776
f 3647 3613 3128
f 3629 2955 3050
f 3365 3366 2880
f 3638 3639 3617
f 3639 3652 3619
f 3620 3621 3602
f 3488 3578 3641
f 3579 3202 2791
f 3658 3628 3627
f 3628 3658 3589
f 3605 3644 3563
f 3644 3626 3563
f 3630 3644 3605
f 3661 3662 3634
f 3663 3633 3595
f 3629 3665 2955
f 3637 3651 3638
f 3638 3651 3639
f 3672 3653 3673
f 3653 3601 3674
f 3653 3674 3673
f 3652 3654 3640
f 3601 3641 3675
f 3654 3621 3620
f 3654 3532 3621
f 3513 3492 3237
f 3559 3348 3622
f 3680 3466 3319
f 3682 3291 3321
f 3559 2987 3348
f 3684 3586 2589
f 3656 3186 2819
f 3385 3686 3214
f 3626 3687 3627
f 3687 3658 3627
f 3644 3688 3626
f 3688 3687 3626
f 3689 3661 3632
f 3613 3692 3594
f 3633 3693 3544
f 3662 3664 3634
f 3697 3398 2173
f 3667 3668 3651
f 3669 3702 3654
f 3143 3557 3281
f 3315 3704 3208
f 3704 3494 3208
f 3706 3417 3443
f 3417 3707 3321
f 3707 3682 3321
f 3472 3684 2589
f 3559 3709 2987
f 3688 3644 3630
f 3569 3630 3607
f 3569 3607 3570
f 3692 3713 3594
f 3594 3663 3595
f 3663 3693 3633
f 3698 3702 3669
f 3702 3532 3654
f 3578 3655 3727
f 2433 3656 2819
f 3682 3733 3291
f 3733 3472 3291
f 3709 3624 2987
f 3687 3736 3734
f 3734 3658 3687
f 3734 3625 3658
f 3688 3735 3687
f 3735 3736 3687
f 3737 3688 3630
f 3713 3663 3594
f 3665 3166 2955
f 3717 3718 3695
f 3744 3745 3696
f 3745 3719 3696
f 3719 3746 3720
f 3699 3722 3750
f 3722 3751 3750
f 3749 3702 3698
f 3754 3724 3755
f 3723 3532 3702
f 3723 3616 3532
f 3557 3622 3281
f 3107 3756 3238
f 3756 3412 3238
f 3415 3757 3465
f 3211 3758 3467
f 3734 3760 3625
f 3761 3735 3688
f 3737 3762 3761
f 3763 3737 3630
f 3693 3763 3569
f 3766 3692 3613
f 3766 3769 3767
f 3766 3767 3692
f 3767 3713 3692
f 3624 3771 2776
f 3771 3223 2776
f 3773 3744 3696
f 3775 3778 3776
f 3776 3778 3777
f 3746 3749 3720
f 3779 3778 3775
f 3778 3750 3777
f 3750 3751 3777
f 3778 3699 3750
f 3749 3780 3702
f 3779 3783 3555
f 3779 3555 3699
f 3780 3723 3702
f 3780 3782 3723
f 3782 3616 3723
f 3783 3203 3555
f 3755 3785 3784
f 3203 3789 3491
f 3790 3704 3315
f 3491 3656 2433
f 3705 3350 3091
f 3352 3791 3471
f 3735 3793 3736
f 3736 3793 3734
f 3762 3795 3761
f 3761 3794 3735
f 3761 3795 3794
f 3762 3797 3795
f 3647 3798 3613
f 3763 3799 3796
f 3796 3799 3762
f 3798 3766 3613
f 3663 3713 3765
f 3663 3765 3693
f 3765 3763 3693
f 3767 3800 3713
f 3804 3769 3766
f 3768 3805 3770
f 3806 3807 3804
f 3804 3807 3769
f 3769 3807 3767
f 3808 3810 3743
f 3808 3743 3770
f 3812 3718 3743
f 3774 3744 3773
f 3774 3745 3744
f 3813 3746 3745
f 3814 3818 3775
f 3813 3817 3746
f 3746 3817 3749
f 3818 3783 3775
f 3775 3783 3779
f 3817 3780 3749
f 3782 3820 3616
f 3829 3440 3205
f 3469 3832 3290
f 3832 3349 3290
f 3735 3794 3793
f 3794 3835 3793
f 3835 3836 3793
f 3838 3765 3713
f 3765 3839 3763
f 3763 3839 3799
f 3839 3840 3799
f 3798 3842 3766
f 3841 3713 3800
f 3766 3842 3804
f 3834 3771 3624
f 3842 3844 3804
f 3804 3844 3806
f 3844 3845 3806
f 3806 3845 3807
f 3845 3846 3807
f 3774 3813 3745
f 3849 3817 3813
f 3852 3780 3817
f 3780 3854 3782
f 3854 3820 3782
f 3728 3828 3558
f 2922 3857 3516
f 3494 3757 3415
f 3467 3859 3517
f 3860 3352 3517
f 3791 3861 3471
f 3861 3159 3471
f 3186 3863 3647
f 3864 3794 3795
f 3864 3835 3794
f 3864 3836 3835
f 3863 3865 3647
f 3647 3865 3798
f 3838 3866 3765
f 3866 3867 3765
f 3867 3839 3765
f 3798 3865 3842
f 3841 3838 3713
f 3843 3869 3800
f 3844 3872 3845
f 3872 3846 3845
f 3574 3635 3167
f 3774 3876 3813
f 3876 3849 3813
f 3849 3878 3817
f 3878 3852 3817
f 3880 3854 3852
f 3852 3854 3780
f 3854 3879 3820
f 3882 3756 3107
f 3756 3728 3412
f 3836 3886 3760
f 3887 3864 3795
f 3884 3836 3864
f 3866 3889 3867
f 3889 3890 3867
f 3867 3890 3839
f 3890 3891 3839
f 3839 3891 3840
f 3892 3895 3865
f 3869 3838 3841
f 3865 3895 3842
f 3842 3895 3844
f 3895 3900 3844
f 3844 3900 3872
f 3900 3898 3872
f 3872 3898 3846
f 3901 3873 3899
f 3873 3871 3899
f 3223 3772 3359
f 3874 3873 3901
f 3848 3902 3875
f 3774 3903 3876
f 3876 3906 3849
f 3904 3818 3814
f 3908 3878 3849
f 3878 3880 3852
f 3783 3856 3203
f 3880 3910 3854
f 3915 3469 3465
f 3758 3859 3467
f 3859 3860 3517
f 3706 3707 3417
f 3214 3916 3629
f 3885 3917 3836
f 3917 3886 3836
f 3918 3864 3887
f 3888 3918 3887
f 3863 3922 3865
f 3889 3888 3890
f 3922 3892 3865
f 3866 3920 3889
f 3924 3894 3921
f 3894 3803 3921
f 3893 3838 3869
f 3896 3894 3924
f 3899 3896 3925
f 3901 3899 3925
f 3875 3902 3927
f 3903 3906 3876
f 3906 3929 3849
f 3929 3908 3849
f 3908 3930 3878
f 3878 3930 3880
f 3930 3910 3880
f 3934 3379 3439
f 3440 3857 2922
f 3939 3831 3539
f 3709 3834 3624
f 3918 3884 3864
f 3866 3941 3920
f 3942 3896 3924
f 3892 3923 3893
f 3923 3838 3893
f 3925 3896 3942
f 3943 3902 3901
f 3927 3902 3943
f 3721 3903 3774
f 3903 3944 3906
f 3944 3929 3906
f 3945 3908 3929
f 3946 3947 3930
f 3947 3910 3930
f 3947 3948 3910
f 3910 3948 3879
f 3952 3828 3728
f 3516 3938 3211
f 3938 3955 3211
f 3955 3758 3211
f 3939 3956 3831
f 3958 3885 3884
f 3959 3884 3918
f 3960 3961 3920
f 3961 3919 3920
f 3838 3965 3866
f 3965 3941 3866
f 3966 3942 3962
f 3928 3943 3969
f 3943 3928 3927
f 3721 3971 3903
f 3971 3972 3903
f 3903 3972 3944
f 3944 3973 3929
f 3973 3974 3929
f 3974 3945 3929
f 3945 3930 3908
f 3945 3946 3930
f 3948 3975 3879
f 3856 3789 3203
f 3757 3915 3465
f 3956 3981 3831
f 3831 3981 3680
f 3680 3981 3466
f 3982 3939 3705
f 3214 3686 3916
f 3961 3959 3919
f 3411 3998 3536
f 3959 3986 3884
f 3990 3961 3960
f 3999 4000 3863
f 3863 4000 3922
f 4000 4001 3922
f 3922 4001 3923
f 4001 3838 3923
f 4002 3965 3838
f 3721 4006 3971
f 4006 4007 3971
f 4007 3972 3971
f 4007 4008 3972
f 3972 4008 3973
f 3904 4011 3818
f 4008 3974 3973
f 3974 4012 3945
f 4012 4014 3945
f 4014 3946 3945
f 3946 4014 3947
f 4014 4015 3947
f 3947 4015 3948
f 4015 3975 3948
f 3997 3116 3202
f 3998 3205 3536
f 4017 3559 3622
f 3958 4023 3885
f 4023 3917 3885
f 4024 3959 3961
f 3990 4024 3961
f 4001 4002 3838
f 3629 4029 3665
f 4028 4003 3991
f 4007 4034 4008
f 4008 4034 3974
f 4034 4012 3974
f 4016 4037 3949
f 3783 3818 3856
f 4043 4018 3980
f 3956 4043 3980
f 3830 3385 3116
f 4045 3686 3385
f 3986 3958 3884
f 4002 4048 3965
f 3965 4048 3941
f 4054 3615 3398
f 4034 4035 4012
f 4012 4056 4014
f 4014 4056 4015
f 4056 4059 3975
f 4056 3975 4015
f 3934 4061 3379
f 3986 4069 3958
f 4023 3886 3917
f 4024 3986 3959
f 4048 4049 3941
f 4071 4028 4027
f 4071 4074 4028
f 4032 4055 4007
f 4079 4011 3904
f 4078 4035 4034
f 4011 3856 3818
f 4035 4056 4012
f 4024 4069 3986
f 4097 4073 4071
f 4005 4077 4032
f 4077 4106 4032
f 4078 4109 4035
f 3557 4115 3622
f 3579 3997 3202
f 3789 4040 3491
f 3491 4067 3656
f 4122 3859 3758
f 3656 4067 3186
f 4021 3863 3186
f 4123 4124 4069
f 4124 3958 4069
f 4023 4125 3886
f 4070 4126 4024
f 4001 4098 4002
f 4098 4048 4002
f 4077 4131 4106
f 4106 4107 4078
f 4107 4109 4078
f 4061 3513 3379
f 3857 4137 3516
f 4040 4067 3491
f 4018 4139 3979
f 3832 4141 3349
f 4141 3443 3349
f 4126 4069 4024
f 4124 4023 3958
f 4048 4142 4049
f 4131 4149 4106
f 4149 4132 4106
f 4106 4132 4107
f 3615 3366 3365
f 4151 3299 3366
f 4132 4153 4107
f 4154 3062 3300
f 4153 4133 4107
f 4107 4133 4109
f 4155 4158 4079
f 4079 4158 4011
f 4109 4133 4081
f 4133 4161 4081
f 4158 4163 4011
f 4161 4087 4081
f 4163 3856 4011
f 4058 4134 4164
f 4087 4157 4057
f 4171 3440 3829
f 4137 3938 3516
f 4173 4139 4018
f 4067 4021 3186
f 3863 4021 3999
f 4126 4175 4069
f 4175 4174 4069
f 3999 4177 4000
f 3916 4029 3629
f 4177 4001 4000
f 4001 4178 4098
f 4098 4176 4048
f 4176 4142 4048
f 3771 3772 3223
f 4149 4152 4132
f 4152 4153 4132
f 4181 4133 4153
f 4182 3509 3369
f 4181 4161 4133
f 4159 4163 4158
f 4163 4186 3856
f 4161 4185 4087
f 4185 4157 4087
f 3856 4189 3789
f 3492 4190 3438
f 4190 3411 3438
f 4117 3998 3411
f 3205 4120 3829
f 4043 4195 4018
f 3443 4196 3706
f 4196 4197 3706
f 4197 3707 3706
f 3707 4198 3682
f 4198 3733 3682
f 4199 4200 4125
f 4201 4123 4174
f 4201 4202 4123
f 4202 4124 4123
f 4202 4199 4124
f 4124 4199 4125
f 4205 4175 4070
f 4070 4175 4126
f 4176 4205 4142
f 4177 4207 4001
f 4207 4178 4001
f 4178 4206 4098
f 4206 4204 4098
f 4098 4204 4176
f 3665 4211 3166
f 4211 3222 3166
f 4150 4180 4131
f 4131 4180 4149
f 4180 4152 4149
f 4154 4216 3062
f 4152 4181 4153
f 4216 2174 3062
f 4181 4185 4161
f 4217 4185 4181
f 4185 4220 4157
f 3976 4224 3952
f 4224 3828 3952
f 4120 4225 3829
f 4227 4043 4044
f 4201 4231 4202
f 4203 4199 4202
f 4205 4233 4175
f 4233 4174 4175
f 4234 4205 4204
f 4234 4204 4206
f 4207 4238 4178
f 4238 4239 4178
f 4239 4206 4178
f 4240 4208 4236
f 4208 4209 4236
f 4236 4209 4241
f 4210 4208 4242
f 4243 4210 4242
f 3771 4245 3772
f 3615 4151 3366
f 3299 4248 3300
f 4248 4154 3300
f 4216 4249 2174
f 4152 4217 4181
f 4249 3557 2174
f 4217 4251 4185
f 4251 4220 4185
f 4220 4218 4157
f 4252 3492 3513
f 3997 3830 3116
f 4017 4254 3559
f 4226 3915 3757
f 3830 4045 3385
f 4197 4256 3707
f 4257 3834 3709
f 4231 4258 4203
f 4203 4259 4199
f 4232 4231 4201
f 4262 4260 4233
f 4233 4260 4174
f 4260 4232 4174
f 4021 4267 3999
f 4234 4261 4205
f 4261 4233 4205
f 4236 4265 4264
f 4236 4266 4265
f 4206 4263 4234
f 4236 4241 4266
f 4269 4240 4264
f 4264 4240 4236
f 4269 4242 4240
f 3834 4271 3771
f 4243 4242 4269
f 4272 4246 4244
f 4244 4246 4212
f 4150 4273 4180
f 4273 4274 4180
f 4274 4152 4180
f 4274 4276 4152
f 4152 4276 4217
f 4276 4278 4217
f 4085 4115 3557
f 4115 4017 3622
f 4282 4061 3934
f 4290 4195 4227
f 4256 4198 3707
f 4022 3916 3686
f 4259 4292 4200
f 4293 4291 4232
f 4232 4291 4231
f 4291 4258 4231
f 4260 4293 4232
f 4263 4261 4234
f 4268 4264 4294
f 4296 4269 4268
f 4297 4244 4296
f 4244 4269 4296
f 4269 4244 4243
f 4272 4297 4298
f 4272 4244 4297
f 4082 4273 4150
f 4273 4299 4274
f 4299 4300 4274
f 4249 4085 3557
f 4274 4300 4276
f 4278 4303 4217
f 4303 4251 4217
f 4303 4305 4251
f 4305 4220 4251
f 4305 4218 4220
f 4061 4252 3513
f 4190 4117 3411
f 4171 3857 3440
f 4254 3709 3559
f 3860 4311 3791
f 3684 4312 3586
f 4291 4315 4258
f 4315 4259 4258
f 4294 4319 4268
f 4320 4268 4319
f 4320 4296 4268
f 4321 4296 4320
f 4323 4296 4321
f 4323 4298 4297
f 4324 4298 4323
f 4246 4272 4298
f 4300 4278 4276
f 4305 4329 4218
f 4329 4330 4218
f 4252 4334 3492
f 3998 4120 3205
f 4225 4171 3829
f 4137 4336 3938
f 4336 3955 3938
f 3494 4226 3757
f 4254 4257 3709
f 4340 4233 4261
f 4343 4261 4263
f 4267 4177 3999
f 4344 4324 4323
f 4299 4345 4300
f 4347 3856 4186
f 4346 4278 4300
f 3509 4348 3510
f 4349 4303 4278
f 4348 3579 3510
f 4349 4305 4303
f 4189 4333 3789
f 4334 4190 3492
f 4336 3758 3955
f 4141 4352 3443
f 4352 4196 3443
f 4353 3684 3472
f 4314 4355 4291
f 4291 4355 4315
f 4315 4356 4259
f 4356 4292 4259
f 4357 4293 4260
f 4341 4262 4233
f 4361 4343 4263
f 4211 4367 3222
f 4367 3574 3222
f 4280 4370 4082
f 4082 4370 4273
f 4370 4299 4273
f 4370 4345 4299
f 4345 4346 4300
f 4347 4189 3856
f 4278 4346 4349
f 4349 4329 4305
f 4376 3859 4122
f 4045 4022 3686
f 4355 4356 4315
f 4378 4267 4021
f 4233 4340 4341
f 4262 4357 4260
f 4344 4384 4324
f 4370 4387 4345
f 4387 4388 4345
f 4388 4346 4345
f 4346 4390 4349
f 4282 4252 4061
f 3758 4336 4122
f 3830 4398 4045
f 4399 4356 4355
f 4400 4314 4293
f 4341 4357 4262
f 4267 4404 4177
f 4404 4207 4177
f 4238 4405 4239
f 4029 4408 3665
f 4408 4211 3665
f 4369 4411 4054
f 4054 4411 3615
f 4411 4151 3615
f 4386 4370 4280
f 4388 4414 4346
f 4414 4390 4346
f 4390 4416 4349
f 4416 4329 4349
f 4419 4355 4314
f 4355 4419 4399
f 4399 4420 4356
f 4356 4420 4292
f 4400 4419 4314
f 4357 4421 4400
f 4361 4422 4343
f 4422 4340 4343
f 4422 4341 4340
f 4405 4363 4235
f 4404 4424 4207
f 4424 4425 4207
f 4207 4425 4238
f 4425 4405 4238
f 4151 4248 3299
f 4412 4413 4387
f 4387 4413 4388
f 4347 4371 4430
f 4413 4431 4388
f 4431 4414 4388
f 4414 4416 4390
f 4416 4432 4329
f 4329 4432 4330
f 4373 4115 4085
f 4418 4017 4115
f 3733 4353 3472
f 4419 4440 4399
f 4440 4441 4399
f 4399 4441 4420
f 4400 4438 4419
f 4442 4421 4341
f 4341 4421 4357
f 4442 4341 4422
f 4405 4422 4361
f 4423 4443 4402
f 4429 4386 4410
f 4430 4447 4449
f 4447 4450 4448
f 4430 4452 4347
f 4452 4189 4347
f 4414 4454 4416
f 4454 4432 4416
f 4439 4419 4438
f 4438 4458 4439
f 4439 4440 4419
f 4439 4441 4440
f 4421 4438 4400
f 4458 4438 4421
f 4458 4459 4439
f 4459 4460 4439
f 4439 4460 4441
f 4461 4459 4458
f 4462 4461 4442
f 4442 4461 4421
f 4421 4461 4458
f 4462 4442 4422
f 4425 4422 4405
f 4425 4462 4422
f 4464 4424 4404
f 4464 4425 4424
f 4449 4447 4467
f 4467 4447 4468
f 4447 4448 4468
f 4468 4448 4469
f 4448 4471 4469
f 4446 4470 4413
f 4449 4452 4430
f 4450 4472 4471
f 4474 4454 4431
f 4454 4475 4432
f 4373 4480 4115
f 3997 4486 3830
f 4017 4487 4254
f 4459 4494 4460
f 4460 4495 4441
f 4461 4496 4459
f 4496 4494 4459
f 3916 4497 4029
f 4494 4495 4460
f 4257 4271 3834
f 4267 4498 4404
f 4462 4500 4496
f 4496 4461 4462
f 4500 4501 4496
f 4496 4501 4494
f 4501 4502 4494
f 4494 4502 4495
f 4404 4498 4464
f 4499 4462 4425
f 4505 4464 4498
f 4464 4506 4425
f 4506 4507 4425
f 4425 4507 4499
f 4505 4508 4464
f 4508 4506 4464
f 4509 4510 4505
f 4505 4510 4508
f 4510 4506 4508
f 4245 4514 3772
f 4410 4516 4429
f 4467 4522 4449
f 4449 4522 4452
f 4525 4389 4526
f 4522 4189 4452
f 4524 4454 4474
f 4348 3997 3579
f 4481 4530 4479
f 4480 4418 4115
f 4485 4537 4456
f 4137 4544 4336
f 4376 3860 3859
f 4256 4549 4198
f 4549 3733 4198
f 4378 4551 4267
f 4267 4551 4498
f 4499 4552 4462
f 4462 4552 4500
f 4552 4553 4500
f 4500 4553 4501
f 4501 4553 4502
f 4498 4551 4505
f 4551 4556 4505
f 4556 4509 4505
f 4509 4558 4510
f 4558 4559 4510
f 4510 4559 4506
f 4517 4518 4446
f 4567 4475 4524
f 4524 4475 4454
f 4522 4569 4189
f 4085 4571 4373
f 4480 4577 4418
f 4435 4486 3997
f 4577 4584 4418
f 4584 4017 4418
f 3882 4587 3756
f 4587 3728 3756
f 4588 4120 3998
f 4170 4589 3703
f 3704 4594 3494
f 4486 4598 3830
f 4543 4137 3857
f 4040 4548 4067
f 4254 4602 4257
f 4548 4021 4067
f 4605 4604 4502
f 4502 4604 4495
f 4378 4556 4551
f 4552 4606 4553
f 4606 4607 4553
f 4607 4605 4502
f 4607 4502 4553
f 4608 4552 4507
f 4507 4552 4499
f 4556 4609 4509
f 4609 4610 4509
f 4509 4610 4558
f 4610 4559 4558
f 4561 4515 4445
f 4562 4612 4516
f 4612 4517 4516
f 4612 4563 4517
f 4563 4564 4518
f 4615 4522 4467
f 4564 4565 4470
f 4182 4619 3509
f 4619 4348 3509
f 4565 4567 4524
f 4576 4480 4373
f 4627 4574 4573
f 3997 4348 4435
f 4348 4629 4435
f 4576 4577 4480
f 4629 4631 4435
f 4631 4632 4435
f 4435 4632 4486
f 4632 4638 4486
f 4537 4641 4536
f 4584 4586 4017
f 4224 4646 3828
f 4586 4648 4017
f 4017 4648 4487
f 4638 4650 4486
f 4650 4651 4486
f 4651 4598 4486
f 4487 4652 4254
f 4601 4311 3860
f 4353 4653 3684
f 4045 4656 4022
f 4493 4492 4354
f 4021 4658 4378
f 4658 4660 4378
f 4660 4671 4378
f 4378 4671 4556
f 4552 4669 4606
f 4669 4670 4606
f 4606 4670 4607
f 4670 4605 4607
f 4497 4408 4029
f 4608 4669 4552
f 4671 4609 4556
f 4609 4675 4610
f 4610 4675 4559
f 4612 4679 4563
f 4563 4679 4564
f 4679 4680 4564
f 4564 4680 4565
f 4680 4683 4565
f 4565 4683 4567
f 4683 4684 4567
f 4567 4684 4475
f 4576 4689 4573
f 4631 4633 4632
f 4574 4692 4579
f 4579 4692 4585
f 4692 4693 4585
f 4693 4592 4585
f 4694 4224 3976
f 4645 4650 4638
f 4544 4599 4336
f 4599 4698 4336
f 4699 4601 3860
f 4653 4312 3684
f 4657 4271 4257
f 4658 4703 4660
f 4703 4705 4660
f 4705 4663 4660
f 4664 4661 4665
f 4667 4664 4665
f 4668 4667 4669
f 4710 4555 4709
f 4709 4555 4708
f 4677 4612 4562
f 4677 4678 4612
f 4678 4679 4612
f 4715 4680 4679
f 4715 4717 4680
f 4717 4683 4680
f 4683 4718 4684
f 4717 4718 4683
f 4373 4723 4576
f 4576 4723 4689
f 4727 4728 4631
f 4727 4631 4629
f 4729 4726 4630
f 4725 4692 4574
f 4631 4728 4691
f 4691 4729 4630
f 4730 4646 4224
f 4732 4697 4592
f 4543 4544 4137
f 4376 4699 3860
f 4737 4704 4662
f 4705 4738 4663
f 4735 4737 4706
f 4706 4737 4661
f 4661 4737 4662
f 4663 4707 4666
f 4709 4708 4740
f 4740 4708 4741
f 4710 4709 4742
f 4711 4710 4742
f 4744 4711 4743
f 4712 4676 4744
f 4411 4713 4151
f 4745 4715 4678
f 4678 4715 4679
f 4615 4569 4522
f 4749 4718 4717
f 4722 4723 4373
f 4625 4755 4627
f 4754 4624 4626
f 4627 4756 4574
f 4756 4725 4574
f 4760 4758 4757
f 4758 4761 4725
f 4759 4760 4757
f 4760 4761 4758
f 4728 4729 4691
f 4762 4760 4759
f 4763 4761 4760
f 4725 4761 4692
f 4762 4763 4760
f 4761 4764 4692
f 4764 4761 4763
f 4765 4768 4766
f 4768 4764 4766
f 4769 4768 4765
f 4770 4769 4765
f 4771 4764 4768
f 4769 4771 4768
f 4764 4693 4692
f 4771 4693 4764
f 4334 4772 4190
f 4772 4117 4190
f 4770 4771 4769
f 4587 4773 3728
f 4648 4733 4487
f 4776 4651 4650
f 4171 4778 3857
f 4733 4652 4487
f 4602 4657 4257
f 4703 4738 4705
f 4782 4663 4738
f 4782 4739 4663
f 4741 4784 4783
f 4785 4740 4783
f 4740 4741 4783
f 4741 4674 4784
f 4786 4742 4785
f 4742 4740 4785
f 4788 4743 4786
f 4743 4742 4786
f 4512 4789 4427
f 4744 4743 4788
f 4791 4678 4677
f 4747 4715 4745
f 4615 4792 4569
f 4747 4717 4715
f 4747 4749 4717
f 4798 4749 4747
f 4749 4799 4718
f 4571 4722 4373
f 4800 4688 4624
f 4801 4759 4757
f 4801 4803 4759
f 4759 4803 4762
f 4804 4763 4762
f 4808 4765 4806
f 4806 4765 4805
f 4767 4770 4765
f 4809 4767 4808
f 4809 4810 4767
f 4810 4770 4767
f 4811 4810 4809
f 4812 4587 3882
f 4810 4813 4770
f 4813 4771 4770
f 4813 4814 4771
f 4814 4815 4771
f 4771 4815 4693
f 4693 4732 4592
f 4774 4776 4650
f 4594 4226 3494
f 3789 4548 4040
f 4547 3915 4226
f 3469 4817 3832
f 4817 4141 3832
f 4818 4377 3791
f 4022 4497 3916
f 4782 4819 4735
f 4785 4783 4821
f 4823 4786 4821
f 4786 4785 4821
f 4788 4786 4824
f 4825 4744 4788
f 4790 4744 4825
f 4791 4745 4678
f 4826 4827 4745
f 4827 4747 4745
f 4828 4829 4569
f 4829 4333 4569
f 4798 4830 4749
f 4830 4799 4749
f 4799 4831 4718
f 4348 4838 4629
f 4839 4803 4801
f 4728 4802 4729
f 4804 4840 4763
f 4763 4840 4764
f 4841 4808 4806
f 4843 4809 4808
f 4844 4588 3998
f 4844 3998 4117
f 4588 4846 4120
f 4847 4813 4810
f 3790 4849 3704
f 4849 4594 3704
f 4778 4543 3857
f 4398 4851 4045
f 4698 4122 4336
f 3915 4852 3469
f 4852 4817 3469
f 4703 4854 4738
f 4854 4782 4738
f 4819 4855 4735
f 4856 4858 4820
f 4859 4823 4822
f 4824 4825 4788
f 4861 4745 4791
f 4827 4862 4747
f 4249 4863 4085
f 4747 4862 4798
f 4863 4571 4085
f 4862 4830 4798
f 4830 4865 4799
f 4865 4831 4799
f 4723 4867 4689
f 4867 4868 4625
f 4867 4625 4689
f 4868 4755 4625
f 4838 4727 4629
f 4802 4869 4726
f 4803 4870 4762
f 4870 4871 4762
f 4762 4871 4804
f 4871 4872 4804
f 4872 4840 4804
f 4841 4805 4873
f 4841 4843 4808
f 4843 4875 4809
f 4809 4875 4811
f 4875 4876 4811
f 4877 4847 4810
f 4877 4810 4811
f 4846 4225 4120
f 4879 4813 4847
f 4879 4814 4813
f 4880 4732 4693
f 4882 4547 4226
f 4652 4602 4254
f 4352 4883 4196
f 4883 4197 4196
f 4885 4658 4021
f 4855 4736 4735
f 4891 4824 4859
f 4554 4824 4891
f 4861 4826 4745
f 4863 4895 4571
f 4862 4894 4830
f 4894 4865 4830
f 4722 4896 4723
f 4896 4867 4723
f 4897 4839 4801
f 4839 4899 4803
f 4728 4901 4802
f 4840 4903 4764
f 4876 4877 4811
f 4904 4879 4847
f 4905 4815 4814
f 4815 4880 4693
f 4594 4882 4226
f 4698 4376 4122
f 4885 4703 4658
f 4855 4909 4736
f 4912 4859 4890
f 3697 4913 4369
f 4861 4915 4826
f 4914 4915 4861
f 4915 4827 4826
f 4915 4893 4862
f 4915 4862 4827
f 4893 4917 4862
f 4917 4894 4862
f 4865 4918 4831
f 4571 4921 4722
f 4569 4333 4189
f 4921 4896 4722
f 4897 4924 4839
f 4899 4870 4803
f 4871 4925 4872
f 4926 4927 4841
f 4841 4927 4843
f 4877 4904 4847
f 4879 4905 4814
f 4885 4931 4703
f 4931 4854 4703
f 4854 4932 4782
f 4782 4932 4819
f 4819 4909 4855
f 4736 4933 4737
f 4933 4934 4737
f 4737 4934 4704
f 4367 4942 3574
f 4942 3635 3574
f 4943 4914 4861
f 4945 4949 4829
f 4829 4949 4333
f 4917 4950 4894
f 4950 4918 4894
f 4894 4918 4865
f 4836 4951 4800
f 4924 4899 4839
f 4727 4955 4728
f 4955 4901 4728
f 4901 4956 4802
f 4870 4957 4871
f 4957 4925 4871
f 4925 4958 4872
f 4958 4840 4872
f 4843 4928 4875
f 4928 4876 4875
f 4904 4959 4879
f 4961 4963 4776
f 4776 4963 4651
f 4963 4598 4651
f 4598 4964 3830
f 4883 4967 4197
f 4967 4256 4197
f 4931 4971 4854
f 4971 4932 4854
f 4932 4972 4819
f 4972 4909 4819
f 4909 4933 4736
f 4937 4940 4939
f 4940 4941 4939
f 4943 4980 4914
f 4981 4619 4182
f 4980 4915 4914
f 4980 4982 4915
f 4982 4893 4915
f 4982 4917 4893
f 4982 4950 4917
f 4895 4921 4571
f 4896 4868 4867
f 4755 4954 4627
f 4899 4987 4870
f 4987 4957 4870
f 4958 4903 4840
f 4927 4928 4843
f 4928 4988 4876
f 4988 4877 4876
f 4877 4989 4904
f 4959 4905 4879
f 4964 4398 3830
f 4993 4656 4045
f 4994 4934 4933
f 5003 5004 4980
f 5003 4980 4943
f 5005 4982 4980
f 4619 4838 4348
f 5007 4918 4950
f 4986 4924 4897
f 4838 5010 4727
f 5010 4955 4727
f 4925 5011 4958
f 4988 4989 4877
f 4880 4960 4732
f 5015 4849 3790
f 4990 4548 3789
f 4601 5017 4311
f 4993 4969 4656
f 5020 4971 4931
f 5018 5019 4972
f 4972 5019 4909
f 4909 4994 4933
f 5002 5003 4943
f 5003 5029 5004
f 5004 5030 5005
f 5005 5032 4982
f 4982 5034 4950
f 5034 5007 4950
f 5035 4918 5007
f 4918 5035 4831
f 4836 5037 4951
f 4896 5038 4868
f 5038 4755 4868
f 4922 5037 4836
f 4755 5039 4954
f 5040 4924 4986
f 5044 4926 4873
f 5046 4927 4926
f 4333 4990 3789
f 4988 5048 4989
f 5048 4959 4904
f 5048 4904 4989
f 4905 4880 4815
f 4963 4964 4598
f 4698 5016 4376
f 4851 4993 4045
f 4969 5052 4656
f 4548 4885 4021
f 4885 5020 4931
f 5019 5055 4909
f 5055 4994 4909
f 5020 5056 4971
f 4971 5056 4932
f 5060 5056 5020
f 5056 5057 4932
f 5056 5061 5057
f 5057 4972 4932
f 5057 5058 4972
f 5058 5059 4972
f 5059 5018 4972
f 5060 5062 5056
f 5062 5061 5056
f 4408 5066 4211
f 5066 4367 4211
f 5028 5029 5003
f 5029 5030 5004
f 5030 5032 5005
f 5033 5006 5067
f 5034 5035 5007
f 4895 5070 4896
f 4895 4896 4921
f 5038 5071 4755
f 5071 5039 4755
f 5040 5078 4924
f 4924 5078 4899
f 5078 4987 4899
f 5081 5043 5011
f 5043 4903 4958
f 4987 5081 4957
f 4957 5081 4925
f 5081 5011 4925
f 5046 5086 4927
f 5086 4928 4927
f 5086 4988 4928
f 5093 4334 4252
f 5014 4589 4170
f 5099 4497 4022
f 4885 5103 5020
f 5018 5102 5019
f 5102 5100 5019
f 5019 5100 5055
f 5020 5103 5060
f 5104 5058 5057
f 5061 5104 5057
f 5105 5106 5103
f 5103 5106 5060
f 5106 5062 5060
f 5107 5108 5062
f 5062 5108 5061
f 5061 5108 5104
f 5062 5109 5107
f 5106 5111 5062
f 5111 5112 5062
f 5062 5112 5109
f 5105 5114 5106
f 5114 5111 5106
f 5066 5115 4367
f 5118 5032 5030
f 5068 5120 5035
f 5120 4944 5035
f 4952 4920 5123
f 5070 5125 5038
f 5125 5071 5038
f 5074 5079 5078
f 5080 4903 5043
f 5092 5128 4880
f 5128 5129 4880
f 5129 4960 4880
f 4547 4882 3915
f 5096 4969 4993
f 5054 5135 5053
f 5133 5134 5100
f 5100 5134 5055
f 5134 5101 5055
f 5136 5133 5102
f 4885 5138 5103
f 5137 5136 5018
f 5136 5102 5018
f 5058 5139 5059
f 5059 5137 5018
f 5140 5058 5104
f 5103 5138 5105
f 5138 5143 5105
f 5109 5141 5107
f 5107 5141 5108
f 5109 5144 5141
f 5141 5142 5108
f 5143 5150 5105
f 5105 5150 5114
f 5150 5151 5114
f 5114 5151 5111
f 5151 5152 5111
f 5111 5152 5112
f 5118 5157 5068
f 4895 5162 5070
f 5162 5125 5070
f 5072 5126 5163
f 5071 5164 5039
f 5164 5082 5039
f 4955 5165 4901
f 5165 4956 4901
f 5082 5164 5128
f 4772 5167 4117
f 5167 4844 4117
f 5171 4544 4543
f 5173 4699 4376
f 4851 5096 4993
f 4656 5099 4022
f 5134 5174 5054
f 5174 5135 5054
f 5136 5175 5133
f 5176 5139 5058
f 5177 5179 5178
f 5177 5180 5179
f 5181 5185 5138
f 5138 5185 5143
f 5183 5142 5141
f 5184 5177 5182
f 5145 5146 5177
f 5177 5146 5180
f 5146 5065 5180
f 5184 5187 5177
f 5187 5145 5177
f 5185 5150 5143
f 5188 5148 5184
f 5150 5189 5151
f 5189 5152 5151
f 5155 5192 5027
f 5027 5192 5117
f 5192 5156 5117
f 4946 5194 4945
f 5158 5120 5068
f 5158 5031 5120
f 5194 4949 4945
f 5163 5199 5124
f 5163 5124 5072
f 5125 5200 5071
f 5126 5202 5163
f 5200 5164 5071
f 5010 5204 4955
f 5204 5165 4955
f 5165 5126 4956
f 5165 5203 5126
f 5205 5206 5204
f 5204 5206 5165
f 5206 5207 5165
f 5211 5208 5206
f 5210 5206 5205
f 5211 5213 5208
f 5208 5213 5212
f 5210 5211 5206
f 5214 5213 5211
f 5164 5129 5128
f 5211 5215 5214
f 5210 5216 5211
f 5216 5215 5211
f 5216 5168 5215
f 5168 5217 5215
f 4225 5220 4171
f 5130 5216 5210
f 5050 5169 5217
f 4906 5221 4733
f 5130 4963 4961
f 5016 5173 4376
f 5052 5099 4656
f 5175 5225 5133
f 5225 5226 5133
f 5133 5226 5134
f 5226 5174 5134
f 5136 5227 5175
f 5230 5178 5228
f 5178 5179 5228
f 5179 5229 5228
f 5139 5137 5059
f 5182 5178 5230
f 5180 5065 5229
f 5180 5229 5179
f 5065 5231 5229
f 5232 5176 5140
f 5233 5182 5230
f 5182 5177 5178
f 5181 5235 5185
f 5144 5183 5141
f 5234 5184 5233
f 5235 5238 5185
f 5188 5184 5234
f 5185 5238 5150
f 5240 5066 4408
f 5238 5241 5150
f 5150 5241 5189
f 5189 5241 5152
f 5191 5190 5153
f 5244 5192 5155
f 5244 5246 5192
f 5246 5156 5192
f 5246 5247 5156
f 5248 5251 5249
f 5249 5251 5250
f 5251 5252 5250
f 5156 5247 5157
f 5255 5193 5248
f 5248 5193 5251
f 5193 5252 5251
f 5252 5256 5253
f 5247 5254 5157
f 5159 5256 5252
f 5254 5158 5157
f 5255 5194 4946
f 4619 5197 4838
f 5201 5262 5200
f 5010 5263 5204
f 5200 5264 5164
f 5264 5200 5262
f 5263 5265 5204
f 5204 5265 5205
f 5201 5266 5262
f 5207 5267 5165
f 5165 5267 5203
f 5268 5266 5201
f 5208 5267 5207
f 5208 5269 5267
f 5264 5129 5164
f 5208 5212 5269
f 5212 5270 5269
f 5265 5271 5210
f 5265 5210 5205
f 5213 5270 5212
f 5268 5273 5266
f 5213 5274 5270
f 5272 5273 5268
f 5214 5274 5213
f 5272 5275 5273
f 5215 5217 5276
f 5219 5275 5272
f 4960 5129 5275
f 5271 5130 5210
f 5219 4960 5275
f 5219 5221 4906
f 4353 5279 4653
f 5282 5225 5175
f 5227 5282 5175
f 4885 5181 5138
f 5228 5284 5230
f 5286 5233 5284
f 5234 5233 5286
f 5288 5235 5181
f 4497 5240 4408
f 5236 5144 5186
f 5290 5153 5190
f 5245 5244 5155
f 5246 5292 5247
f 5296 5247 5292
f 5293 5297 5248
f 5297 5194 5248
f 5248 5194 5255
f 5296 5254 5247
f 5254 5300 5158
f 5158 5300 5031
f 5300 5257 5031
f 4895 4863 5162
f 4863 5310 5162
f 5162 5310 5201
f 4838 5263 5010
f 5203 5311 5202
f 5203 5267 5311
f 5310 5268 5201
f 5266 5264 5262
f 5310 5313 5268
f 5267 5269 5312
f 5265 5263 5271
f 5268 5313 5272
f 5273 5264 5266
f 5263 5316 5271
f 5209 4990 4333
f 5313 5221 5272
f 5214 5318 5274
f 5264 5275 5129
f 5273 5275 5264
f 5221 5219 5272
f 4846 5320 4225
f 5271 5316 5130
f 4777 5321 5217
f 5220 4778 4171
f 5130 5316 4963
f 5316 4964 4963
f 5322 4543 4778
f 5221 4652 4733
f 4851 5281 5096
f 5096 5326 4969
f 5326 5052 4969
f 5174 5327 5135
f 5328 5226 5225
f 5329 5330 5137
f 5137 5330 5136
f 5232 5333 5139
f 5232 5139 5176
f 5289 5183 5144
f 5235 5289 5236
f 5236 5289 5144
f 5335 5290 5234
f 5234 5290 5188
f 5336 5153 5290
f 5245 5246 5244
f 5245 5292 5246
f 5337 5292 5245
f 5337 5296 5292
f 5296 5300 5254
f 5300 5342 5257
f 5197 5261 4838
f 5261 5263 4838
f 5261 5316 5263
f 4282 5319 4252
f 5319 5093 4252
f 5093 5166 4334
f 5347 5319 4282
f 5276 5348 5318
f 4882 4852 3915
f 4141 5350 4352
f 5350 4883 4352
f 5353 5327 5174
f 5282 5328 5225
f 5355 5174 5226
f 5356 5329 5139
f 5139 5329 5137
f 5361 5336 5335
f 5335 5336 5290
f 5362 5336 5361
f 5293 5367 5297
f 5367 5194 5297
f 5337 5366 5296
f 5368 5296 5366
f 5368 5300 5296
f 4724 5374 5308
f 5166 4772 4334
f 5220 5322 4778
f 5323 4602 4652
f 4549 5381 3733
f 5381 4353 3733
f 5281 5325 5096
f 5325 5326 5096
f 5326 5382 5052
f 5382 5099 5052
f 5383 5328 5282
f 5354 5226 5328
f 5354 5355 5226
f 5227 5383 5282
f 5360 5333 5232
f 5288 5388 5289
f 4271 5389 3771
f 5363 5364 5245
f 5364 5337 5245
f 5390 4913 3697
f 5391 5367 5293
f 5393 5366 5337
f 4333 4949 5209
f 4863 5313 5310
f 4863 5399 5313
f 5221 5323 4652
f 4967 5401 4256
f 5401 4549 4256
f 5382 5403 5099
f 5097 4885 4548
f 5099 5403 4497
f 5403 5404 4497
f 5355 5353 5174
f 5333 5356 5139
f 5183 5409 5142
f 5283 5240 4497
f 5364 5393 5337
f 5393 5413 5366
f 5413 5416 5366
f 5366 5416 5368
f 5416 5417 5368
f 5368 5417 5300
f 5417 5418 5300
f 5300 5418 5342
f 4587 5421 4773
f 5313 5399 5221
f 5322 5171 4543
f 4398 5324 4851
f 5324 5281 4851
f 5223 4853 4229
f 5281 5423 5325
f 5424 5328 5383
f 5328 5425 5354
f 5425 5426 5354
f 5354 5426 5355
f 5426 5353 5355
f 5330 5383 5227
f 5356 5429 5329
f 5428 5356 5333
f 5389 4271 4657
f 5431 5288 5181
f 5289 5432 5183
f 5432 5409 5183
f 5412 5364 5363
f 5412 5435 5364
f 5364 5435 5393
f 5367 4949 5194
f 5435 5437 5393
f 5438 4863 4249
f 5393 5437 5413
f 5441 5416 5413
f 5441 5442 5416
f 5416 5442 5417
f 5442 5444 5417
f 5417 5444 5418
f 5316 4398 4964
f 4883 5401 4967
f 5353 5450 5327
f 5404 5283 4497
f 5455 5451 5426
f 5451 5353 5426
f 5453 5454 5424
f 5330 5456 5383
f 4885 5431 5181
f 5428 5429 5356
f 5428 5457 5429
f 5431 5461 5288
f 5461 5388 5288
f 5289 5388 5432
f 5465 4411 4369
f 4411 5465 4713
f 5466 5435 5412
f 4216 5438 4249
f 4619 5468 5197
f 5437 5441 5413
f 4812 5470 4587
f 5470 5474 4587
f 4587 5474 5421
f 5449 5281 5324
f 5449 5423 5281
f 5382 5402 5403
f 5451 5450 5353
f 5455 5425 5454
f 5425 5455 5426
f 5456 5453 5424
f 5452 5431 4885
f 5429 5456 5329
f 5329 5456 5330
f 5478 5479 5429
f 5429 5479 5456
f 5459 5481 5430
f 5409 5480 5428
f 5480 5457 5428
f 5484 5464 5385
f 5340 5466 5412
f 5466 5486 5435
f 5435 5487 5437
f 5487 5441 5437
f 5441 5489 5442
f 5489 5490 5442
f 5490 5444 5442
f 5490 5491 5444
f 5491 5418 5444
f 5474 5493 5421
f 5316 5261 4398
f 5453 5500 5454
f 5454 5500 5455
f 5500 5450 5455
f 5500 5501 5450
f 5456 5502 5453
f 5457 5503 5478
f 5503 5479 5478
f 5480 5506 5457
f 5457 5506 5503
f 5503 5506 5479
f 5461 5504 5388
f 5388 5505 5432
f 5432 5505 5409
f 5505 5480 5409
f 5486 5487 5435
f 5468 5513 5197
f 5493 5476 4646
f 5320 5518 4225
f 5518 5220 4225
f 4398 5496 5324
f 5324 5519 5449
f 5521 5404 5402
f 5402 5404 5403
f 5453 5502 5500
f 5502 5523 5500
f 5500 5523 5501
f 5479 5524 5456
f 5525 5524 5479
f 5524 5502 5456
f 5504 5505 5388
f 5505 5526 5480
f 5480 5526 5506
f 5526 5527 5506
f 5283 5528 5240
f 5340 5509 5466
f 5509 5486 5466
f 5509 5532 5486
f 5532 5487 5486
f 5532 5533 5487
f 5533 5535 5487
f 5535 5441 5487
f 5535 5489 5441
f 5535 5536 5489
f 5536 5490 5489
f 5490 5514 5491
f 5491 5514 5418
f 5399 5323 5221
f 5323 5497 4602
f 5545 5452 4885
f 5546 5547 5502
f 5502 5547 5523
f 5547 5548 5523
f 5523 5548 5501
f 5524 5546 5502
f 5505 5504 5526
f 5504 5549 5526
f 5549 5527 5526
f 5557 5509 5340
f 5367 5560 4949
f 5561 5536 5535
f 5562 5490 5536
f 5562 5514 5490
f 4594 5563 4882
f 4882 5565 4852
f 5496 5519 5324
f 4817 5566 4141
f 5566 5350 4141
f 5350 5401 4883
f 5571 5569 5546
f 5546 5569 5547
f 5569 5548 5547
f 5570 5546 5524
f 5452 5572 5431
f 5575 5524 5525
f 5572 5461 5431
f 5461 5576 5504
f 5576 5580 5504
f 5504 5580 5549
f 5580 5579 5549
f 5549 5579 5527
f 5584 5558 5532
f 5391 5587 5367
f 5558 5559 5533
f 5587 5560 5367
f 5533 5559 5535
f 5536 5561 5562
f 5594 5420 5014
f 5220 5596 5322
f 5595 4594 4849
f 5597 5563 4594
f 5496 5599 5519
f 5521 5602 5404
f 5097 5545 4885
f 5545 5607 5452
f 5569 5603 5548
f 5607 5573 5452
f 5570 5571 5546
f 5571 5604 5569
f 5573 5572 5452
f 5573 5577 5576
f 5610 5575 5574
f 5577 5574 5578
f 5611 5551 5612
f 5614 5581 5611
f 5617 5554 5615
f 5582 5554 5617
f 5620 5582 5618
f 5557 5584 5509
f 5561 5623 5562
f 5623 5592 5562
f 4863 5438 5399
f 4588 5320 4846
f 5595 5597 4594
f 4544 5564 4599
f 5564 4698 4599
f 5631 5017 4601
f 5632 5404 5602
f 5634 5605 5604
f 5404 5528 5283
f 5570 5635 5571
f 5607 5637 5573
f 5639 5635 5570
f 5639 5570 5608
f 5637 5609 5573
f 5638 5608 5609
f 5608 5610 5609
f 5613 5611 5640
f 5643 5615 5641
f 5643 5617 5615
f 4942 5644 3635
f 5619 5618 5617
f 5621 5584 5557
f 4713 5646 4151
f 5646 4248 4151
f 5650 5587 5391
f 5586 5648 5589
f 5652 5396 5592
f 5537 5538 5656
f 4398 5629 5496
f 5660 5632 5602
f 5661 5545 5097
f 5635 5662 5571
f 5571 5662 5634
f 5638 5663 5608
f 5637 5638 5609
f 5664 5613 5665
f 5613 5640 5665
f 5640 5666 5665
f 5641 5664 5667
f 5641 5613 5664
f 5640 5642 5666
f 5617 5643 5668
f 5616 5619 5668
f 5668 5619 5617
f 5645 5647 5584
f 5584 5647 5586
f 5647 5648 5586
f 5650 5673 5587
f 4981 5468 4619
f 5587 5673 5560
f 5673 5677 5560
f 5651 5652 5623
f 5560 5539 4949
f 5197 5513 5261
f 5682 5633 5568
f 5662 5683 5634
f 5683 5684 5634
f 5684 5685 5634
f 5634 5685 5603
f 5685 5568 5603
f 5686 5662 5635
f 5607 5687 5637
f 5687 5663 5637
f 5637 5663 5638
f 5688 5665 5689
f 5665 5666 5689
f 5692 5667 5691
f 5642 5690 5689
f 5693 5616 5668
f 5695 5696 5645
f 5695 5645 5621
f 5696 5670 5645
f 5645 5670 5647
f 5671 4713 5465
f 5670 5698 5647
f 5647 5698 5648
f 5698 5676 5648
f 5648 5676 5651
f 5676 5700 5651
f 5677 5704 5560
f 5700 5702 5652
f 5700 5652 5651
f 5702 5703 5396
f 5702 5396 5652
f 5704 5539 5560
f 4844 5705 4588
f 4698 5706 5016
f 4602 5497 4657
f 5709 5685 5684
f 5632 5528 5404
f 5545 5710 5607
f 5710 5687 5607
f 5663 5711 5608
f 5711 5639 5608
f 5715 5691 5714
f 5716 5692 5691
f 5693 5668 5716
f 5668 5692 5716
f 5695 5717 5696
f 5717 5670 5696
f 5718 5670 5717
f 5671 5646 4713
f 5646 5719 4248
f 5718 5698 5670
f 5698 5699 5676
f 5699 5700 5676
f 5720 5704 5677
f 5629 5726 5496
f 5726 5599 5496
f 5350 5727 5401
f 5727 4549 5401
f 5660 5708 5632
f 5729 5684 5683
f 5661 5710 5545
f 5240 5735 5066
f 5735 5115 5066
f 5717 5736 5718
f 5718 5699 5698
f 5737 5700 5699
f 5737 5739 5700
f 5739 5740 5700
f 5700 5740 5702
f 5740 5703 5702
f 5539 5209 4949
f 5742 5166 5093
f 5743 5744 5660
f 5660 5744 5708
f 5686 5729 5683
f 5709 5745 5685
f 5745 5682 5685
f 5731 5730 5636
f 5687 5746 5663
f 5663 5746 5711
f 5750 5694 5434
f 5697 5736 5717
f 4913 5465 4369
f 5718 5736 5699
f 5737 5699 5736
f 5753 5739 5737
f 5564 5706 4698
f 5563 5565 4882
f 5631 4601 4699
f 5758 5707 5682
f 5682 5707 5633
f 5759 5729 5686
f 5745 5758 5682
f 5730 5759 5686
f 5711 5761 5639
f 5528 5771 5240
f 5771 5735 5240
f 4154 5772 4216
f 5773 5736 5697
f 5772 5438 4216
f 5773 5774 5736
f 5774 5737 5736
f 5774 5776 5737
f 5776 5753 5737
f 5753 5740 5739
f 5740 5780 5703
f 5015 5595 4849
f 5279 4312 4653
f 5097 5757 5661
f 5729 5787 5684
f 5787 5709 5684
f 4657 5760 5389
f 5746 5788 5711
f 5788 5761 5711
f 5762 5766 5747
f 5793 5773 5697
f 5773 5794 5774
f 5704 5797 5539
f 5776 5779 5753
f 5779 5798 5753
f 5798 5740 5753
f 5705 5320 4588
f 5801 5097 4548
f 5786 5726 5629
f 5743 5708 5744
f 5802 5632 5708
f 5803 5729 5759
f 5803 5787 5729
f 5730 5803 5759
f 5710 5804 5687
f 5804 5805 5687
f 5767 5771 5528
f 5115 4942 4367
f 5679 5793 5697
f 5793 5794 5773
f 5794 5776 5774
f 5816 5797 5704
f 5798 5818 5740
f 5740 5818 5780
f 5818 5819 5780
f 5261 5822 4398
f 5518 5596 5220
f 5824 5564 4544
f 4990 5801 4548
f 5784 5786 5629
f 5802 5528 5632
f 5803 5826 5787
f 5787 5826 5709
f 5826 5745 5709
f 5826 5827 5745
f 5745 5827 5758
f 5761 5803 5730
f 5731 5761 5730
f 5805 5746 5687
f 5679 5836 5793
f 5793 5836 5794
f 5836 5837 5794
f 5837 5839 5794
f 5794 5839 5776
f 5776 5839 5779
f 5839 5840 5779
f 5840 5798 5779
f 5840 5842 5798
f 5798 5842 5818
f 5821 5209 5539
f 5438 5843 5399
f 5513 5822 5261
f 5171 5824 4544
f 4398 5845 5629
f 5846 5497 5323
f 5743 5802 5708
f 5847 5758 5827
f 5848 5826 5803
f 5849 5826 5848
f 5826 5849 5827
f 5849 5847 5827
f 5761 5848 5803
f 5710 5852 5804
f 5854 5851 5746
f 5746 5851 5788
f 5852 5853 5804
f 5804 5853 5805
f 5853 5746 5805
f 5854 5746 5853
f 5810 5858 5833
f 5719 5859 4248
f 4248 5859 4154
f 5859 5772 4154
f 5842 5863 5818
f 5863 5819 5818
f 5865 4772 5166
f 5865 5167 4772
f 5866 5319 5347
f 5845 5784 5629
f 5706 5173 5016
f 5757 5871 5661
f 5661 5871 5710
f 5848 5874 5849
f 5849 5874 5847
f 5874 5872 5847
f 5710 5871 5852
f 5851 5873 5788
f 5788 5873 5761
f 5873 5848 5761
f 5871 5875 5852
f 5877 5878 5854
f 5854 5878 5851
f 5875 5876 5852
f 5852 5876 5853
f 5876 5854 5853
f 5876 5879 5854
f 5879 5877 5854
f 5880 5881 5875
f 5875 5881 5876
f 5881 5882 5876
f 5876 5882 5879
f 5882 5877 5879
f 5795 5836 5679
f 5795 5887 5836
f 5887 5837 5836
f 5887 5839 5837
f 5887 5889 5839
f 5889 5890 5839
f 5839 5890 5840
f 5890 5891 5840
f 5843 5323 5399
f 5209 5867 4990
f 5845 5897 5784
f 5897 5869 5784
f 5784 5869 5786
f 5743 5870 5802
f 5870 5901 5802
f 5802 5901 5528
f 5757 5904 5871
f 5903 5758 5847
f 5851 5905 5873
f 5873 5906 5848
f 5848 5906 5874
f 5906 5872 5874
f 5871 5907 5875
f 5907 5880 5875
f 5880 5909 5881
f 5909 5910 5881
f 5881 5910 5882
f 5910 5911 5882
f 5882 5911 5877
f 5389 5915 3771
f 5915 4245 3771
f 5891 5863 5840
f 5891 5892 5863
f 5797 5821 5539
f 5864 5822 5513
f 5322 5925 5171
f 5899 5727 5350
f 5631 5927 5017
f 5497 5760 4657
f 5902 5870 5825
f 5528 5901 5767
f 5873 5905 5906
f 5905 5931 5906
f 5931 5932 5906
f 5906 5932 5872
f 5878 5905 5851
f 5904 5907 5871
f 5907 5934 5880
f 5934 5909 5880
f 5909 5935 5910
f 5935 5911 5910
f 5939 5914 5938
f 5916 5914 5939
f 5940 5916 5939
f 5917 5916 5940
f 5465 5942 5671
f 5943 4913 5390
f 5886 5888 5887
f 5947 5919 5948
f 5949 5922 5950
f 5922 5923 5950
f 5742 5951 5166
f 5951 5865 5166
f 5866 5755 5319
f 5596 5925 5322
f 5381 5955 4353
f 4353 5955 5279
f 5930 5956 5870
f 5870 5956 5901
f 5905 5961 5931
f 5961 5957 5931
f 5957 5932 5931
f 5964 5905 5878
f 5904 5962 5907
f 5964 5878 5908
f 5962 5934 5907
f 5934 5968 5909
f 5909 5968 5935
f 5968 5969 5935
f 5969 5967 5935
f 5935 5967 5911
f 5938 5936 5970
f 5970 5912 5971
f 5912 5832 5971
f 5972 5939 5938
f 5940 5939 5972
f 5917 5940 5884
f 5975 5978 5976
f 5978 5977 5976
f 5918 5947 5975
f 5975 5947 5978
f 5947 5948 5978
f 5978 5948 5977
f 5919 5980 5948
f 5948 5980 5979
f 5920 5892 5891
f 5921 5949 5981
f 5949 5984 5981
f 5981 5984 5982
f 5984 5983 5982
f 5984 5985 5983
f 5566 5899 5350
f 5932 5991 5903
f 5995 5962 5904
f 5997 5970 5998
f 5999 6000 5998
f 5972 5938 5997
f 5938 5970 5997
f 5970 5999 5998
f 5940 5972 6001
f 5884 5940 6001
f 5941 5974 5944
f 6004 6008 5975
f 6003 5945 5974
f 5975 6008 5918
f 5918 6008 5816
f 6008 5797 5816
f 5985 5894 6012
f 5985 6012 5983
f 4990 5867 5801
f 5845 5952 5897
f 5173 5989 5631
f 6019 6020 5992
f 6020 5993 5992
f 6021 5958 5993
f 6022 5991 5958
f 6023 5995 5904
f 5996 6024 5994
f 5997 5998 6025
f 6001 5972 6026
f 5972 5997 6026
f 5884 6001 6028
f 6029 6002 5973
f 6029 6030 6002
f 6002 6032 5974
f 6032 6003 5974
f 6003 6033 5945
f 6034 5468 4981
f 6033 5920 5945
f 6033 6037 5920
f 5920 6037 5796
f 6008 5821 5797
f 4398 6042 5845
f 6042 6015 5845
f 6015 5952 5845
f 6017 5956 5930
f 6019 6046 6020
f 6046 6047 6020
f 6020 6047 6021
f 6022 6049 5991
f 6021 6048 5958
f 6048 6022 5958
f 6050 6024 5996
f 6051 6000 6052
f 6054 6026 6025
f 6025 6026 5997
f 6000 5971 6055
f 6028 6001 6053
f 6001 6026 6053
f 6056 5771 5767
f 6030 6032 6002
f 6004 6036 6008
f 6058 6033 6003
f 6062 6033 6058
f 6033 6064 6037
f 6074 5952 6015
f 6075 6023 5757
f 6023 5904 5757
f 6047 6048 6021
f 6048 6049 6022
f 6077 6076 6019
f 5995 6079 5996
f 6079 6050 5996
f 6080 6051 6081
f 5901 6056 5767
f 6084 6053 6083
f 5933 6028 6084
f 5933 5884 6028
f 5915 6085 4245
f 6085 4514 4245
f 6086 6029 5973
f 6086 6030 6029
f 5942 5646 5671
f 6087 6058 6032
f 6032 6058 6003
f 5943 5465 4913
f 6062 6064 6033
f 6064 6089 6037
f 6094 6089 6064
f 6092 6013 5468
f 5468 6013 5513
f 5705 6098 5320
f 6098 5518 5320
f 6099 5866 5594
f 5706 5989 5173
f 6017 6045 5956
f 6045 5901 5956
f 6102 6047 6046
f 6102 6103 6047
f 6047 6103 6048
f 6023 6104 5995
f 6104 6079 5995
f 6050 6105 6024
f 6083 6054 6106
f 6108 5644 4942
f 6031 6109 6086
f 6086 6109 6030
f 6109 6032 6030
f 6087 6062 6058
f 6062 6091 6064
f 6091 6094 6064
f 6036 5821 6008
f 6013 6115 5513
f 6118 5867 5209
f 5843 5846 5323
f 6100 6042 4398
f 6100 6015 6042
f 5279 6119 4312
f 6102 6121 6103
f 6103 6123 6048
f 6106 6127 6083
f 5115 6108 4942
f 6109 6128 6032
f 6128 6087 6032
f 6034 6092 5468
f 6087 6131 6062
f 6131 6132 6062
f 6062 6132 6091
f 6073 5864 5513
f 5821 6118 5209
f 6049 6138 6018
f 6077 6139 6076
f 6139 6121 6046
f 6139 6046 6076
f 6121 6102 6046
f 6122 6123 6103
f 6123 6124 6048
f 6048 6124 6049
f 6045 6056 5901
f 6106 6140 6127
f 6146 6057 5750
f 6109 6147 6128
f 6148 6036 6004
f 6128 6131 6087
f 6151 6152 6132
f 6132 6152 6091
f 6152 6153 6091
f 6091 6153 6094
f 6153 6133 6094
f 6155 5843 5438
f 6135 6157 5657
f 6041 5565 5563
f 5565 4817 4852
f 5727 6161 4549
f 6161 5381 4549
f 6120 6045 6017
f 6075 6165 6023
f 6124 6138 6049
f 6165 6167 6023
f 6166 6139 6077
f 6121 6122 6103
f 6167 6104 6023
f 6104 6170 6079
f 6079 6170 6050
f 6170 6105 6050
f 5735 6175 5115
f 6176 6147 6031
f 6031 6147 6109
f 6178 6128 6147
f 6131 6180 6132
f 6180 6151 6132
f 6180 6152 6151
f 5864 6187 5822
f 6188 5951 5742
f 6189 6193 6190
f 6193 6191 6190
f 6192 5705 4844
f 6194 6193 6189
f 6156 6195 6193
f 6193 6195 6191
f 6193 6194 6156
f 6156 6194 6135
f 5597 6041 5563
f 5822 6100 4398
f 6100 6197 6015
f 6197 6074 6015
f 6163 5757 5097
f 5846 5760 5497
f 6201 6122 6121
f 6165 6168 6167
f 6212 6147 6176
f 6149 6147 6212
f 6149 6178 6147
f 6178 6214 6128
f 6128 6214 6131
f 6131 6214 6180
f 6180 6183 6152
f 6183 6215 6152
f 6215 6153 6152
f 6153 6216 6133
f 5167 6192 4844
f 6218 6222 6189
f 6222 6194 6189
f 5925 5824 5171
f 5564 5989 5706
f 6161 6227 5381
f 5801 6163 5097
f 6227 5955 5381
f 5927 6228 5567
f 6229 6120 6138
f 6166 6231 6139
f 6231 6121 6139
f 6231 6201 6121
f 6201 6232 6122
f 6232 6233 6122
f 6122 6233 6123
f 6233 6124 6123
f 6233 6234 6124
f 5760 6240 5389
f 6209 6210 6145
f 6175 6108 5115
f 6149 6214 6178
f 6245 6246 6214
f 6214 6246 6180
f 6215 6216 6153
f 6216 6247 6133
f 6155 6117 5843
f 6251 6157 6194
f 6254 6256 5822
f 5822 6256 6100
f 6256 6257 6100
f 6257 6197 6100
f 5899 6259 5727
f 5757 6260 6075
f 6229 6230 6120
f 6120 6230 6045
f 6075 6261 6165
f 6261 6200 6165
f 6045 6262 6056
f 6231 6166 6200
f 6263 6201 6231
f 6263 6264 6201
f 6264 6232 6201
f 6264 6265 6232
f 6265 6233 6232
f 6265 6234 6233
f 5946 6176 6031
f 6176 6273 6212
f 6244 6214 6149
f 6244 6245 6214
f 6246 6275 6180
f 6180 6275 6183
f 6275 6276 6183
f 6276 6215 6183
f 6222 6278 6194
f 6280 5925 5596
f 6281 6254 5822
f 6257 6256 6255
f 6259 6161 5727
f 6230 6262 6045
f 6261 6285 6200
f 6200 6285 6231
f 6263 6287 6264
f 6286 6138 6234
f 6287 6288 6264
f 6288 6265 6264
f 6265 6266 6234
f 6290 6268 6267
f 6291 6272 6271
f 6292 5646 5942
f 5946 6273 6176
f 5946 6293 6273
f 6036 6296 5821
f 6295 6245 6244
f 6276 6299 6216
f 6276 6216 6215
f 6299 6247 6216
f 5513 6115 6073
f 6301 5742 5755
f 5843 6303 5846
f 6254 6255 6256
f 6305 6230 6229
f 6260 6261 6075
f 6305 6262 6230
f 6231 6307 6263
f 6266 6310 6286
f 6287 6311 6288
f 6288 6311 6308
f 6288 6308 6265
f 6311 6309 6308
f 6308 6309 6265
f 6265 6309 6266
f 6309 6310 6266
f 6314 6315 6312
f 6315 6316 6312
f 6312 6316 6313
f 6316 6317 6313
f 6314 6318 6315
f 6318 6319 6315
f 6315 6319 6316
f 6316 6319 6317
f 6208 6320 6289
f 6295 6325 6245
f 6325 6326 6245
f 6326 6246 6245
f 6246 6298 6275
f 6298 6276 6275
f 6223 6279 6329
f 6330 6254 6281
f 6330 6331 6254
f 5565 6336 4817
f 6336 5566 4817
f 5899 6337 6259
f 6163 6338 5757
f 6285 6307 6231
f 6263 6341 6287
f 6340 6341 6263
f 6340 6263 6307
f 6287 6341 6311
f 6341 6344 6311
f 6311 6344 6309
f 6344 6345 6309
f 6309 6345 6310
f 6312 6347 6314
f 6347 6349 6314
f 6349 6350 6314
f 6314 6350 6318
f 6350 6351 6318
f 6351 6352 6318
f 6318 6352 6319
f 6352 6353 6319
f 6354 6289 6320
f 6297 6324 5946
f 6292 5719 5646
f 6324 6293 5946
f 6324 6295 6293
f 6324 6325 6295
f 6327 6328 6369
f 6368 6276 6298
f 6368 6299 6276
f 5015 6372 5595
f 6372 5597 5595
f 6304 6330 6281
f 5566 6337 5899
f 6374 5279 5955
f 6374 6119 5279
f 6334 5760 5846
f 6375 6262 6305
f 6285 6376 6307
f 6344 6378 6345
f 6345 6339 6310
f 6379 6347 6312
f 6383 6355 6381
f 6355 6354 6381
f 6356 6355 6383
f 6384 6356 6383
f 5915 6386 6085
f 6358 6356 6384
f 6359 6358 6389
f 6323 6359 6389
f 6359 6323 6272
f 5859 6392 5772
f 6392 5438 5772
f 6148 6393 6036
f 6393 6296 6036
f 6365 6367 6395
f 6364 6366 6326
f 6366 6298 6326
f 6366 6368 6298
f 6368 6396 6299
f 5951 6398 5865
f 6398 6399 5865
f 6399 5167 5865
f 6371 6301 5866
f 6301 5755 5866
f 6400 5518 6098
f 6187 6281 5822
f 6302 6281 6187
f 6302 6304 6281
f 6261 6403 6285
f 6403 6376 6285
f 6341 6404 6344
f 6404 6378 6344
f 6378 6405 6345
f 6379 6408 6347
f 6347 6408 6349
f 6408 6413 6349
f 6349 6413 6350
f 6350 6413 6351
f 6413 6414 6351
f 6351 6414 6352
f 6352 6414 6353
f 6383 6412 6415
f 6384 6383 6415
f 6417 6389 6416
f 6389 6384 6416
f 6323 6389 6417
f 6418 6297 6390
f 6391 6362 6324
f 5943 6419 5465
f 6419 5942 5465
f 6421 6393 6148
f 6391 6364 6362
f 6392 6155 5438
f 6395 6367 6425
f 6366 6396 6368
f 6369 6426 6425
f 6303 5843 6117
f 5925 6431 5824
f 6431 5564 5824
f 6337 6433 6161
f 6337 6161 6259
f 6334 6202 5760
f 6376 6435 6307
f 6435 6340 6307
f 6340 6435 6341
f 6435 6404 6341
f 6404 6436 6378
f 6378 6436 6405
f 6405 6437 6345
f 6345 6437 6339
f 6202 6240 5760
f 6382 6440 6439
f 6382 6441 6440
f 6415 6412 6442
f 6442 6412 6438
f 6416 6415 6442
f 6416 6384 6415
f 6444 6418 6390
f 6419 6292 5942
f 6420 6423 6364
f 6423 6366 6364
f 6301 6188 5742
f 6188 6398 5951
f 6218 6450 6222
f 6450 6278 6222
f 6431 5989 5564
f 6432 5565 6041
f 6336 6337 5566
f 6433 6227 6161
f 6455 6260 5757
f 6260 6456 6261
f 6375 6457 6262
f 6456 6403 6261
f 6457 6458 6262
f 6403 6459 6376
f 6459 6435 6376
f 6461 6436 6404
f 6465 6442 6464
f 6468 6469 6418
f 6468 6418 6444
f 6470 6418 6469
f 6470 6391 6418
f 6470 6420 6391
f 6420 6474 6423
f 6423 6477 6366
f 6477 6394 6366
f 6366 6394 6396
f 6477 6478 6394
f 6399 6480 5167
f 6482 6098 5705
f 5518 6485 5596
f 5597 6487 6041
f 6488 6431 5925
f 6303 6334 5846
f 6336 6433 6337
f 5927 6491 6228
f 5757 6338 6455
f 6456 6493 6403
f 6493 6459 6403
f 6494 6495 6459
f 6495 6435 6459
f 6502 6464 6500
f 6501 6465 6502
f 6417 6465 6501
f 6467 6468 6444
f 6471 6419 5943
f 6419 6503 6292
f 6503 5719 6292
f 6507 6472 6470
f 6470 6472 6420
f 6421 6504 6393
f 6504 6509 6393
f 6393 6509 6296
f 6420 6472 6474
f 6472 6510 6474
f 6474 6477 6423
f 6296 6516 5821
f 5864 6481 6187
f 6372 6519 5597
f 6519 6487 5597
f 6303 6520 6334
f 6452 6522 6283
f 6524 6433 6336
f 6524 6525 6433
f 5631 6527 5927
f 6528 6529 6163
f 6163 6529 6338
f 6529 6530 6338
f 6530 6455 6338
f 6455 6456 6260
f 6262 6458 6056
f 6458 6532 6056
f 6493 6494 6459
f 6533 6494 6493
f 6533 6535 6494
f 6535 6495 6494
f 6535 6536 6495
f 6495 6534 6435
f 6536 6534 6495
f 6534 6404 6435
f 6500 6535 6533
f 6500 6463 6535
f 6463 6536 6535
f 6463 6499 6536
f 6500 6542 6502
f 6108 6543 5644
f 6467 6544 6468
f 6544 6469 6468
f 6544 6470 6469
f 6544 6507 6470
f 6508 6545 6504
f 6509 6516 6296
f 6510 6477 6474
f 6549 6477 6510
f 6225 6371 6099
f 6481 6483 6451
f 6487 6551 6041
f 6432 6041 6551
f 6432 6553 5565
f 5565 6553 6336
f 6553 6524 6336
f 6553 6554 6524
f 6554 6525 6524
f 6525 6227 6433
f 6455 6558 6456
f 6456 6558 6493
f 6558 6533 6493
f 6560 6404 6534
f 6436 6561 6405
f 6561 6437 6405
f 6536 6562 6560
f 6542 6500 6533
f 6499 6539 6536
f 6536 6539 6562
f 6056 6566 5771
f 6240 5915 5389
f 6567 6543 6108
f 6503 6569 5719
f 6569 5859 5719
f 6507 6510 6472
f 6546 6572 6545
f 6545 6572 6509
f 6571 6549 6510
f 6572 6516 6509
f 6549 6573 6477
f 6573 6478 6477
f 6478 6548 6394
f 6480 6192 5167
f 5864 6578 6481
f 6578 6483 6481
f 6553 6583 6554
f 6526 6527 5631
f 6583 6584 6554
f 6584 6585 6554
f 6554 6585 6525
f 6525 6585 6227
f 6227 6585 5955
f 6585 6374 5955
f 6455 6587 6558
f 6559 6457 6375
f 6558 6587 6533
f 6560 6461 6404
f 6532 6566 6056
f 6533 6587 6542
f 6587 6592 6542
f 6592 6563 6542
f 6566 6594 5771
f 6594 5735 5771
f 6240 6386 5915
f 6467 6568 6544
f 6471 6595 6419
f 6568 6507 6544
f 6568 6570 6507
f 6507 6570 6510
f 6570 6571 6510
f 6597 6571 6570
f 6092 6574 6013
f 6599 6549 6571
f 6574 6115 6013
f 6192 6482 5705
f 6400 6603 5518
f 6602 6372 5015
f 6603 6485 5518
f 6280 6604 5925
f 6519 6605 6487
f 6605 6551 6487
f 6606 6432 6551
f 6606 6607 6432
f 6608 6528 6163
f 6609 6529 6528
f 6557 6202 6334
f 6529 6610 6530
f 6610 6586 6530
f 6586 6455 6530
f 6455 6611 6587
f 6559 6612 6457
f 6612 6458 6457
f 6611 6588 6587
f 6560 6589 6461
f 6461 6561 6436
f 6614 6589 6560
f 6588 6592 6587
f 6592 6593 6563
f 6593 6620 6563
f 6594 6622 5735
f 6622 6175 5735
f 6175 6567 6108
f 6624 6597 6570
f 6596 6625 6546
f 6597 6599 6571
f 6599 6628 6549
f 6549 6628 6573
f 6628 6629 6573
f 6629 6478 6573
f 6629 6548 6478
f 6604 6488 5925
f 6636 6605 6635
f 6605 6636 6551
f 6636 6606 6551
f 6606 6639 6607
f 6638 6639 6606
f 6640 6553 6432
f 5801 6556 6163
f 6583 6641 6584
f 6641 6585 6584
f 6608 6609 6528
f 6611 6643 6588
f 6561 6613 6437
f 6643 6648 6588
f 6646 6589 6614
f 6588 6648 6592
f 6652 6618 6617
f 6592 6648 6593
f 6648 6654 6593
f 6593 6654 6620
f 6620 6657 6565
f 6595 6659 6419
f 6419 6659 6503
f 6569 6392 5859
f 6658 6624 6568
f 6624 6570 6568
f 6597 6662 6599
f 6599 6662 6628
f 6628 6664 6629
f 6629 6665 6548
f 6218 6668 6450
f 6278 6450 6251
f 6450 6634 6251
f 6578 6600 6483
f 6670 6605 6519
f 6670 6635 6605
f 6673 6674 6671
f 6674 6635 6671
f 6635 6675 6636
f 6674 6675 6635
f 6676 6677 6673
f 6673 6677 6674
f 6675 6606 6636
f 6677 6675 6674
f 6675 6638 6606
f 6677 6638 6675
f 5867 6556 5801
f 6676 6678 6677
f 6678 6639 6677
f 6677 6639 6638
f 6607 6640 6432
f 6610 6529 6609
f 6611 6681 6643
f 6612 6645 6458
f 6681 6649 6643
f 6557 6240 6202
f 6646 6683 6589
f 6683 6461 6589
f 6643 6649 6648
f 6648 6651 6654
f 6651 6685 6654
f 6685 6652 6654
f 6654 6652 6617
f 6622 6691 6175
f 6691 6567 6175
f 6568 6693 6658
f 6658 6694 6624
f 6624 6694 6597
f 6694 6662 6597
f 6695 6664 6628
f 6664 6665 6629
f 6485 6280 5596
f 6697 6635 6670
f 6671 6698 6673
f 6698 6700 6673
f 6673 6700 6676
f 6700 6678 6676
f 6678 6701 6639
f 6640 6583 6553
f 6641 6679 6585
f 6556 6608 6163
f 6680 6703 6612
f 6704 6681 6611
f 6681 6705 6649
f 6705 6682 6649
f 6706 6707 6682
f 6682 6707 6647
f 6647 6707 6646
f 6707 6683 6646
f 6708 6461 6683
f 6709 6613 6561
f 6693 6714 6658
f 6714 6694 6658
f 6694 6717 6662
f 6718 6516 6572
f 6717 6695 6662
f 6695 6628 6662
f 6695 6722 6664
f 6722 6665 6664
f 5864 6726 6578
f 6670 6729 6697
f 6671 6731 6698
f 6678 6732 6701
f 6732 6639 6701
f 6732 6733 6639
f 6733 6607 6639
f 6733 6640 6607
f 6679 6374 6585
f 6586 6736 6455
f 6736 6611 6455
f 6703 6645 6612
f 6704 6737 6681
f 6737 6705 6681
f 6738 6644 6613
f 6707 6739 6683
f 6739 6708 6683
f 6708 6740 6461
f 6461 6740 6561
f 6740 6709 6561
f 6709 6741 6613
f 6748 6714 6693
f 6714 6750 6694
f 6750 6717 6694
f 6718 6630 6516
f 6723 6753 6665
f 6722 6723 6665
f 6756 6668 6218
f 6519 6758 6670
f 6698 6731 6700
f 6731 6759 6700
f 6700 6732 6678
f 6640 6760 6583
f 6760 6641 6583
f 6610 6762 6586
f 6737 6763 6705
f 6763 6764 6705
f 6705 6764 6706
f 6764 6707 6706
f 6767 6766 6740
f 6740 6766 6709
f 6766 6741 6709
f 6768 6775 6566
f 6566 6775 6594
f 6594 6775 6622
f 6775 6780 6622
f 6622 6780 6691
f 6691 6780 6567
f 6780 6778 6567
f 6567 6778 6543
f 6782 6748 6693
f 6659 6783 6503
f 6503 6783 6569
f 6749 6750 6714
f 6750 6751 6717
f 6751 6785 6717
f 6717 6785 6695
f 6516 6630 5821
f 6789 6790 5864
f 6790 6725 5864
f 6791 6398 6188
f 6725 6726 5864
f 6793 6758 6519
f 6796 6758 6795
f 6730 6794 6672
f 6796 6797 6729
f 6729 6797 6671
f 6797 6731 6671
f 6700 6759 6732
f 6431 6523 5989
f 6759 6801 6732
f 6801 6733 6732
f 6803 6804 6801
f 6801 6804 6733
f 6733 6805 6640
f 6805 6733 6804
f 6805 6760 6640
f 6608 6807 6609
f 6609 6807 6610
f 6807 6808 6610
f 6808 6762 6610
f 6809 6703 6680
f 6707 6811 6739
f 6811 6708 6739
f 6811 6815 6708
f 6816 6817 6740
f 6817 6767 6740
f 6812 6766 6767
f 6821 6822 6818
f 6818 6822 6819
f 6822 6823 6819
f 6823 6824 6819
f 6819 6824 6820
f 6821 6826 6822
f 6826 6827 6822
f 6822 6827 6823
f 6823 6827 6824
f 6566 6829 6768
f 6770 6771 6828
f 6829 6833 6768
f 6836 6832 6831
f 6833 6772 6768
f 6836 6837 6832
f 6779 6837 6836
f 6772 6777 6776
f 6569 6844 6392
f 6749 6843 6784
f 6846 6722 6785
f 6722 6847 6723
f 6847 6753 6723
f 6630 6118 5821
f 6073 6789 5864
f 6789 6788 6790
f 6852 6725 6790
f 6853 6188 6301
f 6667 6725 6852
f 6482 6854 6098
f 6854 6400 6098
f 6667 6726 6725
f 6795 6758 6793
f 6856 6731 6796
f 6796 6731 6797
f 6731 6858 6759
f 6858 6861 6759
f 6759 6862 6801
f 6862 6863 6801
f 6801 6863 6803
f 6863 6804 6803
f 6809 6645 6703
f 6611 6865 6704
f 6865 6737 6704
f 6763 6867 6764
f 6866 6813 6812
f 6869 6532 6645
f 6767 6866 6812
f 6817 6868 6767
f 6818 6874 6821
f 6873 6874 6872
f 6872 6874 6818
f 6874 6876 6821
f 6821 6876 6826
f 6876 6877 6826
f 6826 6877 6827
f 6877 6878 6827
f 6830 6834 6833
f 6240 6745 6386
f 6884 6885 6779
f 6779 6885 6837
f 6595 6891 6659
f 6890 6784 6843
f 6783 6844 6569
f 6034 6893 6092
f 6092 6893 6574
f 6845 6895 6751
f 6895 6785 6751
f 6895 6846 6785
f 6847 6896 6753
f 6846 6847 6722
f 6900 6789 6073
f 6788 6852 6790
f 6853 6791 6188
f 6480 6482 6192
f 6601 6853 6301
f 6793 6903 6795
f 6905 6856 6796
f 6856 6906 6731
f 5867 6907 6556
f 6906 6858 6731
f 6858 6906 6908
f 6858 6911 6861
f 6861 6862 6759
f 6556 6915 6608
f 6915 6807 6608
f 6916 6808 6807
f 6762 6736 6586
f 6921 6922 6737
f 6737 6922 6763
f 6813 6920 6765
f 6922 6867 6763
f 6764 6867 6707
f 6707 6923 6811
f 6868 6924 6767
f 6924 6866 6767
f 6815 6816 6708
f 6873 6876 6874
f 6929 6879 6930
f 6879 6882 6930
f 6532 6829 6566
f 6876 6931 6877
f 6931 6878 6877
f 6935 6828 6929
f 6932 6936 6830
f 6938 6881 6935
f 6936 6834 6830
f 6936 6835 6834
f 6936 6933 6835
f 6933 6769 6835
f 6840 6881 6938
f 6884 6939 6885
f 6940 6887 6938
f 6887 6840 6938
f 6888 6887 6940
f 6889 6843 6782
f 6891 6783 6659
f 6034 6944 6893
f 6890 6943 6845
f 6944 6948 6893
f 6392 6950 6155
f 6948 6574 6893
f 6846 6896 6847
f 6896 6952 6753
f 6849 6953 6848
f 6574 6955 6115
f 6900 6957 6789
f 6957 6788 6789
f 6901 6788 6957
f 6118 6851 5867
f 6602 6961 6372
f 6961 6903 6793
f 6908 6911 6858
f 6963 6911 6908
f 6965 6911 6963
f 6488 6523 6431
f 6911 6965 6861
f 6967 6861 6965
f 6861 6967 6862
f 6967 6863 6862
f 6863 6968 6804
f 6968 6805 6804
f 6915 6916 6807
f 6916 6762 6808
f 6809 6971 6645
f 6736 6972 6611
f 6972 6865 6611
f 6974 6810 6920
f 6924 6973 6866
f 6866 6973 6813
f 6973 6919 6813
f 6923 6925 6811
f 6815 6977 6816
f 6977 6817 6816
f 6929 6979 6978
f 6930 6980 6979
f 6927 6986 6873
f 6982 6935 6978
f 6935 6929 6978
f 6929 6930 6979
f 6930 6882 6983
f 6873 6986 6876
f 6989 6935 6982
f 6876 6986 6931
f 6986 6988 6931
f 6931 6988 6878
f 6938 6935 6989
f 6994 6939 6884
f 6995 6940 6938
f 6997 6940 6995
f 6997 6888 6940
f 6942 6890 6843
f 6942 6943 6890
f 6891 7000 6783
f 6844 6950 6392
f 6943 6895 6845
f 6895 7005 6846
f 6948 7009 6574
f 7005 7007 6846
f 7007 6896 6846
f 7007 7008 6896
f 7008 6952 6896
f 7009 6955 6574
f 6792 6853 6601
f 7018 6908 7017
f 7017 6908 6906
f 7019 6908 7018
f 7020 7021 7019
f 7021 6963 7019
f 7019 6963 6908
f 7020 7023 7021
f 7023 6963 7021
f 7025 7023 7020
f 7023 6965 6963
f 7025 7028 7023
f 7028 7029 7023
f 7023 7029 6965
f 6968 7030 6805
f 7030 6760 6805
f 6520 6914 6334
f 6556 7034 6915
f 6915 6736 6916
f 6736 6762 6916
f 6918 6969 6809
f 6969 6971 6809
f 6973 7035 6919
f 7035 7036 6919
f 6919 6974 6920
f 6865 6921 6737
f 7037 7038 6922
f 6922 7038 6867
f 7038 6923 6867
f 7040 6973 6924
f 6923 6975 6925
f 7041 6978 7042
f 6978 6979 7042
f 6979 7043 7042
f 6980 6983 7043
f 7044 6978 7041
f 7045 6982 7044
f 6989 6982 7045
f 6995 6938 6989
f 6557 7047 6240
f 7047 6745 6240
f 6997 6995 7046
f 7048 6941 6889
f 7048 7049 6941
f 6941 7049 6942
f 7050 6942 7049
f 7050 7051 6942
f 6942 7051 6943
f 6660 7052 6595
f 7052 6891 6595
f 6943 7051 6895
f 7051 7005 6895
f 7054 7057 6948
f 6948 7057 7009
f 7056 7007 7005
f 7008 7058 6952
f 7009 7062 6955
f 6630 6851 6118
f 6955 6073 6115
f 6900 7014 6957
f 7064 7065 6792
f 6792 7065 6853
f 6855 7064 6792
f 6961 6158 7066
f 6960 7064 6855
f 6905 7017 6906
f 6303 7070 6520
f 7019 7074 7020
f 6604 7072 6488
f 7020 7074 7025
f 7074 7078 7025
f 7078 7028 7025
f 7082 7029 7028
f 7029 7083 6965
f 7083 6967 6965
f 6967 6968 6863
f 6907 6864 6556
f 7030 6641 6760
f 6864 7034 6556
f 6915 7034 6736
f 6971 6869 6645
f 7036 6974 6919
f 7037 7086 7038
f 7038 7085 7039
f 7038 7039 6923
f 7039 7040 6924
f 6921 7037 6922
f 7091 7044 7041
f 7045 7044 7092
f 7094 6989 7045
f 6995 6989 7094
f 6829 7095 6830
f 7095 6932 6830
f 7096 6995 7094
f 7046 6995 7096
f 6998 7048 6889
f 7097 7049 7048
f 7097 7098 7049
f 7098 7050 7049
f 7000 7099 6783
f 7099 6844 6783
f 7098 7051 7050
f 7098 7056 7051
f 7051 7056 7005
f 7056 7104 7007
f 7104 7105 7007
f 7105 7008 7007
f 7105 7058 7008
f 6668 6634 6450
f 7067 7112 7015
f 7017 6905 6903
f 7121 7018 7017
f 7018 7124 7019
f 7124 7125 7019
f 7019 7125 7074
f 7070 7126 6520
f 7075 7069 7073
f 7074 7125 7078
f 7125 7131 7078
f 7126 7027 6520
f 7131 7135 7078
f 7078 7135 7028
f 7135 7082 7028
f 7137 7029 7082
f 6520 7141 6914
f 6334 6914 6557
f 6865 7143 6921
f 7086 7085 7038
f 7085 7040 7039
f 7143 7037 6921
f 7145 7144 7037
f 7144 7086 7037
f 7091 7041 7087
f 7096 7094 7148
f 6932 6933 6936
f 7149 7046 7096
f 7047 7151 6745
f 6999 7097 6998
f 6998 7097 7048
f 7152 7098 7097
f 7052 7000 6891
f 7152 7056 7098
f 7056 7160 7104
f 7104 7161 7105
f 7161 7058 7105
f 7169 6900 6073
f 6117 7110 6303
f 7171 6791 6853
f 7110 7118 6303
f 6668 7111 6634
f 6303 7118 7070
f 7174 7017 7175
f 7177 7121 7174
f 7121 7017 7174
f 7177 7124 7018
f 7179 7124 7177
f 7179 7180 7124
f 7070 7123 7126
f 7180 7125 7124
f 7180 7183 7125
f 7181 7183 7180
f 7129 7027 7126
f 7183 7131 7125
f 7184 7183 7181
f 7183 7184 7135
f 7183 7135 7131
f 7137 7135 7184
f 7135 7137 7082
f 7137 7083 7029
f 7190 7083 7137
f 7083 7191 6967
f 7190 7191 7083
f 7191 6968 6967
f 7191 7193 7030
f 7191 7030 6968
f 7193 7194 7030
f 6374 7195 6119
f 7034 7198 6736
f 7142 6971 6969
f 7040 7035 6973
f 7036 7199 6974
f 7200 7085 7086
f 7203 7143 7201
f 7143 7145 7037
f 7144 7202 7086
f 7202 7200 7086
f 7203 7206 7143
f 7143 7206 7145
f 7145 7207 7144
f 7208 6532 6869
f 7095 6933 6932
f 7210 7097 6999
f 7210 7152 7097
f 7099 6950 6844
f 7211 7056 7152
f 7211 7214 7056
f 7214 7160 7056
f 6955 7169 6073
f 6117 7219 7109
f 7220 7170 6900
f 6900 7170 7014
f 7171 6398 6791
f 7065 7171 6853
f 7172 7221 7064
f 7064 7221 7065
f 7226 7228 7227
f 7228 7175 7227
f 7227 7175 7115
f 7230 7228 7226
f 7228 7174 7175
f 7234 7177 7231
f 7231 7177 7230
f 7230 7177 7228
f 6851 6907 5867
f 7232 7236 7233
f 7236 7237 7233
f 7233 7237 7234
f 7237 7177 7234
f 7236 7238 7237
f 7238 7179 7237
f 7232 7241 7236
f 7241 7238 7236
f 7179 7177 7237
f 7182 7243 7239
f 7243 7244 7239
f 7239 7244 7242
f 7244 7241 7242
f 7242 7241 7240
f 7179 7181 7180
f 7246 7238 7241
f 7246 7179 7238
f 7244 7245 7241
f 7245 7246 7241
f 7247 7243 7182
f 7243 7248 7244
f 7248 7245 7244
f 7246 7181 7179
f 7249 7248 7243
f 7248 7250 7245
f 7247 7249 7243
f 7248 7249 7250
f 7250 7251 7245
f 7245 7252 7246
f 7251 7252 7245
f 7252 7181 7246
f 7253 7254 7247
f 7247 7254 7249
f 7249 7254 7250
f 7254 7255 7250
f 7250 7255 7251
f 7256 7251 7255
f 7252 7184 7181
f 7256 7257 7251
f 7251 7257 7252
f 7257 7184 7252
f 7256 7258 7257
f 7258 7259 7257
f 7257 7259 7184
f 7259 7260 7184
f 7184 7261 7137
f 7261 7184 7260
f 7264 7190 7137
f 7266 7191 7190
f 7139 6527 6526
f 7268 7194 7193
f 7268 7269 7194
f 7194 7269 7030
f 7269 6641 7030
f 7269 6679 6641
f 7027 7141 6520
f 6972 7273 6865
f 6865 7273 7143
f 6914 7275 6557
f 7273 7201 7143
f 7274 7085 7200
f 7202 7276 7200
f 7277 7276 7202
f 7144 7277 7202
f 7144 7207 7277
f 7277 7278 7276
f 7206 7207 7145
f 7281 7207 7206
f 7280 7283 7203
f 7203 7283 7206
f 7283 7281 7206
f 7283 7285 7281
f 7280 7286 7283
f 7286 7287 7283
f 7287 7285 7283
f 7288 6880 6933
f 7151 7290 6745
f 7291 7292 7210
f 7210 7211 7152
f 7292 7293 7211
f 7292 7211 7210
f 7293 7214 7211
f 7214 7296 7160
f 7296 7104 7160
f 7296 7298 7104
f 7104 7298 7161
f 7161 7295 7058
f 6950 6117 6155
f 6950 7219 6117
f 7221 7171 7065
f 7066 7173 7306
f 7308 7230 7226
f 7311 7312 7309
f 7312 7310 7309
f 7231 7312 7234
f 7312 7231 7310
f 7232 7313 7241
f 7314 7316 7315
f 7317 7318 7253
f 7253 7318 7254
f 7320 7319 7318
f 7318 7319 7254
f 7254 7319 7255
f 7322 7323 7255
f 7255 7323 7256
f 7256 7324 7258
f 7324 7325 7258
f 7324 7327 7325
f 7325 7326 7258
f 7258 7326 7259
f 7325 7327 7326
f 7327 7328 7326
f 7259 7326 7260
f 7328 7260 7326
f 7329 7261 7260
f 7261 7330 7137
f 7137 7330 7264
f 7330 7266 7190
f 7330 7190 7264
f 7268 7335 7269
f 7335 6679 7269
f 6736 7198 6972
f 7274 7035 7085
f 7089 7093 7340
f 7089 7340 7205
f 7201 7273 7203
f 7278 7341 7276
f 7203 7273 7280
f 7281 7342 7207
f 7342 7343 7207
f 7207 7343 7277
f 7343 7278 7277
f 7273 7345 7280
f 7345 7347 7280
f 7280 7347 7286
f 7347 7348 7286
f 7348 7349 7286
f 7286 7349 7287
f 7349 7350 7287
f 7350 7284 7287
f 7288 7351 6880
f 6999 7291 7210
f 7353 7052 7001
f 7052 7354 7000
f 7355 6630 6718
f 7293 7358 7214
f 7214 7358 7296
f 7298 7361 7161
f 7361 7295 7161
f 7299 6851 6630
f 7109 7110 6117
f 7304 7362 7223
f 7223 7362 7113
f 7362 7172 7113
f 7366 7173 7365
f 7308 7231 7230
f 7371 7311 7368
f 7369 7311 7309
f 7368 7311 7369
f 6485 7370 6280
f 7370 6604 6280
f 7371 7313 7232
f 7313 7371 7240
f 7373 7316 7374
f 7316 7240 7375
f 7317 7320 7318
f 7317 7376 7320
f 7321 7376 7317
f 7377 7319 7320
f 7377 7322 7255
f 7377 7255 7319
f 7323 7324 7256
f 7322 7324 7323
f 7322 7379 7324
f 7380 7327 7324
f 7380 7381 7327
f 7381 7382 7327
f 7327 7382 7328
f 7328 7329 7260
f 7382 7329 7328
f 7383 7261 7329
f 7383 7330 7261
f 7266 7384 7191
f 7191 7384 7193
f 7193 7384 7268
f 7384 7385 7268
f 7268 7385 7335
f 6864 7198 7034
f 6972 7198 7273
f 7342 7394 7343
f 7394 7395 7343
f 7343 7395 7278
f 7397 7342 7281
f 7396 7345 7273
f 7344 7397 7281
f 7398 7284 7282
f 7398 7400 7284
f 7095 7288 6933
f 7346 7047 6557
f 7353 7354 7052
f 7000 7354 7099
f 7291 7402 7292
f 7402 7403 7292
f 7099 7404 6950
f 7403 7406 7292
f 7292 7406 7293
f 7293 7406 7358
f 7406 7408 7358
f 7408 7410 7358
f 7358 7410 7296
f 7410 7298 7296
f 7410 7411 7298
f 7298 7411 7361
f 7171 7413 6398
f 6398 7413 6399
f 7413 7414 6399
f 7362 7416 7172
f 7416 7221 7172
f 6756 7365 6668
f 7418 7304 7364
f 7304 7415 7362
f 7419 7365 7420
f 7110 7417 7305
f 7417 7364 7305
f 7425 7367 7426
f 7310 7231 7426
f 7426 7231 7421
f 7308 7421 7231
f 7368 7369 7427
f 7375 7371 7427
f 7371 7368 7427
f 7235 7430 7424
f 7429 7375 7428
f 7430 7374 7429
f 7374 7375 7429
f 7371 7375 7240
f 7372 7373 7430
f 7372 7430 7235
f 7431 7432 7376
f 7431 7376 7321
f 7376 7377 7320
f 7432 7433 7377
f 7432 7377 7376
f 7433 7435 7377
f 7435 7322 7377
f 7378 7434 7321
f 7321 7434 7431
f 7436 7435 7433
f 7436 7437 7435
f 7437 7379 7435
f 7435 7379 7322
f 7379 7380 7324
f 7379 7437 7380
f 7437 7439 7381
f 7437 7381 7380
f 7439 7438 7381
f 7381 7438 7382
f 7382 7438 7329
f 7438 7383 7329
f 7440 7383 7438
f 7438 7441 7440
f 6523 7139 6526
f 7440 7443 7383
f 7383 7266 7330
f 7443 7266 7383
f 7443 7444 7266
f 7266 7444 7384
f 6864 7449 7198
f 7450 6971 7142
f 7449 7452 7198
f 7452 7456 7198
f 7198 7456 7273
f 7454 7455 7035
f 7035 7455 7036
f 7036 7455 7199
f 7455 7339 7199
f 7390 7457 7274
f 7457 7454 7274
f 7274 7454 7035
f 7460 7208 6869
f 7456 7396 7273
f 7208 6829 6532
f 7400 7464 7352
f 7467 7402 7291
f 7404 7356 6950
f 7403 7468 7406
f 7468 7408 7406
f 7411 7471 7361
f 7414 6480 6399
f 7415 7475 7362
f 7475 7416 7362
f 7416 7476 7221
f 7479 7419 7420
f 7109 7417 7110
f 7417 7418 7364
f 7419 7480 7366
f 7424 7485 7481
f 7481 7485 7483
f 7483 7485 7484
f 7485 7486 7484
f 7484 7486 7421
f 7487 7427 7485
f 7427 7425 7485
f 7485 7425 7486
f 7424 7487 7485
f 7487 7428 7427
f 7487 7429 7428
f 7434 7432 7431
f 7432 7434 7436
f 7432 7436 7433
f 7434 7489 7436
f 7439 7441 7438
f 7378 7442 7434
f 7437 7489 7439
f 7439 7443 7441
f 7442 7489 7434
f 7436 7489 7437
f 7489 7443 7439
f 7441 7443 7440
f 7490 7491 7442
f 7442 7491 7489
f 7491 7492 7489
f 7489 7492 7443
f 7492 7444 7443
f 7444 7385 7384
f 7385 6679 7335
f 7494 7495 6864
f 6864 7495 7449
f 7450 7497 6971
f 7503 7502 7454
f 7454 7502 7455
f 7397 7507 7342
f 7507 7504 7342
f 7396 7347 7345
f 7208 7513 6829
f 7348 7510 7349
f 7510 7511 7349
f 7349 7511 7350
f 7513 7095 6829
f 7346 7151 7047
f 7467 7515 7402
f 7402 7515 7403
f 7515 7516 7403
f 7516 7468 7403
f 7468 7520 7408
f 7520 7410 7408
f 7520 7521 7410
f 7410 7521 7411
f 7521 7471 7411
f 7471 7522 7361
f 7524 7169 6955
f 7475 7476 7416
f 7414 7477 6480
f 7478 7526 7418
f 7418 7526 7415
f 7526 7475 7415
f 7527 7529 7479
f 7477 6482 6480
f 7529 7480 7479
f 7479 7480 7419
f 7536 7533 7531
f 7533 7532 7531
f 7533 7422 7534
f 7072 7537 6488
f 7537 6523 6488
f 7139 7538 6527
f 7538 6491 6527
f 7490 7539 7491
f 7539 7540 7491
f 7540 7541 7491
f 7491 7541 7492
f 7541 7385 7492
f 7492 7385 7444
f 7493 6914 7141
f 7495 7546 7449
f 7547 7497 7450
f 7549 7450 7389
f 7546 7550 7449
f 7550 7452 7449
f 6971 7460 6869
f 7503 7501 7502
f 7457 7503 7454
f 7504 7556 7342
f 7556 7394 7342
f 7354 7565 7099
f 7565 7404 7099
f 7515 7566 7516
f 7516 7569 7468
f 7569 7572 7468
f 7572 7520 7468
f 7572 7521 7520
f 7521 7574 7471
f 7526 7576 7475
f 7576 7476 7475
f 7476 7413 7171
f 7480 7584 7366
f 7370 7072 6604
f 7587 7588 7539
f 7588 7585 7539
f 7539 7585 7540
f 7585 7589 7540
f 7589 7590 7540
f 7385 7586 6679
f 7586 6374 6679
f 6907 7592 6864
f 7493 7496 6914
f 7498 7497 7547
f 7595 7550 7546
f 7498 7598 6971
f 7501 7599 7553
f 7503 7600 7501
f 7598 7460 6971
f 7554 7457 7390
f 7507 7602 7504
f 7559 7602 7507
f 7602 7556 7504
f 7275 7346 6557
f 7346 7609 7151
f 7563 7614 7467
f 7467 7614 7515
f 7564 7615 7353
f 7615 7616 7353
f 7353 7616 7354
f 7614 7566 7515
f 7565 7617 7404
f 7566 7569 7516
f 7572 7624 7521
f 7521 7624 7574
f 7574 7522 7471
f 6950 7525 7219
f 7478 7630 7526
f 7630 7576 7526
f 7527 7632 7529
f 7632 7584 7529
f 7529 7584 7480
f 7477 6854 6482
f 7634 7579 7635
f 7579 7639 7635
f 7639 7580 7581
f 6854 6603 6400
f 6851 7642 6907
f 7540 7590 7541
f 7590 7644 7541
f 7587 7645 7588
f 7645 7646 7588
f 7588 7646 7585
f 7646 7649 7585
f 7649 7589 7585
f 7649 7647 7589
f 7647 7590 7589
f 7648 6434 6228
f 7494 7546 7495
f 7653 7654 7547
f 7654 7498 7547
f 7656 7549 7548
f 7553 7597 7552
f 7600 7599 7501
f 7601 7600 7503
f 7658 7503 7457
f 7659 7456 7452
f 7554 7658 7457
f 7556 7660 7394
f 7660 7395 7394
f 7602 7661 7556
f 7607 7666 7608
f 7616 7565 7354
f 7669 7566 7614
f 7669 7618 7566
f 7617 7356 7404
f 7355 7672 6630
f 7618 7622 7569
f 7671 7009 7057
f 7672 7299 6630
f 7622 7623 7569
f 7569 7623 7572
f 7623 7624 7572
f 7009 7673 7062
f 7624 7674 7574
f 7574 7675 7522
f 7109 7678 7478
f 7678 7630 7478
f 7630 7631 7576
f 7576 7631 7476
f 7476 7631 7413
f 7680 7634 7681
f 7634 7685 7681
f 7681 7685 7682
f 7682 7685 7683
f 7685 7686 7683
f 7686 7684 7683
f 7635 7581 7634
f 7634 7581 7685
f 7581 7577 7685
f 7687 7640 7686
f 7686 7640 7684
f 7640 7583 7688
f 7370 7692 7072
f 7538 7693 6491
f 7647 7694 7590
f 7645 7696 7646
f 7646 7696 7695
f 7646 7695 7649
f 7695 7647 7649
f 7695 7697 7647
f 7647 7697 7694
f 7645 7650 7696
f 7650 7698 7696
f 7696 7698 7695
f 7698 7699 7695
f 7699 7697 7695
f 7494 7703 7546
f 7703 7595 7546
f 7595 7704 7550
f 7704 7706 7550
f 7706 7657 7550
f 7600 7707 7599
f 7657 7659 7550
f 7708 7600 7601
f 7659 7452 7550
f 7658 7601 7503
f 7661 7660 7556
f 7660 7710 7395
f 7662 7605 7711
f 7663 7662 7712
f 7396 7713 7347
f 7713 7348 7347
f 7716 7669 7563
f 7563 7669 7614
f 7716 7622 7618
f 7671 7719 7009
f 7622 7718 7623
f 7722 7673 7009
f 7674 7675 7574
f 7724 6851 7299
f 7631 7414 7413
f 7733 6603 6854
f 6603 7735 6485
f 6485 7735 7370
f 7385 7541 7586
f 7693 7648 6491
f 7694 7644 7590
f 7650 7651 7698
f 7651 7738 7698
f 7698 7738 7699
f 7738 7739 7699
f 7739 7740 7699
f 7699 7740 7697
f 7592 7494 6864
f 7656 7653 7549
f 7655 7656 7548
f 7743 7704 7595
f 7596 7744 7655
f 7707 7746 7599
f 7746 7705 7599
f 7708 7747 7600
f 7747 7707 7600
f 7749 7711 7750
f 7748 7711 7749
f 7751 7711 7748
f 7711 7605 7750
f 7711 7751 7662
f 7752 7661 7602
f 7753 7712 7751
f 7754 7752 7559
f 7559 7752 7602
f 7713 7755 7348
f 7755 7510 7348
f 7712 7756 7663
f 7513 7757 7095
f 7757 7758 7095
f 7095 7758 7288
f 7758 7351 7288
f 7760 7666 7756
f 7668 7666 7760
f 7615 7763 7616
f 7763 7565 7616
f 7764 7672 7355
f 7719 7722 7009
f 7720 7723 7624
f 7723 7674 7624
f 7109 7770 7678
f 7770 7726 7678
f 7678 7726 7630
f 7726 7727 7630
f 7727 7631 7630
f 7631 7771 7414
f 7477 7773 6854
f 7773 7733 6854
f 7735 7692 7370
f 7692 7537 7072
f 7537 7643 6523
f 7643 7139 6523
f 7779 7694 7737
f 7651 7781 7738
f 7781 7739 7738
f 7592 7783 7494
f 7783 7703 7494
f 7785 7653 7656
f 7743 7788 7704
f 7704 7788 7706
f 7788 7657 7706
f 7746 7745 7705
f 7748 7749 7791
f 7792 7748 7791
f 7792 7751 7748
f 7794 7661 7752
f 7795 7753 7792
f 7795 7796 7753
f 7796 7756 7753
f 7796 7760 7756
f 7798 7760 7796
f 7798 7761 7760
f 7714 7761 7799
f 7761 7714 7613
f 7800 7801 7715
f 7715 7801 7716
f 7801 7762 7716
f 7802 7718 7717
f 7764 7809 7672
f 7671 7806 7719
f 7806 7814 7719
f 7809 7299 7672
f 7719 7814 7722
f 7821 7675 7674
f 7062 7829 6955
f 7829 7524 6955
f 7631 7831 7771
f 7773 7477 7414
f 7733 7735 6603
f 7841 7195 6374
f 7651 7850 7781
f 7851 7852 7781
f 7781 7852 7739
f 7852 7848 7739
f 7739 7848 7740
f 7854 7595 7703
f 7595 7857 7743
f 7786 7855 7655
f 7855 7785 7655
f 7655 7785 7656
f 7654 7856 7498
f 7857 7788 7743
f 7858 7787 7789
f 7789 7787 7744
f 7856 7598 7498
f 7860 7657 7788
f 7747 7859 7746
f 7859 7745 7746
f 7860 7659 7657
f 7790 7861 7708
f 7861 7747 7708
f 7791 7749 7863
f 7792 7791 7865
f 7867 7870 7659
f 7659 7870 7456
f 7869 7792 7865
f 7456 7870 7396
f 7871 7792 7869
f 7794 7660 7661
f 7871 7795 7792
f 7460 7873 7208
f 7275 7879 7346
f 7874 7795 7871
f 7879 7609 7346
f 7874 7796 7795
f 7208 7873 7513
f 7873 7882 7513
f 7513 7882 7757
f 7757 7882 7758
f 7882 7881 7758
f 7758 7881 7351
f 7799 7798 7883
f 7801 7884 7762
f 7884 7802 7762
f 7885 7720 7802
f 7886 7615 7564
f 7885 7805 7720
f 7810 7887 7809
f 7887 7890 7809
f 7809 7890 7299
f 7720 7805 7723
f 7805 7892 7723
f 7723 7892 7674
f 7814 7673 7722
f 7892 7894 7674
f 7894 7821 7674
f 7356 7525 6950
f 7219 7770 7109
f 7899 7726 7770
f 7900 7727 7726
f 7900 7831 7727
f 7831 7631 7727
f 7771 7902 7414
f 7902 7773 7414
f 7643 7538 7139
f 7644 7840 7541
f 7541 7840 7586
f 7586 7841 6374
f 7693 7911 7648
f 7846 7842 7847
f 7783 7854 7703
f 7496 7784 6914
f 7854 7857 7595
f 7855 7918 7785
f 7857 7920 7788
f 7920 7860 7788
f 7921 7858 7859
f 7858 7745 7859
f 7862 7275 6914
f 7861 7922 7747
f 7922 7859 7747
f 7923 7865 7924
f 7924 7865 7863
f 7863 7865 7791
f 7864 7790 7658
f 7869 7865 7923
f 7869 7927 7871
f 7928 7875 7460
f 7460 7875 7873
f 7929 7871 7927
f 7754 7932 7752
f 7931 7878 7877
f 7933 7874 7929
f 7755 7880 7510
f 7510 7880 7511
f 7935 7874 7933
f 7935 7798 7874
f 7874 7798 7796
f 7935 7883 7798
f 7800 7936 7801
f 7801 7938 7884
f 7938 7802 7884
f 7938 7939 7802
f 7939 7885 7802
f 7615 7940 7763
f 7763 7941 7565
f 7941 7617 7565
f 7942 7885 7939
f 7942 7805 7885
f 7942 7892 7805
f 7890 7946 7299
f 7944 7673 7814
f 7946 7724 7299
f 7942 7894 7892
f 7894 7818 7821
f 7894 7949 7818
f 7948 7525 7356
f 7950 7949 7894
f 7956 7733 7773
f 7733 7957 7735
f 6907 7642 7592
f 7958 7959 7780
f 7959 7644 7780
f 7840 7841 7586
f 7841 7960 7195
f 7910 7958 7842
f 7842 7958 7779
f 7779 7958 7780
f 7702 7850 7651
f 7964 7781 7850
f 7964 7965 7781
f 7781 7965 7851
f 7785 7918 7654
f 7917 7967 7855
f 7917 7968 7967
f 7967 7918 7855
f 7916 7856 7654
f 7969 7968 7917
f 7857 7860 7920
f 7970 7919 7921
f 7860 7867 7659
f 7974 7710 7660
f 7928 7976 7875
f 7932 7794 7752
f 7976 7930 7875
f 7977 7878 7931
f 7981 7935 7933
f 7982 7983 7800
f 7800 7983 7936
f 7936 7938 7801
f 7984 7939 7938
f 7985 7986 7939
f 7986 7942 7939
f 7990 7942 7986
f 7943 7946 7890
f 7991 7942 7990
f 7991 7993 7942
f 7993 7950 7942
f 7942 7950 7894
f 7995 7949 7950
f 7899 7900 7726
f 7999 7900 7899
f 7999 7953 7900
f 7900 7953 7831
f 7953 8000 7831
f 8000 7771 7831
f 8000 7902 7771
f 7902 7956 7773
f 7956 7957 7733
f 8007 7735 7957
f 8007 7692 7735
f 8008 7538 7643
f 7961 8009 7910
f 7910 8009 7958
f 7966 7915 7914
f 7592 8010 7783
f 8010 7854 7783
f 7967 8012 7918
f 7968 8012 7967
f 7784 7862 6914
f 7968 8013 8012
f 7970 7969 7919
f 7970 8014 7969
f 7969 8014 7968
f 8016 8014 7970
f 8015 8016 7922
f 7922 8016 7921
f 8015 7922 7861
f 7790 8015 7861
f 7971 7925 8019
f 8022 7790 7864
f 7598 8025 7460
f 7794 7974 7660
f 7870 7979 7396
f 8027 7930 7976
f 8027 7977 7931
f 8027 7931 7930
f 7879 7980 7609
f 7979 7713 7396
f 7981 7883 7935
f 7936 7983 7938
f 7983 7984 7938
f 8031 7984 7983
f 7984 7985 7939
f 8031 7985 7984
f 7886 8032 7615
f 8032 7940 7615
f 7940 7941 7763
f 7941 8034 7617
f 7617 8034 7356
f 7989 8036 7986
f 7989 7986 7985
f 8036 7990 7986
f 8039 7990 8036
f 8039 7991 7990
f 8041 7991 8039
f 8041 7993 7991
f 8040 7062 7673
f 8041 7995 7993
f 7993 7995 7950
f 7995 8042 7949
f 7219 8044 7770
f 8044 7899 7770
f 8051 8052 8000
f 8052 7902 8000
f 8052 7956 7902
f 8007 8064 7692
f 7537 8008 7643
f 8008 8065 7538
f 8065 7693 7538
f 7911 7693 8065
f 8009 7959 7958
f 7644 7959 7840
f 8074 8075 7840
f 7840 8075 7841
f 8075 8076 7841
f 8076 7960 7841
f 8073 7961 7962
f 8078 7912 7911
f 8081 7962 7963
f 7849 7912 8082
f 7702 8084 7850
f 8084 8085 7850
f 7850 8085 7964
f 8085 8081 7964
f 7964 8081 7965
f 8011 8087 7916
f 8087 7856 7916
f 8010 7857 7854
f 8010 7860 7857
f 8012 8013 8088
f 8014 8089 8013
f 8010 7867 7860
f 8016 8089 8014
f 8020 8015 7790
f 8024 8092 8026
f 7460 8094 7928
f 7974 8093 7710
f 8094 7976 7928
f 7754 8095 7932
f 7980 8098 7667
f 7981 8030 7883
f 7937 7983 7982
f 7937 8031 7983
f 8099 8031 7937
f 8099 8100 8031
f 8031 8100 7985
f 8100 8035 7985
f 8035 7989 7985
f 8103 8105 7944
f 7944 8105 7673
f 8036 8107 8039
f 8034 7948 7356
f 8107 8041 8039
f 8107 8108 8041
f 8108 8109 8041
f 8109 8110 8041
f 8041 8110 7995
f 8110 8112 8042
f 8110 8042 7995
f 8044 7999 7899
f 7953 8051 8000
f 8052 8118 7956
f 8120 7957 7956
f 8064 7537 7692
f 8129 8068 8067
f 8073 7959 8009
f 7959 8133 7840
f 8074 8071 8075
f 8077 8073 7962
f 8134 8135 8079
f 8135 8077 8079
f 8079 8077 8080
f 8139 8138 7849
f 7966 7913 8140
f 8140 7913 8138
f 7592 8142 8010
f 8142 7870 8010
f 8010 7870 7867
f 8089 8145 8013
f 8146 8147 8015
f 8015 8147 8016
f 8147 8089 8016
f 8020 8148 8015
f 8149 8017 8018
f 8022 8151 8020
f 7862 7879 7275
f 8091 8092 8024
f 7794 8155 7974
f 8155 8093 7974
f 8094 8156 7976
f 7976 8156 8027
f 8027 8156 7977
f 8156 8157 7977
f 8157 8158 7977
f 7977 8158 7978
f 7979 8162 7713
f 8097 7759 8160
f 8160 7759 7797
f 8162 8163 7713
f 7713 8163 7755
f 8165 8099 7937
f 8099 8166 8100
f 8166 8035 8100
f 8036 8167 8107
f 8105 8040 7673
f 8109 8171 8110
f 8171 8112 8110
f 8112 8111 8042
f 7948 8174 7525
f 7829 8114 7524
f 8175 7999 8044
f 8175 7953 7999
f 8177 7953 8175
f 8177 8115 7953
f 7953 8115 8051
f 8115 8052 8051
f 8115 8178 8052
f 8179 8118 8052
f 8118 8120 7956
f 8188 8007 7957
f 8189 8007 8188
f 8008 8190 8065
f 8127 8193 8066
f 8071 8191 8128
f 8128 8192 8129
f 8129 8192 8130
f 8194 8196 7911
f 8132 8195 8071
f 7840 8198 8074
f 8134 8197 8135
f 8197 8136 8135
f 8137 8073 8077
f 8082 8078 8199
f 8086 7784 7496
f 8146 8202 8147
f 8147 8202 8089
f 8202 8145 8089
f 8203 8090 8017
f 7972 8206 8022
f 8206 8151 8022
f 8154 8207 7868
f 8211 8094 7460
f 8212 8155 7794
f 8213 7979 7870
f 7880 8214 7754
f 8163 8215 7755
f 8215 8216 7755
f 7755 8216 7880
f 8166 8099 8165
f 8219 7940 8032
f 8220 8034 7941
f 8166 8218 8035
f 8167 8221 8107
f 8107 8222 8108
f 8222 8109 8108
f 8222 8171 8109
f 6851 8176 7642
f 8232 8115 8177
f 8178 8179 8052
f 8236 7957 8120
f 8189 8064 8007
f 8240 8008 7537
f 8191 8242 8192
f 8242 8127 8192
f 8195 8191 8071
f 8196 8243 8078
f 8197 8244 8137
f 8244 8133 8137
f 8137 8133 8073
f 8073 8133 7959
f 8133 8245 7840
f 8245 8198 7840
f 8199 8078 8243
f 8138 8139 8247
f 8200 8141 8140
f 8146 8250 8202
f 8250 8251 8202
f 8251 8252 8145
f 8251 8145 8202
f 8148 8249 8146
f 8206 8255 8151
f 8207 8206 7972
f 8025 8211 7460
f 7862 8257 7879
f 7937 8217 8165
f 8217 8264 8166
f 8217 8166 8165
f 8263 8264 8217
f 8264 8265 8166
f 8265 8218 8166
f 8219 7941 7940
f 7943 8271 7946
f 8103 8267 8105
f 8267 8277 8105
f 8271 7724 7946
f 8276 8221 8167
f 8221 8281 8222
f 8277 8040 8105
f 8223 8171 8222
f 8223 8224 8171
f 8224 8112 8171
f 8112 8224 8111
f 7829 8229 8114
f 8230 8044 7219
f 8044 8286 8175
f 8232 8287 8115
f 8287 8178 8115
f 8118 8236 8120
f 8236 8188 7957
f 8307 8189 8188
f 8189 8309 8064
f 8064 8309 7537
f 8190 8008 8240
f 8241 8318 8242
f 8242 8318 8127
f 8318 8193 8127
f 8321 8196 8194
f 8243 8196 8321
f 8197 8329 8244
f 8244 8329 8133
f 8329 8330 8133
f 8330 8331 8133
f 8133 8331 8245
f 8331 8198 8245
f 8247 8199 8328
f 8333 7784 8086
f 8248 8334 8144
f 8249 8338 8250
f 8250 8338 8251
f 8338 8337 8251
f 8337 8252 8251
f 8253 8249 8148
f 8256 8258 8153
f 8025 8340 8211
f 8211 8340 8094
f 8212 8346 8155
f 8346 8093 8155
f 8208 8259 8210
f 8340 8347 8094
f 8094 8347 8156
f 8156 8347 8157
f 8347 8348 8157
f 8348 8345 8157
f 8157 8345 8158
f 8257 8161 7980
f 8257 7980 7879
f 8349 7932 8095
f 8349 8212 7932
f 8214 8349 8095
f 8354 8219 8032
f 8265 8273 8218
f 8273 8272 8218
f 8355 8354 7886
f 8356 8271 7943
f 8275 8361 8278
f 8275 8278 8274
f 8273 8281 8221
f 8278 8040 8277
f 8281 8282 8222
f 8278 8366 8040
f 8282 8223 8222
f 8366 7062 8040
f 8369 8284 7829
f 7829 8284 8229
f 8284 8285 8229
f 8230 8286 8044
f 8286 8177 8175
f 8286 8232 8177
f 8371 8287 8232
f 8372 8178 8287
f 8372 8373 8178
f 8236 8379 8188
f 8379 8307 8188
f 8240 8391 8190
f 8190 8391 8194
f 8321 8194 8391
f 8392 8397 8315
f 8397 8398 8315
f 8398 8316 8315
f 8398 8313 8316
f 8321 8325 8243
f 8322 8405 8323
f 8328 8243 8406
f 8406 8243 8325
f 8247 8328 8407
f 8415 8414 8249
f 8414 8338 8249
f 8414 8336 8338
f 8142 8213 7870
f 8419 8341 8025
f 8025 8341 8340
f 8344 8421 8207
f 8207 8421 8206
f 8425 8424 8212
f 8212 8424 8346
f 8349 8425 8212
f 8353 8265 8264
f 8219 8428 7941
f 8428 8220 7941
f 8360 8362 8281
f 8436 8366 8278
f 8282 8365 8223
f 7724 8370 6851
f 8284 8439 8285
f 8370 8176 6851
f 8230 8441 8286
f 8441 8442 8286
f 8442 8371 8286
f 8286 8371 8232
f 8371 8372 8287
f 8373 8443 8178
f 8443 8179 8178
f 8443 8444 8179
f 8179 8444 8118
f 8444 8236 8118
f 8444 8379 8236
f 8307 8454 8189
f 8454 8456 8189
f 8189 8456 8309
f 8456 8240 8309
f 8459 8393 8392
f 8393 8460 8394
f 8460 8395 8394
f 8460 8461 8395
f 8395 8461 8396
f 8463 8392 8399
f 8465 8466 8399
f 8323 8402 8324
f 8402 8403 8324
f 8324 8403 8319
f 8328 8406 8467
f 8468 8408 8247
f 8468 8247 8407
f 8087 8409 7856
f 8470 7598 7856
f 8471 8417 8472
f 8417 8152 8472
f 8474 8416 8150
f 8475 8255 8206
f 8476 8418 8417
f 8419 8477 8341
f 8477 8422 8341
f 8480 8423 8422
f 8478 8420 8423
f 8217 8484 8263
f 8484 8353 8264
f 8484 8264 8263
f 8353 8485 8265
f 8485 8273 8265
f 8485 8360 8273
f 8485 8362 8360
f 8220 8432 8034
f 8362 8365 8282
f 8365 8487 8223
f 8487 8491 8224
f 8487 8224 8223
f 8491 8492 8224
f 8174 7219 7525
f 8498 8441 8230
f 8499 8500 8371
f 8500 8372 8371
f 8500 8373 8372
f 8504 8379 8444
f 8379 8504 8307
f 8504 8454 8307
f 8510 8457 8388
f 8391 8240 8511
f 8459 8512 8460
f 8460 8512 8461
f 8512 8513 8461
f 8461 8513 8390
f 8515 8321 8391
f 8515 8325 8321
f 8515 8406 8325
f 8516 8517 8464
f 8464 8517 8403
f 8517 8465 8403
f 8467 8407 8328
f 8333 8469 8519
f 8409 8521 7856
f 8411 8334 8412
f 8522 8411 8413
f 8413 8411 8412
f 8415 8522 8414
f 8522 8413 8414
f 8524 8472 8525
f 8528 8471 8527
f 8476 8417 8471
f 8476 8471 8528
f 8530 8213 8142
f 8531 8476 8528
f 8535 8476 8531
f 8478 8534 8420
f 8479 8532 8344
f 8532 8421 8344
f 8535 8481 8476
f 8476 8481 8418
f 8477 8480 8422
f 8480 8478 8423
f 8537 8481 8535
f 8536 8424 8425
f 8482 8481 8537
f 8538 8425 8349
f 8541 8261 8262
f 8542 8485 8353
f 8543 8545 8356
f 8356 8545 8271
f 8354 8428 8219
f 8485 8548 8362
f 8548 8487 8365
f 8548 8365 8362
f 8432 7948 8034
f 8271 8545 7724
f 8436 8559 8366
f 8366 8559 7062
f 8491 8561 8492
f 8545 8562 7724
f 8174 8230 7219
f 8498 8442 8441
f 8442 8499 8371
f 8499 8574 8500
f 8574 8373 8500
f 8504 8594 8454
f 8594 8456 8454
f 8456 8511 8240
f 8509 8603 8510
f 8510 8603 8457
f 8606 8509 8458
f 8459 8613 8512
f 8613 8614 8512
f 8614 8513 8512
f 8467 8406 8616
f 8406 8515 8616
f 8407 8467 8619
f 8516 8620 8517
f 8517 8620 8465
f 8620 8621 8465
f 8465 8621 8466
f 8468 8407 8618
f 8618 8407 8619
f 8469 8332 8519
f 8521 8470 7856
f 8624 8625 8411
f 8629 8527 8627
f 8470 8025 7598
f 8634 8528 8629
f 8528 8527 8629
f 8633 8530 8142
f 8640 8528 8634
f 8530 8643 8213
f 8641 8419 8025
f 8532 8645 8421
f 8421 8645 8475
f 8645 8637 8475
f 8475 8637 8255
f 8640 8531 8528
f 8533 8642 8478
f 8642 8534 8478
f 8650 8531 8640
f 8650 8535 8531
f 8650 8537 8535
f 8213 8643 7979
f 8538 8536 8425
f 8643 8654 7979
f 8656 8537 8650
f 8537 8657 8483
f 8656 8657 8537
f 8654 8658 7979
f 7979 8658 8162
f 8162 8658 8163
f 8658 8659 8163
f 8163 8659 8215
f 8215 8659 8216
f 8660 8484 8217
f 8484 8542 8353
f 8661 8548 8485
f 8662 8354 8355
f 8354 8663 8428
f 8428 8432 8220
f 8661 8664 8548
f 8548 8664 8487
f 8664 8491 8487
f 8666 8491 8664
f 8666 8561 8491
f 8666 8670 8561
f 8559 7829 7062
f 8563 8671 8562
f 8671 8674 8562
f 8670 8673 8561
f 8674 7724 8562
f 8674 8370 7724
f 8369 8573 8497
f 8679 8574 8499
f 8680 8373 8574
f 8680 8681 8373
f 8681 8443 8373
f 8443 8681 8444
f 8681 8504 8444
f 8591 8504 8681
f 8591 8686 8504
f 8686 8594 8504
f 8689 8686 8591
f 8594 8686 8456
f 8686 8511 8456
f 8511 8515 8391
f 8467 8696 8619
f 8467 8616 8696
f 8697 7592 7642
f 8518 8618 8698
f 8518 8468 8618
f 8699 8519 8700
f 8519 8518 8700
f 8518 8519 8332
f 8526 8142 7592
f 8622 8521 8409
f 8625 8334 8411
f 8526 8633 8142
f 8704 8634 8629
f 8707 8640 8634
f 8709 8257 7862
f 8530 8710 8643
f 8706 8635 8639
f 8641 8713 8419
f 8713 8477 8419
f 8533 8708 8642
f 8710 8647 8643
f 8653 8640 8712
f 8651 8161 8257
f 8653 8650 8640
f 8656 8650 8653
f 8660 8717 8484
f 8484 8717 8542
f 8718 8661 8542
f 8542 8661 8485
f 8718 8719 8661
f 8721 8720 8719
f 8719 8720 8661
f 8720 8666 8661
f 8721 8722 8720
f 8661 8666 8664
f 8722 8666 8720
f 8721 8724 8722
f 8670 8666 8722
f 8723 8726 8559
f 8724 8670 8722
f 8726 7829 8559
f 8727 8670 8724
f 8727 8673 8670
f 8732 8733 8727
f 8733 8673 8727
f 8369 8572 8573
f 8230 8738 8498
f 8498 8499 8442
f 8498 8678 8499
f 8679 8499 8678
f 8739 8740 8678
f 8741 8742 8679
f 8742 8574 8679
f 8574 8742 8680
f 8743 8680 8742
f 8744 8681 8680
f 8743 8744 8680
f 8744 8746 8681
f 8748 8746 8744
f 8746 8689 8681
f 8689 8591 8681
f 8751 8511 8689
f 8753 8754 8691
f 8755 8757 8696
f 8696 8616 8751
f 8511 8616 8515
f 8751 8616 8511
f 8619 8696 8757
f 8758 8619 8756
f 8756 8619 8757
f 8758 8698 8619
f 8761 8698 8758
f 8699 8700 8759
f 8759 8700 8760
f 8760 8700 8761
f 8700 8518 8761
f 8518 8698 8761
f 8764 8025 8470
f 8767 8634 8704
f 8766 8705 8706
f 8706 8705 8635
f 8768 8706 8711
f 8713 8770 8477
f 8770 8480 8477
f 8714 8712 8769
f 8712 8714 8653
f 8775 8653 8714
f 8775 8776 8653
f 8776 8656 8653
f 8656 8716 8657
f 8657 8716 8540
f 8776 8716 8656
f 8778 8717 8660
f 8779 8718 8717
f 8717 8718 8542
f 8781 8719 8718
f 8662 8663 8354
f 8783 8784 8781
f 8784 8719 8781
f 8785 8784 8783
f 8719 8784 8721
f 8432 8786 7948
f 8787 8784 8785
f 8787 8721 8784
f 8787 8789 8721
f 8789 8724 8721
f 8790 8724 8789
f 8790 8727 8724
f 8796 8727 8790
f 8796 8732 8727
f 8732 8797 8733
f 8733 8797 8673
f 7829 8572 8369
f 8572 8801 8573
f 8573 8801 8737
f 8174 8738 8230
f 8498 8739 8678
f 8678 8740 8679
f 8740 8741 8679
f 8741 8743 8742
f 8803 8743 8741
f 8803 8805 8743
f 8805 8744 8743
f 8805 8748 8744
f 8808 8810 8805
f 8810 8748 8805
f 8810 8809 8748
f 8748 8809 8746
f 8809 8689 8746
f 8808 8811 8810
f 8811 8809 8810
f 8812 8811 8808
f 8811 8751 8809
f 8809 8751 8689
f 8812 8813 8811
f 8813 8751 8811
f 8752 8814 8753
f 8755 8813 8812
f 8751 8813 8696
f 8816 8756 8755
f 8761 8816 8817
f 8761 8758 8816
f 8758 8756 8816
f 8759 8760 8818
f 8760 8761 8818
f 8759 7784 8699
f 7784 8333 8699
f 8820 8521 8622
f 8626 8822 8522
f 8822 8624 8522
f 8825 8523 8473
f 8025 8764 8641
f 8708 8827 8638
f 8530 8829 8710
f 8832 8707 8767
f 8829 8830 8710
f 8710 8830 8711
f 8830 8831 8711
f 8711 8831 8768
f 8770 8828 8480
f 8480 8828 8533
f 8709 8773 8257
f 8833 8769 8832
f 8833 8775 8714
f 8834 8776 8775
f 8777 8716 8834
f 8780 8779 8778
f 8778 8779 8717
f 8835 8718 8779
f 8835 8781 8718
f 8783 8781 8835
f 8836 8787 8785
f 8836 8789 8787
f 8839 8789 8836
f 8839 8790 8789
f 8791 8840 8674
f 8839 8796 8790
f 8840 8370 8674
f 8796 8844 8732
f 8844 8797 8732
f 8801 8802 8737
f 8739 8849 8740
f 8803 8741 8740
f 8850 8805 8803
f 8808 8805 8850
f 8857 8808 8850
f 8862 8808 8857
f 8862 8812 8808
f 8817 8862 8857
f 8752 8815 8814
f 8815 8863 8814
f 8814 8863 8753
f 8753 8863 8754
f 8755 8812 8862
f 8817 8816 8862
f 8816 8755 8862
f 8864 8818 8866
f 8818 8761 8866
f 8866 8761 8817
f 8759 8818 8864
f 8819 8820 8622
f 8820 8470 8521
f 8624 8872 8625
f 8625 8870 8334
f 8526 8876 8633
f 8876 8878 8633
f 8879 8703 8826
f 8879 8630 8703
f 8630 8880 8631
f 8878 8829 8633
f 8633 8829 8530
f 8766 8826 8705
f 8881 8887 8764
f 8764 8887 8641
f 8889 8827 8828
f 8641 8887 8713
f 8829 8891 8830
f 8891 8831 8830
f 8887 8893 8713
f 8713 8893 8770
f 8893 8828 8770
f 8774 8775 8833
f 8894 8775 8774
f 8777 8894 8774
f 8894 8834 8775
f 8777 8834 8894
f 8780 8835 8779
f 8782 8835 8780
f 8782 8783 8835
f 8782 8785 8783
f 8662 8895 8663
f 8898 8785 8782
f 8896 8428 8663
f 8898 8836 8785
f 8900 8904 8726
f 8726 8904 7829
f 8903 8839 8836
f 8839 8843 8796
f 8843 8844 8796
f 8844 8906 8797
f 8572 8909 8801
f 8801 8910 8802
f 8910 8848 8802
f 8176 8697 7642
f 8849 8803 8740
f 8849 8911 8803
f 8911 8850 8803
f 8911 8912 8850
f 8849 8912 8911
f 8912 8857 8850
f 8913 8912 8849
f 8864 8866 8913
f 8866 8912 8913
f 8866 8857 8912
f 8866 8817 8857
f 8915 8819 8867
f 8873 8822 8626
f 8871 8876 8526
f 8825 8873 8523
f 8919 8920 8765
f 8878 8886 8829
f 8921 8826 8766
f 8884 8885 8827
f 8886 8921 8766
f 8884 8888 8883
f 8884 8889 8888
f 8767 8922 8832
f 8924 8774 8832
f 8832 8774 8833
f 8897 8898 8782
f 8895 8896 8663
f 8896 8925 8428
f 8432 8925 8786
f 8925 8432 8428
f 8898 8899 8836
f 8926 8836 8899
f 8836 8926 8903
f 8903 8927 8839
f 8839 8927 8843
f 8843 8929 8844
f 8844 8929 8906
f 8929 8931 8906
f 7829 8909 8572
f 8910 8933 8848
f 8738 8739 8498
f 8738 8934 8739
f 8739 8934 8849
f 8934 8913 8849
f 8934 8935 8913
f 8913 8935 8864
f 8935 8759 8864
f 8759 8935 7784
f 8697 8526 7592
f 8914 8915 8867
f 8915 8820 8819
f 8916 8872 8624
f 8872 8870 8625
f 8822 8916 8624
f 8470 8942 8764
f 8876 8943 8878
f 8942 8945 8764
f 8764 8945 8881
f 8943 8944 8886
f 8943 8886 8878
f 8945 8918 8881
f 8944 8921 8886
f 8883 8918 8884
f 8918 8885 8884
f 8924 8947 8774
f 8897 8948 8898
f 8898 8948 8899
f 8948 8949 8899
f 8949 8926 8899
f 8926 8950 8903
f 8903 8950 8927
f 8904 8952 7829
f 8927 8953 8843
f 8953 8929 8843
f 8963 8939 8870
f 8963 8870 8872
f 8873 8964 8822
f 8964 8916 8822
f 8826 8966 8879
f 8879 8880 8630
f 8945 8967 8918
f 8967 8919 8918
f 8918 8919 8885
f 8921 8966 8826
f 8973 8895 8662
f 8900 8974 8904
f 8974 8980 8904
f 8949 8950 8926
f 8786 8174 7948
f 8980 8952 8904
f 8840 8984 8370
f 8955 8176 8370
f 8801 8909 8910
f 8998 8914 8936
f 8915 8470 8820
f 7784 9004 7862
f 8963 8962 8939
f 8964 9010 8916
f 8916 9010 8872
f 9010 8963 8872
f 9004 8709 7862
f 9009 8964 8873
f 9008 9009 8825
f 9011 9018 8470
f 8470 9018 8942
f 8871 8943 8876
f 8942 9018 8945
f 8943 9021 8944
f 8966 9022 8879
f 9022 8880 8879
f 9018 9023 8945
f 8945 9023 8967
f 8967 9023 8919
f 9023 9020 8919
f 8919 9020 8920
f 8944 8966 8921
f 9028 8896 8895
f 9027 8948 8897
f 9027 8949 8948
f 8979 8981 8978
f 9031 8984 8840
f 9029 8927 8950
f 9029 8953 8927
f 8980 9034 8952
f 8953 9037 8929
f 9037 8931 8929
f 7829 8952 8909
f 9048 8959 8910
f 8997 9049 8936
f 9049 8998 8936
f 9063 9060 9059
f 9065 9060 9063
f 9012 9016 9015
f 9016 9019 9015
f 9021 8966 8944
f 9070 9067 8966
f 9067 9069 8966
f 8966 9069 9022
f 9072 8773 8709
f 9024 8773 9072
f 9073 9027 8897
f 8973 9028 8895
f 8896 9028 9074
f 9074 8925 8896
f 9027 9075 8949
f 9075 8950 8949
f 9079 9034 8980
f 9082 9083 9037
f 9037 9083 8931
f 9084 8931 9083
f 9088 9087 9086
f 9088 9089 9087
f 8909 9048 8910
f 9092 8998 9049
f 9050 8997 8960
f 9051 9050 8999
f 9095 9051 9052
f 9053 9052 9001
f 9100 9098 9053
f 9103 9104 9099
f 9104 9101 9099
f 9100 9055 9054
f 9104 9059 9101
f 9059 9105 9101
f 9108 9109 9103
f 9103 9109 9104
f 9109 9059 9104
f 9107 9056 9057
f 9109 9063 9059
f 9110 9063 9109
f 8470 9111 9011
f 9106 8871 8526
f 9111 9112 9011
f 9011 9112 9012
f 9112 9113 9012
f 9113 9016 9012
f 9016 9113 9066
f 9066 9114 9017
f 9115 9068 9063
f 9021 9117 8966
f 8972 8923 9024
f 9075 9076 8950
f 9076 9029 8950
f 9029 9082 8953
f 8786 9123 8174
f 9082 9037 8953
f 9034 9124 8952
f 8984 8955 8370
f 9126 9084 9083
f 9127 9084 9126
f 9127 9086 9084
f 9086 9087 9084
f 8952 9124 8909
f 9130 9086 9127
f 9130 9088 9086
f 9131 9088 9130
f 9131 9089 9088
f 9133 9134 9089
f 9133 9089 9131
f 8738 8935 8934
f 9138 9092 9049
f 9140 9052 9096
f 9143 9099 9141
f 9147 9103 9143
f 9145 9106 8526
f 9056 9102 9054
f 9144 9148 8915
f 8915 9148 8470
f 9150 9108 9147
f 9147 9108 9103
f 9151 9108 9150
f 9148 9153 8470
f 9155 9108 9151
f 9155 9109 9108
f 9156 9110 9109
f 9156 9109 9155
f 9153 9111 8470
f 9114 9157 9013
f 9113 9114 9066
f 9115 9110 9156
f 8871 9158 8943
f 9115 9118 9068
f 9068 9118 9071
f 9158 9021 8943
f 9117 9070 8966
f 9119 9071 9159
f 9073 9075 9027
f 9074 9162 8925
f 8925 9162 8786
f 9162 9163 8786
f 9031 9164 8984
f 9079 9173 9034
f 9163 9123 8786
f 9164 9176 8984
f 9173 9178 9034
f 9034 9178 9124
f 9082 9126 9083
f 9176 8955 8984
f 9184 9127 9183
f 9184 9130 9127
f 9131 9130 9184
f 9133 9190 9134
f 9134 9189 9089
f 9193 8959 9048
f 8176 9194 8697
f 8697 9196 8526
f 9139 9093 9094
f 9196 9198 8526
f 9203 9143 9202
f 9204 9146 9102
f 9146 9100 9102
f 9056 9204 9102
f 9145 9207 9106
f 9149 9056 9107
f 9215 9150 9209
f 9209 9150 9147
f 9210 9216 9148
f 9151 9150 9215
f 9148 9216 9153
f 9220 9151 9215
f 9216 9221 9153
f 9153 9221 9111
f 9106 9207 8871
f 9151 9156 9155
f 9221 9222 9111
f 9111 9222 9112
f 9222 9224 9112
f 9112 9224 9114
f 9224 9157 9114
f 9207 9158 8871
f 9227 9115 9156
f 8971 9025 9228
f 9228 9025 8972
f 9229 9024 9072
f 9158 9230 9021
f 9230 9231 9021
f 9021 9231 9117
f 9231 9070 9117
f 9232 9159 9227
f 9227 9159 9115
f 9115 9159 9118
f 9118 9159 9071
f 9075 9233 9076
f 9076 9233 9029
f 9233 9167 9029
f 8973 9235 9028
f 9234 9074 9028
f 9167 9082 9029
f 9183 9127 9126
f 9178 9244 9124
f 9244 9245 9124
f 9124 9245 8909
f 9247 9131 9184
f 9188 9131 9247
f 9249 9133 9188
f 9188 9133 9131
f 9245 9048 8909
f 9190 9250 9134
f 9250 9189 9134
f 9195 9252 9138
f 9252 9092 9138
f 9251 9196 8697
f 9253 9254 9091
f 9139 9255 9093
f 9203 9206 9147
f 9145 9263 9207
f 9263 9213 9207
f 9210 9217 9216
f 9264 9208 9213
f 9217 9267 9222
f 9222 9267 9223
f 9227 9151 9220
f 9227 9156 9151
f 9270 9159 9232
f 9120 9075 9073
f 9272 9233 9075
f 9272 9167 9233
f 9274 9082 9167
f 9275 9082 9274
f 9275 9126 9082
f 9276 9279 9176
f 9176 9279 8955
f 9275 9183 9126
f 9237 9280 9178
f 9279 9182 8955
f 9280 9244 9178
f 9275 9184 9183
f 9182 9282 8955
f 9284 9247 9184
f 9285 9188 9247
f 9249 9190 9133
f 9282 8176 8955
f 8738 9292 8935
f 9292 7784 8935
f 9251 9295 9196
f 9255 9294 9093
f 9295 9296 9196
f 9258 9199 9200
f 9198 9297 8526
f 9146 9300 9100
f 9300 9301 9100
f 9100 9301 9098
f 9202 9302 9203
f 9144 9306 9148
f 9306 9309 9148
f 9148 9309 9210
f 9307 9208 9265
f 9313 9209 9308
f 9308 9209 9206
f 9309 9310 9210
f 9210 9310 9217
f 9266 9311 9223
f 9311 9218 9223
f 9314 9220 9313
f 9313 9220 9215
f 9316 9227 9220
f 9316 9232 9227
f 9316 9270 9232
f 9120 9272 9075
f 9235 9320 9028
f 9320 9234 9028
f 9234 9319 9074
f 9074 9319 9162
f 9272 9274 9167
f 9162 9321 9163
f 9285 9247 9326
f 9285 9328 9188
f 9328 9249 9188
f 8174 9123 8738
f 9328 9329 9249
f 9249 9329 9190
f 9329 9288 9250
f 9329 9250 9190
f 9250 9330 9189
f 9294 9253 9093
f 9332 9294 9255
f 9092 9293 8998
f 8998 9293 8915
f 9296 9198 9196
f 9336 9298 9260
f 9337 9144 8915
f 9297 9145 8526
f 9303 9339 9204
f 9339 9146 9204
f 9339 9299 9146
f 9263 9341 9264
f 9341 9265 9264
f 9310 9311 9266
f 9004 9342 8709
f 9342 9072 8709
f 9269 9314 9212
f 9269 9316 9314
f 9316 9220 9314
f 9344 9316 9269
f 9344 9270 9316
f 9317 9270 9344
f 9120 9346 9272
f 9346 9274 9272
f 9348 9320 9235
f 9319 9321 9162
f 9347 9275 9274
f 9279 9353 9182
f 9284 9275 9347
f 9280 9357 9244
f 9357 9361 9244
f 9244 9361 9245
f 9275 9284 9184
f 9353 9364 9182
f 9182 9364 9282
f 9326 9247 9284
f 9366 9285 9326
f 9364 9367 9282
f 9327 9285 9366
f 9327 9328 9285
f 9288 9330 9250
f 9372 9331 9137
f 9373 9252 9195
f 9378 9376 9199
f 9199 9376 9257
f 9376 9256 9257
f 9334 9378 9199
f 9293 9337 8915
f 9383 9384 9144
f 9384 9386 9144
f 9144 9386 9306
f 9145 9391 9263
f 9306 9386 9309
f 9391 9341 9263
f 9386 9388 9309
f 9309 9388 9310
f 9388 9390 9310
f 9310 9390 9311
f 9390 9312 9311
f 9345 9317 9269
f 9269 9317 9344
f 9317 9345 9271
f 9318 9346 9120
f 9318 9394 9346
f 9394 9274 9346
f 9394 9395 9274
f 9395 9347 9274
f 9320 9319 9234
f 9395 9284 9347
f 9396 9284 9395
f 9400 9326 9396
f 9396 9326 9284
f 9361 9365 9245
f 9366 9326 9400
f 9365 9048 9245
f 9403 9328 9327
f 9367 8176 9282
f 9403 9404 9328
f 9404 9329 9328
f 9404 9405 9329
f 9329 9405 9288
f 9411 9373 9195
f 9373 9412 9252
f 9412 9293 9252
f 9374 9295 9251
f 9374 9416 9295
f 9332 9415 9294
f 9415 9253 9294
f 9416 9417 9295
f 9414 9332 9375
f 9417 9420 9295
f 9420 9296 9295
f 9377 9378 9334
f 9296 9424 9198
f 9424 9297 9198
f 9297 9425 9145
f 9428 9300 9146
f 9428 9301 9300
f 9383 9429 9384
f 9384 9389 9388
f 9265 9433 9307
f 9434 9338 9212
f 9342 9229 9072
f 9228 9315 9436
f 9315 9268 9436
f 9437 9394 9318
f 9437 9438 9394
f 9438 9395 9394
f 9437 9318 9273
f 9438 9396 9395
f 9321 9440 9163
f 9163 9440 9123
f 9441 9400 9396
f 9361 9444 9365
f 9446 9366 9400
f 9446 9327 9366
f 9449 9327 9446
f 9447 9450 9364
f 9364 9450 9367
f 9449 9403 9327
f 9450 8176 9367
f 9405 9330 9288
f 9048 9454 9193
f 9415 9413 9253
f 9414 9415 9332
f 9292 9004 7784
f 9420 9458 9296
f 9456 9421 9379
f 9379 9421 9377
f 9458 9424 9296
f 9463 9382 9426
f 9144 9465 9383
f 9428 9464 9301
f 9465 9429 9383
f 9339 9468 9299
f 9466 9430 9429
f 9425 9469 9145
f 9469 9391 9145
f 9341 9433 9265
f 9473 9435 9229
f 9473 9229 9342
f 9343 9228 9474
f 9228 9436 9474
f 9436 9268 9475
f 9268 9435 9475
f 9273 9438 9437
f 9348 9476 9320
f 9476 9477 9320
f 9320 9477 9319
f 9477 9478 9319
f 9478 9321 9319
f 9441 9438 9273
f 9441 9396 9438
f 9480 9400 9441
f 9480 9446 9400
f 9483 9446 9480
f 9486 9487 9404
f 9486 9404 9403
f 9487 9405 9404
f 9450 9194 8176
f 9405 9488 9330
f 9410 9495 9409
f 9194 9497 8697
f 8697 9498 9251
f 9498 9374 9251
f 9416 9502 9417
f 9375 9501 9414
f 9500 9375 9418
f 9502 9420 9417
f 9418 9419 9455
f 9505 9457 9504
f 9506 9457 9505
f 9293 9503 9337
f 9510 9457 9507
f 9510 9508 9457
f 9508 9461 9457
f 9510 9513 9508
f 9513 9461 9508
f 9337 9514 9144
f 9513 9426 9461
f 9514 9465 9144
f 9299 9428 9146
f 9465 9515 9429
f 9429 9515 9466
f 9431 9468 9339
f 9439 9516 9348
f 9516 9476 9348
f 9443 9441 9273
f 9443 9480 9441
f 9444 9519 9365
f 9365 9519 9048
f 9440 9522 9123
f 9483 9449 9446
f 9447 9529 9450
f 9519 9530 9048
f 9450 9529 9194
f 9531 9488 9405
f 9530 9454 9048
f 9454 9410 9193
f 9410 9539 9495
f 9495 9539 9496
f 9499 9412 9373
f 9543 9416 9374
f 9414 9544 9415
f 9500 9501 9375
f 9501 9544 9414
f 9502 9548 9420
f 9548 9552 9420
f 9550 9455 9456
f 9420 9552 9458
f 9507 9457 9506
f 9561 9564 9337
f 9424 9566 9297
f 9337 9564 9514
f 9566 9425 9297
f 9571 9510 9569
f 9571 9513 9510
f 9564 9572 9514
f 9513 9579 9463
f 9571 9579 9513
f 9514 9572 9465
f 9575 9581 9425
f 9299 9577 9428
f 9577 9578 9428
f 9578 9464 9428
f 9572 9515 9465
f 9515 9580 9466
f 9466 9580 9430
f 9580 9467 9430
f 9425 9581 9469
f 9583 9431 9387
f 9469 9581 9391
f 9581 9585 9391
f 9391 9585 9341
f 9585 9433 9341
f 9443 9483 9480
f 9486 9403 9449
f 9521 9589 9525
f 9591 9531 9487
f 9487 9531 9405
f 9599 9488 9531
f 9597 9454 9530
f 9590 9194 9529
f 9539 9541 9496
f 9542 9614 9499
f 9614 9412 9499
f 9498 9616 9374
f 9412 9503 9293
f 9618 9415 9544
f 9543 9548 9502
f 9543 9502 9416
f 9500 9619 9501
f 9545 9500 9418
f 9621 9550 9549
f 9552 9625 9458
f 9628 9506 9626
f 9627 9337 9503
f 9625 9557 9458
f 9630 9507 9628
f 9628 9507 9506
f 9569 9507 9630
f 9569 9510 9507
f 9575 9637 9581
f 9637 9582 9581
f 9475 9435 9473
f 9343 9474 9584
f 9476 9641 9477
f 9641 9478 9477
f 9478 9440 9321
f 9443 9482 9483
f 9643 9487 9486
f 9643 9591 9487
f 9591 9599 9531
f 9648 9454 9597
f 9603 9599 9649
f 9603 9588 9599
f 9653 9604 9603
f 9123 9292 8738
f 9655 9604 9653
f 9454 9651 9410
f 9656 9604 9655
f 9658 9656 9655
f 9539 9612 9541
f 9612 9614 9542
f 9497 9498 8697
f 9615 9613 9542
f 9616 9543 9374
f 9545 9619 9500
f 9619 9662 9501
f 9501 9662 9544
f 9662 9618 9544
f 9621 9547 9550
f 9623 9504 9666
f 9548 9667 9625
f 9670 9628 9669
f 9670 9630 9628
f 9337 9671 9561
f 9671 9672 9561
f 9672 9564 9561
f 9564 9672 9565
f 9635 9673 9570
f 9425 9676 9575
f 9676 9637 9575
f 9677 9675 9576
f 9678 9571 9569
f 9516 9682 9476
f 9682 9641 9476
f 9482 9642 9483
f 9483 9642 9449
f 9478 9683 9440
f 9642 9486 9449
f 9642 9643 9486
f 9685 9599 9591
f 9649 9599 9685
f 9644 9688 9590
f 9590 9688 9194
f 9648 9690 9454
f 9689 9603 9649
f 9689 9653 9603
f 9454 9690 9651
f 9522 9292 9123
f 9688 9696 9194
f 9694 9655 9653
f 9697 9655 9694
f 9658 9655 9697
f 9700 9698 9658
f 9658 9698 9656
f 9651 9701 9410
f 9194 9696 9497
f 9410 9701 9539
f 9539 9701 9614
f 9701 9503 9614
f 9614 9503 9412
f 9663 9711 9545
f 9545 9711 9619
f 9619 9711 9662
f 9711 9712 9662
f 9662 9712 9618
f 9712 9617 9618
f 9713 9667 9543
f 9543 9667 9548
f 9663 9545 9547
f 9666 9620 9714
f 9665 9663 9621
f 9667 9668 9625
f 9554 9668 9622
f 9627 9715 9337
f 9715 9671 9337
f 9717 9342 9004
f 9631 9719 9424
f 9718 9630 9670
f 9719 9566 9424
f 9722 9630 9718
f 9672 9673 9635
f 9672 9635 9565
f 9722 9569 9630
f 9723 9473 9342
f 9566 9676 9425
f 9676 9724 9637
f 9637 9724 9638
f 9724 9677 9638
f 9727 9569 9722
f 9475 9473 9726
f 9727 9678 9569
f 9584 9474 9725
f 9728 9679 9678
f 9642 9684 9643
f 9684 9730 9643
f 9730 9591 9643
f 9730 9685 9591
f 9440 9683 9522
f 9732 9649 9685
f 9644 9736 9688
f 9689 9649 9732
f 9648 9741 9690
f 9743 9653 9689
f 9741 9651 9690
f 9743 9694 9653
f 9736 9746 9688
f 9688 9746 9696
f 9748 9697 9694
f 9697 9700 9658
f 9700 9752 9698
f 9746 9497 9696
f 9616 9763 9543
f 9763 9713 9543
f 9663 9765 9711
f 9765 9766 9711
f 9766 9712 9711
f 9667 9768 9668
f 9668 9769 9622
f 9769 9665 9622
f 9669 9626 9774
f 9775 9777 9627
f 9627 9777 9715
f 9669 9778 9670
f 9782 9670 9778
f 9715 9777 9671
f 9717 9723 9342
f 9782 9718 9670
f 9777 9783 9671
f 9671 9783 9672
f 9672 9783 9673
f 9783 9784 9673
f 9784 9674 9673
f 9719 9786 9566
f 9786 9790 9566
f 9566 9790 9676
f 9725 9640 9726
f 9676 9790 9724
f 9790 9791 9724
f 9724 9791 9677
f 9727 9728 9678
f 9792 9679 9728
f 9794 9642 9482
f 9795 9682 9516
f 9796 9641 9682
f 9796 9797 9641
f 9797 9798 9478
f 9797 9478 9641
f 9478 9798 9683
f 9730 9732 9685
f 9743 9689 9732
f 9801 9694 9743
f 9741 9803 9651
f 9748 9694 9801
f 9748 9751 9697
f 9803 9701 9651
f 9749 9804 9746
f 9751 9700 9697
f 9805 9700 9751
f 9808 9497 9746
f 9815 9817 9814
f 9818 9817 9815
f 9818 9819 9817
f 9821 9004 9292
f 9616 9823 9763
f 9763 9767 9713
f 9771 9714 9824
f 9826 9774 9623
f 9775 9779 9777
f 9831 9782 9829
f 9831 9718 9782
f 9725 9726 9832
f 9722 9718 9831
f 9833 9727 9722
f 9728 9727 9833
f 9793 9794 9482
f 9793 9834 9794
f 9794 9834 9642
f 9642 9834 9684
f 9834 9730 9684
f 9834 9732 9730
f 9795 9835 9682
f 9835 9796 9682
f 9837 9732 9834
f 9837 9743 9732
f 9731 9801 9837
f 9801 9743 9837
f 9839 9841 9741
f 9841 9803 9741
f 9843 9748 9801
f 9843 9844 9748
f 9844 9751 9748
f 9844 9805 9751
f 9805 9846 9700
f 9846 9752 9700
f 9752 9847 9698
f 9849 9847 9752
f 9808 9811 9497
f 9853 9814 9851
f 9854 9815 9853
f 9853 9815 9814
f 9497 9811 9498
f 9854 9856 9815
f 9856 9818 9815
f 9858 9818 9856
f 9858 9819 9818
f 9859 9860 9819
f 9498 9823 9616
f 9823 9863 9763
f 9824 9825 9860
f 9863 9864 9763
f 9763 9864 9767
f 9865 9866 9770
f 9867 9771 9824
f 9769 9768 9770
f 9827 9868 9773
f 9627 9873 9775
f 9669 9774 9872
f 9872 9774 9870
f 9873 9874 9775
f 9775 9874 9779
f 9871 9827 9828
f 9874 9828 9779
f 9876 9829 9782
f 9723 9878 9473
f 9832 9726 9877
f 9831 9833 9722
f 9879 9792 9833
f 9833 9792 9728
f 9729 9792 9879
f 9836 9834 9793
f 9836 9837 9834
f 9836 9731 9837
f 9798 9880 9683
f 9840 9839 9800
f 9731 9881 9801
f 9881 9843 9801
f 9884 9805 9844
f 9803 9882 9701
f 9522 9885 9292
f 9887 9752 9846
f 9887 9849 9752
f 9888 9811 9808
f 9890 9849 9887
f 9890 9851 9849
f 9851 9847 9849
f 9890 9853 9851
f 9893 9854 9892
f 9893 9856 9854
f 9701 9882 9503
f 9895 9858 9856
f 9882 9896 9503
f 9859 9858 9895
f 9858 9859 9819
f 9498 9811 9823
f 9503 9896 9627
f 9897 9824 9860
f 9821 9717 9004
f 9864 9865 9767
f 9865 9768 9767
f 9898 9867 9897
f 9868 9899 9772
f 9896 9873 9627
f 9873 9875 9874
f 9875 9901 9871
f 9778 9902 9782
f 9546 9829 9876
f 9879 9831 9829
f 9879 9833 9831
f 9795 9904 9835
f 9835 9905 9796
f 9905 9906 9796
f 9906 9797 9796
f 9906 9798 9797
f 9883 9881 9731
f 9841 9909 9803
f 9880 9913 9683
f 9803 9909 9882
f 9913 9522 9683
f 9913 9885 9522
f 9805 9887 9846
f 9888 9918 9811
f 9890 9887 9916
f 9909 9921 9882
f 9854 9853 9890
f 9930 9931 9893
f 9931 9856 9893
f 9931 9895 9856
f 9882 9921 9896
f 9933 9895 9931
f 9918 9934 9811
f 9921 9935 9896
f 9933 9859 9895
f 9811 9934 9823
f 9937 9897 9859
f 9937 9859 9933
f 9859 9897 9860
f 9823 9934 9863
f 9934 9938 9863
f 9863 9938 9864
f 9864 9938 9865
f 9938 9939 9865
f 9939 9866 9865
f 9869 9899 9868
f 9942 9669 9872
f 9935 9873 9896
f 9873 9901 9875
f 9941 9878 9723
f 9941 9723 9717
f 9877 9945 9944
f 9876 9902 9946
f 9903 9832 9944
f 9546 9876 9946
f 9879 9829 9546
f 9904 9905 9835
f 9906 9880 9798
f 9947 9904 9795
f 9881 9883 9843
f 9883 9844 9843
f 9949 9884 9844
f 9884 9887 9805
f 9950 9887 9884
f 9916 9887 9950
f 9924 9890 9916
f 9951 9893 9892
f 9885 9821 9292
f 9930 9893 9951
f 9952 9897 9937
f 9952 9898 9897
f 9872 9898 9952
f 9943 9830 9955
f 9830 9903 9955
f 9954 9877 9878
f 9945 9877 9954
f 9947 9956 9904
f 9956 9905 9904
f 9905 9957 9906
f 9957 9880 9906
f 9883 9949 9844
f 9880 9958 9913
f 9913 9958 9885
f 9949 9950 9884
f 9924 9916 9950
f 9960 9892 9924
f 9961 9951 9960
f 9960 9951 9892
f 9930 9951 9961
f 9962 9930 9961
f 9962 9931 9930
f 9962 9964 9931
f 9964 9933 9931
f 9964 9937 9933
f 9963 9717 9821
f 9965 9952 9937
f 9965 9937 9964
f 9963 9941 9717
f 9965 9953 9952
f 9943 9955 9966
f 9944 9945 9954
f 9903 9944 9955
f 9902 9942 9953
f 9967 9946 9953
f 9967 9546 9946
f 9947 9969 9956
f 9956 9957 9905
f 9968 9949 9883
f 9969 9970 9956
f 9956 9971 9957
f 9957 9958 9880
f 9971 9958 9957
f 9970 9971 9956
f 9972 9950 9949
f 9958 9973 9885
f 9971 9973 9958
f 9974 9924 9950
f 9974 9950 9972
f 9960 9924 9974
f 9973 9976 9885
f 9885 9976 9821
f 9977 9960 9917
f 9977 9961 9960
f 9862 9962 9977
f 9962 9961 9977
f 9976 9963 9821
f 9965 9964 9962
f 9979 9954 9978
f 9954 9963 9978
f 9978 9963 9976
f 9955 9954 9979
f 9966 9955 9980
f 9967 9953 9983
f 9968 9972 9949
f 9959 9972 9968
f 9984 9972 9959
f 9984 9974 9972
f 9985 9970 9969
f 9970 9986 9971
f 9987 9971 9986
f 9987 9973 9971
f 9917 9984 9959
f 9917 9974 9984
f 9985 9986 9970
f 9988 9985 9969
f 9985 9989 9986
f 9990 9978 9973
f 9990 9973 9987
f 9988 9989 9985
f 9986 9989 9987
f 9989 9990 9987
f 9973 9978 9976
f 9862 9977 9917
f 9980 9989 9988
f 9989 9979 9990
f 9979 9978 9990
f 9966 9980 9988
f 9980 9979 9989
f 9981 9982 9862
f 9982 9962 9862
f 9962 9982 9965
f 9981 9983 9982
f 9982 9983 9965
f 9981 9967 9983

