# https://github.com/mikedh/trimesh

o geometry_0
v -0.05862431 -0.00024329 -0.00554587 0.54509804 0.71372549 0.60000000
v -0.05852091 -0.00165434 -0.00554587 0.54509804 0.71372549 0.60000000
v -0.05845710 -0.00108118 -0.00393494 0.54509804 0.71372549 0.60000000
v -0.05847911 -0.00024329 -0.00367274 0.54509804 0.71372549 0.60000000
v -0.05848131 0.00085677 -0.00364400 0.54509804 0.71372549 0.60000000
v -0.05858691 0.00131427 -0.00554587 0.54509804 0.71372549 0.60000000
v -0.05843950 -0.00243825 -0.00554587 0.54509804 0.71372549 0.60000000
v -0.05782567 -0.00331984 0.00135761 0.54509804 0.71372549 0.60000000
v -0.05795327 -0.00024329 0.00289490 0.54509804 0.71372549 0.60000000
v -0.05798187 -0.00178285 0.00135761 0.54509804 0.71372549 0.60000000
v -0.05791147 0.00129113 0.00289490 0.54509804 0.71372549 0.60000000
v -0.05839990 0.00133740 -0.00318065 0.54509804 0.71372549 0.60000000
v -0.05843510 0.00188229 -0.00424204 0.54509804 0.71372549 0.60000000
v -0.05851871 0.00198252 -0.00554587 0.54509804 0.71372549 0.60000000
v -0.05831630 -0.00330699 -0.00554587 0.54509804 0.71372549 0.60000000
v -0.05794007 -0.00331984 -0.00017969 0.54509804 0.71372549 0.60000000
v -0.05768706 -0.00331984 0.00289490 0.54509804 0.71372549 0.60000000
v -0.05784987 -0.00178285 0.00289490 0.54509804 0.71372549 0.60000000
v -0.05758805 -0.00485683 -0.00017969 0.54509804 0.71372549 0.60000000
v -0.05746925 -0.00485683 0.00135761 0.54509804 0.71372549 0.60000000
v -0.05733284 -0.00485683 0.00289490 0.54509804 0.71372549 0.60000000
v -0.05780366 -0.00024329 0.00443041 0.54509804 0.71372549 0.60000000
v -0.05776186 0.00129113 0.00443041 0.54509804 0.71372549 0.60000000
v -0.05775306 0.00282813 0.00289490 0.54509804 0.71372549 0.60000000
v -0.05788507 0.00282813 0.00135761 0.54509804 0.71372549 0.60000000
v -0.05847251 0.00222669 -0.00526570 0.54509804 0.71372549 0.60000000
v -0.05812488 0.00282813 -0.00171699 0.54509804 0.71372549 0.60000000
v -0.05848350 0.00230380 -0.00554587 0.54509804 0.71372549 0.60000000
v -0.05795767 -0.00485683 -0.00554587 0.54509804 0.71372549 0.60000000
v -0.05790707 -0.00485683 -0.00479338 0.54509804 0.71372549 0.60000000
v -0.05769586 -0.00485683 -0.00171699 0.54509804 0.71372549 0.60000000
v -0.05751985 -0.00331984 0.00443041 0.54509804 0.71372549 0.60000000
v -0.05768706 -0.00178285 0.00443041 0.54509804 0.71372549 0.60000000
v -0.05708202 -0.00457411 0.00596950 0.54509804 0.71372549 0.60000000
v -0.05706222 -0.00595946 0.00135761 0.54509804 0.71372549 0.60000000
v -0.05699181 -0.00580781 0.00289490 0.54509804 0.71372549 0.60000000
v -0.05693901 -0.00568701 0.00387188 0.54509804 0.71372549 0.60000000
v -0.05713703 -0.00494936 0.00440347 0.54509804 0.71372549 0.60000000
v -0.05763645 -0.00024329 0.00596950 0.54509804 0.71372549 0.60000000
v -0.05759685 0.00129113 0.00596950 0.54509804 0.71372549 0.60000000
v -0.05743404 0.00282813 0.00596950 0.54509804 0.71372549 0.60000000
v -0.05759685 0.00282813 0.00443041 0.54509804 0.71372549 0.60000000
v -0.05750665 0.00436769 0.00289490 0.54509804 0.71372549 0.60000000
v -0.05764305 0.00436769 0.00135761 0.54509804 0.71372549 0.60000000
v -0.05824369 0.00282813 -0.00325608 0.54509804 0.71372549 0.60000000
v -0.05845710 0.00250428 -0.00554587 0.54509804 0.71372549 0.60000000
v -0.05766946 -0.00560991 -0.00554587 0.54509804 0.71372549 0.60000000
v -0.05717663 -0.00621134 -0.00171699 0.54509804 0.71372549 0.60000000
v -0.05733504 -0.00331984 0.00596950 0.54509804 0.71372549 0.60000000
v -0.05750885 -0.00178285 0.00596950 0.54509804 0.71372549 0.60000000
v -0.05699401 -0.00432223 0.00700753 0.54509804 0.71372549 0.60000000
v -0.05687521 -0.00552509 0.00489734 0.54509804 0.71372549 0.60000000
v -0.05680920 -0.00534260 0.00596950 0.54509804 0.71372549 0.60000000
v -0.05717003 -0.00650177 -0.00339257 0.54509804 0.71372549 0.60000000
v -0.05691481 -0.00716746 -0.00399600 0.54509804 0.71372549 0.60000000
v -0.05671460 -0.00672795 0.00135761 0.54509804 0.71372549 0.60000000
v -0.05665740 -0.00657631 0.00289490 0.54509804 0.71372549 0.60000000
v -0.05662439 -0.00627816 0.00440347 0.54509804 0.71372549 0.60000000
v -0.05637798 -0.00639382 0.00596950 0.54509804 0.71372549 0.60000000
v -0.05732844 -0.00024329 0.00750680 0.54509804 0.71372549 0.60000000
v -0.05729543 0.00129113 0.00750680 0.54509804 0.71372549 0.60000000
v -0.05710402 0.00280756 0.00759659 0.54509804 0.71372549 0.60000000
v -0.05701382 0.00436769 0.00707757 0.54509804 0.71372549 0.60000000
v -0.05719203 0.00436769 0.00596950 0.54509804 0.71372549 0.60000000
v -0.05692801 0.00517474 0.00678305 0.54509804 0.71372549 0.60000000
v -0.05697201 0.00530839 0.00596950 0.54509804 0.71372549 0.60000000
v -0.05712602 0.00577874 0.00289490 0.54509804 0.71372549 0.60000000
v -0.05775966 0.00436769 -0.00017969 0.54509804 0.71372549 0.60000000
v -0.05838670 0.00303117 -0.00554587 0.54509804 0.71372549 0.60000000
v -0.05716343 0.00605375 0.00149948 0.54509804 0.71372549 0.60000000
v -0.05733944 0.00590468 -0.00017969 0.54509804 0.71372549 0.60000000
v -0.05736584 -0.00639382 -0.00554587 0.54509804 0.71372549 0.60000000
v -0.05731523 -0.00639382 -0.00479338 0.54509804 0.71372549 0.60000000
v -0.05707762 -0.00331984 0.00728949 0.54509804 0.71372549 0.60000000
v -0.05602376 -0.00639382 0.00750680 0.54509804 0.71372549 0.60000000
v -0.05664200 -0.00484398 0.00751398 0.54509804 0.71372549 0.60000000
v -0.05684441 -0.00331984 0.00805814 0.54509804 0.71372549 0.60000000
v -0.05694341 -0.00721886 -0.00479338 0.54509804 0.71372549 0.60000000
v -0.05605016 -0.00793339 0.00135761 0.54509804 0.71372549 0.60000000
v -0.05592475 -0.00793339 0.00289490 0.54509804 0.71372549 0.60000000
v -0.05571574 -0.00773548 0.00596950 0.54509804 0.71372549 0.60000000
v -0.05553533 -0.00743733 0.00750680 0.54509804 0.71372549 0.60000000
v -0.05714363 -0.00186253 0.00763251 0.54509804 0.71372549 0.60000000
v -0.05696102 -0.00140246 0.00838140 0.54509804 0.71372549 0.60000000
v -0.05701162 -0.00024329 0.00849455 0.54509804 0.71372549 0.60000000
v -0.05699401 0.00129113 0.00845863 0.54509804 0.71372549 0.60000000
v -0.05693901 0.00228067 0.00833291 0.54509804 0.71372549 0.60000000
v -0.05687961 0.00330619 0.00816949 0.54509804 0.71372549 0.60000000
v -0.05676960 0.00436769 0.00784622 0.54509804 0.71372549 0.60000000
v -0.05575094 0.00593809 0.00909797 0.54509804 0.71372549 0.60000000
v -0.05649019 0.00577360 0.00737929 0.54509804 0.71372549 0.60000000
v -0.05572234 0.00748536 0.00751937 0.54509804 0.71372549 0.60000000
v -0.05547592 0.00836952 0.00701472 0.54509804 0.71372549 0.60000000
v -0.05611396 0.00744167 0.00596950 0.54509804 0.71372549 0.60000000
v -0.05669040 0.00607688 0.00596950 0.54509804 0.71372549 0.60000000
v -0.05678940 0.00631077 0.00443041 0.54509804 0.71372549 0.60000000
v -0.05687081 0.00654723 0.00289490 0.54509804 0.71372549 0.60000000
v -0.05691261 0.00666803 0.00210650 0.54509804 0.71372549 0.60000000
v -0.05787187 0.00436769 -0.00171699 0.54509804 0.71372549 0.60000000
v -0.05824809 0.00384079 -0.00554587 0.54509804 0.71372549 0.60000000
v -0.05745384 0.00590468 -0.00171699 0.54509804 0.71372549 0.60000000
v -0.05696761 -0.00726770 -0.00554587 0.54509804 0.71372549 0.60000000
v -0.05689721 -0.00242797 0.00822875 0.54509804 0.71372549 0.60000000
v -0.05539232 -0.00719573 0.00831136 0.54509804 0.71372549 0.60000000
v -0.05557053 -0.00639382 0.00867414 0.54509804 0.71372549 0.60000000
v -0.05588735 -0.00499819 0.00918777 0.54509804 0.71372549 0.60000000
v -0.05640438 -0.00331984 0.00904409 0.54509804 0.71372549 0.60000000
v -0.05649899 -0.00803619 -0.00554587 0.54509804 0.71372549 0.60000000
v -0.05647259 -0.00798993 -0.00479338 0.54509804 0.71372549 0.60000000
v -0.05548033 -0.00883039 0.00135761 0.54509804 0.71372549 0.60000000
v -0.05541212 -0.00874814 0.00289490 0.54509804 0.71372549 0.60000000
v -0.05572454 -0.00803619 0.00427955 0.54509804 0.71372549 0.60000000
v -0.05537692 -0.00870188 0.00366535 0.54509804 0.71372549 0.60000000
v -0.05531311 -0.00861706 0.00469081 0.54509804 0.71372549 0.60000000
v -0.05523391 -0.00850397 0.00596950 0.54509804 0.71372549 0.60000000
v -0.05503810 -0.00820840 0.00750680 0.54509804 0.71372549 0.60000000
v -0.05664420 -0.00024329 0.00926320 0.54509804 0.71372549 0.60000000
v -0.05663319 -0.00186253 0.00895430 0.54509804 0.71372549 0.60000000
v -0.05662879 0.00129113 0.00922728 0.54509804 0.71372549 0.60000000
v -0.05659579 0.00280756 0.00892556 0.54509804 0.71372549 0.60000000
v -0.05626577 0.00436769 0.00904409 0.54509804 0.71372549 0.60000000
v -0.05527571 0.00647527 0.00964572 0.54509804 0.71372549 0.60000000
v -0.05552873 0.00700216 0.00862026 0.54509804 0.71372549 0.60000000
v -0.05549353 0.00544975 0.00995282 0.54509804 0.71372549 0.60000000
v -0.05528232 0.00802768 0.00804018 0.54509804 0.71372549 0.60000000
v -0.05488849 0.00891955 0.00751937 0.54509804 0.71372549 0.60000000
v -0.05406784 0.00997848 0.00750680 0.54509804 0.71372549 0.60000000
v -0.05504470 0.00928195 0.00596950 0.54509804 0.71372549 0.60000000
v -0.05556833 0.00851345 0.00596950 0.54509804 0.71372549 0.60000000
v -0.05630537 0.00744167 0.00443041 0.54509804 0.71372549 0.60000000
v -0.05695221 0.00677341 0.00108104 0.54509804 0.71372549 0.60000000
v -0.05647919 0.00744167 0.00289490 0.54509804 0.71372549 0.60000000
v -0.05666620 0.00734657 0.00149948 0.54509804 0.71372549 0.60000000
v -0.05667500 0.00766271 -0.00017969 0.54509804 0.71372549 0.60000000
v -0.05686861 0.00810479 -0.00479338 0.54509804 0.71372549 0.60000000
v -0.05809628 0.00436769 -0.00479338 0.54509804 0.71372549 0.60000000
v -0.05773326 0.00590468 -0.00554587 0.54509804 0.71372549 0.60000000
v -0.05814909 0.00436769 -0.00554587 0.54509804 0.71372549 0.60000000
v -0.05402604 -0.00891264 0.00860050 0.54509804 0.71372549 0.60000000
v -0.05456727 -0.00787427 0.00896867 0.54509804 0.71372549 0.60000000
v -0.05516791 -0.00639382 0.00944279 0.54509804 0.71372549 0.60000000
v -0.05536592 -0.00560477 0.00979658 0.54509804 0.71372549 0.60000000
v -0.05555513 -0.00457925 0.01001388 0.54509804 0.71372549 0.60000000
v -0.05570474 -0.00331984 0.01018809 0.54509804 0.71372549 0.60000000
v -0.05573114 -0.00910541 -0.00554587 0.54509804 0.71372549 0.60000000
v -0.05553753 -0.00889465 -0.00017969 0.54509804 0.71372549 0.60000000
v -0.05481148 -0.00959889 0.00135761 0.54509804 0.71372549 0.60000000
v -0.05473888 -0.00951664 0.00289490 0.54509804 0.71372549 0.60000000
v -0.05389843 -0.01029542 0.00413767 0.54509804 0.71372549 0.60000000
v -0.05383243 -0.01023373 0.00516314 0.54509804 0.71372549 0.60000000
v -0.05446606 -0.00940098 0.00596950 0.54509804 0.71372549 0.60000000
v -0.05426806 -0.00917994 0.00750680 0.54509804 0.71372549 0.60000000
v -0.05580595 -0.00178285 0.01029944 0.54509804 0.71372549 0.60000000
v -0.05587415 -0.00024329 0.01036948 0.54509804 0.71372549 0.60000000
v -0.05585875 0.00129113 0.01035511 0.54509804 0.71372549 0.60000000
v -0.05577294 0.00282813 0.01026172 0.54509804 0.71372549 0.60000000
v -0.05564093 0.00436769 0.01011625 0.54509804 0.71372549 0.60000000
v -0.05424165 0.00744167 0.01018090 0.54509804 0.71372549 0.60000000
v -0.05396443 0.00836952 0.00993846 0.54509804 0.71372549 0.60000000
v -0.05502710 0.00748536 0.00909797 0.54509804 0.71372549 0.60000000
v -0.05390063 0.00526984 0.01139314 0.54509804 0.71372549 0.60000000
v -0.05458707 0.00587127 0.01057780 0.54509804 0.71372549 0.60000000
v -0.05480489 0.00436769 0.01088490 0.54509804 0.71372549 0.60000000
v -0.05419105 0.00891955 0.00893454 0.54509804 0.71372549 0.60000000
v -0.05388303 0.00979342 0.00834908 0.54509804 0.71372549 0.60000000
v -0.05427685 0.01018667 0.00596950 0.54509804 0.71372549 0.60000000
v -0.05301838 0.01081123 0.00754631 0.54509804 0.71372549 0.60000000
v -0.05247055 0.01139210 0.00706141 0.54509804 0.71372549 0.60000000
v -0.05339900 0.01095516 0.00596950 0.54509804 0.71372549 0.60000000
v -0.05513710 0.00941560 0.00443041 0.54509804 0.71372549 0.60000000
v -0.05575314 0.00877562 0.00289490 0.54509804 0.71372549 0.60000000
v -0.05700062 0.00689421 -0.00017969 0.54509804 0.71372549 0.60000000
v -0.05689941 0.00817675 -0.00554587 0.54509804 0.71372549 0.60000000
v -0.05583675 0.00890413 0.00135761 0.54509804 0.71372549 0.60000000
v -0.05705782 0.00703815 -0.00171699 0.54509804 0.71372549 0.60000000
v -0.05717443 0.00746480 -0.00554587 0.54509804 0.71372549 0.60000000
v -0.05352221 -0.00994844 0.00750680 0.54509804 0.71372549 0.60000000
v -0.05247935 -0.01036738 0.00851789 0.54509804 0.71372549 0.60000000
v -0.05308218 -0.00947809 0.00907103 0.54509804 0.71372549 0.60000000
v -0.05368502 -0.00855024 0.00962597 0.54509804 0.71372549 0.60000000
v -0.05408324 -0.00752472 0.01004262 0.54509804 0.71372549 0.60000000
v -0.05439786 -0.00639382 0.01031380 0.54509804 0.71372549 0.60000000
v -0.05465968 -0.00498277 0.01064605 0.54509804 0.71372549 0.60000000
v -0.05395343 -0.00436335 0.01142367 0.54509804 0.71372549 0.60000000
v -0.05485989 -0.00331984 0.01095674 0.54509804 0.71372549 0.60000000
v -0.05499850 -0.00178285 0.01106808 0.54509804 0.71372549 0.60000000
v -0.05538352 -0.00949865 -0.00554587 0.54509804 0.71372549 0.60000000
v -0.05486869 -0.00966314 -0.00017969 0.54509804 0.71372549 0.60000000
v -0.05404144 -0.01042650 0.00135761 0.54509804 0.71372549 0.60000000
v -0.05396884 -0.01035967 0.00289490 0.54509804 0.71372549 0.60000000
v -0.05322079 -0.01078119 0.00456330 0.54509804 0.71372549 0.60000000
v -0.05376862 -0.01016948 0.00596950 0.54509804 0.71372549 0.60000000
v -0.05299858 -0.01079147 0.00596950 0.54509804 0.71372549 0.60000000
v -0.05510410 -0.00024329 0.01113812 0.54509804 0.71372549 0.60000000
v -0.05509310 0.00129113 0.01112555 0.54509804 0.71372549 0.60000000
v -0.05497429 0.00282813 0.01103037 0.54509804 0.71372549 0.60000000
v -0.05361901 0.00629278 0.01120457 0.54509804 0.71372549 0.60000000
v -0.05309098 0.00755990 0.01101421 0.54509804 0.71372549 0.60000000
v -0.05299858 0.00891955 0.01024017 0.54509804 0.71372549 0.60000000
v -0.05243974 0.00986282 0.00991331 0.54509804 0.71372549 0.60000000
v -0.05346281 0.00939247 0.00937274 0.54509804 0.71372549 0.60000000
v -0.05223513 0.00815105 0.01132310 0.54509804 0.71372549 0.60000000
v -0.05309098 0.00583014 0.01163918 0.54509804 0.71372549 0.60000000
v -0.05259375 0.00712553 0.01150449 0.54509804 0.71372549 0.60000000
v -0.05403484 0.00436769 0.01148833 0.54509804 0.71372549 0.60000000
v -0.05306898 0.00436769 0.01196424 0.54509804 0.71372549 0.60000000
v -0.05299858 0.01010956 0.00893454 0.54509804 0.71372549 0.60000000
v -0.05215813 0.01121475 0.00808688 0.54509804 0.71372549 0.60000000
v -0.05537032 0.00974202 0.00054586 0.54509804 0.71372549 0.60000000
v -0.05353541 0.01105283 0.00443041 0.54509804 0.71372549 0.60000000
v -0.05384783 0.01129443 0.00065720 0.54509804 0.71372549 0.60000000
v -0.05159929 0.01162599 0.00754631 0.54509804 0.71372549 0.60000000
v -0.05153109 0.01198325 0.00596950 0.54509804 0.71372549 0.60000000
v -0.05262895 0.01149491 0.00596950 0.54509804 0.71372549 0.60000000
v -0.05276756 0.01159258 0.00443041 0.54509804 0.71372549 0.60000000
v -0.05694121 0.00806880 -0.00554587 0.54509804 0.71372549 0.60000000
v -0.05606996 0.00897866 -0.00171699 0.54509804 0.71372549 0.60000000
v -0.05682021 0.00830269 -0.00554587 0.54509804 0.71372549 0.60000000
v -0.05582795 0.00913031 -0.00005218 0.54509804 0.71372549 0.60000000
v -0.05275436 -0.01058585 0.00750680 0.54509804 0.71372549 0.60000000
v -0.05149809 -0.01137748 0.00751937 0.54509804 0.71372549 0.60000000
v -0.05151349 -0.01063212 0.00903511 0.54509804 0.71372549 0.60000000
v -0.05201512 -0.01004097 0.00954336 0.54509804 0.71372549 0.60000000
v -0.05265976 -0.00901545 0.01003903 0.54509804 0.71372549 0.60000000
v -0.05301398 -0.00787941 0.01055266 0.54509804 0.71372549 0.60000000
v -0.05234294 -0.00720601 0.01137159 0.54509804 0.71372549 0.60000000
v -0.05339020 -0.00639382 0.01108245 0.54509804 0.71372549 0.60000000
v -0.05371142 -0.00538887 0.01127641 0.54509804 0.71372549 0.60000000
v -0.05306898 -0.00331984 0.01201273 0.54509804 0.71372549 0.60000000
v -0.05409204 -0.00331984 0.01150988 0.54509804 0.71372549 0.60000000
v -0.05314599 -0.00486711 0.01168767 0.54509804 0.71372549 0.60000000
v -0.05423065 -0.00178285 0.01160147 0.54509804 0.71372549 0.60000000
v -0.05504910 -0.00987390 -0.00554587 0.54509804 0.71372549 0.60000000
v -0.05410084 -0.01048304 -0.00017969 0.54509804 0.71372549 0.60000000
v -0.05336160 -0.01142888 -0.00554587 0.54509804 0.71372549 0.60000000
v -0.05325379 -0.01135435 -0.00325608 0.54509804 0.71372549 0.60000000
v -0.05318119 -0.01130294 -0.00171699 0.54509804 0.71372549 0.60000000
v -0.05310858 -0.01125154 -0.00017969 0.54509804 0.71372549 0.60000000
v -0.05306898 -0.01105620 0.00289490 0.54509804 0.71372549 0.60000000
v -0.05206792 -0.01164478 0.00443041 0.54509804 0.71372549 0.60000000
v -0.05192051 -0.01155997 0.00596950 0.54509804 0.71372549 0.60000000
v -0.05433406 -0.00024329 0.01166971 0.54509804 0.71372549 0.60000000
v -0.05432526 0.00129113 0.01166612 0.54509804 0.71372549 0.60000000
v -0.05420425 0.00282813 0.01159788 0.54509804 0.71372549 0.60000000
v -0.05164550 0.00899408 0.01100163 0.54509804 0.71372549 0.60000000
v -0.05153109 0.01015582 0.01016654 0.54509804 0.71372549 0.60000000
v -0.05050583 0.01120190 0.00967266 0.54509804 0.71372549 0.60000000
v -0.05159929 0.01095516 0.00911413 0.54509804 0.71372549 0.60000000
v -0.05164550 0.00755990 0.01170024 0.54509804 0.71372549 0.60000000
v -0.05120987 0.00849289 0.01149371 0.54509804 0.71372549 0.60000000
v -0.05153109 0.00590468 0.01217795 0.54509804 0.71372549 0.60000000
v -0.05306898 0.00282813 0.01215461 0.54509804 0.71372549 0.60000000
v -0.05153109 0.00436769 0.01241681 0.54509804 0.71372549 0.60000000
v -0.05113286 0.01145378 0.00864720 0.54509804 0.71372549 0.60000000
v -0.05480049 0.01039999 -0.00005218 0.54509804 0.71372549 0.60000000
v -0.05542312 0.00980884 -0.00047961 0.54509804 0.71372549 0.60000000
v -0.05491269 0.01082665 -0.00554587 0.54509804 0.71372549 0.60000000
v -0.05487969 0.01079324 -0.00479338 0.54509804 0.71372549 0.60000000
v -0.05480928 0.01072641 -0.00325608 0.54509804 0.71372549 0.60000000
v -0.05473448 0.01064931 -0.00171699 0.54509804 0.71372549 0.60000000
v -0.05289297 0.01166197 0.00289490 0.54509804 0.71372549 0.60000000
v -0.05317679 0.01163113 0.00124446 0.54509804 0.71372549 0.60000000
v -0.05306898 0.01179562 -0.00017969 0.54509804 0.71372549 0.60000000
v -0.05396664 0.01138182 -0.00171699 0.54509804 0.71372549 0.60000000
v -0.04999320 0.01218887 0.00750680 0.54509804 0.71372549 0.60000000
v -0.04999320 0.01244075 0.00596950 0.54509804 0.71372549 0.60000000
v -0.05153109 0.01215288 0.00443041 0.54509804 0.71372549 0.60000000
v -0.05619537 0.00897866 -0.00325608 0.54509804 0.71372549 0.60000000
v -0.05641318 0.00891698 -0.00554587 0.54509804 0.71372549 0.60000000
v -0.05096566 -0.01188124 0.00701651 0.54509804 0.71372549 0.60000000
v -0.05046402 -0.01167306 0.00804198 0.54509804 0.71372549 0.60000000
v -0.05098986 -0.01035453 0.00992230 0.54509804 0.71372549 0.60000000
v -0.05151349 -0.00950379 0.01026711 0.54509804 0.71372549 0.60000000
v -0.05153109 -0.00820840 0.01106808 0.54509804 0.71372549 0.60000000
v -0.05040022 -0.00851426 0.01125845 0.54509804 0.71372549 0.60000000
v -0.05153109 -0.00743990 0.01147216 0.54509804 0.71372549 0.60000000
v -0.05153109 -0.00639382 0.01182237 0.54509804 0.71372549 0.60000000
v -0.05262016 -0.00639382 0.01150449 0.54509804 0.71372549 0.60000000
v -0.05153109 -0.00485683 0.01220489 0.54509804 0.71372549 0.60000000
v -0.05153109 -0.00331984 0.01243657 0.54509804 0.71372549 0.60000000
v -0.05306898 -0.00178285 0.01217257 0.54509804 0.71372549 0.60000000
v -0.05428125 -0.01066039 -0.00554587 0.54509804 0.71372549 0.60000000
v -0.05415365 -0.01053445 -0.00171699 0.54509804 0.71372549 0.60000000
v -0.05259375 -0.01196606 -0.00554587 0.54509804 0.71372549 0.60000000
v -0.05248595 -0.01189923 -0.00325608 0.54509804 0.71372549 0.60000000
v -0.05234074 -0.01180414 -0.00017969 0.54509804 0.71372549 0.60000000
v -0.05230333 -0.01177843 0.00061590 0.54509804 0.71372549 0.60000000
v -0.05291717 -0.01129266 0.00122112 0.54509804 0.71372549 0.60000000
v -0.05217353 -0.01170133 0.00289490 0.54509804 0.71372549 0.60000000
v -0.05130008 -0.01204574 0.00443041 0.54509804 0.71372549 0.60000000
v -0.05115047 -0.01197120 0.00596950 0.54509804 0.71372549 0.60000000
v -0.05306898 -0.00024329 0.01228212 0.54509804 0.71372549 0.60000000
v -0.05306898 0.00129113 0.01227134 0.54509804 0.71372549 0.60000000
v -0.04999320 0.00957495 0.01124408 0.54509804 0.71372549 0.60000000
v -0.04999320 0.01062103 0.01039103 0.54509804 0.71372549 0.60000000
v -0.04948057 0.01135098 0.00989356 0.54509804 0.71372549 0.60000000
v -0.04999320 0.01161571 0.00911413 0.54509804 0.71372549 0.60000000
v -0.04999320 0.00744167 0.01210791 0.54509804 0.71372549 0.60000000
v -0.04999320 0.00880646 0.01162661 0.54509804 0.71372549 0.60000000
v -0.04922095 0.00974716 0.01135004 0.54509804 0.71372549 0.60000000
v -0.04999320 0.00590468 0.01243118 0.54509804 0.71372549 0.60000000
v -0.05153109 0.00282813 0.01253355 0.54509804 0.71372549 0.60000000
v -0.04999320 0.00436769 0.01258742 0.54509804 0.71372549 0.60000000
v -0.05547592 0.00988081 -0.00171699 0.54509804 0.71372549 0.60000000
v -0.05452107 0.01117877 -0.00554587 0.54509804 0.71372549 0.60000000
v -0.05527571 0.01043341 -0.00554587 0.54509804 0.71372549 0.60000000
v -0.05553533 0.00995792 -0.00325608 0.54509804 0.71372549 0.60000000
v -0.05153109 0.01227883 0.00289490 0.54509804 0.71372549 0.60000000
v -0.05306898 0.01189586 -0.00171699 0.54509804 0.71372549 0.60000000
v -0.05414484 0.01151290 -0.00554587 0.54509804 0.71372549 0.60000000
v -0.05306898 0.01199610 -0.00325608 0.54509804 0.71372549 0.60000000
v -0.05306898 0.01214260 -0.00554587 0.54509804 0.71372549 0.60000000
v -0.05360141 0.01183161 -0.00554587 0.54509804 0.71372549 0.60000000
v -0.04845531 0.01197040 0.00904409 0.54509804 0.71372549 0.60000000
v -0.04845531 0.01250243 0.00750680 0.54509804 0.71372549 0.60000000
v -0.04835850 0.01272861 0.00590125 0.54509804 0.71372549 0.60000000
v -0.04919015 0.01282114 0.00360968 0.54509804 0.71372549 0.60000000
v -0.04999320 0.01258211 0.00443041 0.54509804 0.71372549 0.60000000
v -0.05606556 0.00941817 -0.00554587 0.54509804 0.71372549 0.60000000
v -0.04999320 -0.01240557 0.00596950 0.54509804 0.71372549 0.60000000
v -0.04996900 -0.01203546 0.00751937 0.54509804 0.71372549 0.60000000
v -0.04943877 -0.01184269 0.00840295 0.54509804 0.71372549 0.60000000
v -0.04996900 -0.01133636 0.00896687 0.54509804 0.71372549 0.60000000
v -0.04999320 -0.01053188 0.01007674 0.54509804 0.71372549 0.60000000
v -0.04992940 -0.00935215 0.01089209 0.54509804 0.71372549 0.60000000
v -0.04937496 -0.00876357 0.01138416 0.54509804 0.71372549 0.60000000
v -0.04992940 -0.00797451 0.01157453 0.54509804 0.71372549 0.60000000
v -0.04999320 -0.00639382 0.01206122 0.54509804 0.71372549 0.60000000
v -0.04999320 -0.00485683 0.01237910 0.54509804 0.71372549 0.60000000
v -0.04999320 -0.00331984 0.01256048 0.54509804 0.71372549 0.60000000
v -0.05153109 -0.00178285 0.01256407 0.54509804 0.71372549 0.60000000
v -0.05207012 -0.01222308 -0.00554587 0.54509804 0.71372549 0.60000000
v -0.05153109 -0.01236701 -0.00325608 0.54509804 0.71372549 0.60000000
v -0.05153109 -0.01228477 -0.00171699 0.54509804 0.71372549 0.60000000
v -0.05140568 -0.01209714 0.00289490 0.54509804 0.71372549 0.60000000
v -0.05224393 -0.01174502 0.00164136 0.54509804 0.71372549 0.60000000
v -0.04999320 -0.01264460 0.00289490 0.54509804 0.71372549 0.60000000
v -0.04999320 -0.01254693 0.00443041 0.54509804 0.71372549 0.60000000
v -0.05153109 -0.00024329 0.01264848 0.54509804 0.71372549 0.60000000
v -0.05153109 0.00129113 0.01263052 0.54509804 0.71372549 0.60000000
v -0.04845531 0.01144093 0.01000131 0.54509804 0.71372549 0.60000000
v -0.04860711 0.01044626 0.01088490 0.54509804 0.71372549 0.60000000
v -0.04845531 0.00744167 0.01227853 0.54509804 0.71372549 0.60000000
v -0.04860711 0.00913288 0.01170204 0.54509804 0.71372549 0.60000000
v -0.04819569 0.00988595 0.01144163 0.54509804 0.71372549 0.60000000
v -0.04845531 0.00590468 0.01254612 0.54509804 0.71372549 0.60000000
v -0.04999320 0.00129113 0.01274905 0.54509804 0.71372549 0.60000000
v -0.04845531 0.00436769 0.01266644 0.54509804 0.71372549 0.60000000
v -0.05561673 0.01005558 -0.00554587 0.54509804 0.71372549 0.60000000
v -0.05559033 0.01002474 -0.00479338 0.54509804 0.71372549 0.60000000
v -0.05153109 0.01237392 0.00135761 0.54509804 0.71372549 0.60000000
v -0.04989639 0.01270034 0.00301523 0.54509804 0.71372549 0.60000000
v -0.05043103 0.01276203 -0.00017969 0.54509804 0.71372549 0.60000000
v -0.05064224 0.01280315 -0.00171699 0.54509804 0.71372549 0.60000000
v -0.05247715 0.01239448 -0.00554587 0.54509804 0.71372549 0.60000000
v -0.04692181 0.01210405 0.00904409 0.54509804 0.71372549 0.60000000
v -0.04692181 0.01262066 0.00750680 0.54509804 0.71372549 0.60000000
v -0.04692181 0.01279801 0.00624607 0.54509804 0.71372549 0.60000000
v -0.04778207 0.01283399 0.00534273 0.54509804 0.71372549 0.60000000
v -0.05075004 0.01282114 -0.00253592 0.54509804 0.71372549 0.60000000
v -0.04811649 0.01285455 0.00443041 0.54509804 0.71372549 0.60000000
v -0.04858952 0.01288026 0.00301523 0.54509804 0.71372549 0.60000000
v -0.04999320 0.01305503 -0.00554587 0.54509804 0.71372549 0.60000000
v -0.04966098 0.01290082 -0.00017969 0.54509804 0.71372549 0.60000000
v -0.04845531 -0.01277054 0.00596950 0.54509804 0.71372549 0.60000000
v -0.04845531 -0.01242099 0.00750680 0.54509804 0.71372549 0.60000000
v -0.04845531 -0.01195835 0.00859512 0.54509804 0.71372549 0.60000000
v -0.04845531 -0.01148029 0.00936377 0.54509804 0.71372549 0.60000000
v -0.04845531 -0.01071179 0.01021143 0.54509804 0.71372549 0.60000000
v -0.04845531 -0.00959375 0.01098008 0.54509804 0.71372549 0.60000000
v -0.04845531 -0.00882525 0.01141469 0.54509804 0.71372549 0.60000000
v -0.04845531 -0.00793339 0.01172539 0.54509804 0.71372549 0.60000000
v -0.04845531 -0.00639382 0.01215640 0.54509804 0.71372549 0.60000000
v -0.04845531 -0.00485683 0.01244734 0.54509804 0.71372549 0.60000000
v -0.04845531 -0.00331984 0.01260359 0.54509804 0.71372549 0.60000000
v -0.04999320 -0.00178285 0.01267004 0.54509804 0.71372549 0.60000000
v -0.04999320 -0.00024329 0.01275624 0.54509804 0.71372549 0.60000000
v -0.05153109 -0.01248267 -0.00554587 0.54509804 0.71372549 0.60000000
v -0.05153109 -0.01244669 -0.00479338 0.54509804 0.71372549 0.60000000
v -0.04999320 -0.01277825 -0.00017969 0.54509804 0.71372549 0.60000000
v -0.04845531 -0.01296845 0.00289490 0.54509804 0.71372549 0.60000000
v -0.04845531 -0.01288620 0.00443041 0.54509804 0.71372549 0.60000000
v -0.04692181 0.01072898 0.01085796 0.54509804 0.71372549 0.60000000
v -0.04692181 0.01151033 0.01008931 0.54509804 0.71372549 0.60000000
v -0.04692181 0.00744167 0.01233061 0.54509804 0.71372549 0.60000000
v -0.04692181 0.00897866 0.01189600 0.54509804 0.71372549 0.60000000
v -0.04692181 0.00996049 0.01148833 0.54509804 0.71372549 0.60000000
v -0.04692181 0.00590468 0.01257844 0.54509804 0.71372549 0.60000000
v -0.04845531 0.00129113 0.01280114 0.54509804 0.71372549 0.60000000
v -0.04845531 0.00282813 0.01274187 0.54509804 0.71372549 0.60000000
v -0.04692181 0.00436769 0.01269338 0.54509804 0.71372549 0.60000000
v -0.05153109 0.01246388 -0.00017969 0.54509804 0.71372549 0.60000000
v -0.05178411 0.01268492 -0.00554587 0.54509804 0.71372549 0.60000000
v -0.04538392 0.01153346 0.01011625 0.54509804 0.71372549 0.60000000
v -0.04538392 0.01212975 0.00904409 0.54509804 0.71372549 0.60000000
v -0.04538392 0.01263609 0.00750680 0.54509804 0.71372549 0.60000000
v -0.03923236 0.01275432 0.00596950 0.54509804 0.71372549 0.60000000
v -0.04537732 0.01280829 0.00594975 0.54509804 0.71372549 0.60000000
v -0.04692181 0.01283656 0.00547742 0.54509804 0.71372549 0.60000000
v -0.04384603 0.01263352 0.00750680 0.54509804 0.71372549 0.60000000
v -0.04077025 0.01262323 0.00750680 0.54509804 0.71372549 0.60000000
v -0.03614777 0.01259239 0.00750680 0.54509804 0.71372549 0.60000000
v -0.04692181 0.01287255 0.00443041 0.54509804 0.71372549 0.60000000
v -0.04845531 0.01293937 0.00135761 0.54509804 0.71372549 0.60000000
v -0.05139028 0.01279030 -0.00554587 0.54509804 0.71372549 0.60000000
v -0.05171370 0.01266436 -0.00479338 0.54509804 0.71372549 0.60000000
v -0.05153109 0.01254870 -0.00171699 0.54509804 0.71372549 0.60000000
v -0.04999320 0.01302676 -0.00479338 0.54509804 0.71372549 0.60000000
v -0.05083805 0.01284427 -0.00356139 0.54509804 0.71372549 0.60000000
v -0.04845531 0.01297536 -0.00017969 0.54509804 0.71372549 0.60000000
v -0.04845531 0.01308844 -0.00554587 0.54509804 0.71372549 0.60000000
v -0.05047943 0.01297536 -0.00554587 0.54509804 0.71372549 0.60000000
v -0.04692181 -0.01289648 0.00596950 0.54509804 0.71372549 0.60000000
v -0.04692181 -0.01257263 0.00750680 0.54509804 0.71372549 0.60000000
v -0.04692181 -0.01204060 0.00873161 0.54509804 0.71372549 0.60000000
v -0.04692181 -0.01155225 0.00950025 0.54509804 0.71372549 0.60000000
v -0.04692181 -0.01078119 0.01025813 0.54509804 0.71372549 0.60000000
v -0.04692181 -0.00965286 0.01102678 0.54509804 0.71372549 0.60000000
v -0.04692181 -0.00888437 0.01144522 0.54509804 0.71372549 0.60000000
v -0.04692181 -0.00793339 0.01177028 0.54509804 0.71372549 0.60000000
v -0.04538392 -0.00893577 0.01147396 0.54509804 0.71372549 0.60000000
v -0.04538392 -0.00793339 0.01181518 0.54509804 0.71372549 0.60000000
v -0.04692181 -0.00639382 0.01218693 0.54509804 0.71372549 0.60000000
v -0.04692181 -0.00485683 0.01246171 0.54509804 0.71372549 0.60000000
v -0.04538392 -0.00639382 0.01220310 0.54509804 0.71372549 0.60000000
v -0.04692181 -0.00331984 0.01259820 0.54509804 0.71372549 0.60000000
v -0.04845531 -0.00178285 0.01269877 0.54509804 0.71372549 0.60000000
v -0.04538392 -0.00485683 0.01245991 0.54509804 0.71372549 0.60000000
v -0.04845531 -0.00024329 0.01278318 0.54509804 0.71372549 0.60000000
v -0.05074564 -0.01274227 -0.00554587 0.54509804 0.71372549 0.60000000
v -0.04999320 -0.01283994 -0.00171699 0.54509804 0.71372549 0.60000000
v -0.04999320 -0.01289905 -0.00325608 0.54509804 0.71372549 0.60000000
v -0.04999320 -0.01295303 -0.00479338 0.54509804 0.71372549 0.60000000
v -0.04999320 -0.01297873 -0.00554587 0.54509804 0.71372549 0.60000000
v -0.04845531 -0.01301985 0.00135761 0.54509804 0.71372549 0.60000000
v -0.04692181 -0.01303527 0.00289490 0.54509804 0.71372549 0.60000000
v -0.04692181 -0.01298387 0.00443041 0.54509804 0.71372549 0.60000000
v -0.04538392 0.01073412 0.01088490 0.54509804 0.71372549 0.60000000
v -0.04538392 0.00744167 0.01233240 0.54509804 0.71372549 0.60000000
v -0.04538392 0.00897866 0.01189959 0.54509804 0.71372549 0.60000000
v -0.04538392 0.00996563 0.01148653 0.54509804 0.71372549 0.60000000
v -0.04538392 0.00590468 0.01258024 0.54509804 0.71372549 0.60000000
v -0.04538392 0.00436769 0.01269697 0.54509804 0.71372549 0.60000000
v -0.04692181 0.00129113 0.01279036 0.54509804 0.71372549 0.60000000
v -0.04692181 0.00282813 0.01275085 0.54509804 0.71372549 0.60000000
v -0.04384603 0.01153346 0.01011805 0.54509804 0.71372549 0.60000000
v -0.04384603 0.01212975 0.00904409 0.54509804 0.71372549 0.60000000
v -0.03614777 0.01272347 0.00596950 0.54509804 0.71372549 0.60000000
v -0.04588555 0.01283142 0.00542534 0.54509804 0.71372549 0.60000000
v -0.04230814 0.01211690 0.00904409 0.54509804 0.71372549 0.60000000
v -0.04077025 0.01210148 0.00904409 0.54509804 0.71372549 0.60000000
v -0.03614777 0.01205522 0.00903511 0.54509804 0.71372549 0.60000000
v -0.05101406 0.01288540 -0.00554587 0.54509804 0.71372549 0.60000000
v -0.03614777 0.01272347 0.00596052 0.54509804 0.71372549 0.60000000
v -0.03614777 0.01256155 0.00443041 0.54509804 0.71372549 0.60000000
v -0.04730904 0.01291624 -0.00554587 0.54509804 0.71372549 0.60000000
v -0.04538392 -0.01257520 0.00750680 0.54509804 0.71372549 0.60000000
v -0.04538392 -0.01288620 0.00596950 0.54509804 0.71372549 0.60000000
v -0.03614777 -0.01255207 0.00750680 0.54509804 0.71372549 0.60000000
v -0.04384603 -0.01204060 0.00877471 0.54509804 0.71372549 0.60000000
v -0.04384603 -0.01159338 0.00954336 0.54509804 0.71372549 0.60000000
v -0.04538392 -0.01157539 0.00952360 0.54509804 0.71372549 0.60000000
v -0.04538392 -0.01080689 0.01027968 0.54509804 0.71372549 0.60000000
v -0.04538392 -0.00970427 0.01104833 0.54509804 0.71372549 0.60000000
v -0.04384603 -0.00895376 0.01148474 0.54509804 0.71372549 0.60000000
v -0.04384603 -0.00793339 0.01183314 0.54509804 0.71372549 0.60000000
v -0.04384603 -0.00639382 0.01220669 0.54509804 0.71372549 0.60000000
v -0.04230814 -0.00331984 0.01257126 0.54509804 0.71372549 0.60000000
v -0.03923236 -0.00331984 0.01254971 0.54509804 0.71372549 0.60000000
v -0.04538392 -0.00178285 0.01267722 0.54509804 0.71372549 0.60000000
v -0.04384603 -0.00485683 0.01245093 0.54509804 0.71372549 0.60000000
v -0.04538392 -0.00024329 0.01275444 0.54509804 0.71372549 0.60000000
v -0.03614777 -0.00331984 0.01252097 0.54509804 0.71372549 0.60000000
v -0.04920775 -0.01308154 -0.00554587 0.54509804 0.71372549 0.60000000
v -0.04845531 -0.01309182 -0.00171699 0.54509804 0.71372549 0.60000000
v -0.04845531 -0.01316892 -0.00554587 0.54509804 0.71372549 0.60000000
v -0.04692181 -0.01305583 0.00135761 0.54509804 0.71372549 0.60000000
v -0.03614777 -0.01280652 0.00597668 0.54509804 0.71372549 0.60000000
v -0.04384603 0.01073412 0.01088670 0.54509804 0.71372549 0.60000000
v -0.04384603 0.00744167 0.01232881 0.54509804 0.71372549 0.60000000
v -0.04384603 0.00897866 0.01189779 0.54509804 0.71372549 0.60000000
v -0.04384603 0.00996563 0.01148653 0.54509804 0.71372549 0.60000000
v -0.04384603 0.00590468 0.01257485 0.54509804 0.71372549 0.60000000
v -0.04538392 0.00282813 0.01273648 0.54509804 0.71372549 0.60000000
v -0.04384603 0.00436769 0.01268081 0.54509804 0.71372549 0.60000000
v -0.04384603 0.00129113 0.01274905 0.54509804 0.71372549 0.60000000
v -0.04384603 -0.00024329 0.01273648 0.54509804 0.71372549 0.60000000
v -0.03614777 -0.00024329 0.01263771 0.54509804 0.71372549 0.60000000
v -0.04230814 0.01073155 0.01087772 0.54509804 0.71372549 0.60000000
v -0.04230814 0.01152318 0.01010907 0.54509804 0.71372549 0.60000000
v -0.03769446 0.01206807 0.00904409 0.54509804 0.71372549 0.60000000
v -0.03615657 0.01147692 0.01005340 0.54509804 0.71372549 0.60000000
v -0.03614777 0.01147949 0.01004801 0.54509804 0.71372549 0.60000000
v -0.03614777 0.01255898 0.00442322 0.54509804 0.71372549 0.60000000
v -0.04538392 0.01235336 -0.00554587 0.54509804 0.71372549 0.60000000
v -0.04653899 0.01272604 -0.00554587 0.54509804 0.71372549 0.60000000
v -0.04691522 0.01282371 -0.00554587 0.54509804 0.71372549 0.60000000
v -0.03614777 -0.01203803 0.00875316 0.54509804 0.71372549 0.60000000
v -0.04077025 -0.01203803 0.00877471 0.54509804 0.71372549 0.60000000
v -0.04230814 -0.01203803 0.00878009 0.54509804 0.71372549 0.60000000
v -0.04230814 -0.01159852 0.00954875 0.54509804 0.71372549 0.60000000
v -0.04384603 -0.01082488 0.01028507 0.54509804 0.71372549 0.60000000
v -0.04384603 -0.00972226 0.01105372 0.54509804 0.71372549 0.60000000
v -0.04230814 -0.00971198 0.01105192 0.54509804 0.71372549 0.60000000
v -0.04077025 -0.00969913 0.01104833 0.54509804 0.71372549 0.60000000
v -0.03769446 -0.00967085 0.01104115 0.54509804 0.71372549 0.60000000
v -0.03614777 -0.00965543 0.01103755 0.54509804 0.71372549 0.60000000
v -0.04230814 -0.00894348 0.01147755 0.54509804 0.71372549 0.60000000
v -0.04230814 -0.00793339 0.01182416 0.54509804 0.71372549 0.60000000
v -0.04230814 -0.00639382 0.01219771 0.54509804 0.71372549 0.60000000
v -0.04077025 -0.00485683 0.01243118 0.54509804 0.71372549 0.60000000
v -0.03614777 -0.00485683 0.01239885 0.54509804 0.71372549 0.60000000
v -0.03614777 -0.00178285 0.01258024 0.54509804 0.71372549 0.60000000
v -0.04766986 -0.01311752 -0.00554587 0.54509804 0.71372549 0.60000000
v -0.03614777 -0.01275512 0.00443041 0.54509804 0.71372549 0.60000000
v -0.03614777 -0.01280652 0.00596950 0.54509804 0.71372549 0.60000000
v -0.04230814 0.00996306 0.01148474 0.54509804 0.71372549 0.60000000
v -0.03923236 0.00590468 0.01250661 0.54509804 0.71372549 0.60000000
v -0.04230814 0.00744167 0.01230546 0.54509804 0.71372549 0.60000000
v -0.04230814 0.00897866 0.01188702 0.54509804 0.71372549 0.60000000
v -0.03615657 0.00129113 0.01264309 0.54509804 0.71372549 0.60000000
v -0.03614777 0.00437540 0.01256587 0.54509804 0.71372549 0.60000000
v -0.03614777 0.00129113 0.01264130 0.54509804 0.71372549 0.60000000
v -0.04077025 0.01071613 0.01086514 0.54509804 0.71372549 0.60000000
v -0.04077025 0.01151033 0.01009650 0.54509804 0.71372549 0.60000000
v -0.04077025 0.00994764 0.01147575 0.54509804 0.71372549 0.60000000
v -0.03923236 0.01068529 0.01085257 0.54509804 0.71372549 0.60000000
v -0.03769446 0.01064674 0.01083641 0.54509804 0.71372549 0.60000000
v -0.03614777 0.01060304 0.01082204 0.54509804 0.71372549 0.60000000
v -0.03614777 0.01200381 0.00289131 0.54509804 0.71372549 0.60000000
v -0.03615657 0.01200895 0.00289490 0.54509804 0.71372549 0.60000000
v -0.04407044 0.01168253 -0.00554587 0.54509804 0.71372549 0.60000000
v -0.03614777 -0.01157282 0.00952181 0.54509804 0.71372549 0.60000000
v -0.03923236 -0.01158824 0.00953617 0.54509804 0.71372549 0.60000000
v -0.04077025 -0.01159338 0.00954336 0.54509804 0.71372549 0.60000000
v -0.03769446 -0.01081203 0.01027250 0.54509804 0.71372549 0.60000000
v -0.04077025 -0.01082488 0.01027968 0.54509804 0.71372549 0.60000000
v -0.04230814 -0.01083002 0.01028327 0.54509804 0.71372549 0.60000000
v -0.03614777 -0.01080432 0.01026890 0.54509804 0.71372549 0.60000000
v -0.03614777 -0.00888694 0.01144343 0.54509804 0.71372549 0.60000000
v -0.03769446 -0.00890236 0.01145241 0.54509804 0.71372549 0.60000000
v -0.03614777 -0.00793339 0.01177208 0.54509804 0.71372549 0.60000000
v -0.03614777 -0.00639382 0.01215640 0.54509804 0.71372549 0.60000000
v -0.03769446 -0.00639382 0.01216718 0.54509804 0.71372549 0.60000000
v -0.04692181 -0.01305583 -0.00554587 0.54509804 0.71372549 0.60000000
v -0.04613417 -0.01288620 -0.00554587 0.54509804 0.71372549 0.60000000
v -0.04538392 -0.01270628 -0.00554587 0.54509804 0.71372549 0.60000000
v -0.03614777 -0.01231561 0.00289490 0.54509804 0.71372549 0.60000000
v -0.03769446 0.00590468 0.01248326 0.54509804 0.71372549 0.60000000
v -0.03614777 0.00590468 0.01245812 0.54509804 0.71372549 0.60000000
v -0.03923236 0.00744167 0.01225518 0.54509804 0.71372549 0.60000000
v -0.04077025 0.00897866 0.01186367 0.54509804 0.71372549 0.60000000
v -0.03614777 0.00129885 0.01264130 0.54509804 0.71372549 0.60000000
v -0.03923236 0.00991679 0.01145420 0.54509804 0.71372549 0.60000000
v -0.03769446 0.00987824 0.01142906 0.54509804 0.71372549 0.60000000
v -0.03614777 0.00983969 0.01139853 0.54509804 0.71372549 0.60000000
v -0.03614777 0.01143322 0.00195026 0.54509804 0.71372549 0.60000000
v -0.04367662 0.01137925 -0.00554587 0.54509804 0.71372549 0.60000000
v -0.04462488 -0.01241328 -0.00554587 0.54509804 0.71372549 0.60000000
v -0.04394724 -0.01213055 -0.00554587 0.54509804 0.71372549 0.60000000
v -0.04317719 -0.01171161 -0.00554587 0.54509804 0.71372549 0.60000000
v -0.03614777 -0.01185297 0.00201311 0.54509804 0.71372549 0.60000000
v -0.03614777 0.00744167 0.01219053 0.54509804 0.71372549 0.60000000
v -0.03769446 0.00744167 0.01222465 0.54509804 0.71372549 0.60000000
v -0.03923236 0.00897866 0.01182416 0.54509804 0.71372549 0.60000000
v -0.03615657 0.00983455 0.01140212 0.54509804 0.71372549 0.60000000
v -0.03614777 0.00897866 0.01173437 0.54509804 0.71372549 0.60000000
v -0.03614777 0.01047967 0.00107924 0.54509804 0.71372549 0.60000000
v -0.04330260 0.01107339 -0.00554587 0.54509804 0.71372549 0.60000000
v -0.04272616 -0.01127724 -0.00554587 0.54509804 0.71372549 0.60000000
v -0.03614777 -0.01120528 0.00123908 0.54509804 0.71372549 0.60000000
v -0.03614777 0.01035887 0.00097328 0.54509804 0.71372549 0.60000000
v -0.04260736 0.01030490 -0.00554587 0.54509804 0.71372549 0.60000000
v -0.04233894 -0.01088400 -0.00554587 0.54509804 0.71372549 0.60000000
v -0.03614777 -0.01043678 0.00043451 0.54509804 0.71372549 0.60000000
v -0.03614777 0.00982426 0.00052251 0.54509804 0.71372549 0.60000000
v -0.04221353 0.00978057 -0.00554587 0.54509804 0.71372549 0.60000000
v -0.04164590 -0.01006410 -0.00554587 0.54509804 0.71372549 0.60000000
v -0.04145669 -0.00976081 -0.00554587 0.54509804 0.71372549 0.60000000
v -0.04123007 -0.00936757 -0.00554587 0.54509804 0.71372549 0.60000000
v -0.03614777 -0.00947552 -0.00010965 0.54509804 0.71372549 0.60000000
v -0.03614777 0.00908918 0.00011124 0.54509804 0.71372549 0.60000000
v -0.04180431 0.00914059 -0.00554587 0.54509804 0.71372549 0.60000000
v -0.04051063 -0.00788198 -0.00554587 0.54509804 0.71372549 0.60000000
v -0.03614777 -0.00798479 -0.00077953 0.54509804 0.71372549 0.60000000
v -0.03614777 0.00741854 -0.00062867 0.54509804 0.71372549 0.60000000
v -0.04121248 0.00798656 -0.00554587 0.54509804 0.71372549 0.60000000
v -0.04141269 0.00843635 -0.00554587 0.54509804 0.71372549 0.60000000
v -0.04011681 -0.00656089 -0.00554587 0.54509804 0.71372549 0.60000000
v -0.03614777 -0.00790768 -0.00080467 0.54509804 0.71372549 0.60000000
v -0.03614777 0.00650868 -0.00092499 0.54509804 0.71372549 0.60000000
v -0.04046003 0.00585842 -0.00554587 0.54509804 0.71372549 0.60000000
v -0.04072404 0.00665518 -0.00554587 0.54509804 0.71372549 0.60000000
v -0.04101226 0.00750850 -0.00554587 0.54509804 0.71372549 0.60000000
v -0.03614777 -0.00655832 -0.00117103 0.54509804 0.71372549 0.60000000
v -0.04005080 -0.00627302 -0.00554587 0.54509804 0.71372549 0.60000000
v -0.03614777 -0.00637326 -0.00121952 0.54509804 0.71372549 0.60000000
v -0.03614777 0.00574790 -0.00111716 0.54509804 0.71372549 0.60000000
v -0.04016521 0.00436769 -0.00554587 0.54509804 0.71372549 0.60000000
v -0.03992980 -0.00541714 -0.00554587 0.54509804 0.71372549 0.60000000
v -0.03983959 -0.00477716 -0.00554587 0.54509804 0.71372549 0.60000000
v -0.03614777 -0.00631158 -0.00122850 0.54509804 0.71372549 0.60000000
v -0.03614777 0.00436769 -0.00133446 0.54509804 0.71372549 0.60000000
v -0.03979779 0.00126029 -0.00554587 0.54509804 0.71372549 0.60000000
v -0.03971858 -0.00331984 -0.00554587 0.54509804 0.71372549 0.60000000
v -0.03614777 -0.00485683 -0.00138475 0.54509804 0.71372549 0.60000000
v -0.03614777 0.00282042 -0.00147993 0.54509804 0.71372549 0.60000000
v -0.03614777 0.00129113 -0.00161642 0.54509804 0.71372549 0.60000000
v -0.03974939 0.00048666 -0.00554587 0.54509804 0.71372549 0.60000000
v -0.03970318 -0.00256677 -0.00554587 0.54509804 0.71372549 0.60000000
v -0.03614777 -0.00025100 -0.00166132 0.54509804 0.71372549 0.60000000
v -0.03614777 -0.00179056 -0.00160205 0.54509804 0.71372549 0.60000000
v -0.03614777 -0.00332755 -0.00150866 0.54509804 0.71372549 0.60000000
v -0.03614777 -0.00024329 -0.00166132 0.54509804 0.71372549 0.60000000
v -0.03970538 -0.00024329 -0.00554587 0.54509804 0.71372549 0.60000000
v -0.03968778 -0.00178285 -0.00554587 0.54509804 0.71372549 0.60000000
v -0.03969438 -0.00102977 -0.00554587 0.54509804 0.71372549 0.60000000
f 1 2 3
f 1 3 4
f 1 4 5
f 1 5 6
f 1 6 14
f 1 14 28
f 1 28 46
f 1 46 69
f 1 69 100
f 1 100 138
f 1 138 137
f 1 137 176
f 1 176 216
f 1 216 173
f 1 173 218
f 1 218 269
f 1 269 319
f 1 319 349
f 1 349 306
f 1 306 257
f 1 257 305
f 1 305 310
f 1 310 313
f 1 313 312
f 1 312 355
f 1 355 393
f 1 393 405
f 1 405 453
f 1 453 412
f 1 412 363
f 1 363 411
f 1 411 456
f 1 456 497
f 1 497 496
f 1 496 495
f 1 495 532
f 1 532 558
f 1 558 569
f 1 569 573
f 1 573 577
f 1 577 583
f 1 583 588
f 1 588 587
f 1 587 594
f 1 594 593
f 1 593 592
f 1 592 599
f 1 599 604
f 1 604 609
f 1 609 615
f 1 615 617
f 1 617 616
f 1 616 610
f 1 610 605
f 1 605 601
f 1 601 600
f 1 600 596
f 1 596 589
f 1 589 584
f 1 584 580
f 1 580 579
f 1 579 578
f 1 578 574
f 1 574 570
f 1 570 561
f 1 561 560
f 1 560 559
f 1 559 547
f 1 547 546
f 1 546 545
f 1 545 514
f 1 514 476
f 1 476 474
f 1 474 434
f 1 434 430
f 1 430 378
f 1 378 332
f 1 332 284
f 1 284 235
f 1 235 282
f 1 282 233
f 1 233 187
f 1 187 145
f 1 145 108
f 1 108 102
f 1 102 72
f 1 72 47
f 1 47 29
f 1 29 15
f 1 15 7
f 1 7 2
f 2 7 8
f 2 8 3
f 3 9 4
f 3 8 10
f 3 10 9
f 4 9 5
f 5 11 12
f 5 12 13
f 5 13 6
f 5 9 11
f 6 13 14
f 7 15 16
f 7 16 8
f 8 17 18
f 8 18 10
f 8 16 19
f 8 19 20
f 8 20 21
f 8 21 17
f 9 22 23
f 9 23 11
f 9 10 18
f 9 18 22
f 11 23 24
f 11 24 25
f 11 25 13
f 11 13 12
f 13 26 14
f 13 25 27
f 13 27 26
f 14 26 28
f 15 29 30
f 15 30 31
f 15 31 16
f 16 31 19
f 17 32 33
f 17 33 18
f 17 21 34
f 17 34 32
f 18 33 22
f 19 31 35
f 19 35 20
f 20 35 36
f 20 36 21
f 21 36 37
f 21 37 38
f 21 38 34
f 22 39 40
f 22 40 23
f 22 33 39
f 23 40 41
f 23 41 42
f 23 42 24
f 24 42 43
f 24 43 44
f 24 44 25
f 25 44 27
f 26 27 45
f 26 45 28
f 27 44 45
f 28 45 46
f 29 47 30
f 30 47 48
f 30 48 35
f 30 35 31
f 32 34 49
f 32 49 50
f 32 50 33
f 33 50 39
f 34 51 49
f 34 38 52
f 34 52 53
f 34 53 51
f 35 48 54
f 35 54 55
f 35 55 56
f 35 56 57
f 35 57 36
f 36 57 37
f 37 57 58
f 37 58 59
f 37 59 52
f 37 52 38
f 39 60 61
f 39 61 40
f 39 50 60
f 40 61 41
f 41 61 62
f 41 62 63
f 41 63 64
f 41 64 42
f 42 64 43
f 43 64 65
f 43 65 66
f 43 66 67
f 43 67 44
f 44 68 69
f 44 69 45
f 44 67 70
f 44 70 71
f 44 71 68
f 45 69 46
f 47 72 73
f 47 73 48
f 48 73 54
f 49 74 50
f 49 51 74
f 50 74 60
f 51 53 59
f 51 59 75
f 51 75 76
f 51 76 77
f 51 77 74
f 52 59 53
f 54 73 55
f 55 73 72
f 55 72 78
f 55 78 79
f 55 79 80
f 55 80 56
f 56 80 57
f 57 80 81
f 57 81 58
f 58 81 59
f 59 81 82
f 59 82 75
f 60 74 83
f 60 83 84
f 60 84 85
f 60 85 86
f 60 86 61
f 61 86 87
f 61 87 88
f 61 88 62
f 62 88 63
f 63 89 65
f 63 65 64
f 63 88 89
f 65 89 90
f 65 90 91
f 65 91 92
f 65 92 93
f 65 93 94
f 65 94 95
f 65 95 96
f 65 96 66
f 66 96 97
f 66 97 98
f 66 98 67
f 67 98 70
f 68 99 100
f 68 100 69
f 68 71 101
f 68 101 99
f 70 98 71
f 71 98 101
f 72 102 78
f 74 77 103
f 74 103 83
f 75 82 104
f 75 104 76
f 76 104 105
f 76 105 106
f 76 106 77
f 77 107 103
f 77 106 107
f 78 102 108
f 78 108 109
f 78 109 79
f 79 109 110
f 79 110 111
f 79 111 80
f 80 112 81
f 80 111 113
f 80 113 112
f 81 112 114
f 81 114 115
f 81 115 82
f 82 115 116
f 82 116 104
f 83 103 84
f 84 117 85
f 84 103 107
f 84 107 118
f 84 118 117
f 85 117 119
f 85 119 86
f 86 119 87
f 87 119 120
f 87 120 88
f 88 121 89
f 88 120 121
f 89 121 90
f 90 122 123
f 90 123 91
f 90 121 124
f 90 124 122
f 91 123 92
f 92 125 93
f 92 123 125
f 93 125 126
f 93 126 127
f 93 127 128
f 93 128 129
f 93 129 94
f 94 129 130
f 94 130 96
f 94 96 95
f 96 130 97
f 97 130 98
f 98 131 101
f 98 130 132
f 98 132 133
f 98 133 134
f 98 134 135
f 98 135 131
f 99 136 100
f 99 101 137
f 99 137 136
f 100 136 138
f 101 131 137
f 104 116 139
f 104 139 140
f 104 140 141
f 104 141 142
f 104 142 105
f 105 142 106
f 106 142 143
f 106 143 107
f 107 143 144
f 107 144 117
f 107 117 118
f 108 145 146
f 108 146 110
f 108 110 109
f 110 146 188
f 110 188 147
f 110 147 111
f 111 147 148
f 111 148 113
f 112 113 114
f 113 148 149
f 113 149 150
f 113 150 151
f 113 151 114
f 114 151 115
f 115 151 152
f 115 152 116
f 116 152 139
f 117 144 153
f 117 153 154
f 117 154 155
f 117 155 119
f 119 155 156
f 119 156 157
f 119 157 120
f 120 157 121
f 121 157 124
f 122 158 159
f 122 159 160
f 122 160 123
f 122 124 158
f 123 160 125
f 124 161 162
f 124 162 158
f 124 157 163
f 124 163 161
f 125 160 164
f 125 164 165
f 125 165 126
f 126 165 127
f 127 166 128
f 127 165 167
f 127 167 168
f 127 168 169
f 127 169 166
f 128 166 170
f 128 170 129
f 129 171 132
f 129 132 130
f 129 170 171
f 131 172 137
f 131 135 173
f 131 173 172
f 132 171 134
f 132 134 133
f 134 171 174
f 134 174 135
f 135 174 173
f 136 137 138
f 137 172 175
f 137 175 176
f 139 152 177
f 139 177 178
f 139 178 179
f 139 179 180
f 139 180 140
f 140 180 181
f 140 181 141
f 141 181 142
f 142 181 182
f 142 182 183
f 142 183 143
f 143 184 185
f 143 185 144
f 143 183 184
f 144 185 186
f 144 186 153
f 145 187 188
f 145 188 146
f 147 188 189
f 147 189 190
f 147 190 148
f 148 190 149
f 149 190 191
f 149 191 150
f 150 192 151
f 150 191 193
f 150 193 192
f 151 192 152
f 152 192 177
f 153 186 194
f 153 194 154
f 154 194 195
f 154 195 155
f 155 195 156
f 156 195 196
f 156 196 157
f 157 196 163
f 158 162 197
f 158 197 198
f 158 198 159
f 159 199 200
f 159 200 201
f 159 201 165
f 159 165 164
f 159 164 160
f 159 198 202
f 159 202 199
f 161 203 204
f 161 204 197
f 161 197 162
f 161 163 205
f 161 205 206
f 161 206 203
f 163 196 205
f 165 201 200
f 165 200 207
f 165 207 208
f 165 208 167
f 166 209 170
f 166 169 210
f 166 210 211
f 166 211 209
f 167 208 168
f 168 212 213
f 168 213 214
f 168 214 169
f 168 208 212
f 169 214 215
f 169 215 210
f 170 209 171
f 171 209 174
f 172 173 216
f 172 216 176
f 172 176 175
f 173 174 217
f 173 217 218
f 174 209 219
f 174 219 217
f 177 192 220
f 177 220 178
f 178 220 221
f 178 221 222
f 178 222 223
f 178 223 179
f 179 223 180
f 180 223 224
f 180 224 181
f 181 224 225
f 181 225 226
f 181 226 227
f 181 227 182
f 182 227 228
f 182 228 183
f 183 228 184
f 184 229 230
f 184 230 185
f 184 228 231
f 184 231 229
f 185 230 186
f 186 230 232
f 186 232 194
f 187 233 188
f 188 233 234
f 188 234 189
f 189 234 235
f 189 235 236
f 189 236 237
f 189 237 238
f 189 238 239
f 189 239 190
f 190 239 191
f 191 239 240
f 191 240 193
f 192 193 220
f 193 240 241
f 193 241 220
f 194 232 242
f 194 242 243
f 194 243 195
f 195 243 244
f 195 244 196
f 196 244 205
f 197 204 202
f 197 202 198
f 199 202 200
f 200 202 245
f 200 245 246
f 200 246 247
f 200 247 248
f 200 248 207
f 202 204 249
f 202 249 250
f 202 250 245
f 203 206 251
f 203 251 204
f 204 251 249
f 205 244 206
f 206 244 252
f 206 252 253
f 206 253 251
f 207 248 208
f 208 248 254
f 208 254 212
f 209 255 256
f 209 256 219
f 209 211 255
f 210 215 211
f 211 257 258
f 211 258 259
f 211 259 260
f 211 260 255
f 211 215 261
f 211 261 262
f 211 262 263
f 211 263 264
f 211 264 257
f 212 254 265
f 212 265 213
f 213 265 266
f 213 266 267
f 213 267 214
f 214 267 215
f 215 267 261
f 217 268 218
f 217 219 256
f 217 256 268
f 218 268 269
f 220 241 270
f 220 270 221
f 221 270 271
f 221 271 222
f 222 272 223
f 222 271 272
f 223 272 224
f 224 272 273
f 224 273 226
f 224 226 225
f 226 273 274
f 226 274 275
f 226 275 276
f 226 276 277
f 226 277 278
f 226 278 228
f 226 228 227
f 228 278 231
f 229 231 279
f 229 279 280
f 229 280 281
f 229 281 230
f 230 281 232
f 231 278 279
f 232 281 242
f 233 282 283
f 233 283 234
f 234 283 235
f 235 283 282
f 235 284 285
f 235 285 286
f 235 286 287
f 235 287 236
f 236 287 237
f 237 287 238
f 238 287 288
f 238 288 239
f 239 288 289
f 239 289 240
f 240 289 290
f 240 290 291
f 240 291 241
f 241 291 270
f 242 292 243
f 242 281 292
f 243 293 252
f 243 252 244
f 243 292 293
f 245 294 246
f 245 250 294
f 246 294 295
f 246 295 247
f 247 296 297
f 247 297 254
f 247 254 248
f 247 295 296
f 249 298 250
f 249 251 298
f 250 298 299
f 250 299 300
f 250 300 294
f 251 301 298
f 251 253 301
f 252 293 253
f 253 293 302
f 253 302 303
f 253 303 301
f 254 297 265
f 255 260 256
f 256 304 268
f 256 260 304
f 257 264 305
f 257 306 307
f 257 307 258
f 258 307 304
f 258 304 259
f 259 304 260
f 261 267 308
f 261 308 263
f 261 263 262
f 263 308 309
f 263 309 264
f 264 310 305
f 264 309 311
f 264 311 312
f 264 312 313
f 264 313 310
f 265 297 314
f 265 314 315
f 265 315 266
f 266 315 316
f 266 316 317
f 266 317 318
f 266 318 267
f 267 318 308
f 268 304 269
f 269 304 307
f 269 307 319
f 270 291 320
f 270 320 321
f 270 321 271
f 271 321 322
f 271 322 323
f 271 323 272
f 272 323 324
f 272 324 325
f 272 325 275
f 272 275 274
f 272 274 273
f 275 325 326
f 275 326 276
f 276 326 327
f 276 327 277
f 277 327 328
f 277 328 279
f 277 279 278
f 279 328 329
f 279 329 280
f 280 330 331
f 280 331 281
f 280 329 330
f 281 331 292
f 284 332 285
f 285 332 333
f 285 333 334
f 285 334 335
f 285 335 286
f 286 335 287
f 287 335 336
f 287 336 288
f 288 336 289
f 289 336 335
f 289 335 290
f 290 335 337
f 290 337 338
f 290 338 291
f 291 338 320
f 292 331 339
f 292 339 293
f 293 340 302
f 293 339 340
f 294 300 295
f 295 300 296
f 296 341 314
f 296 314 297
f 296 300 342
f 296 342 341
f 298 343 344
f 298 344 299
f 298 301 343
f 299 344 300
f 300 344 345
f 300 345 342
f 301 346 343
f 301 303 346
f 302 340 303
f 303 340 347
f 303 347 348
f 303 348 346
f 306 349 350
f 306 350 307
f 307 350 319
f 308 351 312
f 308 312 311
f 308 311 309
f 308 318 352
f 308 352 353
f 308 353 354
f 308 354 351
f 312 351 355
f 314 356 315
f 314 341 356
f 315 356 357
f 315 357 358
f 315 358 316
f 316 358 359
f 316 359 317
f 317 360 354
f 317 354 352
f 317 352 318
f 317 359 361
f 317 361 362
f 317 362 363
f 317 363 364
f 317 364 360
f 319 350 349
f 320 338 365
f 320 365 366
f 320 366 321
f 321 366 322
f 322 366 367
f 322 367 368
f 322 368 323
f 323 368 324
f 324 368 369
f 324 369 370
f 324 370 325
f 325 370 326
f 326 370 371
f 326 371 372
f 326 372 328
f 326 328 327
f 328 372 373
f 328 373 329
f 329 374 330
f 329 373 374
f 330 375 376
f 330 376 331
f 330 374 375
f 331 376 377
f 331 377 339
f 332 378 379
f 332 379 333
f 333 379 335
f 333 335 334
f 335 379 337
f 337 380 381
f 337 381 382
f 337 382 338
f 337 379 378
f 337 378 380
f 338 382 365
f 339 377 347
f 339 347 340
f 341 342 383
f 341 383 384
f 341 384 356
f 342 345 383
f 343 346 385
f 343 385 386
f 343 386 344
f 344 386 345
f 345 386 387
f 345 387 383
f 346 388 385
f 346 348 388
f 347 389 390
f 347 390 348
f 347 377 389
f 348 390 391
f 348 391 388
f 351 392 393
f 351 393 355
f 351 354 360
f 351 360 392
f 352 354 353
f 356 384 394
f 356 394 395
f 356 395 357
f 357 395 396
f 357 396 358
f 358 397 398
f 358 398 399
f 358 399 359
f 358 396 400
f 358 400 401
f 358 401 402
f 358 402 397
f 359 399 403
f 359 403 404
f 359 404 361
f 360 405 393
f 360 393 406
f 360 406 407
f 360 407 392
f 360 364 408
f 360 408 363
f 360 363 409
f 360 409 405
f 361 404 362
f 362 404 363
f 363 404 410
f 363 410 411
f 363 412 409
f 363 408 364
f 365 382 413
f 365 413 414
f 365 414 366
f 366 414 367
f 367 414 415
f 367 415 368
f 368 416 369
f 368 415 416
f 369 416 417
f 369 417 370
f 370 418 371
f 370 417 418
f 371 418 419
f 371 419 372
f 372 420 373
f 372 419 421
f 372 421 420
f 373 420 422
f 373 422 423
f 373 423 374
f 374 424 375
f 374 423 425
f 374 425 424
f 375 426 427
f 375 427 376
f 375 424 428
f 375 428 426
f 376 427 377
f 377 427 429
f 377 429 389
f 378 430 431
f 378 431 380
f 380 431 381
f 381 431 432
f 381 432 433
f 381 433 434
f 381 434 435
f 381 435 436
f 381 436 437
f 381 437 382
f 382 437 413
f 383 438 394
f 383 394 384
f 383 387 438
f 385 388 442
f 385 442 439
f 385 439 440
f 385 440 386
f 386 440 387
f 387 441 438
f 387 440 441
f 388 391 443
f 388 443 442
f 389 444 445
f 389 445 391
f 389 391 390
f 389 429 444
f 391 445 443
f 392 407 406
f 392 406 393
f 394 438 479
f 394 479 446
f 394 446 395
f 395 446 447
f 395 447 396
f 396 447 400
f 397 448 403
f 397 403 449
f 397 449 398
f 397 402 448
f 398 449 399
f 399 449 403
f 400 447 401
f 401 447 402
f 402 447 450
f 402 450 451
f 402 451 452
f 402 452 493
f 402 493 529
f 402 529 556
f 402 556 567
f 402 567 563
f 402 563 550
f 402 550 522
f 402 522 553
f 402 553 523
f 402 523 488
f 402 488 513
f 402 513 473
f 402 473 512
f 402 512 543
f 402 543 542
f 402 542 540
f 402 540 507
f 402 507 539
f 402 539 533
f 402 533 498
f 402 498 459
f 402 459 478
f 402 478 516
f 402 516 515
f 402 515 548
f 402 548 562
f 402 562 571
f 402 571 575
f 402 575 581
f 402 581 585
f 402 585 590
f 402 590 595
f 402 595 597
f 402 597 602
f 402 602 606
f 402 606 613
f 402 613 612
f 402 612 611
f 402 611 614
f 402 614 608
f 402 608 607
f 402 607 603
f 402 603 598
f 402 598 591
f 402 591 586
f 402 586 582
f 402 582 576
f 402 576 572
f 402 572 568
f 402 568 557
f 402 557 530
f 402 530 494
f 402 494 455
f 402 455 454
f 402 454 448
f 403 411 410
f 403 410 404
f 403 448 411
f 405 409 453
f 409 412 453
f 411 454 455
f 411 455 456
f 411 448 454
f 413 457 414
f 413 437 458
f 413 458 459
f 413 459 457
f 414 457 460
f 414 460 415
f 415 460 461
f 415 461 462
f 415 462 416
f 416 462 463
f 416 463 417
f 417 463 464
f 417 464 418
f 418 464 421
f 418 421 419
f 420 421 422
f 421 464 465
f 421 465 466
f 421 466 422
f 422 466 423
f 423 466 425
f 424 425 467
f 424 467 428
f 425 466 467
f 426 468 427
f 426 428 471
f 426 471 468
f 427 468 469
f 427 469 470
f 427 470 429
f 428 467 510
f 428 510 471
f 429 472 444
f 429 470 469
f 429 469 473
f 429 473 472
f 430 434 433
f 430 433 432
f 430 432 431
f 434 474 475
f 434 475 435
f 435 475 436
f 436 475 476
f 436 476 477
f 436 477 478
f 436 478 437
f 437 478 458
f 438 441 479
f 439 442 480
f 439 480 481
f 439 481 440
f 440 481 482
f 440 482 441
f 441 482 479
f 442 483 480
f 442 443 483
f 443 445 444
f 443 444 484
f 443 484 485
f 443 485 483
f 444 486 484
f 444 472 487
f 444 487 488
f 444 488 486
f 446 479 489
f 446 489 490
f 446 490 450
f 446 450 447
f 450 490 451
f 451 490 491
f 451 491 452
f 452 491 490
f 452 490 492
f 452 492 493
f 455 494 495
f 455 495 496
f 455 496 497
f 455 497 456
f 457 459 498
f 457 498 499
f 457 499 500
f 457 500 460
f 458 478 459
f 460 500 501
f 460 501 461
f 461 501 502
f 461 502 463
f 461 463 462
f 463 502 503
f 463 503 464
f 464 503 465
f 465 503 504
f 465 504 505
f 465 505 506
f 465 506 507
f 465 507 508
f 465 508 509
f 465 509 466
f 466 509 510
f 466 510 467
f 468 471 511
f 468 511 512
f 468 512 469
f 469 512 473
f 471 510 511
f 472 473 487
f 473 513 487
f 474 476 475
f 476 514 515
f 476 515 516
f 476 516 478
f 476 478 477
f 479 482 517
f 479 517 489
f 480 483 518
f 480 518 549
f 480 549 519
f 480 519 552
f 480 552 520
f 480 520 481
f 481 520 517
f 481 517 482
f 483 485 518
f 484 486 521
f 484 521 485
f 485 522 518
f 485 521 522
f 486 488 521
f 487 513 488
f 488 523 521
f 489 524 492
f 489 492 525
f 489 525 490
f 489 517 526
f 489 526 524
f 490 525 492
f 492 524 527
f 492 527 528
f 492 528 529
f 492 529 493
f 494 530 531
f 494 531 495
f 495 531 530
f 495 530 532
f 498 533 534
f 498 534 535
f 498 535 501
f 498 501 499
f 499 501 500
f 501 535 536
f 501 536 537
f 501 537 538
f 501 538 502
f 502 538 503
f 503 538 537
f 503 537 536
f 503 536 539
f 503 539 504
f 504 539 505
f 505 539 506
f 506 539 507
f 507 540 541
f 507 541 508
f 508 541 542
f 508 542 509
f 509 542 543
f 509 543 544
f 509 544 510
f 510 544 511
f 511 544 543
f 511 543 512
f 514 545 515
f 515 545 546
f 515 546 547
f 515 547 548
f 517 520 526
f 518 522 549
f 519 549 550
f 519 550 551
f 519 551 552
f 520 552 526
f 521 523 553
f 521 553 522
f 522 550 549
f 524 526 527
f 526 554 527
f 526 552 554
f 527 554 528
f 528 554 529
f 529 554 555
f 529 555 556
f 530 557 532
f 532 557 558
f 533 539 534
f 534 539 535
f 535 539 536
f 540 542 541
f 547 559 548
f 548 559 560
f 548 560 561
f 548 561 562
f 550 563 564
f 550 564 551
f 551 564 552
f 552 565 554
f 552 564 563
f 552 563 565
f 554 565 555
f 555 566 556
f 555 565 566
f 556 566 567
f 557 568 569
f 557 569 558
f 561 570 571
f 561 571 562
f 563 567 565
f 565 567 566
f 568 572 573
f 568 573 569
f 570 574 575
f 570 575 571
f 572 576 573
f 573 576 577
f 574 578 575
f 575 578 579
f 575 579 580
f 575 580 581
f 576 582 583
f 576 583 577
f 580 584 581
f 581 584 585
f 582 586 587
f 582 587 588
f 582 588 583
f 584 589 590
f 584 590 585
f 586 591 592
f 586 592 593
f 586 593 594
f 586 594 587
f 589 595 590
f 589 596 597
f 589 597 595
f 591 598 592
f 592 598 599
f 596 600 597
f 597 600 601
f 597 601 602
f 598 603 599
f 599 603 604
f 601 605 606
f 601 606 602
f 603 607 604
f 604 607 608
f 604 608 609
f 605 610 611
f 605 611 612
f 605 612 613
f 605 613 606
f 608 614 615
f 608 615 609
f 610 616 611
f 611 616 614
f 614 616 617
f 614 617 615

o geometry_1
v -0.04845918 0.01308687 -0.00554587 0.54117647 0.42352941 0.64313725
v -0.04999524 0.01305511 -0.00554587 0.54117647 0.42352941 0.64313725
v -0.04730817 0.01291652 -0.00554587 0.54117647 0.42352941 0.64313725
v -0.04850289 0.01500110 -0.03211321 0.54117647 0.42352941 0.64313725
v -0.04999733 0.01519455 -0.03211321 0.54117647 0.42352941 0.64313725
v -0.05101304 0.01288476 -0.00554587 0.54117647 0.42352941 0.64313725
v -0.05152298 0.01501554 -0.03211321 0.54117647 0.42352941 0.64313725
v -0.04691687 0.01282125 -0.00554587 0.54117647 0.42352941 0.64313725
v -0.04750590 0.01467196 -0.03211321 0.54117647 0.42352941 0.64313725
v -0.04654013 0.01272308 -0.00554587 0.54117647 0.42352941 0.64313725
v -0.04538288 0.01235351 -0.00554587 0.54117647 0.42352941 0.64313725
v -0.05138978 0.01278949 -0.00554587 0.54117647 0.42352941 0.64313725
v -0.05306738 0.01455070 -0.03211321 0.54117647 0.42352941 0.64313725
v -0.05178316 0.01268266 -0.00554587 0.54117647 0.42352941 0.64313725
v -0.04660257 0.01429373 -0.03211321 0.54117647 0.42352941 0.64313725
v -0.04407160 0.01168079 -0.00554587 0.54117647 0.42352941 0.64313725
v -0.05471584 0.01382889 -0.03211321 0.54117647 0.42352941 0.64313725
v -0.05306738 0.01214275 -0.00554587 0.54117647 0.42352941 0.64313725
v -0.05247626 0.01239394 -0.00554587 0.54117647 0.42352941 0.64313725
v -0.04433178 0.01312729 -0.03211321 0.54117647 0.42352941 0.64313725
v -0.04367822 0.01137763 -0.00554587 0.54117647 0.42352941 0.64313725
v -0.05623317 0.01273752 -0.03211321 0.54117647 0.42352941 0.64313725
v -0.05414346 0.01151044 -0.00554587 0.54117647 0.42352941 0.64313725
v -0.05360021 0.01183093 -0.00554587 0.54117647 0.42352941 0.64313725
v -0.04356999 0.01235063 -0.03211321 0.54117647 0.42352941 0.64313725
v -0.04330149 0.01107158 -0.00554587 0.54117647 0.42352941 0.64313725
v -0.05683886 0.01213697 -0.03211321 0.54117647 0.42352941 0.64313725
v -0.05491149 0.01082328 -0.00554587 0.54117647 0.42352941 0.64313725
v -0.05452019 0.01117841 -0.00554587 0.54117647 0.42352941 0.64313725
v -0.04260631 0.01030069 -0.00554587 0.54117647 0.42352941 0.64313725
v -0.04284983 0.01147291 -0.03211321 0.54117647 0.42352941 0.64313725
v -0.05770055 0.01097631 -0.03211321 0.54117647 0.42352941 0.64313725
v -0.05561500 0.01005528 -0.00554587 0.54117647 0.42352941 0.64313725
v -0.05527573 0.01043062 -0.00554587 0.54117647 0.42352941 0.64313725
v -0.04221500 0.00978099 -0.00554587 0.54117647 0.42352941 0.64313725
v -0.04180289 0.00913714 -0.00554587 0.54117647 0.42352941 0.64313725
v -0.04141367 0.00843554 -0.00554587 0.54117647 0.42352941 0.64313725
v -0.04167801 0.00923531 -0.03211321 0.54117647 0.42352941 0.64313725
v -0.05795240 0.01063561 -0.03211321 0.54117647 0.42352941 0.64313725
v -0.05606666 0.00941720 -0.00554587 0.54117647 0.42352941 0.64313725
v -0.04126173 0.00839512 -0.03211321 0.54117647 0.42352941 0.64313725
v -0.04121386 0.00798514 -0.00554587 0.54117647 0.42352941 0.64313725
v -0.05907635 0.00886285 -0.03211321 0.54117647 0.42352941 0.64313725
v -0.05682012 0.00830273 -0.00554587 0.54117647 0.42352941 0.64313725
v -0.05641217 0.00891482 -0.00554587 0.54117647 0.42352941 0.64313725
v -0.04101404 0.00750874 -0.00554587 0.54117647 0.42352941 0.64313725
v -0.04087042 0.00741635 -0.03211321 0.54117647 0.42352941 0.64313725
v -0.06061867 0.00430681 -0.03211321 0.54117647 0.42352941 0.64313725
v -0.05773178 0.00590344 -0.00554587 0.54117647 0.42352941 0.64313725
v -0.05746952 0.00663391 -0.00554587 0.54117647 0.42352941 0.64313725
v -0.05717188 0.00746255 -0.00554587 0.54117647 0.42352941 0.64313725
v -0.05694085 0.00806598 -0.00554587 0.54117647 0.42352941 0.64313725
v -0.05690338 0.00819013 -0.00567329 0.54117647 0.42352941 0.64313725
v -0.05689713 0.00817569 -0.00554587 0.54117647 0.42352941 0.64313725
v -0.04072681 0.00665412 -0.00554587 0.54117647 0.42352941 0.64313725
v -0.04046039 0.00585725 -0.00554587 0.54117647 0.42352941 0.64313725
v -0.04086210 0.00738748 -0.03211321 0.54117647 0.42352941 0.64313725
v -0.06085386 0.00282277 -0.03211321 0.54117647 0.42352941 0.64313725
v -0.05838533 0.00303065 -0.00554587 0.54117647 0.42352941 0.64313725
v -0.05824796 0.00383907 -0.00554587 0.54117647 0.42352941 0.64313725
v -0.05814805 0.00436455 -0.00554587 0.54117647 0.42352941 0.64313725
v -0.04016692 0.00436455 -0.00554587 0.54117647 0.42352941 0.64313725
v -0.04056238 0.00590344 -0.03211321 0.54117647 0.42352941 0.64313725
v -0.06094128 0.00128965 -0.03211321 0.54117647 0.42352941 0.64313725
v -0.05858515 0.00131275 -0.00554587 0.54117647 0.42352941 0.64313725
v -0.05848316 0.00230307 -0.00554587 0.54117647 0.42352941 0.64313725
v -0.04055197 0.00584570 -0.03211321 0.54117647 0.42352941 0.64313725
v -0.03979851 0.00125789 -0.00554587 0.54117647 0.42352941 0.64313725
v -0.04002538 0.00164478 -0.03211321 0.54117647 0.42352941 0.64313725
v -0.06094960 -0.00024347 -0.03211321 0.54117647 0.42352941 0.64313725
v -0.05862261 -0.00024058 -0.00554587 0.54117647 0.42352941 0.64313725
v -0.03974856 0.00048700 -0.00554587 0.54117647 0.42352941 0.64313725
v -0.03990258 0.00025025 -0.03211321 0.54117647 0.42352941 0.64313725
v -0.06088924 -0.00169286 -0.03211321 0.54117647 0.42352941 0.64313725
v -0.06088300 -0.00178236 -0.03211321 0.54117647 0.42352941 0.64313725
v -0.05851854 -0.00165244 -0.00554587 0.54117647 0.42352941 0.64313725
v -0.03970485 -0.00024058 -0.00554587 0.54117647 0.42352941 0.64313725
v -0.03987552 -0.00024347 -0.03211321 0.54117647 0.42352941 0.64313725
v -0.05843737 -0.00243488 -0.00554587 0.54117647 0.42352941 0.64313725
v -0.06067486 -0.00342520 -0.03211321 0.54117647 0.42352941 0.64313725
v -0.03969444 -0.00102591 -0.00554587 0.54117647 0.42352941 0.64313725
v -0.03968611 -0.00177947 -0.00554587 0.54117647 0.42352941 0.64313725
v -0.03971942 -0.00331837 -0.00554587 0.54117647 0.42352941 0.64313725
v -0.03994837 -0.00178236 -0.03211321 0.54117647 0.42352941 0.64313725
v -0.05831456 -0.00330393 -0.00554587 0.54117647 0.42352941 0.64313725
v -0.06043134 -0.00449636 -0.03211321 0.54117647 0.42352941 0.64313725
v -0.03984222 -0.00477353 -0.00554587 0.54117647 0.42352941 0.64313725
v -0.04014610 -0.00331837 -0.03211321 0.54117647 0.42352941 0.64313725
v -0.05795448 -0.00485726 -0.00554587 0.54117647 0.42352941 0.64313725
v -0.06010040 -0.00532788 -0.03211321 0.54117647 0.42352941 0.64313725
v -0.05736545 -0.00639327 -0.00554587 0.54117647 0.42352941 0.64313725
v -0.03993172 -0.00541738 -0.00554587 0.54117647 0.42352941 0.64313725
v -0.04056446 -0.00639327 -0.03211321 0.54117647 0.42352941 0.64313725
v -0.05909092 -0.00784266 -0.03211321 0.54117647 0.42352941 0.64313725
v -0.05696790 -0.00726521 -0.00554587 0.54117647 0.42352941 0.64313725
v -0.04005452 -0.00627200 -0.00554587 0.54117647 0.42352941 0.64313725
v -0.04011904 -0.00656073 -0.00554587 0.54117647 0.42352941 0.64313725
v -0.04089748 -0.00785421 -0.03211321 0.54117647 0.42352941 0.64313725
v -0.05905762 -0.00790040 -0.03211321 0.54117647 0.42352941 0.64313725
v -0.05649959 -0.00803321 -0.00554587 0.54117647 0.42352941 0.64313725
v -0.04051242 -0.00788019 -0.00554587 0.54117647 0.42352941 0.64313725
v -0.04123050 -0.00936711 -0.00554587 0.54117647 0.42352941 0.64313725
v -0.04246893 -0.01086270 -0.03211321 0.54117647 0.42352941 0.64313725
v -0.05788580 -0.00975978 -0.03211321 0.54117647 0.42352941 0.64313725
v -0.05729052 -0.01061151 -0.03211321 0.54117647 0.42352941 0.64313725
v -0.05572948 -0.00910438 -0.00554587 0.54117647 0.42352941 0.64313725
v -0.04145738 -0.00975978 -0.00554587 0.54117647 0.42352941 0.64313725
v -0.04164678 -0.01006294 -0.00554587 0.54117647 0.42352941 0.64313725
v -0.04234197 -0.01088002 -0.00554587 0.54117647 0.42352941 0.64313725
v -0.04397170 -0.01240159 -0.03211321 0.54117647 0.42352941 0.64313725
v -0.05659742 -0.01146324 -0.03211321 0.54117647 0.42352941 0.64313725
v -0.05504886 -0.00987238 -0.00554587 0.54117647 0.42352941 0.64313725
v -0.04272703 -0.01127269 -0.00554587 0.54117647 0.42352941 0.64313725
v -0.04317869 -0.01170866 -0.00554587 0.54117647 0.42352941 0.64313725
v -0.04538496 -0.01323600 -0.03211321 0.54117647 0.42352941 0.64313725
v -0.05575237 -0.01215618 -0.03211321 0.54117647 0.42352941 0.64313725
v -0.05336293 -0.01142571 -0.00554587 0.54117647 0.42352941 0.64313725
v -0.05428083 -0.01065771 -0.00554587 0.54117647 0.42352941 0.64313725
v -0.04394880 -0.01213019 -0.00554587 0.54117647 0.42352941 0.64313725
v -0.04688772 -0.01398091 -0.03211321 0.54117647 0.42352941 0.64313725
v -0.05259282 -0.01196562 -0.00554587 0.54117647 0.42352941 0.64313725
v -0.05489276 -0.01274229 -0.03211321 0.54117647 0.42352941 0.64313725
v -0.04462734 -0.01241025 -0.00554587 0.54117647 0.42352941 0.64313725
v -0.04845918 -0.01426674 -0.03211321 0.54117647 0.42352941 0.64313725
v -0.04538288 -0.01270475 -0.00554587 0.54117647 0.42352941 0.64313725
v -0.04613426 -0.01288665 -0.00554587 0.54117647 0.42352941 0.64313725
v -0.04692311 -0.01305411 -0.00554587 0.54117647 0.42352941 0.64313725
v -0.05297163 -0.01388274 -0.03211321 0.54117647 0.42352941 0.64313725
v -0.05206831 -0.01221970 -0.00554587 0.54117647 0.42352941 0.64313725
v -0.04999733 -0.01430139 -0.03211321 0.54117647 0.42352941 0.64313725
v -0.04767241 -0.01311474 -0.00554587 0.54117647 0.42352941 0.64313725
v -0.04845918 -0.01316671 -0.00554587 0.54117647 0.42352941 0.64313725
v -0.05285716 -0.01392316 -0.03211321 0.54117647 0.42352941 0.64313725
v -0.05153131 -0.01247955 -0.00554587 0.54117647 0.42352941 0.64313725
v -0.05141059 -0.01420611 -0.03211321 0.54117647 0.42352941 0.64313725
v -0.04921264 -0.01308009 -0.00554587 0.54117647 0.42352941 0.64313725
v -0.05153964 -0.01418879 -0.03211321 0.54117647 0.42352941 0.64313725
v -0.04999524 -0.01297615 -0.00554587 0.54117647 0.42352941 0.64313725
v -0.05074454 -0.01273940 -0.00554587 0.54117647 0.42352941 0.64313725
f 618 619 623
f 618 623 629
f 618 629 631
f 618 631 636
f 618 636 635
f 618 635 641
f 618 641 640
f 618 640 646
f 618 646 645
f 618 645 651
f 618 651 650
f 618 650 657
f 618 657 662
f 618 662 661
f 618 661 671
f 618 671 669
f 618 669 668
f 618 668 667
f 618 667 666
f 618 666 678
f 618 678 677
f 618 677 676
f 618 676 683
f 618 683 682
f 618 682 688
f 618 688 693
f 618 693 696
f 618 696 702
f 618 702 706
f 618 706 708
f 618 708 712
f 618 712 717
f 618 717 723
f 618 723 729
f 618 729 735
f 618 735 734
f 618 734 738
f 618 738 746
f 618 746 751
f 618 751 756
f 618 756 755
f 618 755 753
f 618 753 749
f 618 749 748
f 618 748 744
f 618 744 743
f 618 743 742
f 618 742 740
f 618 740 736
f 618 736 731
f 618 731 730
f 618 730 726
f 618 726 725
f 618 725 724
f 618 724 719
f 618 719 718
f 618 718 714
f 618 714 713
f 618 713 709
f 618 709 704
f 618 704 700
f 618 700 699
f 618 699 698
f 618 698 694
f 618 694 689
f 618 689 685
f 618 685 679
f 618 679 673
f 618 673 672
f 618 672 663
f 618 663 659
f 618 659 654
f 618 654 653
f 618 653 652
f 618 652 647
f 618 647 643
f 618 643 638
f 618 638 633
f 618 633 628
f 618 628 627
f 618 627 625
f 618 625 620
f 618 620 621
f 618 621 622
f 618 622 619
f 619 622 624
f 619 624 623
f 620 625 621
f 621 626 632
f 621 632 637
f 621 637 642
f 621 642 648
f 621 648 655
f 621 655 658
f 621 658 664
f 621 664 674
f 621 674 680
f 621 680 684
f 621 684 686
f 621 686 690
f 621 690 695
f 621 695 701
f 621 701 705
f 621 705 710
f 621 710 715
f 621 715 720
f 621 720 727
f 621 727 732
f 621 732 737
f 621 737 741
f 621 741 747
f 621 747 752
f 621 752 754
f 621 754 750
f 621 750 745
f 621 745 739
f 621 739 733
f 621 733 728
f 621 728 722
f 621 722 721
f 621 721 716
f 621 716 711
f 621 711 707
f 621 707 703
f 621 703 697
f 621 697 692
f 621 692 691
f 621 691 687
f 621 687 681
f 621 681 675
f 621 675 665
f 621 665 660
f 621 660 656
f 621 656 649
f 621 649 644
f 621 644 639
f 621 639 634
f 621 634 630
f 621 630 624
f 621 624 622
f 621 625 627
f 621 627 628
f 621 628 626
f 623 624 629
f 624 630 631
f 624 631 629
f 626 628 632
f 628 633 632
f 630 634 635
f 630 635 636
f 630 636 631
f 632 633 637
f 633 638 637
f 634 639 640
f 634 640 641
f 634 641 635
f 637 638 643
f 637 643 642
f 639 644 645
f 639 645 646
f 639 646 640
f 642 643 647
f 642 647 648
f 644 649 650
f 644 650 651
f 644 651 645
f 647 652 648
f 648 652 653
f 648 653 654
f 648 654 655
f 649 656 650
f 650 656 657
f 654 658 655
f 654 659 658
f 656 660 661
f 656 661 662
f 656 662 657
f 658 659 663
f 658 663 664
f 660 665 666
f 660 666 667
f 660 667 668
f 660 668 669
f 660 669 670
f 660 670 661
f 661 670 671
f 663 672 664
f 664 672 673
f 664 673 674
f 665 675 676
f 665 676 677
f 665 677 678
f 665 678 666
f 669 671 670
f 673 679 680
f 673 680 674
f 675 681 682
f 675 682 683
f 675 683 676
f 679 684 680
f 679 685 686
f 679 686 684
f 681 687 688
f 681 688 682
f 685 689 690
f 685 690 686
f 687 691 688
f 688 691 692
f 688 692 693
f 689 694 690
f 690 694 695
f 692 696 693
f 692 697 696
f 694 698 695
f 695 698 699
f 695 699 700
f 695 700 701
f 696 697 702
f 697 703 702
f 700 704 701
f 701 704 705
f 702 703 706
f 703 707 708
f 703 708 706
f 704 709 710
f 704 710 705
f 707 711 708
f 708 711 712
f 709 713 710
f 710 713 714
f 710 714 715
f 711 716 712
f 712 716 717
f 714 718 715
f 715 718 719
f 715 719 720
f 716 721 717
f 717 721 722
f 717 722 723
f 719 724 720
f 720 724 725
f 720 725 726
f 720 726 727
f 722 728 723
f 723 728 729
f 726 730 727
f 727 730 731
f 727 731 732
f 728 733 734
f 728 734 735
f 728 735 729
f 731 736 732
f 732 736 737
f 733 738 734
f 733 739 738
f 736 740 737
f 737 740 742
f 737 742 743
f 737 743 744
f 737 744 741
f 738 739 745
f 738 745 746
f 741 744 748
f 741 748 749
f 741 749 747
f 745 750 751
f 745 751 746
f 747 749 752
f 749 753 752
f 750 754 755
f 750 755 756
f 750 756 751
f 752 753 755
f 752 755 754

o geometry_2
v -0.03614777 0.01272527 0.00596950 0.43529412 0.89019608 0.96078431
v -0.03614777 0.01256281 0.00443231 0.43529412 0.89019608 0.96078431
v -0.03614777 0.01259280 0.00750670 0.43529412 0.89019608 0.96078431
v -0.01770003 0.01269528 0.00596950 0.43529412 0.89019608 0.96078431
v 0.03572947 0.01253532 0.00443231 0.43529412 0.89019608 0.96078431
v -0.03614777 0.01200546 0.00289065 0.43529412 0.89019608 0.96078431
v 0.03572947 0.01237036 0.00327866 0.43529412 0.89019608 0.96078431
v 0.03572947 0.01230038 0.00289511 0.43529412 0.89019608 0.96078431
v -0.01616623 0.01269278 0.00596950 0.43529412 0.89019608 0.96078431
v -0.03614777 0.01205045 0.00904390 0.43529412 0.89019608 0.96078431
v 0.03572947 0.01245284 0.00750670 0.43529412 0.89019608 0.96078431
v 0.03572947 0.01260280 0.00596950 0.43529412 0.89019608 0.96078431
v 0.03572947 0.01255281 0.00481735 0.43529412 0.89019608 0.96078431
v -0.03614777 0.01143311 0.00194960 0.43529412 0.89019608 0.96078431
v 0.03572947 0.01184550 0.00184554 0.43529412 0.89019608 0.96078431
v 0.03572947 0.01169554 0.00153631 0.43529412 0.89019608 0.96078431
v -0.03614777 0.01147810 0.01004739 0.43529412 0.89019608 0.96078431
v 0.03572947 0.01184050 0.00904390 0.43529412 0.89019608 0.96078431
v -0.03614777 0.01047836 0.00107991 0.43529412 0.89019608 0.96078431
v 0.03572947 0.01128815 0.00095949 0.43529412 0.89019608 0.96078431
v 0.03572947 0.01112319 0.00076771 0.43529412 0.89019608 0.96078431
v 0.03572947 0.01054834 0.00021468 0.43529412 0.89019608 0.96078431
v -0.03614777 0.01060333 0.01082193 0.43529412 0.89019608 0.96078431
v 0.03572947 0.01134563 0.00988088 0.43529412 0.89019608 0.96078431
v -0.03614777 0.01035839 0.00097287 0.43529412 0.89019608 0.96078431
v 0.03572947 0.01035589 0.00004371 0.43529412 0.89019608 0.96078431
v -0.03614777 0.00983853 0.01139875 0.43529412 0.89019608 0.96078431
v 0.03572947 0.01051835 0.01045919 0.43529412 0.89019608 0.96078431
v -0.03614777 0.00982603 0.00052242 0.43529412 0.89019608 0.96078431
v 0.03572947 0.00961109 -0.00053311 0.43529412 0.89019608 0.96078431
v -0.03614777 0.00897876 0.01173325 0.43529412 0.89019608 0.96078431
v 0.03572947 0.00907373 0.01116089 0.43529412 0.89019608 0.96078431
v -0.03614777 0.00909123 0.00011061 0.43529412 0.89019608 0.96078431
v 0.03572947 0.00927868 -0.00073232 0.43529412 0.89019608 0.96078431
v -0.03614777 0.00744916 0.01218816 0.43529412 0.89019608 0.96078431
v 0.03572947 0.00888378 0.01121441 0.43529412 0.89019608 0.96078431
v -0.03614777 0.00741917 -0.00062825 0.43529412 0.89019608 0.96078431
v 0.03572947 0.00870383 -0.00103559 0.43529412 0.89019608 0.96078431
v 0.03572947 0.00778907 -0.00146970 0.43529412 0.89019608 0.96078431
v 0.03572947 0.00744916 -0.00162134 0.43529412 0.89019608 0.96078431
v -0.03614777 0.00744166 0.01218965 0.43529412 0.89019608 0.96078431
v 0.03572947 0.00744166 0.01156525 0.43529412 0.89019608 0.96078431
v 0.03572947 0.00809149 0.01142402 0.43529412 0.89019608 0.96078431
v 0.03572947 0.00830643 0.01137645 0.43529412 0.89019608 0.96078431
v -0.03614777 0.00650941 -0.00092558 0.43529412 0.89019608 0.96078431
v 0.03572947 0.00637944 -0.00201232 0.43529412 0.89019608 0.96078431
v -0.03614777 0.00590457 0.01245873 0.43529412 0.89019608 0.96078431
v 0.03572947 0.00590457 0.01181501 0.43529412 0.89019608 0.96078431
v -0.03614777 0.00580209 -0.00110398 0.43529412 0.89019608 0.96078431
v 0.03572947 0.00599954 -0.00213274 0.43529412 0.89019608 0.96078431
v -0.03614777 0.00437497 0.01256577 0.43529412 0.89019608 0.96078431
v 0.03572947 0.00551967 0.01184177 0.43529412 0.89019608 0.96078431
v -0.03614777 0.00574711 -0.00111587 0.43529412 0.89019608 0.96078431
v 0.03572947 0.00436747 -0.00239291 0.43529412 0.89019608 0.96078431
v -0.03614777 0.00129078 0.01264308 0.43529412 0.89019608 0.96078431
v 0.03572947 0.00436747 0.01191759 0.43529412 0.89019608 0.96078431
v -0.03614777 0.00436747 -0.00133441 0.43529412 0.89019608 0.96078431
v 0.03572947 0.00415253 -0.00240629 0.43529412 0.89019608 0.96078431
v -0.03614777 0.00129078 -0.00161687 0.43529412 0.89019608 0.96078431
v -0.03614777 0.00282038 -0.00148010 0.43529412 0.89019608 0.96078431
v -0.03614777 0.00435747 -0.00133590 0.43529412 0.89019608 0.96078431
v -0.03614777 -0.00024381 0.01263713 0.43529412 0.89019608 0.96078431
v 0.03572947 -0.00024381 0.01198003 0.43529412 0.89019608 0.96078431
v 0.03572947 0.00129078 0.01197260 0.43529412 0.89019608 0.96078431
v 0.03572947 0.00398257 0.01192502 0.43529412 0.89019608 0.96078431
v 0.03572947 0.00245548 -0.00249251 0.43529412 0.89019608 0.96078431
v -0.03614777 -0.00024381 -0.00166147 0.43529412 0.89019608 0.96078431
v 0.03572947 0.00129078 -0.00254454 0.43529412 0.89019608 0.96078431
v -0.03614777 -0.00178091 0.01258064 0.43529412 0.89019608 0.96078431
v 0.03572947 -0.00332050 0.01192354 0.43529412 0.89019608 0.96078431
v 0.03572947 -0.00216581 0.01194881 0.43529412 0.89019608 0.96078431
v 0.03572947 -0.00178091 0.01195624 0.43529412 0.89019608 0.96078431
v 0.03572947 -0.00062871 0.01197408 0.43529412 0.89019608 0.96078431
v -0.03614777 -0.00025131 -0.00166147 0.43529412 0.89019608 0.96078431
v 0.03572947 0.00082841 -0.00254306 0.43529412 0.89019608 0.96078431
v -0.03614777 -0.00332050 0.01252117 0.43529412 0.89019608 0.96078431
v 0.03572947 -0.00485760 0.01186110 0.43529412 0.89019608 0.96078431
v -0.03614777 -0.00179090 -0.00160201 0.43529412 0.89019608 0.96078431
v 0.03572947 -0.00024381 -0.00253414 0.43529412 0.89019608 0.96078431
v -0.03614777 -0.00485760 0.01239926 0.43529412 0.89019608 0.96078431
v 0.03572947 -0.00639469 0.01171094 0.43529412 0.89019608 0.96078431
v -0.03614777 -0.00332800 -0.00150835 0.43529412 0.89019608 0.96078431
v 0.03572947 -0.00178091 -0.00243899 0.43529412 0.89019608 0.96078431
v -0.03614777 -0.00638719 0.01215694 0.43529412 0.89019608 0.96078431
v 0.03572947 -0.00672960 0.01165445 0.43529412 0.89019608 0.96078431
v -0.03614777 -0.00485760 -0.00138496 0.43529412 0.89019608 0.96078431
v 0.03572947 -0.00332050 -0.00233939 0.43529412 0.89019608 0.96078431
v -0.03614777 -0.00639469 0.01215545 0.43529412 0.89019608 0.96078431
v 0.03572947 -0.00775183 0.01147903 0.43529412 0.89019608 0.96078431
v -0.03614777 -0.00631221 -0.00122737 0.43529412 0.89019608 0.96078431
v 0.03572947 -0.00465265 -0.00216842 0.43529412 0.89019608 0.96078431
v -0.03614777 -0.00793178 0.01177190 0.43529412 0.89019608 0.96078431
v 0.03572947 -0.00852163 0.01130955 0.43529412 0.89019608 0.96078431
v -0.03614777 -0.00637470 -0.00121845 0.43529412 0.89019608 0.96078431
v 0.03572947 -0.00485760 -0.00214166 0.43529412 0.89019608 0.96078431
v -0.03614777 -0.00888653 0.01144335 0.43529412 0.89019608 0.96078431
v 0.03572947 -0.00876157 0.01122630 0.43529412 0.89019608 0.96078431
v -0.03614777 -0.00655715 -0.00117088 0.43529412 0.89019608 0.96078431
v 0.03572947 -0.00631721 -0.00174919 0.43529412 0.89019608 0.96078431
v -0.03614777 -0.00965633 0.01103749 0.43529412 0.89019608 0.96078431
v 0.03572947 -0.00946888 0.01097803 0.43529412 0.89019608 0.96078431
v -0.03614777 -0.00790679 -0.00080516 0.43529412 0.89019608 0.96078431
v 0.03572947 -0.00834418 -0.00094491 0.43529412 0.89019608 0.96078431
v -0.03614777 -0.00798427 -0.00077840 0.43529412 0.89019608 0.96078431
v -0.03614777 -0.01080353 0.01026890 0.43529412 0.89019608 0.96078431
v 0.03572947 -0.01081103 0.01024957 0.43529412 0.89019608 0.96078431
v 0.03572947 -0.00980379 0.01079666 0.43529412 0.89019608 0.96078431
v 0.03572947 -0.00849914 -0.00087801 0.43529412 0.89019608 0.96078431
v -0.03614777 -0.00947638 -0.00011090 0.43529412 0.89019608 0.96078431
v -0.03614777 -0.01157333 0.00952111 0.43529412 0.89019608 0.96078431
v 0.03572947 -0.01157832 0.00953598 0.43529412 0.89019608 0.96078431
v 0.03572947 -0.01100348 0.01007117 0.43529412 0.89019608 0.96078431
v 0.03572947 -0.00943639 -0.00028037 0.43529412 0.89019608 0.96078431
v -0.03614777 -0.01043862 0.00043322 0.43529412 0.89019608 0.96078431
v -0.03614777 -0.01203570 0.00875251 0.43529412 0.89019608 0.96078431
v 0.03457561 -0.01205070 0.00876589 0.43529412 0.89019608 0.96078431
v 0.03572947 -0.01169829 0.00934420 0.43529412 0.89019608 0.96078431
v 0.03572947 -0.01036864 0.00046295 0.43529412 0.89019608 0.96078431
v -0.03614777 -0.01120592 0.00123898 0.43529412 0.89019608 0.96078431
v 0.03572947 -0.01110345 0.00116168 0.43529412 0.89019608 0.96078431
v 0.03572947 -0.01190574 0.00196001 0.43529412 0.89019608 0.96078431
v -0.03614777 -0.01255307 0.00750670 0.43529412 0.89019608 0.96078431
v 0.03149395 -0.01205320 0.00875995 0.43529412 0.89019608 0.96078431
v 0.03457561 -0.01250558 0.00750670 0.43529412 0.89019608 0.96078431
v 0.03572947 -0.01216317 0.00845221 0.43529412 0.89019608 0.96078431
v 0.03572947 -0.01204820 0.00876738 0.43529412 0.89019608 0.96078431
v -0.03614777 -0.01185075 0.00201353 0.43529412 0.89019608 0.96078431
v 0.03572947 -0.01224815 0.00289511 0.43529412 0.89019608 0.96078431
v -0.03614777 -0.01231563 0.00289511 0.43529412 0.89019608 0.96078431
v -0.03614777 -0.01280800 0.00596950 0.43529412 0.89019608 0.96078431
v 0.03572947 -0.01250308 0.00750670 0.43529412 0.89019608 0.96078431
v -0.03461398 -0.01280550 0.00596950 0.43529412 0.89019608 0.96078431
v 0.03572947 -0.01253807 0.00443231 0.43529412 0.89019608 0.96078431
v -0.03614777 -0.01275551 0.00443231 0.43529412 0.89019608 0.96078431
v -0.03614777 -0.01231813 0.00290254 0.43529412 0.89019608 0.96078431
v 0.03572947 -0.01254057 0.00712166 0.43529412 0.89019608 0.96078431
v 0.03572947 -0.01265054 0.00596950 0.43529412 0.89019608 0.96078431
f 757 758 762
f 757 762 770
f 757 770 775
f 757 775 781
f 757 781 785
f 757 785 789
f 757 789 793
f 757 793 801
f 757 801 805
f 757 805 809
f 757 809 813
f 757 813 817
f 757 817 816
f 757 816 815
f 757 815 823
f 757 823 830
f 757 830 834
f 757 834 838
f 757 838 842
f 757 842 846
f 757 846 850
f 757 850 854
f 757 854 858
f 757 858 860
f 757 860 865
f 757 865 870
f 757 870 875
f 757 875 883
f 757 883 885
f 757 885 891
f 757 891 890
f 757 890 886
f 757 886 878
f 757 878 871
f 757 871 866
f 757 866 861
f 757 861 856
f 757 856 852
f 757 852 848
f 757 848 844
f 757 844 840
f 757 840 836
f 757 836 832
f 757 832 825
f 757 825 818
f 757 818 811
f 757 811 807
f 757 807 803
f 757 803 797
f 757 797 791
f 757 791 787
f 757 787 783
f 757 783 779
f 757 779 773
f 757 773 766
f 757 766 759
f 757 759 760
f 757 760 761
f 757 761 758
f 758 761 763
f 758 763 764
f 758 764 762
f 759 765 760
f 759 766 767
f 759 767 768
f 759 768 765
f 760 765 761
f 761 769 768
f 761 768 767
f 761 767 774
f 761 774 780
f 761 780 784
f 761 784 788
f 761 788 792
f 761 792 800
f 761 800 799
f 761 799 798
f 761 798 804
f 761 804 808
f 761 808 812
f 761 812 821
f 761 821 820
f 761 820 819
f 761 819 829
f 761 829 828
f 761 828 827
f 761 827 826
f 761 826 833
f 761 833 837
f 761 837 841
f 761 841 845
f 761 845 849
f 761 849 853
f 761 853 857
f 761 857 863
f 761 863 862
f 761 862 868
f 761 868 867
f 761 867 873
f 761 873 882
f 761 882 881
f 761 881 887
f 761 887 892
f 761 892 893
f 761 893 889
f 761 889 884
f 761 884 877
f 761 877 876
f 761 876 874
f 761 874 869
f 761 869 864
f 761 864 859
f 761 859 855
f 761 855 851
f 761 851 847
f 761 847 843
f 761 843 839
f 761 839 835
f 761 835 831
f 761 831 824
f 761 824 822
f 761 822 814
f 761 814 810
f 761 810 806
f 761 806 802
f 761 802 796
f 761 796 795
f 761 795 794
f 761 794 790
f 761 790 786
f 761 786 782
f 761 782 778
f 761 778 777
f 761 777 776
f 761 776 772
f 761 772 771
f 761 771 764
f 761 764 763
f 761 765 769
f 762 764 771
f 762 771 772
f 762 772 770
f 765 768 769
f 766 773 774
f 766 774 767
f 770 772 776
f 770 776 777
f 770 777 778
f 770 778 775
f 773 779 780
f 773 780 774
f 775 778 781
f 778 782 781
f 779 783 780
f 780 783 784
f 781 782 785
f 782 786 785
f 783 787 788
f 783 788 784
f 785 786 790
f 785 790 789
f 787 791 788
f 788 791 792
f 789 790 794
f 789 794 795
f 789 795 796
f 789 796 793
f 791 797 798
f 791 798 799
f 791 799 800
f 791 800 792
f 793 796 802
f 793 802 801
f 797 803 798
f 798 803 804
f 801 802 806
f 801 806 805
f 803 807 804
f 804 807 808
f 805 806 809
f 806 810 809
f 807 811 812
f 807 812 808
f 809 810 813
f 810 814 815
f 810 815 816
f 810 816 817
f 810 817 813
f 811 818 819
f 811 819 820
f 811 820 821
f 811 821 812
f 814 822 815
f 815 822 824
f 815 824 823
f 818 825 826
f 818 826 827
f 818 827 828
f 818 828 829
f 818 829 819
f 823 824 830
f 824 831 830
f 825 832 826
f 826 832 833
f 830 831 835
f 830 835 834
f 832 836 833
f 833 836 837
f 834 835 838
f 835 839 838
f 836 840 837
f 837 840 841
f 838 839 843
f 838 843 842
f 840 844 845
f 840 845 841
f 842 843 846
f 843 847 846
f 844 848 849
f 844 849 845
f 846 847 851
f 846 851 850
f 848 852 849
f 849 852 853
f 850 851 854
f 851 855 854
f 852 856 857
f 852 857 853
f 854 855 858
f 855 859 860
f 855 860 858
f 856 861 862
f 856 862 863
f 856 863 857
f 859 864 860
f 860 864 865
f 861 866 867
f 861 867 868
f 861 868 862
f 864 869 870
f 864 870 865
f 866 871 872
f 866 872 873
f 866 873 867
f 869 874 870
f 870 874 876
f 870 876 877
f 870 877 875
f 871 878 879
f 871 879 872
f 872 880 881
f 872 881 882
f 872 882 873
f 872 879 878
f 872 878 880
f 875 877 883
f 877 884 885
f 877 885 883
f 878 886 880
f 880 887 881
f 880 886 888
f 880 888 887
f 884 889 890
f 884 890 891
f 884 891 885
f 886 890 888
f 887 888 892
f 888 893 892
f 888 890 893
f 889 893 890

o geometry_3
v 0.04841758 0.01305571 -0.00599487 0.38039216 0.78823529 0.52549020
v 0.04835234 0.01498384 -0.03211321 0.38039216 0.78823529 0.52549020
v 0.04811032 0.01304156 -0.00599487 0.38039216 0.78823529 0.52549020
v 0.04972448 0.01289999 -0.00599487 0.38039216 0.78823529 0.52549020
v 0.04953507 0.01483661 -0.03211321 0.38039216 0.78823529 0.52549020
v 0.04711068 0.01488758 -0.03211321 0.38039216 0.78823529 0.52549020
v 0.04697809 0.01297644 -0.00599487 0.38039216 0.78823529 0.52549020
v 0.05049052 0.01278674 -0.00599487 0.38039216 0.78823529 0.52549020
v 0.05055155 0.01458462 -0.03211321 0.38039216 0.78823529 0.52549020
v 0.04534078 0.01409764 -0.03211321 0.38039216 0.78823529 0.52549020
v 0.04534078 0.01254324 -0.00599487 0.38039216 0.78823529 0.52549020
v 0.04601212 0.01274427 -0.00599487 0.38039216 0.78823529 0.52549020
v 0.04620994 0.01279806 -0.00599487 0.38039216 0.78823529 0.52549020
v 0.05148806 0.01246114 -0.00599487 0.38039216 0.78823529 0.52549020
v 0.05168588 0.01417125 -0.03211321 0.38039216 0.78823529 0.52549020
v 0.04393286 0.01345493 -0.03211321 0.38039216 0.78823529 0.52549020
v 0.04500406 0.01239035 -0.00599487 0.38039216 0.78823529 0.52549020
v 0.05412080 0.01317463 -0.03211321 0.38039216 0.78823529 0.52549020
v 0.05314431 0.01359933 -0.03211321 0.38039216 0.78823529 0.52549020
v 0.05289177 0.01178445 -0.00599487 0.38039216 0.78823529 0.52549020
v 0.04244918 0.01188072 -0.03211321 0.38039216 0.78823529 0.52549020
v 0.04304897 0.01126915 -0.00599487 0.38039216 0.78823529 0.52549020
v 0.04342147 0.01153813 -0.00599487 0.38039216 0.78823529 0.52549020
v 0.04357299 0.01164289 -0.00599487 0.38039216 0.78823529 0.52549020
v 0.04370768 0.01172499 -0.00599487 0.38039216 0.78823529 0.52549020
v 0.05314010 0.01166271 -0.00599487 0.38039216 0.78823529 0.52549020
v 0.05379881 0.01128897 -0.00599487 0.38039216 0.78823529 0.52549020
v 0.05485317 0.01267349 -0.03211321 0.38039216 0.78823529 0.52549020
v 0.04097813 0.00873795 -0.03211321 0.38039216 0.78823529 0.52549020
v 0.04044569 0.00747235 -0.00599487 0.38039216 0.78823529 0.52549020
v 0.04113597 0.00887102 -0.00599487 0.38039216 0.78823529 0.52549020
v 0.04146006 0.00946277 -0.00599487 0.38039216 0.78823529 0.52549020
v 0.04157160 0.00962132 -0.00599487 0.38039216 0.78823529 0.52549020
v 0.04242393 0.01059530 -0.00599487 0.38039216 0.78823529 0.52549020
v 0.05445121 0.01070006 -0.00599487 0.38039216 0.78823529 0.52549020
v 0.05593279 0.01188355 -0.03211321 0.38039216 0.78823529 0.52549020
v 0.05582967 0.01195999 -0.03211321 0.38039216 0.78823529 0.52549020
v 0.04066876 0.00744970 -0.03211321 0.38039216 0.78823529 0.52549020
v 0.03936818 0.00436357 -0.00599487 0.38039216 0.78823529 0.52549020
v 0.03967123 0.00561501 -0.00599487 0.38039216 0.78823529 0.52549020
v 0.03989220 0.00621525 -0.00599487 0.38039216 0.78823529 0.52549020
v 0.05539824 0.00982235 -0.00599487 0.38039216 0.78823529 0.52549020
v 0.05734492 0.01037445 -0.03211321 0.38039216 0.78823529 0.52549020
v 0.04006056 0.00282899 -0.03211321 0.38039216 0.78823529 0.52549020
v 0.03921455 0.00320556 -0.00599487 0.38039216 0.78823529 0.52549020
v 0.05607379 0.00897861 -0.00599487 0.38039216 0.78823529 0.52549020
v 0.05677670 0.00804145 -0.00599487 0.38039216 0.78823529 0.52549020
v 0.05746277 0.01021307 -0.03211321 0.38039216 0.78823529 0.52549020
v 0.03988168 0.00129159 -0.03211321 0.38039216 0.78823529 0.52549020
v 0.03973226 -0.00024299 -0.03211321 0.38039216 0.78823529 0.52549020
v 0.03907776 0.00169646 -0.00599487 0.38039216 0.78823529 0.52549020
v 0.05716393 0.00727416 -0.00599487 0.38039216 0.78823529 0.52549020
v 0.05904957 0.00735344 -0.03211321 0.38039216 0.78823529 0.52549020
v 0.03974489 -0.00087437 -0.03211321 0.38039216 0.78823529 0.52549020
v 0.03898937 -0.00024299 -0.00599487 0.38039216 0.78823529 0.52549020
v 0.03900199 0.00019303 -0.00599487 0.38039216 0.78823529 0.52549020
v 0.03904829 0.00128875 -0.00599487 0.38039216 0.78823529 0.52549020
v 0.05776161 0.00590097 -0.00599487 0.38039216 0.78823529 0.52549020
v 0.05907483 0.00729115 -0.03211321 0.38039216 0.78823529 0.52549020
v 0.03902514 -0.00178040 -0.00599487 0.38039216 0.78823529 0.52549020
v 0.03977224 -0.00178040 -0.03211321 0.38039216 0.78823529 0.52549020
v 0.05823723 0.00455326 -0.00599487 0.38039216 0.78823529 0.52549020
v 0.05845820 0.00378598 -0.00599487 0.38039216 0.78823529 0.52549020
v 0.05980509 0.00460140 -0.03211321 0.38039216 0.78823529 0.52549020
v 0.03912195 -0.00331780 -0.00599487 0.38039216 0.78823529 0.52549020
v 0.03981644 -0.00231268 -0.03211321 0.38039216 0.78823529 0.52549020
v 0.05861393 0.00282616 -0.00599487 0.38039216 0.78823529 0.52549020
v 0.06033332 0.00213532 -0.03211321 0.38039216 0.78823529 0.52549020
v 0.06009761 0.00336694 -0.03211321 0.38039216 0.78823529 0.52549020
v 0.03997428 -0.00366605 -0.03211321 0.38039216 0.78823529 0.52549020
v 0.03931977 -0.00486087 -0.00599487 0.38039216 0.78823529 0.52549020
v 0.05865602 0.00248923 -0.00599487 0.38039216 0.78823529 0.52549020
v 0.06045118 0.00129159 -0.03211321 0.38039216 0.78823529 0.52549020
v 0.04014895 -0.00485804 -0.03211321 0.38039216 0.78823529 0.52549020
v 0.04017210 -0.00500810 -0.03211321 0.38039216 0.78823529 0.52549020
v 0.04041833 -0.00634448 -0.03211321 0.38039216 0.78823529 0.52549020
v 0.04042885 -0.00639544 -0.03211321 0.38039216 0.78823529 0.52549020
v 0.04079504 -0.00804044 -0.03211321 0.38039216 0.78823529 0.52549020
v 0.03965650 -0.00615761 -0.00599487 0.38039216 0.78823529 0.52549020
v 0.05880334 0.00128875 -0.00599487 0.38039216 0.78823529 0.52549020
v 0.06046380 0.00082725 -0.03211321 0.38039216 0.78823529 0.52549020
v 0.04110861 -0.00906538 -0.03211321 0.38039216 0.78823529 0.52549020
v 0.03973226 -0.00638695 -0.00599487 0.38039216 0.78823529 0.52549020
v 0.05882649 -0.00024299 -0.00599487 0.38039216 0.78823529 0.52549020
v 0.06048695 -0.00024299 -0.03211321 0.38039216 0.78823529 0.52549020
v 0.04091079 -0.00912200 -0.00599487 0.38039216 0.78823529 0.52549020
v 0.04029206 -0.00786490 -0.00599487 0.38039216 0.78823529 0.52549020
v 0.04016789 -0.00755628 -0.00599487 0.38039216 0.78823529 0.52549020
v 0.04151899 -0.00981851 -0.03211321 0.38039216 0.78823529 0.52549020
v 0.05866024 -0.00178040 -0.00599487 0.38039216 0.78823529 0.52549020
v 0.05862656 -0.00198991 -0.00599487 0.38039216 0.78823529 0.52549020
v 0.05848556 -0.00283648 -0.00599487 0.38039216 0.78823529 0.52549020
v 0.06021758 -0.00178040 -0.03211321 0.38039216 0.78823529 0.52549020
v 0.04108967 -0.00942779 -0.00599487 0.38039216 0.78823529 0.52549020
v 0.04233975 -0.01095387 -0.03211321 0.38039216 0.78823529 0.52549020
v 0.04154424 -0.01017242 -0.00599487 0.38039216 0.78823529 0.52549020
v 0.05986191 -0.00331780 -0.03211321 0.38039216 0.78823529 0.52549020
v 0.05827300 -0.00360376 -0.00599487 0.38039216 0.78823529 0.52549020
v 0.05907061 -0.00633316 -0.03211321 0.38039216 0.78823529 0.52549020
v 0.05946626 -0.00486087 -0.03211321 0.38039216 0.78823529 0.52549020
v 0.04311211 -0.01175230 -0.03211321 0.38039216 0.78823529 0.52549020
v 0.04200724 -0.01063393 -0.00599487 0.38039216 0.78823529 0.52549020
v 0.05817620 -0.00390105 -0.00599487 0.38039216 0.78823529 0.52549020
v 0.05785421 -0.00485521 -0.00599487 0.38039216 0.78823529 0.52549020
v 0.05772373 -0.00517798 -0.00599487 0.38039216 0.78823529 0.52549020
v 0.05717235 -0.00650020 -0.00599487 0.38039216 0.78823529 0.52549020
v 0.05701451 -0.00684279 -0.00599487 0.38039216 0.78823529 0.52549020
v 0.05688613 -0.00718821 -0.00674651 0.38039216 0.78823529 0.52549020
v 0.05745014 -0.00928339 -0.03211321 0.38039216 0.78823529 0.52549020
v 0.04391603 -0.01240067 -0.03211321 0.38039216 0.78823529 0.52549020
v 0.04317734 -0.01169567 -0.00599487 0.38039216 0.78823529 0.52549020
v 0.04256283 -0.01115206 -0.00599487 0.38039216 0.78823529 0.52549020
v 0.04232081 -0.01093405 -0.00599487 0.38039216 0.78823529 0.52549020
v 0.05665253 -0.00746851 -0.00599487 0.38039216 0.78823529 0.52549020
v 0.05641261 -0.00781677 -0.00599487 0.38039216 0.78823529 0.52549020
v 0.05556450 -0.00897761 -0.00599487 0.38039216 0.78823529 0.52549020
v 0.05499628 -0.00957785 -0.00599487 0.38039216 0.78823529 0.52549020
v 0.05594962 -0.01085194 -0.03211321 0.38039216 0.78823529 0.52549020
v 0.04402546 -0.01245163 -0.03211321 0.38039216 0.78823529 0.52549020
v 0.04372031 -0.01194483 -0.00599487 0.38039216 0.78823529 0.52549020
v 0.05483634 -0.00974489 -0.00599487 0.38039216 0.78823529 0.52549020
v 0.05466587 -0.00990345 -0.00599487 0.38039216 0.78823529 0.52549020
v 0.05406609 -0.01045272 -0.00599487 0.38039216 0.78823529 0.52549020
v 0.05456275 -0.01186555 -0.03211321 0.38039216 0.78823529 0.52549020
v 0.04641829 -0.01342278 -0.03211321 0.38039216 0.78823529 0.52549020
v 0.04391603 -0.01202127 -0.00599487 0.38039216 0.78823529 0.52549020
v 0.05302646 -0.01114923 -0.00599487 0.38039216 0.78823529 0.52549020
v 0.05315273 -0.01274043 -0.03211321 0.38039216 0.78823529 0.52549020
v 0.04735270 -0.01372573 -0.03211321 0.38039216 0.78823529 0.52549020
v 0.04534078 -0.01241483 -0.00599487 0.38039216 0.78823529 0.52549020
v 0.05209206 -0.01170417 -0.00599487 0.38039216 0.78823529 0.52549020
v 0.05132180 -0.01200712 -0.00599487 0.38039216 0.78823529 0.52549020
v 0.04978551 -0.01388428 -0.03211321 0.38039216 0.78823529 0.52549020
v 0.04844704 -0.01394091 -0.03211321 0.38039216 0.78823529 0.52549020
v 0.04687918 -0.01263850 -0.00599487 0.38039216 0.78823529 0.52549020
v 0.05024008 -0.01231007 -0.00599487 0.38039216 0.78823529 0.52549020
v 0.04994966 -0.01238935 -0.00599487 0.38039216 0.78823529 0.52549020
v 0.04841758 -0.01263850 -0.00599487 0.38039216 0.78823529 0.52549020
f 894 895 896
f 894 896 900
f 894 900 906
f 894 906 905
f 894 905 904
f 894 904 910
f 894 910 918
f 894 918 917
f 894 917 916
f 894 916 915
f 894 915 927
f 894 927 926
f 894 926 925
f 894 925 924
f 894 924 923
f 894 923 934
f 894 934 933
f 894 933 932
f 894 932 938
f 894 938 944
f 894 944 950
f 894 950 949
f 894 949 948
f 894 948 953
f 894 953 958
f 894 958 964
f 894 964 972
f 894 972 976
f 894 976 981
f 894 981 980
f 894 980 979
f 894 979 987
f 894 987 989
f 894 989 995
f 894 995 1006
f 894 1006 1005
f 894 1005 1004
f 894 1004 1013
f 894 1013 1019
f 894 1019 1023
f 894 1023 1028
f 894 1028 1031
f 894 1031 1030
f 894 1030 1029
f 894 1029 1025
f 894 1025 1024
f 894 1024 1020
f 894 1020 1016
f 894 1016 1015
f 894 1015 1014
f 894 1014 1010
f 894 1010 1009
f 894 1009 1008
f 894 1008 1007
f 894 1007 1000
f 894 1000 999
f 894 999 998
f 894 998 997
f 894 997 996
f 894 996 991
f 894 991 985
f 894 985 984
f 894 984 983
f 894 983 977
f 894 977 973
f 894 973 965
f 894 965 960
f 894 960 956
f 894 956 955
f 894 955 951
f 894 951 945
f 894 945 940
f 894 940 939
f 894 939 935
f 894 935 928
f 894 928 920
f 894 920 919
f 894 919 913
f 894 913 907
f 894 907 901
f 894 901 897
f 894 897 895
f 895 898 902
f 895 902 908
f 895 908 912
f 895 912 911
f 895 911 921
f 895 921 930
f 895 930 929
f 895 929 936
f 895 936 941
f 895 941 946
f 895 946 952
f 895 952 957
f 895 957 962
f 895 962 961
f 895 961 966
f 895 966 974
f 895 974 978
f 895 978 986
f 895 986 990
f 895 990 993
f 895 993 992
f 895 992 1002
f 895 1002 1011
f 895 1011 1017
f 895 1017 1021
f 895 1021 1026
f 895 1026 1027
f 895 1027 1022
f 895 1022 1018
f 895 1018 1012
f 895 1012 1003
f 895 1003 994
f 895 994 988
f 895 988 982
f 895 982 975
f 895 975 971
f 895 971 970
f 895 970 969
f 895 969 968
f 895 968 967
f 895 967 963
f 895 963 959
f 895 959 954
f 895 954 947
f 895 947 943
f 895 943 942
f 895 942 937
f 895 937 931
f 895 931 922
f 895 922 914
f 895 914 909
f 895 909 903
f 895 903 899
f 895 899 900
f 895 900 896
f 895 897 898
f 897 901 898
f 898 901 902
f 899 903 904
f 899 904 905
f 899 905 906
f 899 906 900
f 901 907 902
f 902 907 908
f 903 909 910
f 903 910 904
f 907 911 912
f 907 912 908
f 907 913 911
f 909 914 915
f 909 915 916
f 909 916 917
f 909 917 918
f 909 918 910
f 911 913 919
f 911 919 920
f 911 920 921
f 914 922 923
f 914 923 924
f 914 924 925
f 914 925 926
f 914 926 927
f 914 927 915
f 920 928 929
f 920 929 930
f 920 930 921
f 922 931 932
f 922 932 933
f 922 933 934
f 922 934 923
f 928 935 929
f 929 935 936
f 931 937 938
f 931 938 932
f 935 939 936
f 936 939 940
f 936 940 941
f 937 942 938
f 938 942 943
f 938 943 944
f 940 945 946
f 940 946 941
f 943 947 948
f 943 948 949
f 943 949 950
f 943 950 944
f 945 951 946
f 946 951 952
f 947 953 948
f 947 954 953
f 951 955 952
f 952 955 956
f 952 956 957
f 953 954 958
f 954 959 958
f 956 960 961
f 956 961 962
f 956 962 957
f 958 959 963
f 958 963 964
f 960 965 966
f 960 966 961
f 963 967 964
f 964 967 968
f 964 968 969
f 964 969 970
f 964 970 971
f 964 971 972
f 965 973 966
f 966 973 974
f 971 975 972
f 972 975 976
f 973 977 978
f 973 978 974
f 975 979 980
f 975 980 981
f 975 981 976
f 975 982 979
f 977 983 978
f 978 983 984
f 978 984 985
f 978 985 986
f 979 982 987
f 982 988 989
f 982 989 987
f 985 990 986
f 985 991 992
f 985 992 993
f 985 993 990
f 988 994 989
f 989 994 995
f 991 996 992
f 992 996 997
f 992 997 998
f 992 998 999
f 992 999 1000
f 992 1000 1001
f 992 1001 1002
f 994 1003 1004
f 994 1004 1005
f 994 1005 1006
f 994 1006 995
f 1000 1007 1001
f 1001 1007 1002
f 1002 1007 1008
f 1002 1008 1009
f 1002 1009 1010
f 1002 1010 1011
f 1003 1012 1004
f 1004 1012 1013
f 1010 1014 1011
f 1011 1014 1015
f 1011 1015 1016
f 1011 1016 1017
f 1012 1018 1013
f 1013 1018 1019
f 1016 1020 1017
f 1017 1020 1021
f 1018 1022 1019
f 1019 1022 1023
f 1020 1024 1021
f 1021 1024 1025
f 1021 1025 1026
f 1022 1027 1023
f 1023 1027 1028
f 1025 1029 1026
f 1026 1029 1030
f 1026 1030 1031
f 1026 1031 1027
f 1027 1031 1028

o geometry_4
v 0.00074793 -0.00617019 -0.03211440 0.56470588 0.92549020 0.07058824
v 0.00062188 -0.00617019 -0.03211440 0.56470588 0.92549020 0.07058824
v 0.00215197 -0.00618359 -0.03211440 0.56470588 0.92549020 0.07058824
v -0.00114444 -0.00367664 -0.03271199 0.56470588 0.92549020 0.07058824
v -0.00162609 -0.00617689 -0.03211440 0.56470588 0.92549020 0.07058824
v -0.00162609 -0.00367664 -0.03271199 0.56470588 0.92549020 0.07058824
v 0.00228553 -0.00618694 -0.03211440 0.56470588 0.92549020 0.07058824
v 0.00690085 -0.00367664 -0.03273920 0.56470588 0.92549020 0.07058824
v 0.00346754 -0.00367664 -0.03272664 0.56470588 0.92549020 0.07058824
v -0.00078968 -0.00367664 -0.03271303 0.56470588 0.92549020 0.07058824
v -0.00162609 -0.01043704 -0.03211440 0.56470588 0.92549020 0.07058824
v -0.00162609 -0.00367664 -0.04280507 0.56470588 0.92549020 0.07058824
v 0.00371212 -0.00653646 -0.03211440 0.56470588 0.92549020 0.07058824
v 0.00690085 -0.00367664 -0.04280507 0.56470588 0.92549020 0.07058824
v 0.00457441 -0.00754371 -0.03211440 0.56470588 0.92549020 0.07058824
v 0.00492083 -0.00871400 -0.03211440 0.56470588 0.92549020 0.07058824
v 0.00504187 -0.00947111 -0.03211440 0.56470588 0.92549020 0.07058824
v 0.00509529 -0.00997808 -0.03211440 0.56470588 0.92549020 0.07058824
v 0.00517793 -0.01120532 -0.03211440 0.56470588 0.92549020 0.07058824
v 0.00523470 -0.01241469 -0.03211440 0.56470588 0.92549020 0.07058824
v 0.00525807 -0.01408301 -0.03211440 0.56470588 0.92549020 0.07058824
v 0.00526057 -0.01433650 -0.03211440 0.56470588 0.92549020 0.07058824
v 0.00526558 -0.01508356 -0.03211440 0.56470588 0.92549020 0.07058824
v 0.00689751 -0.01508356 -0.03272036 0.56470588 0.92549020 0.07058824
v 0.00690085 -0.01408301 -0.03272350 0.56470588 0.92549020 0.07058824
v -0.00162609 -0.01508356 -0.03836972 0.56470588 0.92549020 0.07058824
v 0.00086813 -0.01508356 -0.03211440 0.56470588 0.92549020 0.07058824
v -0.00162609 -0.01508356 -0.04280507 0.56470588 0.92549020 0.07058824
v 0.00690085 -0.01508356 -0.04280507 0.56470588 0.92549020 0.07058824
v 0.00690085 -0.01508356 -0.03317561 0.56470588 0.92549020 0.07058824
f 1032 1033 1036
f 1032 1036 1042
f 1032 1042 1058
f 1032 1058 1054
f 1032 1054 1053
f 1032 1053 1052
f 1032 1052 1051
f 1032 1051 1050
f 1032 1050 1049
f 1032 1049 1048
f 1032 1048 1047
f 1032 1047 1046
f 1032 1046 1044
f 1032 1044 1038
f 1032 1038 1034
f 1032 1034 1035
f 1032 1035 1037
f 1032 1037 1033
f 1033 1037 1036
f 1034 1038 1039
f 1034 1039 1040
f 1034 1040 1041
f 1034 1041 1035
f 1035 1041 1040
f 1035 1040 1039
f 1035 1039 1045
f 1035 1045 1043
f 1035 1043 1037
f 1036 1037 1043
f 1036 1043 1059
f 1036 1059 1057
f 1036 1057 1042
f 1038 1044 1039
f 1039 1044 1046
f 1039 1046 1047
f 1039 1047 1048
f 1039 1048 1049
f 1039 1049 1050
f 1039 1050 1051
f 1039 1051 1052
f 1039 1052 1053
f 1039 1053 1054
f 1039 1054 1055
f 1039 1055 1056
f 1039 1056 1061
f 1039 1061 1060
f 1039 1060 1045
f 1042 1057 1058
f 1043 1045 1060
f 1043 1060 1059
f 1054 1058 1057
f 1054 1057 1059
f 1054 1059 1060
f 1054 1060 1061
f 1054 1061 1055
f 1055 1061 1056

o geometry_5
v 0.03573173 -0.01265264 0.00596875 0.08627451 0.01960784 0.83137255
v 0.03573173 -0.01253686 0.00443075 0.08627451 0.01960784 0.83137255
v 0.04687883 -0.01264006 -0.00599487 0.08627451 0.01960784 0.83137255
v 0.03919117 -0.01265264 0.00596875 0.08627451 0.01960784 0.83137255
v 0.03573173 -0.01250414 0.00750676 0.08627451 0.01960784 0.83137255
v 0.04534130 -0.01241605 -0.00599487 0.08627451 0.01960784 0.83137255
v 0.03573173 -0.01224741 0.00289451 0.08627451 0.01960784 0.83137255
v 0.04841410 -0.01264006 -0.00599487 0.08627451 0.01960784 0.83137255
v 0.04072870 -0.01265012 0.00596875 0.08627451 0.01960784 0.83137255
v 0.03919117 -0.01249911 0.00750676 0.08627451 0.01960784 0.83137255
v 0.03765139 -0.01250162 0.00750676 0.08627451 0.01960784 0.83137255
v 0.03611386 -0.01204858 0.00876785 0.08627451 0.01960784 0.83137255
v 0.03573173 -0.01204858 0.00876785 0.08627451 0.01960784 0.83137255
v 0.04391456 -0.01202341 -0.00599487 0.08627451 0.01960784 0.83137255
v 0.03573173 -0.01190762 0.00196148 0.08627451 0.01960784 0.83137255
v 0.04841410 -0.01262244 -0.00479375 0.08627451 0.01960784 0.83137255
v 0.04534130 -0.01258972 0.00596875 0.08627451 0.01960784 0.83137255
v 0.04380377 -0.01262244 0.00596875 0.08627451 0.01960784 0.83137255
v 0.04226624 -0.01264006 0.00596875 0.08627451 0.01960784 0.83137255
v 0.04995163 -0.01239088 -0.00599487 0.08627451 0.01960784 0.83137255
v 0.04072870 -0.01249156 0.00750676 0.08627451 0.01960784 0.83137255
v 0.04226624 -0.01203851 0.00876785 0.08627451 0.01960784 0.83137255
v 0.03919117 -0.01204354 0.00876785 0.08627451 0.01960784 0.83137255
v 0.04226624 -0.01158797 0.00953685 0.08627451 0.01960784 0.83137255
v 0.04072870 -0.01158797 0.00953685 0.08627451 0.01960784 0.83137255
v 0.03573173 -0.01169872 0.00934460 0.08627451 0.01960784 0.83137255
v 0.04372011 -0.01194538 -0.00599487 0.08627451 0.01960784 0.83137255
v 0.04317519 -0.01169620 -0.00599487 0.08627451 0.01960784 0.83137255
v 0.03573173 -0.01110472 0.00116249 0.08627451 0.01960784 0.83137255
v 0.04154269 -0.01017345 -0.00599487 0.08627451 0.01960784 0.83137255
v 0.04200395 -0.01063657 -0.00599487 0.08627451 0.01960784 0.83137255
v 0.04231824 -0.01093608 -0.00599487 0.08627451 0.01960784 0.83137255
v 0.04841410 -0.01259224 -0.00325574 0.08627451 0.01960784 0.83137255
v 0.04687883 -0.01252176 0.00596875 0.08627451 0.01960784 0.83137255
v 0.04687883 -0.01254945 0.00443075 0.08627451 0.01960784 0.83137255
v 0.04534130 -0.01240850 0.00750676 0.08627451 0.01960784 0.83137255
v 0.04380377 -0.01244877 0.00750676 0.08627451 0.01960784 0.83137255
v 0.04226624 -0.01247394 0.00750676 0.08627451 0.01960784 0.83137255
v 0.05024104 -0.01231034 -0.00599487 0.08627451 0.01960784 0.83137255
v 0.04995163 -0.01235816 -0.00479375 0.08627451 0.01960784 0.83137255
v 0.04841410 -0.01255448 -0.00171774 0.08627451 0.01960784 0.83137255
v 0.04380377 -0.01202844 0.00876256 0.08627451 0.01960784 0.83137255
v 0.04380377 -0.01158797 0.00953156 0.08627451 0.01960784 0.83137255
v 0.04380377 -0.01082031 0.01025823 0.08627451 0.01960784 0.83137255
v 0.04226624 -0.01082031 0.01025823 0.08627451 0.01960784 0.83137255
v 0.03765139 -0.01158294 0.00953685 0.08627451 0.01960784 0.83137255
v 0.03611386 -0.01158042 0.00953685 0.08627451 0.01960784 0.83137255
v 0.03573173 -0.01158042 0.00953509 0.08627451 0.01960784 0.83137255
v 0.03573173 -0.01036977 0.00046228 0.08627451 0.01960784 0.83137255
v 0.03573173 -0.00943598 -0.00028027 0.08627451 0.01960784 0.83137255
v 0.04109048 -0.00942844 -0.00599487 0.08627451 0.01960784 0.83137255
v 0.04841410 -0.01251169 -0.00017973 0.08627451 0.01960784 0.83137255
v 0.04841410 -0.01246639 0.00135827 0.08627451 0.01960784 0.83137255
v 0.04841410 -0.01242108 0.00289451 0.08627451 0.01960784 0.83137255
v 0.04841410 -0.01232796 0.00596875 0.08627451 0.01960784 0.83137255
v 0.04687883 -0.01231537 0.00750676 0.08627451 0.01960784 0.83137255
v 0.04687883 -0.01195041 0.00864439 0.08627451 0.01960784 0.83137255
v 0.04534130 -0.01200579 0.00873434 0.08627451 0.01960784 0.83137255
v 0.05132410 -0.01200830 -0.00599487 0.08627451 0.01960784 0.83137255
v 0.05126983 -0.01198817 -0.00479375 0.08627451 0.01960784 0.83137255
v 0.04995163 -0.01231285 -0.00325574 0.08627451 0.01960784 0.83137255
v 0.04534130 -0.01157539 0.00950334 0.08627451 0.01960784 0.83137255
v 0.04534130 -0.01080772 0.01024941 0.08627451 0.01960784 0.83137255
v 0.04534130 -0.00946871 0.01100078 0.08627451 0.01960784 0.83137255
v 0.04380377 -0.00946871 0.01100783 0.08627451 0.01960784 0.83137255
v 0.03765139 -0.01081527 0.01025294 0.08627451 0.01960784 0.83137255
v 0.03611386 -0.01081276 0.01024941 0.08627451 0.01960784 0.83137255
v 0.03573173 -0.01081024 0.01024941 0.08627451 0.01960784 0.83137255
v 0.03573173 -0.00849716 -0.00087818 0.08627451 0.01960784 0.83137255
v 0.04090733 -0.00912137 -0.00599487 0.08627451 0.01960784 0.83137255
v 0.04995163 -0.01221721 -0.00017973 0.08627451 0.01960784 0.83137255
v 0.04995163 -0.01216687 0.00135827 0.08627451 0.01960784 0.83137255
v 0.04995163 -0.01211150 0.00289451 0.08627451 0.01960784 0.83137255
v 0.04995163 -0.01204858 0.00443075 0.08627451 0.01960784 0.83137255
v 0.05007824 -0.01194790 0.00597757 0.08627451 0.01960784 0.83137255
v 0.05067291 -0.01176164 0.00649612 0.08627451 0.01960784 0.83137255
v 0.04964864 -0.01190511 0.00720162 0.08627451 0.01960784 0.83137255
v 0.04852489 -0.01204102 0.00763198 0.08627451 0.01960784 0.83137255
v 0.04808624 -0.01186736 0.00847683 0.08627451 0.01960784 0.83137255
v 0.04687883 -0.01153260 0.00941339 0.08627451 0.01960784 0.83137255
v 0.05192328 -0.01177171 -0.00599487 0.08627451 0.01960784 0.83137255
v 0.05098041 -0.01188749 0.00135827 0.08627451 0.01960784 0.83137255
v 0.04687883 -0.01076242 0.01021414 0.08627451 0.01960784 0.83137255
v 0.04687883 -0.00946871 0.01095492 0.08627451 0.01960784 0.83137255
v 0.04687883 -0.00858526 0.01132002 0.08627451 0.01960784 0.83137255
v 0.04534130 -0.00862805 0.01133413 0.08627451 0.01960784 0.83137255
v 0.04226624 -0.00946871 0.01100430 0.08627451 0.01960784 0.83137255
v 0.03919117 -0.00946871 0.01099372 0.08627451 0.01960784 0.83137255
v 0.03573173 -0.00980346 0.01079618 0.08627451 0.01960784 0.83137255
v 0.03573173 -0.00834363 -0.00094521 0.08627451 0.01960784 0.83137255
v 0.04029006 -0.00786541 -0.00599487 0.08627451 0.01960784 0.83137255
v 0.05090353 -0.01185729 0.00289451 0.08627451 0.01960784 0.83137255
v 0.05081535 -0.01181953 0.00443075 0.08627451 0.01960784 0.83137255
v 0.05075430 -0.01179185 0.00547137 0.08627451 0.01960784 0.83137255
v 0.05007824 -0.01167607 0.00763198 0.08627451 0.01960784 0.83137255
v 0.05135575 -0.01146213 0.00597757 0.08627451 0.01960784 0.83137255
v 0.05286615 -0.01062398 0.00596875 0.08627451 0.01960784 0.83137255
v 0.05148915 -0.01113492 0.00750676 0.08627451 0.01960784 0.83137255
v 0.04911276 -0.01176164 0.00822637 0.08627451 0.01960784 0.83137255
v 0.04852489 -0.01149233 0.00901125 0.08627451 0.01960784 0.83137255
v 0.04995163 -0.01048555 0.01003952 0.08627451 0.01960784 0.83137255
v 0.04841410 -0.01066174 0.01015946 0.08627451 0.01960784 0.83137255
v 0.05209286 -0.01170375 -0.00599487 0.08627451 0.01960784 0.83137255
v 0.05203860 -0.01168110 -0.00479375 0.08627451 0.01960784 0.83137255
v 0.04841410 -0.00946871 0.01086320 0.08627451 0.01960784 0.83137255
v 0.04841410 -0.00846193 0.01128474 0.08627451 0.01960784 0.83137255
v 0.04841410 -0.00769174 0.01148581 0.08627451 0.01960784 0.83137255
v 0.04687883 -0.00781759 0.01150522 0.08627451 0.01960784 0.83137255
v 0.04534130 -0.00786038 0.01150698 0.08627451 0.01960784 0.83137255
v 0.04072870 -0.00859029 0.01132531 0.08627451 0.01960784 0.83137255
v 0.04380377 -0.00861798 0.01133060 0.08627451 0.01960784 0.83137255
v 0.03573173 -0.00946871 0.01097785 0.08627451 0.01960784 0.83137255
v 0.03611386 -0.00946871 0.01097961 0.08627451 0.01960784 0.83137255
v 0.03765139 -0.00946871 0.01098667 0.08627451 0.01960784 0.83137255
v 0.04016796 -0.00756086 -0.00599487 0.08627451 0.01960784 0.83137255
v 0.03573173 -0.00631749 -0.00174772 0.08627451 0.01960784 0.83137255
v 0.03973157 -0.00638796 -0.00599487 0.08627451 0.01960784 0.83137255
v 0.05196624 -0.01164586 -0.00325574 0.08627451 0.01960784 0.83137255
v 0.05189162 -0.01160811 -0.00171774 0.08627451 0.01960784 0.83137255
v 0.05174918 -0.01152505 0.00135827 0.08627451 0.01960784 0.83137255
v 0.05167230 -0.01148226 0.00289451 0.08627451 0.01960784 0.83137255
v 0.05158412 -0.01143947 0.00443075 0.08627451 0.01960784 0.83137255
v 0.05145750 -0.01056861 0.00899890 0.08627451 0.01960784 0.83137255
v 0.04995163 -0.01113996 0.00904476 0.08627451 0.01960784 0.83137255
v 0.05264230 -0.01048052 0.00750676 0.08627451 0.01960784 0.83137255
v 0.05293172 -0.01066929 0.00443075 0.08627451 0.01960784 0.83137255
v 0.05375475 -0.01020869 0.00316260 0.08627451 0.01960784 0.83137255
v 0.05370048 -0.01016842 0.00443075 0.08627451 0.01960784 0.83137255
v 0.05363491 -0.01011808 0.00596875 0.08627451 0.01960784 0.83137255
v 0.05238906 -0.01031943 0.00845566 0.08627451 0.01960784 0.83137255
v 0.05092389 -0.01033202 0.00990548 0.08627451 0.01960784 0.83137255
v 0.04995163 -0.00946871 0.01064626 0.08627451 0.01960784 0.83137255
v 0.05230992 -0.01157791 -0.00599487 0.08627451 0.01960784 0.83137255
v 0.05302668 -0.01102418 -0.00325574 0.08627451 0.01960784 0.83137255
v 0.04995163 -0.00820772 0.01118773 0.08627451 0.01960784 0.83137255
v 0.04995163 -0.00743753 0.01142585 0.08627451 0.01960784 0.83137255
v 0.04995163 -0.00639552 0.01163573 0.08627451 0.01960784 0.83137255
v 0.04841410 -0.00639552 0.01173627 0.08627451 0.01960784 0.83137255
v 0.04687883 -0.00639552 0.01175567 0.08627451 0.01960784 0.83137255
v 0.04534130 -0.00639552 0.01175390 0.08627451 0.01960784 0.83137255
v 0.04072870 -0.00639552 0.01173803 0.08627451 0.01960784 0.83137255
v 0.04072870 -0.00782262 0.01149639 0.08627451 0.01960784 0.83137255
v 0.03765139 -0.00855002 0.01131649 0.08627451 0.01960784 0.83137255
v 0.03573173 -0.00876144 0.01122654 0.08627451 0.01960784 0.83137255
v 0.03573173 -0.00581410 -0.00188353 0.08627451 0.01960784 0.83137255
v 0.03932006 -0.00486270 -0.00599487 0.08627451 0.01960784 0.83137255
v 0.03965696 -0.00615641 -0.00599487 0.08627451 0.01960784 0.83137255
v 0.05302668 -0.01094615 -0.00171774 0.08627451 0.01960784 0.83137255
v 0.05195041 -0.01003754 0.00948041 0.08627451 0.01960784 0.83137255
v 0.05341107 -0.00996203 0.00750676 0.08627451 0.01960784 0.83137255
v 0.05302668 -0.01077752 0.00135827 0.08627451 0.01960784 0.83137255
v 0.05315556 -0.01061895 0.00274988 0.08627451 0.01960784 0.83137255
v 0.05469762 -0.00960210 -0.00171774 0.08627451 0.01960784 0.83137255
v 0.05438559 -0.00960462 0.00274988 0.08627451 0.01960784 0.83137255
v 0.05446699 -0.00940075 0.00443075 0.08627451 0.01960784 0.83137255
v 0.05379545 -0.01023889 0.00213962 0.08627451 0.01960784 0.83137255
v 0.05439463 -0.00934789 0.00596875 0.08627451 0.01960784 0.83137255
v 0.05424766 -0.00919184 0.00750676 0.08627451 0.01960784 0.83137255
v 0.05402608 -0.00894266 0.00866202 0.08627451 0.01960784 0.83137255
v 0.05303347 -0.00949136 0.00907122 0.08627451 0.01960784 0.83137255
v 0.05265361 -0.00901314 0.01002541 0.08627451 0.01960784 0.83137255
v 0.05145750 -0.00950394 0.01020885 0.08627451 0.01960784 0.83137255
v 0.05140323 -0.00781759 0.01102723 0.08627451 0.01960784 0.83137255
v 0.05302668 -0.01115003 -0.00599487 0.08627451 0.01960784 0.83137255
v 0.05302668 -0.01109717 -0.00479375 0.08627451 0.01960784 0.83137255
v 0.05397859 -0.01038487 -0.00325574 0.08627451 0.01960784 0.83137255
v 0.05392659 -0.01034460 -0.00171774 0.08627451 0.01960784 0.83137255
v 0.05382258 -0.01026154 0.00135827 0.08627451 0.01960784 0.83137255
v 0.05083570 -0.00722611 0.01137117 0.08627451 0.01960784 0.83137255
v 0.05140323 -0.00633763 0.01145230 0.08627451 0.01960784 0.83137255
v 0.05148915 -0.00485766 0.01169923 0.08627451 0.01960784 0.83137255
v 0.04995163 -0.00485766 0.01185620 0.08627451 0.01960784 0.83137255
v 0.04841410 -0.00485766 0.01190912 0.08627451 0.01960784 0.83137255
v 0.04687883 -0.00485766 0.01190912 0.08627451 0.01960784 0.83137255
v 0.04534130 -0.00485766 0.01190735 0.08627451 0.01960784 0.83137255
v 0.04380377 -0.00485766 0.01190206 0.08627451 0.01960784 0.83137255
v 0.03919117 -0.00639552 0.01173098 0.08627451 0.01960784 0.83137255
v 0.03573173 -0.00639552 0.01171158 0.08627451 0.01960784 0.83137255
v 0.03919117 -0.00780249 0.01149110 0.08627451 0.01960784 0.83137255
v 0.03611386 -0.00775718 0.01148052 0.08627451 0.01960784 0.83137255
v 0.03611386 -0.00852737 0.01131120 0.08627451 0.01960784 0.83137255
v 0.03573173 -0.00852233 0.01130944 0.08627451 0.01960784 0.83137255
v 0.03573173 -0.00485766 -0.00214104 0.08627451 0.01960784 0.83137255
v 0.03912108 -0.00331981 -0.00599487 0.08627451 0.01960784 0.83137255
v 0.05368014 -0.00858777 0.00968677 0.08627451 0.01960784 0.83137255
v 0.05483780 -0.00974809 -0.00599487 0.08627451 0.01960784 0.83137255
v 0.05536237 -0.00873627 0.00107254 0.08627451 0.01960784 0.83137255
v 0.05533072 -0.00869852 0.00209729 0.08627451 0.01960784 0.83137255
v 0.05473831 -0.00933782 0.00149408 0.08627451 0.01960784 0.83137255
v 0.05529906 -0.00866077 0.00289451 0.08627451 0.01960784 0.83137255
v 0.05523575 -0.00858022 0.00443075 0.08627451 0.01960784 0.83137255
v 0.05516340 -0.00848710 0.00596875 0.08627451 0.01960784 0.83137255
v 0.05501643 -0.00829833 0.00750676 0.08627451 0.01960784 0.83137255
v 0.05543925 -0.00731672 0.00846448 0.08627451 0.01960784 0.83137255
v 0.05456647 -0.00795099 0.00907651 0.08627451 0.01960784 0.83137255
v 0.05311034 -0.00801894 0.01033407 0.08627451 0.01960784 0.83137255
v 0.05185997 -0.00681333 0.01127063 0.08627451 0.01960784 0.83137255
v 0.05324601 -0.01100404 -0.00599487 0.08627451 0.01960784 0.83137255
v 0.05406904 -0.01045283 -0.00599487 0.08627451 0.01960784 0.83137255
v 0.05466822 -0.00990414 -0.00599487 0.08627451 0.01960784 0.83137255
v 0.05236419 -0.00578641 0.01138351 0.08627451 0.01960784 0.83137255
v 0.05266265 -0.00485766 0.01147170 0.08627451 0.01960784 0.83137255
v 0.05313295 -0.00336260 0.01155460 0.08627451 0.01960784 0.83137255
v 0.05148915 -0.00331981 0.01187384 0.08627451 0.01960784 0.83137255
v 0.04995163 -0.00331981 0.01196379 0.08627451 0.01960784 0.83137255
v 0.04841410 -0.00331981 0.01197790 0.08627451 0.01960784 0.83137255
v 0.04687883 -0.00331981 0.01197967 0.08627451 0.01960784 0.83137255
v 0.04534130 -0.00331981 0.01197967 0.08627451 0.01960784 0.83137255
v 0.04380377 -0.00331981 0.01197438 0.08627451 0.01960784 0.83137255
v 0.03573173 -0.00485766 0.01185973 0.08627451 0.01960784 0.83137255
v 0.03573173 -0.00775215 0.01147876 0.08627451 0.01960784 0.83137255
v 0.03573173 -0.00794595 0.01143643 0.08627451 0.01960784 0.83137255
v 0.03573173 -0.00465379 -0.00216750 0.08627451 0.01960784 0.83137255
v 0.03573173 -0.00331981 -0.00233858 0.08627451 0.01960784 0.83137255
v 0.03902386 -0.00178195 -0.00599487 0.08627451 0.01960784 0.83137255
v 0.05510913 -0.00682843 0.00948923 0.08627451 0.01960784 0.83137255
v 0.05408487 -0.00756338 0.01003600 0.08627451 0.01960784 0.83137255
v 0.05499834 -0.00957945 -0.00599487 0.08627451 0.01960784 0.83137255
v 0.05540081 -0.00878158 -0.00017973 0.08627451 0.01960784 0.83137255
v 0.05611079 -0.00793337 -0.00171774 0.08627451 0.01960784 0.83137255
v 0.05602261 -0.00793337 -0.00017973 0.08627451 0.01960784 0.83137255
v 0.05581233 -0.00808439 0.00149408 0.08627451 0.01960784 0.83137255
v 0.05586433 -0.00789310 0.00289451 0.08627451 0.01960784 0.83137255
v 0.05580780 -0.00781256 0.00443075 0.08627451 0.01960784 0.83137255
v 0.05574223 -0.00771943 0.00596875 0.08627451 0.01960784 0.83137255
v 0.05559979 -0.00753066 0.00750676 0.08627451 0.01960784 0.83137255
v 0.05566762 -0.00634769 0.00900419 0.08627451 0.01960784 0.83137255
v 0.05622836 -0.00639552 0.00750676 0.08627451 0.01960784 0.83137255
v 0.05692704 -0.00422087 0.00840804 0.08627451 0.01960784 0.83137255
v 0.05293624 -0.00633763 0.01104487 0.08627451 0.01960784 0.83137255
v 0.05343142 -0.00485766 0.01122830 0.08627451 0.01960784 0.83137255
v 0.05371631 -0.00390374 0.01132531 0.08627451 0.01960784 0.83137255
v 0.05391076 -0.00287934 0.01139233 0.08627451 0.01960784 0.83137255
v 0.05302668 -0.00178195 0.01170452 0.08627451 0.01960784 0.83137255
v 0.05148915 -0.00178195 0.01194615 0.08627451 0.01960784 0.83137255
v 0.04995163 -0.00178195 0.01200083 0.08627451 0.01960784 0.83137255
v 0.04841410 -0.00178195 0.01200260 0.08627451 0.01960784 0.83137255
v 0.04380377 -0.00178195 0.01199907 0.08627451 0.01960784 0.83137255
v 0.04226624 -0.00178195 0.01199378 0.08627451 0.01960784 0.83137255
v 0.03573173 -0.00178195 0.01195674 0.08627451 0.01960784 0.83137255
v 0.04226624 -0.00331981 0.01196556 0.08627451 0.01960784 0.83137255
v 0.03573173 -0.00331981 0.01192323 0.08627451 0.01960784 0.83137255
v 0.03573173 -0.00178195 -0.00243912 0.08627451 0.01960784 0.83137255
v 0.03573173 -0.00024410 -0.00253436 0.08627451 0.01960784 0.83137255
v 0.03898542 -0.00024410 -0.00599487 0.08627451 0.01960784 0.83137255
v 0.05543247 -0.00580403 0.00991077 0.08627451 0.01960784 0.83137255
v 0.05458456 -0.00634769 0.01022825 0.08627451 0.01960784 0.83137255
v 0.05556587 -0.00897790 -0.00599487 0.08627451 0.01960784 0.83137255
v 0.05553195 -0.00893763 -0.00479375 0.08627451 0.01960784 0.83137255
v 0.05544603 -0.00883192 -0.00171774 0.08627451 0.01960784 0.83137255
v 0.05619445 -0.00793337 -0.00325574 0.08627451 0.01960784 0.83137255
v 0.05686372 -0.00714808 -0.00571796 0.08627451 0.01960784 0.83137255
v 0.05680720 -0.00702979 -0.00325574 0.08627451 0.01960784 0.83137255
v 0.05676650 -0.00694421 -0.00171774 0.08627451 0.01960784 0.83137255
v 0.05672354 -0.00685108 -0.00017973 0.08627451 0.01960784 0.83137255
v 0.05667832 -0.00674537 0.00135827 0.08627451 0.01960784 0.83137255
v 0.05663310 -0.00663211 0.00289451 0.08627451 0.01960784 0.83137255
v 0.05657657 -0.00650878 0.00443075 0.08627451 0.01960784 0.83137255
v 0.05656752 -0.00626212 0.00593171 0.08627451 0.01960784 0.83137255
v 0.05640473 -0.00478467 0.00896892 0.08627451 0.01960784 0.83137255
v 0.05684789 -0.00556996 0.00641851 0.08627451 0.01960784 0.83137255
v 0.05673258 -0.00529813 0.00750676 0.08627451 0.01960784 0.83137255
v 0.05705818 -0.00453046 0.00750676 0.08627451 0.01960784 0.83137255
v 0.05743577 -0.00331981 0.00750676 0.08627451 0.01960784 0.83137255
v 0.05704687 -0.00331981 0.00865850 0.08627451 0.01960784 0.83137255
v 0.05665797 -0.00331981 0.00942750 0.08627451 0.01960784 0.83137255
v 0.05456421 -0.00485766 0.01072386 0.08627451 0.01960784 0.83137255
v 0.05447829 -0.00336260 0.01108367 0.08627451 0.01960784 0.83137255
v 0.05479032 -0.00178195 0.01113130 0.08627451 0.01960784 0.83137255
v 0.05401930 -0.00178195 0.01143290 0.08627451 0.01960784 0.83137255
v 0.05412104 -0.00024410 0.01146641 0.08627451 0.01960784 0.83137255
v 0.05302668 -0.00024410 0.01175919 0.08627451 0.01960784 0.83137255
v 0.05148915 -0.00024410 0.01197967 0.08627451 0.01960784 0.83137255
v 0.04995163 -0.00024410 0.01202376 0.08627451 0.01960784 0.83137255
v 0.04380377 -0.00024410 0.01201318 0.08627451 0.01960784 0.83137255
v 0.04226624 -0.00024410 0.01200965 0.08627451 0.01960784 0.83137255
v 0.04072870 -0.00024410 0.01200436 0.08627451 0.01960784 0.83137255
v 0.03765139 -0.00024410 0.01199025 0.08627451 0.01960784 0.83137255
v 0.03573173 -0.00062919 0.01197438 0.08627451 0.01960784 0.83137255
v 0.03573173 0.00082812 -0.00254318 0.08627451 0.01960784 0.83137255
v 0.03573173 0.00129124 -0.00254318 0.08627451 0.01960784 0.83137255
v 0.03900124 0.00019385 -0.00599487 0.08627451 0.01960784 0.83137255
v 0.05564274 -0.00485766 0.01007656 0.08627451 0.01960784 0.83137255
v 0.05641377 -0.00782011 -0.00599487 0.08627451 0.01960784 0.83137255
v 0.05627358 -0.00793337 -0.00479375 0.08627451 0.01960784 0.83137255
v 0.05665571 -0.00747025 -0.00599487 0.08627451 0.01960784 0.83137255
v 0.05701522 -0.00684605 -0.00599487 0.08627451 0.01960784 0.83137255
v 0.05717349 -0.00650123 -0.00599487 0.08627451 0.01960784 0.83137255
v 0.05715314 -0.00625960 -0.00325574 0.08627451 0.01960784 0.83137255
v 0.05711471 -0.00617654 -0.00171774 0.08627451 0.01960784 0.83137255
v 0.05707174 -0.00608090 -0.00017973 0.08627451 0.01960784 0.83137255
v 0.05702200 -0.00597770 0.00135827 0.08627451 0.01960784 0.83137255
v 0.05696999 -0.00586192 0.00289451 0.08627451 0.01960784 0.83137255
v 0.05691799 -0.00574111 0.00443075 0.08627451 0.01960784 0.83137255
v 0.05688633 -0.00566057 0.00539377 0.08627451 0.01960784 0.83137255
v 0.05713053 -0.00497596 0.00593171 0.08627451 0.01960784 0.83137255
v 0.05770258 -0.00331981 0.00596875 0.08627451 0.01960784 0.83137255
v 0.05801009 -0.00178195 0.00596875 0.08627451 0.01960784 0.83137255
v 0.05774102 -0.00178195 0.00750676 0.08627451 0.01960784 0.83137255
v 0.05719836 -0.00178195 0.00894070 0.08627451 0.01960784 0.83137255
v 0.05588920 -0.00331981 0.01026529 0.08627451 0.01960784 0.83137255
v 0.05680720 -0.00178195 0.00970970 0.08627451 0.01960784 0.83137255
v 0.05603843 -0.00178195 0.01036229 0.08627451 0.01960784 0.83137255
v 0.05625550 -0.00039008 0.01033407 0.08627451 0.01960784 0.83137255
v 0.05488981 -0.00024410 0.01117892 0.08627451 0.01960784 0.83137255
v 0.05488529 0.00129124 0.01118068 0.08627451 0.01960784 0.83137255
v 0.05411652 0.00129124 0.01146112 0.08627451 0.01960784 0.83137255
v 0.05302668 0.00129124 0.01173627 0.08627451 0.01960784 0.83137255
v 0.05148915 0.00129124 0.01195850 0.08627451 0.01960784 0.83137255
v 0.04995163 0.00129124 0.01201494 0.08627451 0.01960784 0.83137255
v 0.04841410 0.00129124 0.01201318 0.08627451 0.01960784 0.83137255
v 0.04226624 0.00129124 0.01199907 0.08627451 0.01960784 0.83137255
v 0.04072870 0.00129124 0.01199378 0.08627451 0.01960784 0.83137255
v 0.03611386 0.00129124 0.01197438 0.08627451 0.01960784 0.83137255
v 0.03573173 -0.00024410 0.01197967 0.08627451 0.01960784 0.83137255
v 0.03573173 0.00129124 0.01197261 0.08627451 0.01960784 0.83137255
v 0.03573173 0.00245658 -0.00249203 0.08627451 0.01960784 0.83137255
v 0.03904873 0.00129124 -0.00599487 0.08627451 0.01960784 0.83137255
v 0.05772293 -0.00517983 -0.00599487 0.08627451 0.01960784 0.83137255
v 0.05719158 -0.00633511 -0.00479375 0.08627451 0.01960784 0.83137255
v 0.05785633 -0.00485766 -0.00599487 0.08627451 0.01960784 0.83137255
v 0.05765058 -0.00485766 -0.00171774 0.08627451 0.01960784 0.83137255
v 0.05757370 -0.00485766 -0.00017973 0.08627451 0.01960784 0.83137255
v 0.05748326 -0.00485766 0.00135827 0.08627451 0.01960784 0.83137255
v 0.05738377 -0.00485766 0.00289451 0.08627451 0.01960784 0.83137255
v 0.05728202 -0.00485766 0.00443075 0.08627451 0.01960784 0.83137255
v 0.05780433 -0.00331981 0.00443075 0.08627451 0.01960784 0.83137255
v 0.05821585 -0.00178195 0.00289451 0.08627451 0.01960784 0.83137255
v 0.05811410 -0.00178195 0.00443075 0.08627451 0.01960784 0.83137255
v 0.05840126 -0.00093878 0.00196501 0.08627451 0.01960784 0.83137255
v 0.05820228 -0.00024410 0.00596875 0.08627451 0.01960784 0.83137255
v 0.05795130 -0.00024410 0.00750676 0.08627451 0.01960784 0.83137255
v 0.05726394 -0.00039008 0.00919644 0.08627451 0.01960784 0.83137255
v 0.05686825 -0.00100170 0.00981024 0.08627451 0.01960784 0.83137255
v 0.05693834 0.00002270 0.00988608 0.08627451 0.01960784 0.83137255
v 0.05610174 0.00129124 0.01048929 0.08627451 0.01960784 0.83137255
v 0.05474510 0.00282909 0.01111189 0.08627451 0.01960784 0.83137255
v 0.05397633 0.00282909 0.01141350 0.08627451 0.01960784 0.83137255
v 0.05302668 0.00282909 0.01163573 0.08627451 0.01960784 0.83137255
v 0.05148915 0.00436694 0.01178565 0.08627451 0.01960784 0.83137255
v 0.05148915 0.00282909 0.01187913 0.08627451 0.01960784 0.83137255
v 0.04995163 0.00436694 0.01191088 0.08627451 0.01960784 0.83137255
v 0.04995163 0.00282909 0.01197261 0.08627451 0.01960784 0.83137255
v 0.04841410 0.00436694 0.01194086 0.08627451 0.01960784 0.83137255
v 0.04841410 0.00282909 0.01198143 0.08627451 0.01960784 0.83137255
v 0.04534130 0.00436694 0.01194615 0.08627451 0.01960784 0.83137255
v 0.04380377 0.00436694 0.01194263 0.08627451 0.01960784 0.83137255
v 0.04226624 0.00282909 0.01196909 0.08627451 0.01960784 0.83137255
v 0.03573173 0.00436694 0.01191793 0.08627451 0.01960784 0.83137255
v 0.03573173 0.00398185 0.01192499 0.08627451 0.01960784 0.83137255
v 0.03573173 0.00415049 -0.00240561 0.08627451 0.01960784 0.83137255
v 0.03907586 0.00169898 -0.00599487 0.08627451 0.01960784 0.83137255
v 0.03573173 0.00436694 -0.00239326 0.08627451 0.01960784 0.83137255
v 0.05827464 -0.00360674 -0.00599487 0.08627451 0.01960784 0.83137255
v 0.05807340 -0.00331981 -0.00017973 0.08627451 0.01960784 0.83137255
v 0.05799426 -0.00331981 0.00135827 0.08627451 0.01960784 0.83137255
v 0.05790156 -0.00331981 0.00289451 0.08627451 0.01960784 0.83137255
v 0.05831760 -0.00170141 0.00141471 0.08627451 0.01960784 0.83137255
v 0.05834021 -0.00208902 -0.00017973 0.08627451 0.01960784 0.83137255
v 0.05842613 -0.00113510 0.00094026 0.08627451 0.01960784 0.83137255
v 0.05864545 -0.00024410 -0.00171774 0.08627451 0.01960784 0.83137255
v 0.05857536 -0.00024410 -0.00017973 0.08627451 0.01960784 0.83137255
v 0.05848943 -0.00035233 0.00141471 0.08627451 0.01960784 0.83137255
v 0.05845326 0.00010827 0.00289451 0.08627451 0.01960784 0.83137255
v 0.05842160 0.00040527 0.00386105 0.08627451 0.01960784 0.83137255
v 0.05821132 0.00129124 0.00596875 0.08627451 0.01960784 0.83137255
v 0.05795130 0.00129124 0.00750676 0.08627451 0.01960784 0.83137255
v 0.05737473 0.00129124 0.00904476 0.08627451 0.01960784 0.83137255
v 0.05694060 0.00129124 0.00988960 0.08627451 0.01960784 0.83137255
v 0.05689538 0.00222251 0.00984198 0.08627451 0.01960784 0.83137255
v 0.05621254 0.00277372 0.01025470 0.08627451 0.01960784 0.83137255
v 0.05587338 0.00436694 0.01022472 0.08627451 0.01960784 0.83137255
v 0.05444890 0.00432919 0.01103782 0.08627451 0.01960784 0.83137255
v 0.05386102 0.00379308 0.01137469 0.08627451 0.01960784 0.83137255
v 0.05308999 0.00432919 0.01149992 0.08627451 0.01960784 0.83137255
v 0.05148915 0.00590480 0.01161986 0.08627451 0.01960784 0.83137255
v 0.04995163 0.00590480 0.01178389 0.08627451 0.01960784 0.83137255
v 0.04841410 0.00590480 0.01183856 0.08627451 0.01960784 0.83137255
v 0.04687883 0.00436694 0.01194615 0.08627451 0.01960784 0.83137255
v 0.04687883 0.00590480 0.01185091 0.08627451 0.01960784 0.83137255
v 0.04534130 0.00590480 0.01185091 0.08627451 0.01960784 0.83137255
v 0.03611386 0.00590480 0.01181740 0.08627451 0.01960784 0.83137255
v 0.03573173 0.00590480 0.01181564 0.08627451 0.01960784 0.83137255
v 0.03921379 0.00320663 -0.00599487 0.08627451 0.01960784 0.83137255
v 0.03936754 0.00436694 -0.00599487 0.08627451 0.01960784 0.83137255
v 0.03573173 0.00600044 -0.00213399 0.08627451 0.01960784 0.83137255
v 0.05848492 -0.00283655 -0.00599487 0.08627451 0.01960784 0.83137255
v 0.05845552 -0.00273084 -0.00479375 0.08627451 0.01960784 0.83137255
v 0.05842839 -0.00262261 -0.00364730 0.08627451 0.01960784 0.83137255
v 0.05840126 -0.00250432 -0.00262255 0.08627451 0.01960784 0.83137255
v 0.05845326 -0.00132135 -0.00017973 0.08627451 0.01960784 0.83137255
v 0.05860701 -0.00178195 -0.00479375 0.08627451 0.01960784 0.83137255
v 0.05866128 -0.00178195 -0.00599487 0.08627451 0.01960784 0.83137255
v 0.05871328 -0.00024410 -0.00325574 0.08627451 0.01960784 0.83137255
v 0.05882860 -0.00024410 -0.00599487 0.08627451 0.01960784 0.83137255
v 0.05842160 0.00064438 0.00386105 0.08627451 0.01960784 0.83137255
v 0.05832438 0.00121069 0.00439724 0.08627451 0.01960784 0.83137255
v 0.05836734 0.00169395 0.00289451 0.08627451 0.01960784 0.83137255
v 0.05801913 0.00282909 0.00596875 0.08627451 0.01960784 0.83137255
v 0.05773650 0.00282909 0.00750676 0.08627451 0.01960784 0.83137255
v 0.05713958 0.00277372 0.00912766 0.08627451 0.01960784 0.83137255
v 0.05679816 0.00324942 0.00969559 0.08627451 0.01960784 0.83137255
v 0.05555908 0.00590480 0.00999719 0.08627451 0.01960784 0.83137255
v 0.05456421 0.00590480 0.01059511 0.08627451 0.01960784 0.83137255
v 0.05364396 0.00481748 0.01130591 0.08627451 0.01960784 0.83137255
v 0.05254282 0.00590480 0.01142585 0.08627451 0.01960784 0.83137255
v 0.05227827 0.00670015 0.01135706 0.08627451 0.01960784 0.83137255
v 0.05148915 0.00698960 0.01142761 0.08627451 0.01960784 0.83137255
v 0.04997197 0.00752571 0.01150874 0.08627451 0.01960784 0.83137255
v 0.04841410 0.00744265 0.01161457 0.08627451 0.01960784 0.83137255
v 0.04687883 0.00744265 0.01162691 0.08627451 0.01960784 0.83137255
v 0.04534130 0.00744265 0.01162339 0.08627451 0.01960784 0.83137255
v 0.03573173 0.00744265 0.01156518 0.08627451 0.01960784 0.83137255
v 0.03967052 0.00561787 -0.00599487 0.08627451 0.01960784 0.83137255
v 0.03573173 0.00637798 -0.00201229 0.08627451 0.01960784 0.83137255
v 0.05862962 -0.00198834 -0.00599487 0.08627451 0.01960784 0.83137255
v 0.05880373 0.00129124 -0.00599487 0.08627451 0.01960784 0.83137255
v 0.05875624 0.00129124 -0.00479375 0.08627451 0.01960784 0.83137255
v 0.05845326 0.00092628 0.00289451 0.08627451 0.01960784 0.83137255
v 0.05839673 0.00196326 0.00188564 0.08627451 0.01960784 0.83137255
v 0.05811636 0.00282909 0.00443075 0.08627451 0.01960784 0.83137255
v 0.05779981 0.00436694 0.00443075 0.08627451 0.01960784 0.83137255
v 0.05770032 0.00436694 0.00596875 0.08627451 0.01960784 0.83137255
v 0.05742673 0.00436694 0.00750676 0.08627451 0.01960784 0.83137255
v 0.05703783 0.00436694 0.00865144 0.08627451 0.01960784 0.83137255
v 0.05664214 0.00436694 0.00942044 0.08627451 0.01960784 0.83137255
v 0.05535107 0.00671022 0.00983140 0.08627451 0.01960784 0.83137255
v 0.05453934 0.00731177 0.01011537 0.08627451 0.01960784 0.83137255
v 0.05288650 0.00730422 0.01094610 0.08627451 0.01960784 0.83137255
v 0.05331158 0.00590480 0.01118068 0.08627451 0.01960784 0.83137255
v 0.05148915 0.00775979 0.01122654 0.08627451 0.01960784 0.83137255
v 0.05049880 0.00809454 0.01132002 0.08627451 0.01960784 0.83137255
v 0.04947227 0.00831351 0.01138704 0.08627451 0.01960784 0.83137255
v 0.04841410 0.00838651 0.01140997 0.08627451 0.01960784 0.83137255
v 0.04687883 0.00841168 0.01141526 0.08627451 0.01960784 0.83137255
v 0.04534130 0.00840664 0.01141174 0.08627451 0.01960784 0.83137255
v 0.04380377 0.00838902 0.01140644 0.08627451 0.01960784 0.83137255
v 0.03573173 0.00808951 0.01142408 0.08627451 0.01960784 0.83137255
v 0.03989211 0.00621690 -0.00599487 0.08627451 0.01960784 0.83137255
v 0.03573173 0.00745020 -0.00162249 0.08627451 0.01960784 0.83137255
v 0.05865675 0.00249182 -0.00599487 0.08627451 0.01960784 0.83137255
v 0.05842160 0.00213945 0.00086089 0.08627451 0.01960784 0.83137255
v 0.05862962 0.00129124 -0.00171774 0.08627451 0.01960784 0.83137255
v 0.05856405 0.00129124 -0.00017973 0.08627451 0.01960784 0.83137255
v 0.05848718 0.00138688 0.00136709 0.08627451 0.01960784 0.83137255
v 0.05830177 0.00272338 0.00136709 0.08627451 0.01960784 0.83137255
v 0.05820454 0.00282909 0.00289451 0.08627451 0.01960784 0.83137255
v 0.05788573 0.00436694 0.00289451 0.08627451 0.01960784 0.83137255
v 0.05736794 0.00590480 0.00289451 0.08627451 0.01960784 0.83137255
v 0.05718254 0.00580915 0.00596875 0.08627451 0.01960784 0.83137255
v 0.05704913 0.00551467 0.00750676 0.08627451 0.01960784 0.83137255
v 0.05692251 0.00524284 0.00838335 0.08627451 0.01960784 0.83137255
v 0.05631655 0.00581419 0.00895481 0.08627451 0.01960784 0.83137255
v 0.05556361 0.00731177 0.00894952 0.08627451 0.01960784 0.83137255
v 0.05538498 0.00827828 0.00837453 0.08627451 0.01960784 0.83137255
v 0.05503678 0.00773713 0.00939928 0.08627451 0.01960784 0.83137255
v 0.05401025 0.00845195 0.00996897 0.08627451 0.01960784 0.83137255
v 0.05301086 0.00897044 0.01021237 0.08627451 0.01960784 0.83137255
v 0.05148915 0.00898050 0.01075032 0.08627451 0.01960784 0.83137255
v 0.04997197 0.00888738 0.01108015 0.08627451 0.01960784 0.83137255
v 0.04841410 0.00915417 0.01112777 0.08627451 0.01960784 0.83137255
v 0.04687883 0.00917934 0.01115775 0.08627451 0.01960784 0.83137255
v 0.04534130 0.00917431 0.01116657 0.08627451 0.01960784 0.83137255
v 0.04380377 0.00915921 0.01116657 0.08627451 0.01960784 0.83137255
v 0.03573173 0.00830596 0.01137646 0.08627451 0.01960784 0.83137255
v 0.04226624 0.00914159 0.01116657 0.08627451 0.01960784 0.83137255
v 0.03919117 0.00910132 0.01116657 0.08627451 0.01960784 0.83137255
v 0.03611386 0.00907615 0.01116128 0.08627451 0.01960784 0.83137255
v 0.03573173 0.00907615 0.01115952 0.08627451 0.01960784 0.83137255
v 0.03573173 0.00888234 0.01121419 0.08627451 0.01960784 0.83137255
v 0.04044607 0.00747285 -0.00599487 0.08627451 0.01960784 0.83137255
v 0.03573173 0.00778999 -0.00146905 0.08627451 0.01960784 0.83137255
v 0.05861380 0.00282909 -0.00599487 0.08627451 0.01960784 0.83137255
v 0.05841482 0.00361941 -0.00390304 0.08627451 0.01960784 0.83137255
v 0.05796260 0.00436694 0.00135827 0.08627451 0.01960784 0.83137255
v 0.05744708 0.00590480 0.00135827 0.08627451 0.01960784 0.83137255
v 0.05695869 0.00684362 0.00289451 0.08627451 0.01960784 0.83137255
v 0.05718706 0.00605078 0.00454716 0.08627451 0.01960784 0.83137255
v 0.05691121 0.00675301 0.00411327 0.08627451 0.01960784 0.83137255
v 0.05686599 0.00665988 0.00513802 0.08627451 0.01960784 0.83137255
v 0.05682755 0.00657934 0.00596875 0.08627451 0.01960784 0.83137255
v 0.05668284 0.00628486 0.00750676 0.08627451 0.01960784 0.83137255
v 0.05609948 0.00744265 0.00750676 0.08627451 0.01960784 0.83137255
v 0.05551839 0.00845446 0.00750676 0.08627451 0.01960784 0.83137255
v 0.05487398 0.00922213 0.00750676 0.08627451 0.01960784 0.83137255
v 0.05391754 0.00986144 0.00846624 0.08627451 0.01960784 0.83137255
v 0.05447603 0.00887731 0.00893188 0.08627451 0.01960784 0.83137255
v 0.05351281 0.00947634 0.00949099 0.08627451 0.01960784 0.83137255
v 0.05248855 0.00991429 0.00994604 0.08627451 0.01960784 0.83137255
v 0.05148915 0.01013327 0.01010478 0.08627451 0.01960784 0.83137255
v 0.04995163 0.01038748 0.01026705 0.08627451 0.01960784 0.83137255
v 0.04853393 0.01066686 0.01027587 0.08627451 0.01960784 0.83137255
v 0.04687883 0.01051836 0.01045577 0.08627451 0.01960784 0.83137255
v 0.04534130 0.01051836 0.01046636 0.08627451 0.01960784 0.83137255
v 0.03919117 0.01051836 0.01046636 0.08627451 0.01960784 0.83137255
v 0.03765139 0.01051836 0.01046459 0.08627451 0.01960784 0.83137255
v 0.03611386 0.01051836 0.01046106 0.08627451 0.01960784 0.83137255
v 0.03573173 0.01051836 0.01045930 0.08627451 0.01960784 0.83137255
v 0.04113570 0.00887228 -0.00599487 0.08627451 0.01960784 0.83137255
v 0.03573173 0.00870364 -0.00103516 0.08627451 0.01960784 0.83137255
v 0.05846004 0.00378553 -0.00599487 0.08627451 0.01960784 0.83137255
v 0.05843517 0.00368989 -0.00479375 0.08627451 0.01960784 0.83137255
v 0.05810279 0.00436694 -0.00171774 0.08627451 0.01960784 0.83137255
v 0.05823846 0.00455571 -0.00599487 0.08627451 0.01960784 0.83137255
v 0.05751492 0.00590480 -0.00017973 0.08627451 0.01960784 0.83137255
v 0.05699939 0.00692668 0.00135827 0.08627451 0.01960784 0.83137255
v 0.05658335 0.00769435 0.00135827 0.08627451 0.01960784 0.83137255
v 0.05654039 0.00761129 0.00289451 0.08627451 0.01960784 0.83137255
v 0.05656074 0.00733694 0.00454716 0.08627451 0.01960784 0.83137255
v 0.05638212 0.00744265 0.00596875 0.08627451 0.01960784 0.83137255
v 0.05565857 0.00863568 0.00596875 0.08627451 0.01960784 0.83137255
v 0.05503452 0.00940335 0.00596875 0.08627451 0.01960784 0.83137255
v 0.05410521 0.01003762 0.00750676 0.08627451 0.01960784 0.83137255
v 0.05294755 0.01086570 0.00752087 0.08627451 0.01960784 0.83137255
v 0.05211547 0.01122310 0.00804294 0.08627451 0.01960784 0.83137255
v 0.05301086 0.01018612 0.00900419 0.08627451 0.01960784 0.83137255
v 0.05155699 0.01094120 0.00905711 0.08627451 0.01960784 0.83137255
v 0.04995163 0.01115514 0.00963033 0.08627451 0.01960784 0.83137255
v 0.04912633 0.01127848 0.00980494 0.08627451 0.01960784 0.83137255
v 0.04809980 0.01132630 0.00985609 0.08627451 0.01960784 0.83137255
v 0.04687883 0.01134643 0.00987902 0.08627451 0.01960784 0.83137255
v 0.04380377 0.01134643 0.00988255 0.08627451 0.01960784 0.83137255
v 0.03919117 0.01134643 0.00988255 0.08627451 0.01960784 0.83137255
v 0.03573173 0.01134643 0.00988079 0.08627451 0.01960784 0.83137255
v 0.04145903 0.00946376 -0.00599487 0.08627451 0.01960784 0.83137255
v 0.03573173 0.00927750 -0.00073179 0.08627451 0.01960784 0.83137255
v 0.05841256 0.00395416 -0.00599487 0.08627451 0.01960784 0.83137255
v 0.05776363 0.00590480 -0.00599487 0.08627451 0.01960784 0.83137255
v 0.05716445 0.00727402 -0.00599487 0.08627451 0.01960784 0.83137255
v 0.05703556 0.00699715 -0.00017973 0.08627451 0.01960784 0.83137255
v 0.05677780 0.00804168 -0.00599487 0.08627451 0.01960784 0.83137255
v 0.05662405 0.00776734 -0.00017973 0.08627451 0.01960784 0.83137255
v 0.05577163 0.00876908 0.00289451 0.08627451 0.01960784 0.83137255
v 0.05571962 0.00870867 0.00443075 0.08627451 0.01960784 0.83137255
v 0.05509104 0.00947634 0.00443075 0.08627451 0.01960784 0.83137255
v 0.05426575 0.01018360 0.00596875 0.08627451 0.01960784 0.83137255
v 0.05326410 0.01095127 0.00596875 0.08627451 0.01960784 0.83137255
v 0.05238454 0.01135398 0.00701643 0.08627451 0.01960784 0.83137255
v 0.05155699 0.01157548 0.00752087 0.08627451 0.01960784 0.83137255
v 0.05108895 0.01143704 0.00855443 0.08627451 0.01960784 0.83137255
v 0.04995163 0.01159309 0.00886133 0.08627451 0.01960784 0.83137255
v 0.04853393 0.01166357 0.00919292 0.08627451 0.01960784 0.83137255
v 0.04687883 0.01184227 0.00904476 0.08627451 0.01960784 0.83137255
v 0.04380377 0.01184227 0.00904476 0.08627451 0.01960784 0.83137255
v 0.03573173 0.01183975 0.00904476 0.08627451 0.01960784 0.83137255
v 0.03573173 0.00960974 -0.00053249 0.08627451 0.01960784 0.83137255
v 0.04156982 0.00962233 -0.00599487 0.08627451 0.01960784 0.83137255
v 0.05581459 0.00882445 0.00135827 0.08627451 0.01960784 0.83137255
v 0.05607461 0.00898050 -0.00599487 0.08627451 0.01960784 0.83137255
v 0.05519279 0.00959212 0.00135827 0.08627451 0.01960784 0.83137255
v 0.05514305 0.00953927 0.00289451 0.08627451 0.01960784 0.83137255
v 0.05432228 0.01023143 0.00443075 0.08627451 0.01960784 0.83137255
v 0.05378640 0.01128099 -0.00566152 0.08627451 0.01960784 0.83137255
v 0.05348794 0.01109222 0.00135827 0.08627451 0.01960784 0.83137255
v 0.05342237 0.01104692 0.00289451 0.08627451 0.01960784 0.83137255
v 0.05335228 0.01100161 0.00443075 0.08627451 0.01960784 0.83137255
v 0.05249533 0.01141943 0.00596875 0.08627451 0.01960784 0.83137255
v 0.05148915 0.01184982 0.00596875 0.08627451 0.01960784 0.83137255
v 0.04995163 0.01205873 0.00750676 0.08627451 0.01960784 0.83137255
v 0.04841410 0.01233308 0.00750676 0.08627451 0.01960784 0.83137255
v 0.04687883 0.01246396 0.00750676 0.08627451 0.01960784 0.83137255
v 0.03573173 0.01245137 0.00750676 0.08627451 0.01960784 0.83137255
v 0.03573173 0.01035476 0.00004426 0.08627451 0.01960784 0.83137255
v 0.04242451 0.01059638 -0.00599487 0.08627451 0.01960784 0.83137255
v 0.05539855 0.00982368 -0.00599487 0.08627451 0.01960784 0.83137255
v 0.05523801 0.00963994 -0.00017973 0.08627451 0.01960784 0.83137255
v 0.05442403 0.01032455 0.00135827 0.08627451 0.01960784 0.83137255
v 0.05437428 0.01027925 0.00289451 0.08627451 0.01960784 0.83137255
v 0.05379997 0.01128854 -0.00599487 0.08627451 0.01960784 0.83137255
v 0.05343368 0.01149997 -0.00599487 0.08627451 0.01960784 0.83137255
v 0.05265361 0.01151003 0.00289451 0.08627451 0.01960784 0.83137255
v 0.05355125 0.01113501 -0.00017973 0.08627451 0.01960784 0.83137255
v 0.05258351 0.01146976 0.00443075 0.08627451 0.01960784 0.83137255
v 0.05148915 0.01195302 0.00443075 0.08627451 0.01960784 0.83137255
v 0.04995163 0.01228525 0.00596875 0.08627451 0.01960784 0.83137255
v 0.04841410 0.01255708 0.00596875 0.08627451 0.01960784 0.83137255
v 0.04687883 0.01268545 0.00596875 0.08627451 0.01960784 0.83137255
v 0.03573173 0.01260239 0.00596875 0.08627451 0.01960784 0.83137255
v 0.03573173 0.01054856 0.00021535 0.08627451 0.01960784 0.83137255
v 0.04304857 0.01127093 -0.00599487 0.08627451 0.01960784 0.83137255
v 0.04270489 0.01090093 -0.00599487 0.08627451 0.01960784 0.83137255
v 0.05522445 0.00998477 -0.00599487 0.08627451 0.01960784 0.83137255
v 0.05445116 0.01069958 -0.00599487 0.08627451 0.01960784 0.83137255
v 0.05415948 0.01096637 -0.00599487 0.08627451 0.01960784 0.83137255
v 0.05314200 0.01166608 -0.00599487 0.08627451 0.01960784 0.83137255
v 0.05297694 0.01169881 -0.00479375 0.08627451 0.01960784 0.83137255
v 0.05148915 0.01246144 -0.00599487 0.08627451 0.01960784 0.83137255
v 0.05148915 0.01240607 -0.00479375 0.08627451 0.01960784 0.83137255
v 0.05148915 0.01203104 0.00289451 0.08627451 0.01960784 0.83137255
v 0.05049202 0.01278864 -0.00599487 0.08627451 0.01960784 0.83137255
v 0.04995163 0.01238845 0.00443075 0.08627451 0.01960784 0.83137255
v 0.04841410 0.01264769 0.00443075 0.08627451 0.01960784 0.83137255
v 0.04771994 0.01283395 0.00242182 0.08627451 0.01960784 0.83137255
v 0.04687883 0.01275341 0.00443075 0.08627451 0.01960784 0.83137255
v 0.04739209 0.01283395 0.00242182 0.08627451 0.01960784 0.83137255
v 0.04841410 0.01305544 -0.00599487 0.08627451 0.01960784 0.83137255
v 0.04810659 0.01304286 -0.00599487 0.08627451 0.01960784 0.83137255
v 0.04697831 0.01297741 -0.00599487 0.08627451 0.01960784 0.83137255
v 0.03573173 0.01255457 0.00481525 0.08627451 0.01960784 0.83137255
v 0.03573173 0.01112494 0.00076741 0.08627451 0.01960784 0.83137255
v 0.03573173 0.01128854 0.00095966 0.08627451 0.01960784 0.83137255
v 0.04341938 0.01154024 -0.00599487 0.08627451 0.01960784 0.83137255
v 0.04972326 0.01290190 -0.00599487 0.08627451 0.01960784 0.83137255
v 0.04925069 0.01283647 -0.00224510 0.08627451 0.01960784 0.83137255
v 0.05033375 0.01276347 -0.00479375 0.08627451 0.01960784 0.83137255
v 0.04995163 0.01246396 0.00289451 0.08627451 0.01960784 0.83137255
v 0.04841410 0.01296231 -0.00325574 0.08627451 0.01960784 0.83137255
v 0.04841410 0.01301517 -0.00479375 0.08627451 0.01960784 0.83137255
v 0.04947227 0.01293211 -0.00599487 0.08627451 0.01960784 0.83137255
v 0.04620955 0.01280123 -0.00599487 0.08627451 0.01960784 0.83137255
v 0.03573173 0.01230036 0.00289451 0.08627451 0.01960784 0.83137255
v 0.03573173 0.01237083 0.00327725 0.08627451 0.01960784 0.83137255
v 0.03573173 0.01253443 0.00443075 0.08627451 0.01960784 0.83137255
v 0.03573173 0.01169629 0.00153641 0.08627451 0.01960784 0.83137255
v 0.04357314 0.01164091 -0.00599487 0.08627451 0.01960784 0.83137255
v 0.04983857 0.01270810 -0.00172656 0.08627451 0.01960784 0.83137255
v 0.05014155 0.01272572 -0.00325574 0.08627451 0.01960784 0.83137255
v 0.04995163 0.01261246 -0.00017973 0.08627451 0.01960784 0.83137255
v 0.04601057 0.01274585 -0.00599487 0.08627451 0.01960784 0.83137255
v 0.03573173 0.01184479 0.00184683 0.08627451 0.01960784 0.83137255
v 0.04534130 0.01254702 -0.00599487 0.08627451 0.01960784 0.83137255
v 0.04500439 0.01239348 -0.00599487 0.08627451 0.01960784 0.83137255
v 0.04370654 0.01172649 -0.00599487 0.08627451 0.01960784 0.83137255
f 1062 1063 1064
f 1062 1064 1069
f 1062 1069 1065
f 1062 1065 1066
f 1062 1066 1074
f 1062 1074 1087
f 1062 1087 1109
f 1062 1109 1129
f 1062 1129 1150
f 1062 1150 1173
f 1062 1173 1205
f 1062 1205 1243
f 1062 1243 1273
f 1062 1273 1272
f 1062 1272 1239
f 1062 1239 1271
f 1062 1271 1303
f 1062 1303 1301
f 1062 1301 1340
f 1062 1340 1376
f 1062 1376 1377
f 1062 1377 1411
f 1062 1411 1410
f 1062 1410 1444
f 1062 1444 1474
f 1062 1474 1499
f 1062 1499 1526
f 1062 1526 1531
f 1062 1531 1530
f 1062 1530 1559
f 1062 1559 1585
f 1062 1585 1606
f 1062 1606 1623
f 1062 1623 1639
f 1062 1639 1660
f 1062 1660 1674
f 1062 1674 1673
f 1062 1673 1672
f 1062 1672 1681
f 1062 1681 1675
f 1062 1675 1662
f 1062 1662 1661
f 1062 1661 1640
f 1062 1640 1624
f 1062 1624 1607
f 1062 1607 1587
f 1062 1587 1561
f 1062 1561 1533
f 1062 1533 1501
f 1062 1501 1476
f 1062 1476 1447
f 1062 1447 1414
f 1062 1414 1412
f 1062 1412 1378
f 1062 1378 1342
f 1062 1342 1341
f 1062 1341 1305
f 1062 1305 1304
f 1062 1304 1275
f 1062 1275 1274
f 1062 1274 1244
f 1062 1244 1206
f 1062 1206 1177
f 1062 1177 1151
f 1062 1151 1130
f 1062 1130 1111
f 1062 1111 1110
f 1062 1110 1090
f 1062 1090 1076
f 1062 1076 1068
f 1062 1068 1063
f 1063 1067 1064
f 1063 1068 1067
f 1064 1067 1075
f 1064 1075 1088
f 1064 1088 1089
f 1064 1089 1093
f 1064 1093 1092
f 1064 1092 1091
f 1064 1091 1112
f 1064 1112 1131
f 1064 1131 1152
f 1064 1152 1176
f 1064 1176 1178
f 1064 1178 1208
f 1064 1208 1207
f 1064 1207 1245
f 1064 1245 1276
f 1064 1276 1306
f 1064 1306 1343
f 1064 1343 1379
f 1064 1379 1413
f 1064 1413 1445
f 1064 1445 1446
f 1064 1446 1475
f 1064 1475 1500
f 1064 1500 1532
f 1064 1532 1560
f 1064 1560 1586
f 1064 1586 1608
f 1064 1608 1625
f 1064 1625 1642
f 1064 1642 1641
f 1064 1641 1663
f 1064 1663 1676
f 1064 1676 1684
f 1064 1684 1683
f 1064 1683 1682
f 1064 1682 1680
f 1064 1680 1671
f 1064 1671 1659
f 1064 1659 1658
f 1064 1658 1657
f 1064 1657 1670
f 1064 1670 1664
f 1064 1664 1651
f 1064 1651 1648
f 1064 1648 1646
f 1064 1646 1631
f 1064 1631 1630
f 1064 1630 1645
f 1064 1645 1644
f 1064 1644 1643
f 1064 1643 1626
f 1064 1626 1610
f 1064 1610 1592
f 1064 1592 1590
f 1064 1590 1589
f 1064 1589 1565
f 1064 1565 1588
f 1064 1588 1562
f 1064 1562 1534
f 1064 1534 1502
f 1064 1502 1478
f 1064 1478 1456
f 1064 1456 1454
f 1064 1454 1477
f 1064 1477 1448
f 1064 1448 1415
f 1064 1415 1382
f 1064 1382 1380
f 1064 1380 1349
f 1064 1349 1348
f 1064 1348 1347
f 1064 1347 1345
f 1064 1345 1309
f 1064 1309 1279
f 1064 1279 1247
f 1064 1247 1261
f 1064 1261 1260
f 1064 1260 1259
f 1064 1259 1225
f 1064 1225 1194
f 1064 1194 1164
f 1064 1164 1142
f 1064 1142 1120
f 1064 1120 1100
f 1064 1100 1081
f 1064 1081 1069
f 1065 1069 1070
f 1065 1070 1071
f 1065 1071 1072
f 1065 1072 1066
f 1066 1072 1073
f 1066 1073 1074
f 1067 1068 1075
f 1068 1076 1075
f 1069 1077 1078
f 1069 1078 1079
f 1069 1079 1080
f 1069 1080 1070
f 1069 1081 1077
f 1070 1080 1082
f 1070 1082 1071
f 1071 1082 1083
f 1071 1083 1084
f 1071 1084 1073
f 1071 1073 1072
f 1073 1084 1085
f 1073 1085 1086
f 1073 1086 1074
f 1074 1086 1087
f 1075 1076 1088
f 1076 1089 1088
f 1076 1090 1091
f 1076 1091 1092
f 1076 1092 1093
f 1076 1093 1089
f 1077 1094 1095
f 1077 1095 1096
f 1077 1096 1078
f 1077 1081 1094
f 1078 1096 1095
f 1078 1095 1097
f 1078 1097 1098
f 1078 1098 1079
f 1079 1098 1099
f 1079 1099 1082
f 1079 1082 1080
f 1081 1100 1101
f 1081 1101 1102
f 1081 1102 1094
f 1082 1099 1103
f 1082 1103 1083
f 1083 1103 1104
f 1083 1104 1085
f 1083 1085 1084
f 1085 1104 1105
f 1085 1105 1106
f 1085 1106 1086
f 1086 1106 1107
f 1086 1107 1087
f 1087 1107 1108
f 1087 1108 1109
f 1090 1110 1091
f 1091 1111 1112
f 1091 1110 1111
f 1094 1102 1095
f 1095 1113 1114
f 1095 1114 1115
f 1095 1115 1116
f 1095 1116 1117
f 1095 1117 1097
f 1095 1102 1113
f 1097 1117 1118
f 1097 1118 1119
f 1097 1119 1098
f 1098 1119 1103
f 1098 1103 1099
f 1100 1120 1101
f 1101 1120 1121
f 1101 1121 1122
f 1101 1122 1114
f 1101 1114 1113
f 1101 1113 1102
f 1103 1119 1123
f 1103 1123 1104
f 1104 1123 1124
f 1104 1124 1105
f 1105 1124 1125
f 1105 1125 1126
f 1105 1126 1106
f 1106 1127 1108
f 1106 1108 1107
f 1106 1126 1127
f 1108 1127 1128
f 1108 1128 1109
f 1109 1128 1129
f 1111 1130 1112
f 1112 1130 1131
f 1114 1122 1115
f 1115 1122 1116
f 1116 1122 1132
f 1116 1132 1133
f 1116 1133 1134
f 1116 1134 1135
f 1116 1135 1136
f 1116 1136 1137
f 1116 1137 1138
f 1116 1138 1139
f 1116 1139 1117
f 1117 1139 1140
f 1117 1140 1118
f 1118 1140 1141
f 1118 1141 1119
f 1119 1141 1123
f 1120 1142 1121
f 1121 1142 1143
f 1121 1143 1122
f 1122 1143 1132
f 1123 1141 1144
f 1123 1144 1124
f 1124 1144 1145
f 1124 1145 1125
f 1125 1145 1146
f 1125 1146 1147
f 1125 1147 1126
f 1126 1147 1148
f 1126 1148 1127
f 1127 1148 1128
f 1128 1148 1149
f 1128 1149 1129
f 1129 1149 1150
f 1130 1151 1152
f 1130 1152 1131
f 1132 1143 1133
f 1133 1143 1153
f 1133 1153 1134
f 1134 1153 1154
f 1134 1154 1135
f 1135 1154 1155
f 1135 1155 1136
f 1136 1155 1137
f 1137 1156 1138
f 1137 1155 1157
f 1137 1157 1158
f 1137 1158 1159
f 1137 1159 1156
f 1138 1156 1160
f 1138 1160 1139
f 1139 1160 1140
f 1140 1160 1161
f 1140 1161 1141
f 1141 1161 1162
f 1141 1162 1163
f 1141 1163 1144
f 1142 1164 1143
f 1143 1164 1165
f 1143 1165 1153
f 1144 1163 1166
f 1144 1166 1145
f 1145 1166 1167
f 1145 1167 1146
f 1146 1167 1168
f 1146 1168 1169
f 1146 1169 1147
f 1147 1169 1170
f 1147 1170 1171
f 1147 1171 1172
f 1147 1172 1173
f 1147 1173 1174
f 1147 1174 1175
f 1147 1175 1149
f 1147 1149 1148
f 1149 1175 1150
f 1150 1175 1174
f 1150 1174 1173
f 1151 1176 1152
f 1151 1177 1178
f 1151 1178 1176
f 1153 1165 1179
f 1153 1179 1180
f 1153 1180 1181
f 1153 1181 1182
f 1153 1182 1154
f 1154 1182 1155
f 1155 1182 1183
f 1155 1183 1157
f 1156 1159 1184
f 1156 1184 1185
f 1156 1185 1160
f 1157 1183 1158
f 1158 1186 1159
f 1158 1183 1182
f 1158 1182 1181
f 1158 1181 1187
f 1158 1187 1188
f 1158 1188 1189
f 1158 1189 1190
f 1158 1190 1186
f 1159 1186 1191
f 1159 1191 1184
f 1160 1185 1161
f 1161 1185 1162
f 1162 1185 1192
f 1162 1192 1193
f 1162 1193 1163
f 1163 1193 1166
f 1164 1194 1165
f 1165 1194 1195
f 1165 1195 1179
f 1166 1193 1196
f 1166 1196 1167
f 1167 1196 1197
f 1167 1197 1168
f 1168 1197 1198
f 1168 1198 1199
f 1168 1199 1169
f 1169 1199 1200
f 1169 1200 1170
f 1170 1200 1201
f 1170 1201 1202
f 1170 1202 1203
f 1170 1203 1171
f 1171 1173 1172
f 1171 1203 1204
f 1171 1204 1173
f 1173 1204 1205
f 1177 1206 1207
f 1177 1207 1208
f 1177 1208 1178
f 1179 1195 1209
f 1179 1209 1180
f 1180 1209 1181
f 1181 1209 1187
f 1184 1191 1210
f 1184 1210 1192
f 1184 1192 1185
f 1186 1190 1211
f 1186 1211 1191
f 1187 1209 1212
f 1187 1212 1213
f 1187 1213 1188
f 1188 1214 1215
f 1188 1215 1216
f 1188 1216 1189
f 1188 1213 1217
f 1188 1217 1214
f 1189 1216 1190
f 1190 1216 1218
f 1190 1218 1219
f 1190 1219 1211
f 1191 1211 1220
f 1191 1220 1221
f 1191 1221 1210
f 1192 1210 1222
f 1192 1222 1223
f 1192 1223 1193
f 1193 1223 1224
f 1193 1224 1196
f 1194 1225 1226
f 1194 1226 1195
f 1195 1226 1227
f 1195 1227 1228
f 1195 1228 1229
f 1195 1229 1209
f 1196 1224 1230
f 1196 1230 1197
f 1197 1230 1198
f 1198 1231 1232
f 1198 1232 1233
f 1198 1233 1199
f 1198 1230 1231
f 1199 1233 1234
f 1199 1234 1200
f 1200 1234 1235
f 1200 1235 1236
f 1200 1236 1201
f 1201 1236 1237
f 1201 1237 1202
f 1202 1237 1238
f 1202 1238 1203
f 1203 1238 1239
f 1203 1239 1240
f 1203 1240 1204
f 1204 1240 1241
f 1204 1241 1242
f 1204 1242 1205
f 1205 1242 1243
f 1206 1244 1207
f 1207 1244 1245
f 1209 1229 1217
f 1209 1217 1213
f 1209 1213 1212
f 1210 1221 1246
f 1210 1246 1222
f 1211 1219 1220
f 1214 1217 1247
f 1214 1247 1248
f 1214 1248 1249
f 1214 1249 1250
f 1214 1250 1215
f 1215 1250 1249
f 1215 1249 1216
f 1216 1249 1218
f 1217 1229 1247
f 1218 1249 1251
f 1218 1251 1252
f 1218 1252 1253
f 1218 1253 1219
f 1219 1253 1254
f 1219 1254 1220
f 1220 1246 1221
f 1220 1254 1255
f 1220 1255 1256
f 1220 1256 1246
f 1222 1246 1257
f 1222 1257 1224
f 1222 1224 1223
f 1224 1258 1230
f 1224 1257 1258
f 1225 1259 1226
f 1226 1259 1260
f 1226 1260 1227
f 1227 1260 1261
f 1227 1261 1247
f 1227 1247 1228
f 1228 1247 1229
f 1230 1258 1231
f 1231 1262 1232
f 1231 1258 1262
f 1232 1263 1264
f 1232 1264 1265
f 1232 1265 1233
f 1232 1262 1263
f 1233 1265 1266
f 1233 1266 1234
f 1234 1266 1267
f 1234 1267 1268
f 1234 1268 1269
f 1234 1269 1235
f 1235 1269 1236
f 1236 1269 1270
f 1236 1270 1237
f 1237 1270 1271
f 1237 1271 1238
f 1238 1271 1239
f 1239 1272 1241
f 1239 1241 1240
f 1241 1272 1273
f 1241 1273 1242
f 1242 1273 1243
f 1244 1274 1245
f 1245 1274 1275
f 1245 1275 1276
f 1246 1256 1277
f 1246 1277 1278
f 1246 1278 1257
f 1247 1279 1280
f 1247 1280 1248
f 1248 1280 1281
f 1248 1281 1282
f 1248 1282 1249
f 1249 1282 1283
f 1249 1283 1284
f 1249 1284 1251
f 1251 1284 1285
f 1251 1285 1252
f 1252 1285 1286
f 1252 1286 1253
f 1253 1286 1287
f 1253 1287 1254
f 1254 1287 1255
f 1255 1288 1277
f 1255 1277 1256
f 1255 1287 1289
f 1255 1289 1290
f 1255 1290 1288
f 1257 1278 1291
f 1257 1291 1258
f 1258 1291 1262
f 1262 1292 1263
f 1262 1291 1292
f 1263 1292 1293
f 1263 1293 1264
f 1264 1293 1294
f 1264 1294 1295
f 1264 1295 1265
f 1265 1295 1296
f 1265 1296 1266
f 1266 1296 1297
f 1266 1297 1267
f 1267 1297 1268
f 1268 1297 1298
f 1268 1298 1269
f 1269 1298 1299
f 1269 1299 1300
f 1269 1300 1270
f 1270 1300 1301
f 1270 1301 1302
f 1270 1302 1271
f 1271 1302 1303
f 1275 1304 1276
f 1276 1305 1306
f 1276 1304 1305
f 1277 1288 1307
f 1277 1307 1278
f 1278 1307 1308
f 1278 1308 1291
f 1279 1309 1310
f 1279 1310 1280
f 1280 1310 1311
f 1280 1311 1312
f 1280 1312 1281
f 1281 1312 1313
f 1281 1313 1314
f 1281 1314 1282
f 1282 1284 1283
f 1282 1314 1284
f 1284 1314 1315
f 1284 1315 1316
f 1284 1316 1285
f 1285 1316 1317
f 1285 1317 1318
f 1285 1318 1286
f 1286 1318 1319
f 1286 1319 1320
f 1286 1320 1287
f 1287 1320 1289
f 1288 1290 1321
f 1288 1321 1307
f 1289 1320 1322
f 1289 1322 1323
f 1289 1323 1290
f 1290 1323 1324
f 1290 1324 1325
f 1290 1325 1326
f 1290 1326 1327
f 1290 1327 1321
f 1291 1308 1328
f 1291 1328 1292
f 1292 1328 1293
f 1293 1329 1294
f 1293 1328 1329
f 1294 1329 1330
f 1294 1330 1331
f 1294 1331 1295
f 1295 1331 1332
f 1295 1332 1333
f 1295 1333 1296
f 1296 1333 1334
f 1296 1334 1297
f 1297 1334 1335
f 1297 1335 1298
f 1298 1335 1299
f 1299 1335 1336
f 1299 1336 1337
f 1299 1337 1338
f 1299 1338 1300
f 1300 1338 1339
f 1300 1339 1340
f 1300 1340 1301
f 1301 1303 1302
f 1305 1341 1306
f 1306 1341 1342
f 1306 1342 1343
f 1307 1344 1328
f 1307 1328 1308
f 1307 1321 1327
f 1307 1327 1344
f 1309 1345 1346
f 1309 1346 1312
f 1309 1312 1310
f 1310 1312 1311
f 1312 1346 1345
f 1312 1345 1347
f 1312 1347 1313
f 1313 1347 1348
f 1313 1348 1314
f 1314 1348 1349
f 1314 1349 1350
f 1314 1350 1351
f 1314 1351 1315
f 1315 1351 1316
f 1316 1351 1352
f 1316 1352 1317
f 1317 1352 1353
f 1317 1353 1318
f 1318 1353 1354
f 1318 1354 1355
f 1318 1355 1356
f 1318 1356 1319
f 1319 1356 1322
f 1319 1322 1320
f 1322 1356 1357
f 1322 1357 1324
f 1322 1324 1323
f 1324 1358 1325
f 1324 1357 1358
f 1325 1358 1359
f 1325 1359 1360
f 1325 1360 1326
f 1326 1360 1361
f 1326 1361 1327
f 1327 1362 1344
f 1327 1361 1363
f 1327 1363 1362
f 1328 1344 1362
f 1328 1362 1329
f 1329 1362 1330
f 1330 1362 1364
f 1330 1364 1365
f 1330 1365 1366
f 1330 1366 1331
f 1331 1366 1332
f 1332 1366 1367
f 1332 1367 1368
f 1332 1368 1333
f 1333 1368 1369
f 1333 1369 1370
f 1333 1370 1334
f 1334 1370 1371
f 1334 1371 1335
f 1335 1371 1372
f 1335 1372 1336
f 1336 1372 1337
f 1337 1372 1373
f 1337 1373 1374
f 1337 1374 1338
f 1338 1374 1375
f 1338 1375 1339
f 1339 1376 1340
f 1339 1375 1377
f 1339 1377 1376
f 1342 1378 1343
f 1343 1378 1379
f 1349 1380 1381
f 1349 1381 1350
f 1350 1381 1382
f 1350 1382 1351
f 1351 1382 1383
f 1351 1383 1384
f 1351 1384 1352
f 1352 1384 1385
f 1352 1385 1353
f 1353 1385 1386
f 1353 1386 1354
f 1354 1386 1387
f 1354 1387 1355
f 1355 1387 1356
f 1356 1387 1357
f 1357 1387 1358
f 1358 1388 1389
f 1358 1389 1390
f 1358 1390 1359
f 1358 1387 1386
f 1358 1386 1388
f 1359 1390 1391
f 1359 1391 1392
f 1359 1392 1393
f 1359 1393 1360
f 1360 1393 1361
f 1361 1393 1394
f 1361 1394 1395
f 1361 1395 1363
f 1362 1363 1395
f 1362 1395 1364
f 1364 1395 1396
f 1364 1396 1365
f 1365 1396 1397
f 1365 1397 1366
f 1366 1397 1367
f 1367 1397 1398
f 1367 1398 1399
f 1367 1399 1368
f 1368 1399 1369
f 1369 1399 1400
f 1369 1400 1401
f 1369 1401 1402
f 1369 1402 1370
f 1370 1402 1403
f 1370 1403 1404
f 1370 1404 1371
f 1371 1404 1405
f 1371 1405 1406
f 1371 1406 1372
f 1372 1406 1407
f 1372 1407 1408
f 1372 1408 1409
f 1372 1409 1373
f 1373 1409 1410
f 1373 1410 1374
f 1374 1410 1411
f 1374 1411 1375
f 1375 1411 1377
f 1378 1412 1379
f 1379 1412 1414
f 1379 1414 1413
f 1380 1382 1381
f 1382 1415 1383
f 1383 1415 1384
f 1384 1415 1416
f 1384 1416 1417
f 1384 1417 1385
f 1385 1417 1418
f 1385 1418 1388
f 1385 1388 1386
f 1388 1418 1389
f 1389 1419 1391
f 1389 1391 1390
f 1389 1418 1420
f 1389 1420 1419
f 1391 1419 1421
f 1391 1421 1422
f 1391 1422 1423
f 1391 1423 1424
f 1391 1424 1425
f 1391 1425 1426
f 1391 1426 1392
f 1392 1426 1427
f 1392 1427 1393
f 1393 1427 1428
f 1393 1428 1429
f 1393 1429 1394
f 1394 1429 1396
f 1394 1396 1395
f 1396 1429 1430
f 1396 1430 1397
f 1397 1430 1431
f 1397 1431 1432
f 1397 1432 1398
f 1398 1433 1434
f 1398 1434 1435
f 1398 1435 1399
f 1398 1432 1433
f 1399 1435 1400
f 1400 1435 1436
f 1400 1436 1401
f 1401 1403 1402
f 1401 1436 1437
f 1401 1437 1438
f 1401 1438 1403
f 1403 1405 1404
f 1403 1438 1439
f 1403 1439 1405
f 1405 1440 1406
f 1405 1439 1441
f 1405 1441 1440
f 1406 1440 1407
f 1407 1440 1441
f 1407 1441 1442
f 1407 1442 1408
f 1408 1410 1409
f 1408 1442 1410
f 1410 1442 1443
f 1410 1443 1444
f 1413 1414 1445
f 1414 1446 1445
f 1414 1447 1446
f 1415 1448 1416
f 1416 1448 1449
f 1416 1449 1450
f 1416 1450 1417
f 1417 1450 1451
f 1417 1451 1420
f 1417 1420 1418
f 1419 1420 1421
f 1420 1451 1421
f 1421 1452 1453
f 1421 1453 1454
f 1421 1454 1422
f 1421 1451 1452
f 1422 1455 1426
f 1422 1426 1425
f 1422 1425 1423
f 1422 1454 1455
f 1423 1425 1424
f 1426 1455 1456
f 1426 1456 1457
f 1426 1457 1427
f 1427 1457 1458
f 1427 1458 1459
f 1427 1459 1460
f 1427 1460 1428
f 1428 1460 1461
f 1428 1461 1462
f 1428 1462 1429
f 1429 1462 1431
f 1429 1431 1430
f 1431 1462 1463
f 1431 1463 1433
f 1431 1433 1432
f 1433 1463 1464
f 1433 1464 1465
f 1433 1465 1434
f 1434 1465 1466
f 1434 1466 1435
f 1435 1466 1436
f 1436 1466 1467
f 1436 1467 1437
f 1437 1467 1468
f 1437 1468 1469
f 1437 1469 1470
f 1437 1470 1438
f 1438 1470 1471
f 1438 1471 1439
f 1439 1471 1472
f 1439 1472 1441
f 1441 1472 1442
f 1442 1472 1473
f 1442 1473 1443
f 1443 1473 1444
f 1444 1473 1474
f 1446 1447 1475
f 1447 1476 1475
f 1448 1477 1449
f 1449 1477 1450
f 1450 1477 1451
f 1451 1477 1454
f 1451 1454 1453
f 1451 1453 1452
f 1454 1456 1455
f 1456 1478 1479
f 1456 1479 1457
f 1457 1480 1458
f 1457 1479 1480
f 1458 1480 1459
f 1459 1481 1460
f 1459 1480 1481
f 1460 1481 1482
f 1460 1482 1483
f 1460 1483 1484
f 1460 1484 1485
f 1460 1485 1461
f 1461 1485 1486
f 1461 1486 1462
f 1462 1486 1463
f 1463 1486 1487
f 1463 1487 1464
f 1464 1488 1489
f 1464 1489 1465
f 1464 1487 1488
f 1465 1489 1490
f 1465 1490 1491
f 1465 1491 1466
f 1466 1491 1468
f 1466 1468 1467
f 1468 1490 1492
f 1468 1492 1469
f 1468 1491 1490
f 1469 1492 1493
f 1469 1493 1470
f 1470 1493 1494
f 1470 1494 1471
f 1471 1494 1495
f 1471 1495 1472
f 1472 1495 1496
f 1472 1496 1473
f 1473 1496 1497
f 1473 1497 1498
f 1473 1498 1499
f 1473 1499 1474
f 1475 1476 1500
f 1476 1501 1500
f 1478 1502 1479
f 1479 1503 1504
f 1479 1504 1480
f 1479 1502 1503
f 1480 1504 1505
f 1480 1505 1506
f 1480 1506 1481
f 1481 1506 1503
f 1481 1503 1507
f 1481 1507 1508
f 1481 1508 1482
f 1482 1508 1483
f 1483 1508 1509
f 1483 1509 1510
f 1483 1510 1484
f 1484 1510 1511
f 1484 1511 1512
f 1484 1512 1485
f 1485 1512 1513
f 1485 1513 1486
f 1486 1513 1487
f 1487 1513 1514
f 1487 1514 1488
f 1488 1515 1516
f 1488 1516 1517
f 1488 1517 1518
f 1488 1518 1489
f 1488 1514 1515
f 1489 1518 1490
f 1490 1518 1519
f 1490 1519 1520
f 1490 1520 1492
f 1492 1520 1493
f 1493 1520 1521
f 1493 1521 1494
f 1494 1521 1522
f 1494 1522 1495
f 1495 1522 1523
f 1495 1523 1496
f 1496 1523 1524
f 1496 1524 1525
f 1496 1525 1497
f 1497 1526 1498
f 1497 1525 1527
f 1497 1527 1528
f 1497 1528 1529
f 1497 1529 1530
f 1497 1530 1531
f 1497 1531 1526
f 1498 1526 1499
f 1500 1501 1532
f 1501 1533 1532
f 1502 1534 1503
f 1503 1506 1504
f 1503 1534 1535
f 1503 1535 1507
f 1504 1506 1505
f 1507 1535 1508
f 1508 1535 1509
f 1509 1535 1536
f 1509 1536 1537
f 1509 1537 1510
f 1510 1537 1538
f 1510 1538 1539
f 1510 1539 1511
f 1511 1539 1540
f 1511 1540 1541
f 1511 1541 1542
f 1511 1542 1512
f 1512 1542 1543
f 1512 1543 1513
f 1513 1543 1544
f 1513 1544 1516
f 1513 1516 1515
f 1513 1515 1514
f 1516 1545 1546
f 1516 1546 1547
f 1516 1547 1548
f 1516 1548 1517
f 1516 1544 1545
f 1517 1548 1518
f 1518 1548 1549
f 1518 1549 1550
f 1518 1550 1519
f 1519 1550 1520
f 1520 1550 1551
f 1520 1551 1552
f 1520 1552 1521
f 1521 1552 1522
f 1522 1552 1553
f 1522 1553 1554
f 1522 1554 1523
f 1523 1554 1555
f 1523 1555 1524
f 1524 1555 1556
f 1524 1556 1557
f 1524 1557 1558
f 1524 1558 1559
f 1524 1559 1525
f 1525 1559 1527
f 1527 1559 1530
f 1527 1530 1529
f 1527 1529 1528
f 1532 1533 1560
f 1533 1561 1560
f 1534 1562 1563
f 1534 1563 1535
f 1535 1563 1564
f 1535 1564 1536
f 1536 1564 1565
f 1536 1565 1537
f 1537 1566 1567
f 1537 1567 1538
f 1537 1565 1566
f 1538 1567 1568
f 1538 1568 1569
f 1538 1569 1570
f 1538 1570 1540
f 1538 1540 1539
f 1540 1570 1571
f 1540 1571 1541
f 1541 1571 1542
f 1542 1571 1544
f 1542 1544 1543
f 1544 1571 1545
f 1545 1571 1572
f 1545 1572 1573
f 1545 1573 1546
f 1546 1573 1574
f 1546 1574 1547
f 1547 1574 1575
f 1547 1575 1576
f 1547 1576 1577
f 1547 1577 1549
f 1547 1549 1548
f 1549 1577 1550
f 1550 1577 1578
f 1550 1578 1579
f 1550 1579 1551
f 1551 1579 1580
f 1551 1580 1552
f 1552 1580 1553
f 1553 1580 1581
f 1553 1581 1554
f 1554 1581 1582
f 1554 1582 1555
f 1555 1582 1583
f 1555 1583 1584
f 1555 1584 1556
f 1556 1584 1585
f 1556 1585 1557
f 1557 1585 1558
f 1558 1585 1559
f 1560 1561 1586
f 1561 1587 1586
f 1562 1588 1563
f 1563 1588 1564
f 1564 1588 1565
f 1565 1589 1566
f 1566 1589 1590
f 1566 1590 1591
f 1566 1591 1567
f 1567 1591 1592
f 1567 1592 1593
f 1567 1593 1568
f 1568 1593 1594
f 1568 1594 1595
f 1568 1595 1569
f 1569 1595 1572
f 1569 1572 1571
f 1569 1571 1570
f 1572 1595 1573
f 1573 1596 1597
f 1573 1597 1574
f 1573 1595 1596
f 1574 1597 1598
f 1574 1598 1575
f 1575 1598 1599
f 1575 1599 1576
f 1576 1578 1577
f 1576 1599 1600
f 1576 1600 1601
f 1576 1601 1578
f 1578 1601 1579
f 1579 1601 1602
f 1579 1602 1580
f 1580 1602 1603
f 1580 1603 1581
f 1581 1603 1604
f 1581 1604 1582
f 1582 1604 1583
f 1583 1604 1605
f 1583 1605 1584
f 1584 1605 1585
f 1585 1605 1606
f 1586 1587 1607
f 1586 1607 1608
f 1590 1592 1591
f 1592 1609 1594
f 1592 1594 1593
f 1592 1610 1609
f 1594 1609 1611
f 1594 1611 1612
f 1594 1612 1595
f 1595 1612 1596
f 1596 1612 1597
f 1597 1612 1613
f 1597 1613 1614
f 1597 1614 1615
f 1597 1615 1616
f 1597 1616 1617
f 1597 1617 1598
f 1598 1617 1634
f 1598 1634 1618
f 1598 1618 1599
f 1599 1618 1619
f 1599 1619 1600
f 1600 1619 1620
f 1600 1620 1601
f 1601 1620 1602
f 1602 1620 1621
f 1602 1621 1603
f 1603 1621 1622
f 1603 1622 1604
f 1604 1622 1605
f 1605 1622 1606
f 1606 1622 1623
f 1607 1624 1608
f 1608 1624 1625
f 1609 1610 1626
f 1609 1626 1627
f 1609 1627 1611
f 1611 1627 1628
f 1611 1628 1629
f 1611 1629 1613
f 1611 1613 1612
f 1613 1629 1614
f 1614 1630 1631
f 1614 1631 1632
f 1614 1632 1633
f 1614 1633 1615
f 1614 1629 1630
f 1615 1633 1632
f 1615 1632 1634
f 1615 1634 1616
f 1616 1634 1617
f 1618 1634 1635
f 1618 1635 1619
f 1619 1635 1652
f 1619 1652 1636
f 1619 1636 1620
f 1620 1636 1621
f 1621 1636 1637
f 1621 1637 1622
f 1622 1637 1638
f 1622 1638 1623
f 1623 1638 1639
f 1624 1640 1641
f 1624 1641 1642
f 1624 1642 1625
f 1626 1643 1628
f 1626 1628 1627
f 1628 1643 1644
f 1628 1644 1645
f 1628 1645 1630
f 1628 1630 1629
f 1631 1646 1632
f 1632 1646 1647
f 1632 1647 1648
f 1632 1648 1649
f 1632 1649 1634
f 1634 1649 1650
f 1634 1650 1635
f 1635 1650 1651
f 1635 1651 1652
f 1636 1652 1637
f 1637 1653 1654
f 1637 1654 1638
f 1637 1652 1653
f 1638 1654 1655
f 1638 1655 1639
f 1639 1655 1656
f 1639 1656 1657
f 1639 1657 1658
f 1639 1658 1659
f 1639 1659 1660
f 1640 1661 1641
f 1641 1661 1662
f 1641 1662 1663
f 1646 1648 1647
f 1648 1651 1649
f 1649 1651 1650
f 1651 1664 1665
f 1651 1665 1666
f 1651 1666 1652
f 1652 1667 1665
f 1652 1665 1653
f 1652 1666 1667
f 1653 1665 1654
f 1654 1665 1668
f 1654 1668 1669
f 1654 1669 1657
f 1654 1657 1656
f 1654 1656 1655
f 1657 1669 1665
f 1657 1665 1670
f 1659 1671 1672
f 1659 1672 1673
f 1659 1673 1674
f 1659 1674 1660
f 1662 1675 1663
f 1663 1675 1676
f 1664 1670 1665
f 1665 1677 1666
f 1665 1669 1668
f 1665 1667 1677
f 1666 1677 1678
f 1666 1678 1667
f 1667 1678 1679
f 1667 1679 1677
f 1671 1680 1672
f 1672 1680 1682
f 1672 1682 1681
f 1675 1681 1683
f 1675 1683 1684
f 1675 1684 1676
f 1677 1679 1678
f 1681 1682 1683

o geometry_6
v 0.03720791 0.03280586 -0.05144009 0.77647059 0.86666667 0.97647059
v 0.00072205 0.03231573 -0.05144009 0.77647059 0.86666667 0.97647059
v 0.00075227 0.03069257 -0.04280507 0.77647059 0.86666667 0.97647059
v 0.03611258 0.03063528 -0.04280507 0.77647059 0.86666667 0.97647059
v 0.03715503 0.03057163 -0.04280507 0.77647059 0.86666667 0.97647059
v 0.03764605 0.03053980 -0.04280507 0.77647059 0.86666667 0.97647059
v 0.04692236 0.03176195 -0.05144009 0.77647059 0.86666667 0.97647059
v -0.00013155 0.03199110 -0.05144009 0.77647059 0.86666667 0.97647059
v -0.00003335 0.03127818 -0.04704101 0.77647059 0.86666667 0.97647059
v 0.00026881 0.03057163 -0.04280507 0.77647059 0.86666667 0.97647059
v 0.04698280 0.02885299 -0.04280507 0.77647059 0.86666667 0.97647059
v 0.04646157 0.02985235 -0.04514409 0.77647059 0.86666667 0.97647059
v 0.04751158 0.03125272 -0.05020845 0.77647059 0.86666667 0.97647059
v 0.04780619 0.03143732 -0.05123383 0.77647059 0.86666667 0.97647059
v 0.04784396 0.03147551 -0.05144009 0.77647059 0.86666667 0.97647059
v -0.00056213 0.03176195 -0.05144009 0.77647059 0.86666667 0.97647059
v -0.00060745 0.03027246 -0.04280507 0.77647059 0.86666667 0.97647059
v -0.00015421 0.03136093 -0.04784829 0.77647059 0.86666667 0.97647059
v 0.05454436 0.02602678 -0.04280507 0.77647059 0.86666667 0.97647059
v 0.05551127 0.02682244 -0.04515423 0.77647059 0.86666667 0.97647059
v 0.05541307 0.02824828 -0.04845524 0.77647059 0.86666667 0.97647059
v 0.05502782 0.02909487 -0.05144009 0.77647059 0.86666667 0.97647059
v -0.00133264 0.03097265 -0.05144009 0.77647059 0.86666667 0.97647059
v -0.00279056 0.02924764 -0.04719908 0.77647059 0.86666667 0.97647059
v -0.00279056 0.02891028 -0.04424720 0.77647059 0.86666667 0.97647059
v -0.00279056 0.02870659 -0.04309417 0.77647059 0.86666667 0.97647059
v -0.00247329 0.02873205 -0.04280507 0.77647059 0.86666667 0.97647059
v 0.05532242 0.02572124 -0.04280507 0.77647059 0.86666667 0.97647059
v 0.05566235 0.02555574 -0.04280507 0.77647059 0.86666667 0.97647059
v 0.06170556 0.02218211 -0.04363264 0.77647059 0.86666667 0.97647059
v 0.05610049 0.02872568 -0.05144009 0.77647059 0.86666667 0.97647059
v 0.06301995 0.02358248 -0.05015435 0.77647059 0.86666667 0.97647059
v -0.00279056 0.02945770 -0.05144009 0.77647059 0.86666667 0.97647059
v -0.00279056 0.02927947 -0.04780011 0.77647059 0.86666667 0.97647059
v -0.00279056 0.02840741 -0.04280507 0.77647059 0.86666667 0.97647059
v 0.06229477 0.02129733 -0.04280507 0.77647059 0.86666667 0.97647059
v 0.06298974 0.02196569 -0.04561409 0.77647059 0.86666667 0.97647059
v 0.06327679 0.02376708 -0.05144009 0.77647059 0.86666667 0.97647059
v 0.06314082 0.02220121 -0.04663948 0.77647059 0.86666667 0.97647059
v -0.00279056 -0.02934533 -0.05144009 0.77647059 0.86666667 0.97647059
v -0.00279056 -0.02816138 -0.04280507 0.77647059 0.86666667 0.97647059
v 0.06805848 0.01477922 -0.04280507 0.77647059 0.86666667 0.97647059
v 0.06925957 0.01599500 -0.04835465 0.77647059 0.86666667 0.97647059
v 0.06980346 0.01654242 -0.05144009 0.77647059 0.86666667 0.97647059
v -0.00279056 -0.02977817 -0.05092360 0.77647059 0.86666667 0.97647059
v -0.00278301 -0.02988639 -0.05144009 0.77647059 0.86666667 0.97647059
v 0.00240660 -0.03210789 -0.05144009 0.77647059 0.86666667 0.97647059
v 0.00253502 -0.03205060 -0.05092360 0.77647059 0.86666667 0.97647059
v 0.00281451 -0.03189147 -0.04968773 0.77647059 0.86666667 0.97647059
v 0.00234616 -0.02981000 -0.04280507 0.77647059 0.86666667 0.97647059
v 0.07271175 0.00758002 -0.04280507 0.77647059 0.86666667 0.97647059
v 0.07382219 0.00826747 -0.04994048 0.77647059 0.86666667 0.97647059
v 0.07396571 0.00850299 -0.05144009 0.77647059 0.86666667 0.97647059
v 0.00388718 -0.03222246 -0.05144009 0.77647059 0.86666667 0.97647059
v 0.00296560 -0.03027467 -0.04378987 0.77647059 0.86666667 0.97647059
v 0.02148047 -0.03177689 -0.04856344 0.77647059 0.86666667 0.97647059
v 0.02109521 -0.03052292 -0.04280507 0.77647059 0.86666667 0.97647059
v 0.00381164 -0.03002006 -0.04280507 0.77647059 0.86666667 0.97647059
v 0.07299125 0.00589957 -0.04280507 0.77647059 0.86666667 0.97647059
v 0.07385240 0.00697531 -0.04816276 0.77647059 0.86666667 0.97647059
v 0.07372399 0.00800013 -0.04891510 0.77647059 0.86666667 0.97647059
v 0.07429054 0.00743998 -0.05144009 0.77647059 0.86666667 0.97647059
v 0.02231141 -0.03215245 -0.05144009 0.77647059 0.86666667 0.97647059
v 0.02154090 -0.03177689 -0.04856344 0.77647059 0.86666667 0.97647059
v 0.02190349 -0.03051655 -0.04280507 0.77647059 0.86666667 0.97647059
v 0.07305168 -0.00177704 -0.04280507 0.77647059 0.86666667 0.97647059
v 0.07438118 -0.00177704 -0.05144009 0.77647059 0.86666667 0.97647059
v 0.03966296 -0.03164322 -0.05144009 0.77647059 0.86666667 0.97647059
v 0.03910397 -0.02896341 -0.04280507 0.77647059 0.86666667 0.97647059
v 0.07291571 -0.00217805 -0.04280507 0.77647059 0.86666667 0.97647059
v 0.07379197 -0.00255997 -0.04856767 0.77647059 0.86666667 0.97647059
v 0.07419234 -0.00248995 -0.05144009 0.77647059 0.86666667 0.97647059
v 0.04942274 -0.03002642 -0.05144009 0.77647059 0.86666667 0.97647059
v 0.04943785 -0.02884883 -0.04828786 0.77647059 0.86666667 0.97647059
v 0.04884864 -0.02644273 -0.04280507 0.77647059 0.86666667 0.97647059
v 0.07260599 -0.00299918 -0.04280507 0.77647059 0.86666667 0.97647059
v 0.07404881 -0.00292280 -0.05144009 0.77647059 0.86666667 0.97647059
v 0.07089879 -0.01049119 -0.05144009 0.77647059 0.86666667 0.97647059
v 0.05673502 -0.02641091 -0.05144009 0.77647059 0.86666667 0.97647059
v 0.05701452 -0.02574255 -0.04981960 0.77647059 0.86666667 0.97647059
v 0.05664437 -0.02552613 -0.04879421 0.77647059 0.86666667 0.97647059
v 0.05613826 -0.02343193 -0.04280507 0.77647059 0.86666667 0.97647059
v 0.04983822 -0.02616266 -0.04280507 0.77647059 0.86666667 0.97647059
v 0.06969770 -0.00934543 -0.04280507 0.77647059 0.86666667 0.97647059
v 0.07073260 -0.01027477 -0.05003685 0.77647059 0.86666667 0.97647059
v 0.06466673 -0.01912896 -0.05144009 0.77647059 0.86666667 0.97647059
v 0.05727136 -0.02611174 -0.05144009 0.77647059 0.86666667 0.97647059
v 0.05709006 -0.02282086 -0.04280507 0.77647059 0.86666667 0.97647059
v 0.05688610 -0.02410029 -0.04548645 0.77647059 0.86666667 0.97647059
v 0.06447788 -0.01938357 -0.05144009 0.77647059 0.86666667 0.97647059
v 0.06326924 -0.01677378 -0.04280507 0.77647059 0.86666667 0.97647059
f 1685 1686 1687
f 1685 1687 1688
f 1685 1688 1689
f 1685 1689 1690
f 1685 1690 1691
f 1685 1691 1699
f 1685 1699 1706
f 1685 1706 1715
f 1685 1715 1722
f 1685 1722 1728
f 1685 1728 1737
f 1685 1737 1746
f 1685 1746 1751
f 1685 1751 1756
f 1685 1756 1761
f 1685 1761 1762
f 1685 1762 1770
f 1685 1770 1774
f 1685 1774 1771
f 1685 1771 1763
f 1685 1763 1757
f 1685 1757 1752
f 1685 1752 1747
f 1685 1747 1738
f 1685 1738 1731
f 1685 1731 1730
f 1685 1730 1724
f 1685 1724 1717
f 1685 1717 1707
f 1685 1707 1700
f 1685 1700 1692
f 1685 1692 1686
f 1686 1692 1693
f 1686 1693 1694
f 1686 1694 1687
f 1687 1694 1701
f 1687 1701 1711
f 1687 1711 1719
f 1687 1719 1725
f 1687 1725 1734
f 1687 1734 1742
f 1687 1742 1741
f 1687 1741 1749
f 1687 1749 1753
f 1687 1753 1759
f 1687 1759 1767
f 1687 1767 1766
f 1687 1766 1772
f 1687 1772 1775
f 1687 1775 1768
f 1687 1768 1760
f 1687 1760 1754
f 1687 1754 1750
f 1687 1750 1743
f 1687 1743 1735
f 1687 1735 1726
f 1687 1726 1720
f 1687 1720 1713
f 1687 1713 1712
f 1687 1712 1703
f 1687 1703 1695
f 1687 1695 1690
f 1687 1690 1689
f 1687 1689 1688
f 1690 1695 1696
f 1690 1696 1691
f 1691 1696 1697
f 1691 1697 1698
f 1691 1698 1699
f 1692 1700 1701
f 1692 1701 1702
f 1692 1702 1693
f 1693 1702 1701
f 1693 1701 1694
f 1695 1703 1704
f 1695 1704 1705
f 1695 1705 1696
f 1696 1705 1697
f 1697 1705 1698
f 1698 1705 1699
f 1699 1705 1706
f 1700 1707 1708
f 1700 1708 1709
f 1700 1709 1701
f 1701 1709 1710
f 1701 1710 1711
f 1703 1712 1704
f 1704 1712 1713
f 1704 1713 1714
f 1704 1714 1705
f 1705 1715 1706
f 1705 1714 1716
f 1705 1716 1715
f 1707 1717 1718
f 1707 1718 1708
f 1708 1718 1717
f 1708 1717 1724
f 1708 1724 1729
f 1708 1729 1725
f 1708 1725 1719
f 1708 1719 1710
f 1708 1710 1709
f 1710 1719 1711
f 1713 1720 1714
f 1714 1720 1721
f 1714 1721 1716
f 1715 1716 1722
f 1716 1721 1723
f 1716 1723 1722
f 1720 1726 1721
f 1721 1726 1727
f 1721 1727 1723
f 1722 1723 1728
f 1723 1727 1728
f 1724 1730 1729
f 1725 1729 1730
f 1725 1730 1731
f 1725 1731 1732
f 1725 1732 1733
f 1725 1733 1734
f 1726 1735 1727
f 1727 1735 1728
f 1728 1735 1736
f 1728 1736 1737
f 1731 1738 1732
f 1732 1738 1733
f 1733 1739 1734
f 1733 1738 1740
f 1733 1740 1741
f 1733 1741 1739
f 1734 1739 1742
f 1735 1743 1744
f 1735 1744 1745
f 1735 1745 1736
f 1736 1745 1746
f 1736 1746 1737
f 1738 1747 1748
f 1738 1748 1740
f 1739 1741 1742
f 1740 1748 1741
f 1741 1748 1749
f 1743 1750 1744
f 1744 1751 1746
f 1744 1746 1745
f 1744 1750 1751
f 1747 1752 1748
f 1748 1752 1749
f 1749 1752 1753
f 1750 1754 1755
f 1750 1755 1751
f 1751 1755 1756
f 1752 1757 1753
f 1753 1757 1758
f 1753 1758 1759
f 1754 1760 1755
f 1755 1761 1756
f 1755 1760 1762
f 1755 1762 1761
f 1757 1763 1764
f 1757 1764 1758
f 1758 1764 1765
f 1758 1765 1766
f 1758 1766 1767
f 1758 1767 1759
f 1760 1768 1769
f 1760 1769 1762
f 1762 1769 1770
f 1763 1771 1764
f 1764 1772 1773
f 1764 1773 1766
f 1764 1766 1765
f 1764 1771 1774
f 1764 1774 1772
f 1766 1773 1772
f 1768 1775 1774
f 1768 1774 1770
f 1768 1770 1769
f 1772 1774 1775

o geometry_7
v -0.01616737 0.03538835 -0.05861144 0.79607843 0.45882353 0.78039216
v -0.03359663 0.03434372 -0.05631235 0.79607843 0.45882353 0.78039216
v -0.03308356 0.03291673 -0.05177661 0.79607843 0.45882353 0.78039216
v -0.01616737 0.03292356 -0.05177661 0.79607843 0.45882353 0.78039216
v -0.00694711 0.03267776 -0.05177661 0.79607843 0.45882353 0.78039216
v -0.00694711 0.03508793 -0.05861144 0.79607843 0.45882353 0.78039216
v -0.00694711 0.03485580 -0.05992457 0.79607843 0.45882353 0.78039216
v -0.01616737 0.03501966 -0.05997119 0.79607843 0.45882353 0.78039216
v -0.04230382 0.03473972 -0.05995184 0.79607843 0.45882353 0.78039216
v -0.04230382 0.03490359 -0.05861144 0.79607843 0.45882353 0.78039216
v -0.04230382 0.03451441 -0.05737746 0.79607843 0.45882353 0.78039216
v -0.04997002 0.03239100 -0.05177661 0.79607843 0.45882353 0.78039216
v -0.00606227 0.03239100 -0.05177661 0.79607843 0.45882353 0.78039216
v -0.00594329 0.03293722 -0.05285755 0.79607843 0.45882353 0.78039216
v -0.00576484 0.03451441 -0.05739505 0.79607843 0.45882353 0.78039216
v -0.00531126 0.03473972 -0.05853404 0.79607843 0.45882353 0.78039216
v -0.00540792 0.03471241 -0.05981639 0.79607843 0.45882353 0.78039216
v -0.00540792 0.03357902 -0.06042590 0.79607843 0.45882353 0.78039216
v -0.00694711 0.03357902 -0.06053496 0.79607843 0.45882353 0.78039216
v -0.01616737 0.03357902 -0.06060357 0.79607843 0.45882353 0.78039216
v -0.03308356 0.03357902 -0.06064754 0.79607843 0.45882353 0.78039216
v -0.04230382 0.03357902 -0.06063171 0.79607843 0.45882353 0.78039216
v -0.04999232 0.03357902 -0.06047076 0.79607843 0.45882353 0.78039216
v -0.04999232 0.03456220 -0.05980320 0.79607843 0.45882353 0.78039216
v -0.04999232 0.03456220 -0.05865365 0.79607843 0.45882353 0.78039216
v -0.04999232 0.03433689 -0.05788406 0.79607843 0.45882353 0.78039216
v -0.05712315 0.03290308 -0.05439321 0.79607843 0.45882353 0.78039216
v -0.05768083 0.03196768 -0.05177661 0.79607843 0.45882353 0.78039216
v -0.00536331 0.03214520 -0.05177661 0.79607843 0.45882353 0.78039216
v -0.00473871 0.03428910 -0.05796938 0.79607843 0.45882353 0.78039216
v -0.00449333 0.03448710 -0.05899403 0.79607843 0.45882353 0.78039216
v -0.00449333 0.03448710 -0.05959651 0.79607843 0.45882353 0.78039216
v -0.00279056 0.03318984 -0.05975218 0.79607843 0.45882353 0.78039216
v -0.00279056 0.03245928 -0.06019459 0.79607843 0.45882353 0.78039216
v -0.00279056 0.03204279 -0.06036434 0.79607843 0.45882353 0.78039216
v -0.00279056 0.03096401 -0.06058686 0.79607843 0.45882353 0.78039216
v -0.00279056 0.03050656 -0.06065634 0.79607843 0.45882353 0.78039216
v -0.00540792 0.03204279 -0.06063083 0.79607843 0.45882353 0.78039216
v -0.03308356 0.03204279 -0.06073902 0.79607843 0.45882353 0.78039216
v -0.04230382 0.03204279 -0.06074605 0.79607843 0.45882353 0.78039216
v -0.04999232 0.03204279 -0.06073198 0.79607843 0.45882353 0.78039216
v -0.05614164 0.03204279 -0.06071087 0.79607843 0.45882353 0.78039216
v -0.06690852 0.03204279 -0.06020162 0.79607843 0.45882353 0.78039216
v -0.05104819 0.03450758 -0.05969853 0.79607843 0.45882353 0.78039216
v -0.06690852 0.03287576 -0.05954550 0.79607843 0.45882353 0.78039216
v -0.05104819 0.03450758 -0.05887354 0.79607843 0.45882353 0.78039216
v -0.05614164 0.03396137 -0.05861144 0.79607843 0.45882353 0.78039216
v -0.06690852 0.03287576 -0.05914179 0.79607843 0.45882353 0.78039216
v -0.06616495 0.03128491 -0.05319265 0.79607843 0.45882353 0.78039216
v -0.06542882 0.03075918 -0.05177661 0.79607843 0.45882353 0.78039216
v -0.00453051 0.03143512 -0.05177661 0.79607843 0.45882353 0.78039216
v -0.00279056 0.03323763 -0.05864046 0.79607843 0.45882353 0.78039216
v -0.00279056 0.03323080 -0.05938014 0.79607843 0.45882353 0.78039216
v -0.00279056 0.02942778 -0.06067921 0.79607843 0.45882353 0.78039216
v -0.00540792 0.03050656 -0.06067129 0.79607843 0.45882353 0.78039216
v -0.00279056 0.02896350 -0.06068536 0.79607843 0.45882353 0.78039216
v -0.03308356 0.03050656 -0.06074341 0.79607843 0.45882353 0.78039216
v -0.05153151 0.03050656 -0.06075397 0.79607843 0.45882353 0.78039216
v -0.06536934 0.02896350 -0.06076188 0.79607843 0.45882353 0.78039216
v -0.06536934 0.03050656 -0.06074253 0.79607843 0.45882353 0.78039216
v -0.06690852 0.03050656 -0.06072142 0.79607843 0.45882353 0.78039216
v -0.07305784 0.02589104 -0.06068536 0.79607843 0.45882353 0.78039216
v -0.07414345 0.02698347 -0.05977945 0.79607843 0.45882353 0.78039216
v -0.06797926 0.03204279 -0.05970469 0.79607843 0.45882353 0.78039216
v -0.06767439 0.03281432 -0.05938718 0.79607843 0.45882353 0.78039216
v -0.06767439 0.03281432 -0.05937223 0.79607843 0.45882353 0.78039216
v -0.06760004 0.03121664 -0.05485760 0.79607843 0.45882353 0.78039216
v -0.06682673 0.03036317 -0.05177661 0.79607843 0.45882353 0.78039216
v -0.06609059 0.03058849 -0.05177661 0.79607843 0.45882353 0.78039216
v -0.00279056 0.02948240 -0.05177661 0.79607843 0.45882353 0.78039216
v -0.00279056 0.02435481 -0.06069064 0.79607843 0.45882353 0.78039216
v -0.00279056 0.02173981 -0.06069328 0.79607843 0.45882353 0.78039216
v -0.00279056 0.01973929 -0.06069504 0.79607843 0.45882353 0.78039216
v -0.00279056 0.01820306 -0.06069592 0.79607843 0.45882353 0.78039216
v -0.02693425 0.01358755 -0.06073814 0.79607843 0.45882353 0.78039216
v -0.07612877 -0.00793332 -0.06072142 0.79607843 0.45882353 0.78039216
v -0.07459702 0.01820306 -0.06072318 0.79607843 0.45882353 0.78039216
v -0.07151865 0.02589104 -0.06072934 0.79607843 0.45882353 0.78039216
v -0.06690852 0.02896350 -0.06075221 0.79607843 0.45882353 0.78039216
v -0.07305784 0.02435481 -0.06072055 0.79607843 0.45882353 0.78039216
v -0.07612877 0.01820306 -0.06066865 0.79607843 0.45882353 0.78039216
v -0.07443344 0.02589104 -0.06001252 0.79607843 0.45882353 0.78039216
v -0.07716977 0.01931598 -0.05976450 0.79607843 0.45882353 0.78039216
v -0.07484240 0.02589104 -0.05861144 0.79607843 0.45882353 0.78039216
v -0.07418806 0.02703126 -0.05861144 0.79607843 0.45882353 0.78039216
v -0.06782311 0.03143512 -0.05588226 0.79607843 0.45882353 0.78039216
v -0.07398730 0.02682644 -0.05744518 0.79607843 0.45882353 0.78039216
v -0.07374192 0.02657381 -0.05641965 0.79607843 0.45882353 0.78039216
v -0.07246298 0.02529703 -0.05177661 0.79607843 0.45882353 0.78039216
v -0.00279056 -0.02998676 -0.05177661 0.79607843 0.45882353 0.78039216
v -0.00279056 0.01666683 -0.06069416 0.79607843 0.45882353 0.78039216
v -0.02539506 0.01358755 -0.06073550 0.79607843 0.45882353 0.78039216
v -0.02539506 0.01205132 -0.06073286 0.79607843 0.45882353 0.78039216
v -0.02693425 0.01205132 -0.06073462 0.79607843 0.45882353 0.78039216
v -0.07305784 -0.01715753 -0.06070647 0.79607843 0.45882353 0.78039216
v -0.07459702 -0.01562130 -0.06070911 0.79607843 0.45882353 0.78039216
v -0.07612877 -0.01562130 -0.06066777 0.79607843 0.45882353 0.78039216
v -0.07766797 -0.00793332 -0.06055256 0.79607843 0.45882353 0.78039216
v -0.07612877 0.00897886 -0.06070823 0.79607843 0.45882353 0.78039216
v -0.07766797 0.00897886 -0.06037225 0.79607843 0.45882353 0.78039216
v -0.07742259 0.01820306 -0.05999757 0.79607843 0.45882353 0.78039216
v -0.07763822 0.01820306 -0.05861144 0.79607843 0.45882353 0.78039216
v -0.07387576 0.02520827 -0.05463332 0.79607843 0.45882353 0.78039216
v -0.07427729 0.02599346 -0.05698870 0.79607843 0.45882353 0.78039216
v -0.07261913 0.02495565 -0.05177661 0.79607843 0.45882353 0.78039216
v -0.00279056 -0.03034179 -0.05241163 0.79607843 0.45882353 0.78039216
v -0.00468666 -0.03172099 -0.05177661 0.79607843 0.45882353 0.78039216
v -0.00279056 0.01513061 -0.06069064 0.79607843 0.45882353 0.78039216
v -0.02693425 -0.03099725 -0.06060709 0.79607843 0.45882353 0.78039216
v -0.03154438 -0.02791796 -0.06062380 0.79607843 0.45882353 0.78039216
v -0.06690852 -0.02638174 -0.06067393 0.79607843 0.45882353 0.78039216
v -0.00279056 0.01358755 -0.06068624 0.79607843 0.45882353 0.78039216
v -0.00279056 0.00744263 -0.06066865 0.79607843 0.45882353 0.78039216
v -0.01309643 -0.02945420 -0.06058510 0.79607843 0.45882353 0.78039216
v -0.07151865 -0.02176622 -0.06068712 0.79607843 0.45882353 0.78039216
v -0.07151865 -0.02330928 -0.06067657 0.79607843 0.45882353 0.78039216
v -0.07305784 -0.02330928 -0.06060005 0.79607843 0.45882353 0.78039216
v -0.07305784 -0.02484550 -0.06041095 0.79607843 0.45882353 0.78039216
v -0.07612877 -0.01715753 -0.06047604 0.79607843 0.45882353 0.78039216
v -0.07754899 -0.01562130 -0.06000549 0.79607843 0.45882353 0.78039216
v -0.07870896 -0.00793332 -0.05987796 0.79607843 0.45882353 0.78039216
v -0.07857512 0.00897886 -0.05970645 0.79607843 0.45882353 0.78039216
v -0.07850820 0.00984597 -0.05955693 0.79607843 0.45882353 0.78039216
v -0.07850820 0.00984597 -0.05916290 0.79607843 0.45882353 0.78039216
v -0.07857512 0.00897886 -0.05896501 0.79607843 0.45882353 0.78039216
v -0.07693927 0.01754761 -0.05621032 0.79607843 0.45882353 0.78039216
v -0.07548187 0.01771147 -0.05289361 0.79607843 0.45882353 0.78039216
v -0.07287938 0.02436164 -0.05177661 0.79607843 0.45882353 0.78039216
v -0.00279056 -0.03243106 -0.05866685 0.79607843 0.45882353 0.78039216
v -0.00467923 -0.03172781 -0.05181004 0.79607843 0.45882353 0.78039216
v -0.00471640 -0.03174147 -0.05177661 0.79607843 0.45882353 0.78039216
v -0.01616737 -0.03099725 -0.06058334 0.79607843 0.45882353 0.78039216
v -0.00694711 -0.03253348 -0.06052617 0.79607843 0.45882353 0.78039216
v -0.02539506 -0.03253348 -0.06054112 0.79607843 0.45882353 0.78039216
v -0.04691395 -0.03099725 -0.06061500 0.79607843 0.45882353 0.78039216
v -0.06536934 -0.02791796 -0.06065634 0.79607843 0.45882353 0.78039216
v -0.06536934 -0.02945420 -0.06063171 0.79607843 0.45882353 0.78039216
v -0.00279056 0.00636385 -0.06066514 0.79607843 0.45882353 0.78039216
v -0.00279056 -0.02945420 -0.06054464 0.79607843 0.45882353 0.78039216
v -0.00540792 -0.03099725 -0.06054112 0.79607843 0.45882353 0.78039216
v -0.07151865 -0.02484550 -0.06062116 0.79607843 0.45882353 0.78039216
v -0.07391294 -0.02569214 -0.05954725 0.79607843 0.45882353 0.78039216
v -0.07414345 -0.02484550 -0.05980144 0.79607843 0.45882353 0.78039216
v -0.07734823 -0.01715753 -0.05984190 0.79607843 0.45882353 0.78039216
v -0.06536934 -0.03099725 -0.06050066 0.79607843 0.45882353 0.78039216
v -0.06639545 -0.03200775 -0.05967391 0.79607843 0.45882353 0.78039216
v -0.07797283 -0.01562130 -0.05861144 0.79607843 0.45882353 0.78039216
v -0.07875358 -0.00793332 -0.05861144 0.79607843 0.45882353 0.78039216
v -0.07844872 0.00054666 -0.05781722 0.79607843 0.45882353 0.78039216
v -0.07830744 0.00897886 -0.05819630 0.79607843 0.45882353 0.78039216
v -0.07588340 0.00897886 -0.05177661 0.79607843 0.45882353 0.78039216
v -0.07480523 0.01820989 -0.05177661 0.79607843 0.45882353 0.78039216
v -0.00279056 -0.03221941 -0.05980320 0.79607843 0.45882353 0.78039216
v -0.00450077 -0.03340060 -0.05748476 0.79607843 0.45882353 0.78039216
v -0.00428513 -0.03355763 -0.05861144 0.79607843 0.45882353 0.78039216
v -0.00430744 -0.03354398 -0.05970293 0.79607843 0.45882353 0.78039216
v -0.00473128 -0.03324356 -0.05646011 0.79607843 0.45882353 0.78039216
v -0.00542280 -0.03219210 -0.05177661 0.79607843 0.45882353 0.78039216
v -0.00386874 -0.03099725 -0.06051913 0.79607843 0.45882353 0.78039216
v -0.00540792 -0.03253348 -0.06049187 0.79607843 0.45882353 0.78039216
v -0.00694711 -0.03393316 -0.05994656 0.79607843 0.45882353 0.78039216
v -0.05614164 -0.03253348 -0.06051122 0.79607843 0.45882353 0.78039216
v -0.05614164 -0.03099725 -0.06060357 0.79607843 0.45882353 0.78039216
v -0.00279056 -0.03099725 -0.06036082 0.79607843 0.45882353 0.78039216
v -0.07391294 -0.02569214 -0.05907495 0.79607843 0.45882353 0.78039216
v -0.07423268 -0.02494792 -0.05858241 0.79607843 0.45882353 0.78039216
v -0.07746720 -0.01724629 -0.05862199 0.79607843 0.45882353 0.78039216
v -0.06646238 -0.03206920 -0.05861144 0.79607843 0.45882353 0.78039216
v -0.06536934 -0.03224672 -0.05988148 0.79607843 0.45882353 0.78039216
v -0.06536934 -0.03261541 -0.05861144 0.79607843 0.45882353 0.78039216
v -0.07844128 -0.00870485 -0.05783041 0.79607843 0.45882353 0.78039216
v -0.07725900 -0.01680249 -0.05707402 0.79607843 0.45882353 0.78039216
v -0.07702106 -0.01654304 -0.05603793 0.79607843 0.45882353 0.78039216
v -0.07847846 -0.00793332 -0.05775653 0.79607843 0.45882353 0.78039216
v -0.07848589 -0.00707986 -0.05773982 0.79607843 0.45882353 0.78039216
v -0.07704337 0.00082660 -0.05430614 0.79607843 0.45882353 0.78039216
v -0.07598750 0.00133185 -0.05177661 0.79607843 0.45882353 0.78039216
v -0.00382412 -0.03258810 -0.06001692 0.79607843 0.45882353 0.78039216
v -0.00540792 -0.03413799 -0.05861144 0.79607843 0.45882353 0.78039216
v -0.00540792 -0.03382391 -0.05991050 0.79607843 0.45882353 0.78039216
v -0.00605483 -0.03335280 -0.05456208 0.79607843 0.45882353 0.78039216
v -0.00635969 -0.03242424 -0.05177661 0.79607843 0.45882353 0.78039216
v -0.00694711 -0.03436330 -0.05861144 0.79607843 0.45882353 0.78039216
v -0.03462275 -0.03384440 -0.05990170 0.79607843 0.45882353 0.78039216
v -0.05614164 -0.03376247 -0.05990082 0.79607843 0.45882353 0.78039216
v -0.06631367 -0.03192582 -0.05707402 0.79607843 0.45882353 0.78039216
v -0.06619469 -0.03181657 -0.05611006 0.79607843 0.45882353 0.78039216
v -0.06623188 -0.03034179 -0.05177661 0.79607843 0.45882353 0.78039216
v -0.07370474 -0.02553510 -0.05805030 0.79607843 0.45882353 0.78039216
v -0.07395012 -0.02429246 -0.05584796 0.79607843 0.45882353 0.78039216
v -0.07411370 -0.02456557 -0.05707402 0.79607843 0.45882353 0.78039216
v -0.05768083 -0.03361909 -0.05971788 0.79607843 0.45882353 0.78039216
v -0.05614164 -0.03407654 -0.05861144 0.79607843 0.45882353 0.78039216
v -0.06536934 -0.03232865 -0.05707402 0.79607843 0.45882353 0.78039216
v -0.07551161 -0.01543695 -0.05177661 0.79607843 0.45882353 0.78039216
v -0.07534059 -0.01630407 -0.05177661 0.79607843 0.45882353 0.78039216
v -0.07535547 -0.01625627 -0.05177661 0.79607843 0.45882353 0.78039216
v -0.07287938 -0.02333659 -0.05177661 0.79607843 0.45882353 0.78039216
v -0.07607673 -0.00793332 -0.05177661 0.79607843 0.45882353 0.78039216
v -0.00694711 -0.03249252 -0.05177661 0.79607843 0.45882353 0.78039216
v -0.00657533 -0.03335280 -0.05456208 0.79607843 0.45882353 0.78039216
v -0.04617038 -0.03331867 -0.05471424 0.79607843 0.45882353 0.78039216
v -0.06536934 -0.03196678 -0.05557354 0.79607843 0.45882353 0.78039216
v -0.06588240 -0.03165271 -0.05508452 0.79607843 0.45882353 0.78039216
v -0.06537677 -0.03076511 -0.05177661 0.79607843 0.45882353 0.78039216
v -0.07250016 -0.02427198 -0.05177661 0.79607843 0.45882353 0.78039216
v -0.05614164 -0.03370785 -0.05707402 0.79607843 0.45882353 0.78039216
v -0.05702649 -0.03339377 -0.05604321 0.79607843 0.45882353 0.78039216
v -0.06486370 -0.03183706 -0.05448117 0.79607843 0.45882353 0.78039216
v -0.04533015 -0.03227403 -0.05177661 0.79607843 0.45882353 0.78039216
v -0.05611934 -0.03210334 -0.05177661 0.79607843 0.45882353 0.78039216
f 1776 1777 1778
f 1776 1778 1779
f 1776 1779 1780
f 1776 1780 1781
f 1776 1781 1782
f 1776 1782 1783
f 1776 1783 1784
f 1776 1784 1785
f 1776 1785 1777
f 1777 1785 1786
f 1777 1786 1778
f 1778 1786 1787
f 1778 1787 1803
f 1778 1803 1825
f 1778 1825 1844
f 1778 1844 1843
f 1778 1843 1864
f 1778 1864 1880
f 1778 1880 1903
f 1778 1903 1927
f 1778 1927 1926
f 1778 1926 1952
f 1778 1952 1974
f 1778 1974 1970
f 1778 1970 1972
f 1778 1972 1971
f 1778 1971 1973
f 1778 1973 1981
f 1778 1981 1963
f 1778 1963 1980
f 1778 1980 1986
f 1778 1986 1985
f 1778 1985 1975
f 1778 1975 1957
f 1778 1957 1933
f 1778 1933 1906
f 1778 1906 1882
f 1778 1882 1865
f 1778 1865 1845
f 1778 1845 1826
f 1778 1826 1804
f 1778 1804 1788
f 1778 1788 1780
f 1778 1780 1779
f 1780 1788 1789
f 1780 1789 1781
f 1781 1789 1790
f 1781 1790 1791
f 1781 1791 1792
f 1781 1792 1782
f 1782 1792 1793
f 1782 1793 1794
f 1782 1794 1783
f 1783 1794 1795
f 1783 1795 1796
f 1783 1796 1797
f 1783 1797 1784
f 1784 1797 1798
f 1784 1798 1799
f 1784 1799 1785
f 1785 1799 1800
f 1785 1800 1801
f 1785 1801 1786
f 1786 1801 1787
f 1787 1801 1802
f 1787 1802 1803
f 1788 1804 1789
f 1789 1804 1805
f 1789 1805 1791
f 1789 1791 1790
f 1791 1805 1806
f 1791 1806 1807
f 1791 1807 1792
f 1792 1807 1808
f 1792 1808 1809
f 1792 1809 1793
f 1793 1809 1810
f 1793 1810 1811
f 1793 1811 1812
f 1793 1812 1794
f 1794 1812 1813
f 1794 1813 1795
f 1795 1813 1814
f 1795 1814 1796
f 1796 1814 1815
f 1796 1815 1797
f 1797 1815 1816
f 1797 1816 1817
f 1797 1817 1798
f 1798 1817 1818
f 1798 1818 1799
f 1799 1819 1821
f 1799 1821 1800
f 1799 1818 1820
f 1799 1820 1819
f 1800 1821 1822
f 1800 1822 1802
f 1800 1802 1801
f 1802 1822 1823
f 1802 1823 1824
f 1802 1824 1803
f 1803 1824 1825
f 1804 1826 1827
f 1804 1827 1805
f 1805 1827 1806
f 1806 1827 1807
f 1807 1827 1828
f 1807 1828 1808
f 1808 1828 1827
f 1808 1827 1845
f 1808 1845 1865
f 1808 1865 1881
f 1808 1881 1904
f 1808 1904 1928
f 1808 1928 1939
f 1808 1939 1914
f 1808 1914 1913
f 1808 1913 1888
f 1808 1888 1887
f 1808 1887 1883
f 1808 1883 1866
f 1808 1866 1849
f 1808 1849 1848
f 1808 1848 1847
f 1808 1847 1846
f 1808 1846 1831
f 1808 1831 1829
f 1808 1829 1812
f 1808 1812 1811
f 1808 1811 1810
f 1808 1810 1809
f 1812 1829 1830
f 1812 1830 1813
f 1813 1830 1814
f 1814 1830 1829
f 1814 1829 1831
f 1814 1831 1832
f 1814 1832 1815
f 1815 1833 1834
f 1815 1834 1835
f 1815 1835 1816
f 1815 1832 1833
f 1816 1835 1817
f 1817 1835 1836
f 1817 1836 1818
f 1818 1836 1837
f 1818 1837 1838
f 1818 1838 1839
f 1818 1839 1840
f 1818 1840 1820
f 1819 1820 1840
f 1819 1840 1841
f 1819 1841 1821
f 1821 1841 1822
f 1822 1841 1823
f 1823 1841 1824
f 1824 1841 1842
f 1824 1842 1843
f 1824 1843 1844
f 1824 1844 1825
f 1826 1845 1827
f 1831 1846 1832
f 1832 1846 1847
f 1832 1847 1848
f 1832 1848 1849
f 1832 1849 1850
f 1832 1850 1834
f 1832 1834 1833
f 1834 1851 1852
f 1834 1852 1853
f 1834 1853 1854
f 1834 1854 1835
f 1834 1850 1851
f 1835 1854 1836
f 1836 1854 1853
f 1836 1853 1837
f 1837 1853 1855
f 1837 1855 1856
f 1837 1856 1857
f 1837 1857 1838
f 1838 1857 1858
f 1838 1858 1859
f 1838 1859 1860
f 1838 1860 1840
f 1838 1840 1839
f 1840 1860 1841
f 1841 1861 1842
f 1841 1860 1862
f 1841 1862 1861
f 1842 1861 1862
f 1842 1862 1863
f 1842 1863 1843
f 1843 1863 1864
f 1849 1866 1867
f 1849 1867 1850
f 1850 1867 1868
f 1850 1868 1869
f 1850 1869 1870
f 1850 1870 1851
f 1851 1870 1871
f 1851 1871 1872
f 1851 1872 1873
f 1851 1873 1874
f 1851 1874 1852
f 1852 1874 1856
f 1852 1856 1855
f 1852 1855 1853
f 1856 1874 1873
f 1856 1873 1875
f 1856 1875 1876
f 1856 1876 1857
f 1857 1876 1858
f 1858 1876 1877
f 1858 1877 1859
f 1859 1878 1879
f 1859 1879 1862
f 1859 1862 1860
f 1859 1877 1878
f 1862 1879 1878
f 1862 1878 1863
f 1863 1878 1864
f 1864 1878 1880
f 1865 1882 1881
f 1866 1883 1868
f 1866 1868 1867
f 1868 1884 1885
f 1868 1885 1886
f 1868 1886 1869
f 1868 1883 1887
f 1868 1887 1888
f 1868 1888 1889
f 1868 1889 1884
f 1869 1886 1870
f 1870 1886 1890
f 1870 1890 1871
f 1871 1890 1891
f 1871 1891 1872
f 1872 1892 1893
f 1872 1893 1894
f 1872 1894 1895
f 1872 1895 1873
f 1872 1891 1892
f 1873 1895 1896
f 1873 1896 1875
f 1875 1896 1897
f 1875 1897 1876
f 1876 1897 1898
f 1876 1898 1877
f 1877 1898 1899
f 1877 1899 1900
f 1877 1900 1901
f 1877 1901 1878
f 1878 1901 1902
f 1878 1902 1903
f 1878 1903 1880
f 1881 1882 1905
f 1881 1905 1904
f 1882 1906 1905
f 1884 1889 1907
f 1884 1907 1908
f 1884 1908 1909
f 1884 1909 1910
f 1884 1910 1886
f 1884 1886 1885
f 1886 1910 1911
f 1886 1911 1912
f 1886 1912 1891
f 1886 1891 1890
f 1888 1913 1889
f 1889 1913 1914
f 1889 1914 1915
f 1889 1915 1907
f 1891 1912 1916
f 1891 1916 1892
f 1892 1916 1893
f 1893 1917 1918
f 1893 1918 1919
f 1893 1919 1894
f 1893 1916 1920
f 1893 1920 1921
f 1893 1921 1917
f 1894 1919 1895
f 1895 1919 1922
f 1895 1922 1896
f 1896 1922 1923
f 1896 1923 1897
f 1897 1923 1900
f 1897 1900 1899
f 1897 1899 1898
f 1900 1923 1924
f 1900 1924 1925
f 1900 1925 1901
f 1901 1925 1926
f 1901 1926 1902
f 1902 1926 1927
f 1902 1927 1903
f 1904 1905 1929
f 1904 1929 1930
f 1904 1930 1931
f 1904 1931 1928
f 1905 1906 1932
f 1905 1932 1929
f 1906 1933 1932
f 1907 1915 1908
f 1908 1915 1914
f 1908 1914 1934
f 1908 1934 1935
f 1908 1935 1936
f 1908 1936 1909
f 1909 1936 1937
f 1909 1937 1910
f 1910 1937 1938
f 1910 1938 1912
f 1910 1912 1911
f 1912 1920 1916
f 1912 1938 1937
f 1912 1937 1920
f 1914 1939 1934
f 1917 1940 1941
f 1917 1941 1942
f 1917 1942 1919
f 1917 1919 1918
f 1917 1921 1943
f 1917 1943 1940
f 1919 1942 1922
f 1920 1944 1921
f 1920 1937 1944
f 1921 1944 1945
f 1921 1945 1943
f 1922 1946 1923
f 1922 1942 1947
f 1922 1947 1948
f 1922 1948 1946
f 1923 1946 1949
f 1923 1949 1950
f 1923 1950 1924
f 1924 1950 1951
f 1924 1951 1926
f 1924 1926 1925
f 1926 1951 1952
f 1928 1953 1939
f 1928 1931 1953
f 1929 1932 1954
f 1929 1954 1930
f 1930 1954 1931
f 1931 1954 1955
f 1931 1955 1953
f 1932 1933 1956
f 1932 1956 1954
f 1933 1957 1956
f 1934 1939 1935
f 1935 1955 1936
f 1935 1939 1953
f 1935 1953 1955
f 1936 1955 1958
f 1936 1958 1959
f 1936 1959 1960
f 1936 1960 1937
f 1937 1960 1944
f 1940 1943 1961
f 1940 1961 1962
f 1940 1962 1963
f 1940 1963 1964
f 1940 1964 1965
f 1940 1965 1966
f 1940 1966 1941
f 1941 1966 1942
f 1942 1966 1965
f 1942 1965 1947
f 1943 1945 1961
f 1944 1960 1967
f 1944 1967 1945
f 1945 1968 1969
f 1945 1969 1962
f 1945 1962 1961
f 1945 1967 1968
f 1946 1948 1970
f 1946 1970 1949
f 1947 1965 1948
f 1948 1971 1972
f 1948 1972 1970
f 1948 1965 1973
f 1948 1973 1971
f 1949 1970 1974
f 1949 1974 1950
f 1950 1974 1951
f 1951 1974 1952
f 1954 1956 1958
f 1954 1958 1955
f 1956 1957 1975
f 1956 1975 1976
f 1956 1976 1958
f 1958 1976 1977
f 1958 1977 1968
f 1958 1968 1960
f 1958 1960 1959
f 1960 1968 1967
f 1962 1969 1978
f 1962 1978 1979
f 1962 1979 1963
f 1963 1979 1980
f 1963 1981 1964
f 1964 1981 1965
f 1965 1981 1973
f 1968 1977 1982
f 1968 1982 1983
f 1968 1983 1969
f 1969 1984 1978
f 1969 1983 1984
f 1975 1985 1977
f 1975 1977 1976
f 1977 1985 1986
f 1977 1986 1983
f 1977 1983 1982
f 1978 1984 1979
f 1979 1984 1980
f 1980 1984 1986
f 1983 1986 1984

o geometry_8
v -0.01003404 0.03363955 -0.03862194 0.11764706 0.63921569 0.14117647
v -0.01003404 0.03360695 -0.03707407 0.11764706 0.63921569 0.14117647
v -0.01003404 0.03322877 -0.03996992 0.11764706 0.63921569 0.14117647
v -0.01462895 0.03320269 -0.03995945 0.11764706 0.63921569 0.14117647
v -0.02693144 0.03311793 -0.03990085 0.11764706 0.63921569 0.14117647
v -0.01770794 0.03357435 -0.03862194 0.11764706 0.63921569 0.14117647
v -0.01924407 0.03355479 -0.03708558 0.11764706 0.63921569 0.14117647
v -0.01770794 0.03356783 -0.03708558 0.11764706 0.63921569 0.14117647
v -0.01462895 0.03358739 -0.03708558 0.11764706 0.63921569 0.14117647
v -0.01155669 0.03352871 -0.03554818 0.11764706 0.63921569 0.14117647
v -0.01003404 0.03352871 -0.03553667 0.11764706 0.63921569 0.14117647
v -0.01617181 0.03350915 -0.03554818 0.11764706 0.63921569 0.14117647
v -0.01003404 0.03322225 -0.03997934 0.11764706 0.63921569 0.14117647
v -0.01309282 0.03320921 -0.03996678 0.11764706 0.63921569 0.14117647
v -0.05002726 0.03080320 -0.04280507 0.11764706 0.63921569 0.14117647
v -0.02847431 0.03310488 -0.03989247 0.11764706 0.63921569 0.14117647
v -0.01924407 0.03355479 -0.03862194 0.11764706 0.63921569 0.14117647
v -0.02078020 0.03353523 -0.03708558 0.11764706 0.63921569 0.14117647
v -0.01770794 0.03349611 -0.03554818 0.11764706 0.63921569 0.14117647
v -0.01617181 0.03317009 -0.03400973 0.11764706 0.63921569 0.14117647
v -0.01309282 0.03317661 -0.03400973 0.11764706 0.63921569 0.14117647
v -0.01003404 0.03317661 -0.03400973 0.11764706 0.63921569 0.14117647
v -0.01003404 0.03225072 -0.04074333 0.11764706 0.63921569 0.14117647
v -0.01617181 0.03090101 -0.04280507 0.11764706 0.63921569 0.14117647
v -0.03308269 0.03092057 -0.04280507 0.11764706 0.63921569 0.14117647
v -0.05779548 0.03013813 -0.04280507 0.11764706 0.63921569 0.14117647
v -0.06229606 0.03151392 -0.03974700 0.11764706 0.63921569 0.14117647
v -0.06075320 0.03159216 -0.03982968 0.11764706 0.63921569 0.14117647
v -0.05921707 0.03166389 -0.03989143 0.11764706 0.63921569 0.14117647
v -0.04491357 0.03282451 -0.03941838 0.11764706 0.63921569 0.14117647
v -0.04384906 0.03285059 -0.03946443 0.11764706 0.63921569 0.14117647
v -0.04231293 0.03288319 -0.03952827 0.11764706 0.63921569 0.14117647
v -0.04077007 0.03291580 -0.03958583 0.11764706 0.63921569 0.14117647
v -0.03923394 0.03294188 -0.03963607 0.11764706 0.63921569 0.14117647
v -0.03769781 0.03296796 -0.03967688 0.11764706 0.63921569 0.14117647
v -0.03616168 0.03299404 -0.03971351 0.11764706 0.63921569 0.14117647
v -0.03154656 0.03306576 -0.03983387 0.11764706 0.63921569 0.14117647
v -0.03001043 0.03308533 -0.03987050 0.11764706 0.63921569 0.14117647
v -0.02539532 0.03346351 -0.03862194 0.11764706 0.63921569 0.14117647
v -0.02232306 0.03350915 -0.03862194 0.11764706 0.63921569 0.14117647
v -0.02078020 0.03345699 -0.03554818 0.11764706 0.63921569 0.14117647
v -0.02385919 0.03348959 -0.03708558 0.11764706 0.63921569 0.14117647
v -0.01770794 0.03315705 -0.03400973 0.11764706 0.63921569 0.14117647
v -0.01924407 0.03283103 -0.03322376 0.11764706 0.63921569 0.14117647
v -0.01770794 0.03283755 -0.03321643 0.11764706 0.63921569 0.14117647
v -0.01617181 0.03283755 -0.03321434 0.11764706 0.63921569 0.14117647
v -0.01462895 0.03283755 -0.03321329 0.11764706 0.63921569 0.14117647
v -0.01003404 0.03283755 -0.03321329 0.11764706 0.63921569 0.14117647
v -0.01003404 0.02949261 -0.04280507 0.11764706 0.63921569 0.14117647
v -0.06383219 0.02899055 -0.04280507 0.11764706 0.63921569 0.14117647
v -0.06624418 0.03128571 -0.03941629 0.11764706 0.63921569 0.14117647
v -0.06536832 0.03133787 -0.03950106 0.11764706 0.63921569 0.14117647
v -0.06383219 0.03142264 -0.03963711 0.11764706 0.63921569 0.14117647
v -0.05768094 0.03220508 -0.03862194 0.11764706 0.63921569 0.14117647
v -0.05614481 0.03231593 -0.03862194 0.11764706 0.63921569 0.14117647
v -0.04594439 0.03279843 -0.03922162 0.11764706 0.63921569 0.14117647
v -0.04384906 0.03292884 -0.03862194 0.11764706 0.63921569 0.14117647
v -0.04231293 0.03298752 -0.03862194 0.11764706 0.63921569 0.14117647
v -0.04077007 0.03304620 -0.03862194 0.11764706 0.63921569 0.14117647
v -0.03923394 0.03309837 -0.03862194 0.11764706 0.63921569 0.14117647
v -0.03616168 0.03319617 -0.03862194 0.11764706 0.63921569 0.14117647
v -0.03308269 0.03329397 -0.03862194 0.11764706 0.63921569 0.14117647
v -0.05460195 0.03242025 -0.03862194 0.11764706 0.63921569 0.14117647
v -0.05306582 0.03250501 -0.03862194 0.11764706 0.63921569 0.14117647
v -0.03001043 0.03337222 -0.03862194 0.11764706 0.63921569 0.14117647
v -0.02847431 0.03340482 -0.03862194 0.11764706 0.63921569 0.14117647
v -0.02693144 0.03343742 -0.03862194 0.11764706 0.63921569 0.14117647
v -0.02232306 0.03343090 -0.03554818 0.11764706 0.63921569 0.14117647
v -0.03001043 0.03302664 -0.03414473 0.11764706 0.63921569 0.14117647
v -0.02847431 0.03303968 -0.03410078 0.11764706 0.63921569 0.14117647
v -0.02693144 0.03305272 -0.03407043 0.11764706 0.63921569 0.14117647
v -0.02078020 0.03311793 -0.03400973 0.11764706 0.63921569 0.14117647
v -0.02539532 0.03346351 -0.03708558 0.11764706 0.63921569 0.14117647
v -0.02847431 0.03332658 -0.03554818 0.11764706 0.63921569 0.14117647
v -0.02385919 0.03279843 -0.03325829 0.11764706 0.63921569 0.14117647
v -0.02291595 0.03280495 -0.03324573 0.11764706 0.63921569 0.14117647
v -0.02188513 0.03281147 -0.03323736 0.11764706 0.63921569 0.14117647
v -0.03154656 0.03191818 -0.03292862 0.11764706 0.63921569 0.14117647
v -0.02847431 0.03197687 -0.03292967 0.11764706 0.63921569 0.14117647
v -0.01770794 0.03204207 -0.03290455 0.11764706 0.63921569 0.14117647
v -0.01617181 0.03204207 -0.03290141 0.11764706 0.63921569 0.14117647
v -0.02693144 0.03199643 -0.03292967 0.11764706 0.63921569 0.14117647
v -0.01003404 0.03204207 -0.03289932 0.11764706 0.63921569 0.14117647
v -0.01003404 -0.02812767 -0.04280507 0.11764706 0.63921569 0.14117647
v -0.06515272 0.02861237 -0.04280507 0.11764706 0.63921569 0.14117647
v -0.06998344 0.03011857 -0.03983701 0.11764706 0.63921569 0.14117647
v -0.06654736 0.03132483 -0.03862194 0.11764706 0.63921569 0.14117647
v -0.06536832 0.03146828 -0.03862194 0.11764706 0.63921569 0.14117647
v -0.06383219 0.03163781 -0.03862194 0.11764706 0.63921569 0.14117647
v -0.06229606 0.03179430 -0.03862194 0.11764706 0.63921569 0.14117647
v -0.06075320 0.03194427 -0.03862194 0.11764706 0.63921569 0.14117647
v -0.05921707 0.03208119 -0.03862194 0.11764706 0.63921569 0.14117647
v -0.07114901 0.02990340 -0.03962141 0.11764706 0.63921569 0.14117647
v -0.06998344 0.03062063 -0.03862194 0.11764706 0.63921569 0.14117647
v -0.06844057 0.03101838 -0.03862194 0.11764706 0.63921569 0.14117647
v -0.06731542 0.03121399 -0.03862194 0.11764706 0.63921569 0.14117647
v -0.05768094 0.03221812 -0.03708558 0.11764706 0.63921569 0.14117647
v -0.05614481 0.03233548 -0.03708558 0.11764706 0.63921569 0.14117647
v -0.04541213 0.03285711 -0.03867427 0.11764706 0.63921569 0.14117647
v -0.04999357 0.03264846 -0.03862194 0.11764706 0.63921569 0.14117647
v -0.04384906 0.03294840 -0.03708558 0.11764706 0.63921569 0.14117647
v -0.04654402 0.03283103 -0.03819704 0.11764706 0.63921569 0.14117647
v -0.04231293 0.03300708 -0.03708558 0.11764706 0.63921569 0.14117647
v -0.03616168 0.03320269 -0.03708558 0.11764706 0.63921569 0.14117647
v -0.03308269 0.03329397 -0.03708558 0.11764706 0.63921569 0.14117647
v -0.05460195 0.03243981 -0.03708558 0.11764706 0.63921569 0.14117647
v -0.05306582 0.03252457 -0.03708558 0.11764706 0.63921569 0.14117647
v -0.04999357 0.03268106 -0.03708558 0.11764706 0.63921569 0.14117647
v -0.04747378 0.03280495 -0.03708558 0.11764706 0.63921569 0.14117647
v -0.03154656 0.03333310 -0.03708558 0.11764706 0.63921569 0.14117647
v -0.02847431 0.03339830 -0.03708558 0.11764706 0.63921569 0.14117647
v -0.02847431 0.03274627 -0.03333155 0.11764706 0.63921569 0.14117647
v -0.02693144 0.03276583 -0.03330225 0.11764706 0.63921569 0.14117647
v -0.03461882 0.03297448 -0.03430172 0.11764706 0.63921569 0.14117647
v -0.03154656 0.03326137 -0.03554818 0.11764706 0.63921569 0.14117647
v -0.05152970 0.03159216 -0.03300084 0.11764706 0.63921569 0.14117647
v -0.04999357 0.03161825 -0.03299351 0.11764706 0.63921569 0.14117647
v -0.04845070 0.03164433 -0.03298723 0.11764706 0.63921569 0.14117647
v -0.03308269 0.03188558 -0.03293072 0.11764706 0.63921569 0.14117647
v -0.05152970 0.03050327 -0.03269001 0.11764706 0.63921569 0.14117647
v -0.04999357 0.03050327 -0.03268268 0.11764706 0.63921569 0.14117647
v -0.03308269 0.03050327 -0.03260942 0.11764706 0.63921569 0.14117647
v -0.03154656 0.03050327 -0.03260314 0.11764706 0.63921569 0.14117647
v -0.02847431 0.03050327 -0.03259372 0.11764706 0.63921569 0.14117647
v -0.02693144 0.03050327 -0.03259163 0.11764706 0.63921569 0.14117647
v -0.02539532 0.03050327 -0.03259058 0.11764706 0.63921569 0.14117647
v -0.01155669 0.03050327 -0.03259686 0.11764706 0.63921569 0.14117647
v -0.01003404 0.03050327 -0.03259896 0.11764706 0.63921569 0.14117647
v -0.01770794 0.03050327 -0.03259163 0.11764706 0.63921569 0.14117647
v -0.01462895 0.03050327 -0.03259268 0.11764706 0.63921569 0.14117647
v -0.01003404 -0.03180515 -0.04095264 0.11764706 0.63921569 0.14117647
v -0.01617181 -0.02984252 -0.04280507 0.11764706 0.63921569 0.14117647
v -0.07030683 0.02348086 -0.04280507 0.11764706 0.63921569 0.14117647
v -0.07305569 0.02743219 -0.04026191 0.11764706 0.63921569 0.14117647
v -0.07305569 0.02857325 -0.03969886 0.11764706 0.63921569 0.14117647
v -0.07160715 0.02908835 -0.03999399 0.11764706 0.63921569 0.14117647
v -0.06678317 0.03135743 -0.03708558 0.11764706 0.63921569 0.14117647
v -0.06536832 0.03153348 -0.03708558 0.11764706 0.63921569 0.14117647
v -0.06755123 0.03125311 -0.03708558 0.11764706 0.63921569 0.14117647
v -0.06383219 0.03168997 -0.03708558 0.11764706 0.63921569 0.14117647
v -0.06229606 0.03182690 -0.03708558 0.11764706 0.63921569 0.14117647
v -0.07386418 0.02824071 -0.03944140 0.11764706 0.63921569 0.14117647
v -0.07217309 0.02967518 -0.03891289 0.11764706 0.63921569 0.14117647
v -0.07160715 0.02999468 -0.03848903 0.11764706 0.63921569 0.14117647
v -0.07151956 0.03017073 -0.03708558 0.11764706 0.63921569 0.14117647
v -0.06998344 0.03076408 -0.03708558 0.11764706 0.63921569 0.14117647
v -0.06844057 0.03110966 -0.03708558 0.11764706 0.63921569 0.14117647
v -0.05768094 0.03215291 -0.03554818 0.11764706 0.63921569 0.14117647
v -0.06229606 0.03177473 -0.03554818 0.11764706 0.63921569 0.14117647
v -0.06075320 0.03190514 -0.03554818 0.11764706 0.63921569 0.14117647
v -0.05614481 0.03227028 -0.03554818 0.11764706 0.63921569 0.14117647
v -0.05460195 0.03238113 -0.03554818 0.11764706 0.63921569 0.14117647
v -0.04537845 0.03288971 -0.03708558 0.11764706 0.63921569 0.14117647
v -0.04649012 0.03282451 -0.03610286 0.11764706 0.63921569 0.14117647
v -0.03769781 0.03309185 -0.03554818 0.11764706 0.63921569 0.14117647
v -0.03616168 0.03313749 -0.03554818 0.11764706 0.63921569 0.14117647
v -0.03461882 0.03318313 -0.03554818 0.11764706 0.63921569 0.14117647
v -0.05306582 0.03247241 -0.03554818 0.11764706 0.63921569 0.14117647
v -0.04999357 0.03262890 -0.03554818 0.11764706 0.63921569 0.14117647
v -0.04845070 0.03270714 -0.03554818 0.11764706 0.63921569 0.14117647
v -0.03769781 0.03292884 -0.03442312 0.11764706 0.63921569 0.14117647
v -0.03154656 0.03268759 -0.03342679 0.11764706 0.63921569 0.14117647
v -0.05768094 0.03142916 -0.03310340 0.11764706 0.63921569 0.14117647
v -0.05306582 0.03155304 -0.03301968 0.11764706 0.63921569 0.14117647
v -0.04231293 0.03285059 -0.03465022 0.11764706 0.63921569 0.14117647
v -0.04077007 0.03287667 -0.03456859 0.11764706 0.63921569 0.14117647
v -0.03923394 0.03290276 -0.03449219 0.11764706 0.63921569 0.14117647
v -0.05921707 0.03050327 -0.03282187 0.11764706 0.63921569 0.14117647
v -0.05768094 0.03050327 -0.03279152 0.11764706 0.63921569 0.14117647
v -0.05614481 0.03050327 -0.03276222 0.11764706 0.63921569 0.14117647
v -0.05460195 0.03050327 -0.03273501 0.11764706 0.63921569 0.14117647
v -0.05306582 0.03050327 -0.03270885 0.11764706 0.63921569 0.14117647
v -0.06690445 0.02896446 -0.03264396 0.11764706 0.63921569 0.14117647
v -0.06383219 0.02896446 -0.03262721 0.11764706 0.63921569 0.14117647
v -0.06229606 0.02896446 -0.03262198 0.11764706 0.63921569 0.14117647
v -0.04999357 0.01519350 -0.03211440 0.11764706 0.63921569 0.14117647
v -0.01003404 0.02896446 -0.03258744 0.11764706 0.63921569 0.14117647
v -0.04849787 0.01499789 -0.03211440 0.11764706 0.63921569 0.14117647
v -0.04750073 0.01467187 -0.03211440 0.11764706 0.63921569 0.14117647
v -0.04659792 0.01429369 -0.03211440 0.11764706 0.63921569 0.14117647
v -0.04433415 0.01312655 -0.03211440 0.11764706 0.63921569 0.14117647
v -0.04357282 0.01235063 -0.03211440 0.11764706 0.63921569 0.14117647
v -0.04285192 0.01147038 -0.03211440 0.11764706 0.63921569 0.14117647
v -0.01003404 -0.03237241 -0.04016563 0.11764706 0.63921569 0.14117647
v -0.01155669 -0.03238545 -0.04015935 0.11764706 0.63921569 0.14117647
v -0.01309282 -0.03239198 -0.04015935 0.11764706 0.63921569 0.14117647
v -0.01462895 -0.03239198 -0.04015935 0.11764706 0.63921569 0.14117647
v -0.01462895 -0.03179862 -0.04094846 0.11764706 0.63921569 0.14117647
v -0.04533802 -0.03005769 -0.04280507 0.11764706 0.63921569 0.14117647
v -0.07067065 0.02308964 -0.04280507 0.11764706 0.63921569 0.14117647
v -0.07099405 0.02253541 -0.04280507 0.11764706 0.63921569 0.14117647
v -0.07465919 0.02583470 -0.03988724 0.11764706 0.63921569 0.14117647
v -0.07412694 0.02743219 -0.03968735 0.11764706 0.63921569 0.14117647
v -0.06744343 0.03124659 -0.03554818 0.11764706 0.63921569 0.14117647
v -0.06667537 0.03133787 -0.03554818 0.11764706 0.63921569 0.14117647
v -0.06536832 0.03148784 -0.03554818 0.11764706 0.63921569 0.14117647
v -0.06844057 0.03110966 -0.03554818 0.11764706 0.63921569 0.14117647
v -0.06383219 0.03163781 -0.03554818 0.11764706 0.63921569 0.14117647
v -0.07542052 0.02528047 -0.03947175 0.11764706 0.63921569 0.14117647
v -0.07517124 0.02619332 -0.03862194 0.11764706 0.63921569 0.14117647
v -0.07451097 0.02743219 -0.03862194 0.11764706 0.63921569 0.14117647
v -0.07393155 0.02831895 -0.03862194 0.11764706 0.63921569 0.14117647
v -0.07290747 0.02917964 -0.03848903 0.11764706 0.63921569 0.14117647
v -0.07229437 0.02974039 -0.03788830 0.11764706 0.63921569 0.14117647
v -0.07151956 0.03022941 -0.03554818 0.11764706 0.63921569 0.14117647
v -0.07233479 0.02976647 -0.03708558 0.11764706 0.63921569 0.14117647
v -0.07239543 0.02980559 -0.03554818 0.11764706 0.63921569 0.14117647
v -0.06998344 0.03079016 -0.03554818 0.11764706 0.63921569 0.14117647
v -0.06643283 0.03130527 -0.03463871 0.11764706 0.63921569 0.14117647
v -0.06536832 0.03135743 -0.03442940 0.11764706 0.63921569 0.14117647
v -0.06383219 0.03143568 -0.03418241 0.11764706 0.63921569 0.14117647
v -0.06075320 0.03163781 -0.03400973 0.11764706 0.63921569 0.14117647
v -0.05921707 0.03174865 -0.03400973 0.11764706 0.63921569 0.14117647
v -0.05614481 0.03194427 -0.03400973 0.11764706 0.63921569 0.14117647
v -0.05460195 0.03204207 -0.03400973 0.11764706 0.63921569 0.14117647
v -0.04458344 0.03281147 -0.03479361 0.11764706 0.63921569 0.14117647
v -0.04398381 0.03287016 -0.03540271 0.11764706 0.63921569 0.14117647
v -0.04231293 0.03293536 -0.03554818 0.11764706 0.63921569 0.14117647
v -0.04696847 0.03277235 -0.03557330 0.11764706 0.63921569 0.14117647
v -0.04845070 0.03233548 -0.03400973 0.11764706 0.63921569 0.14117647
v -0.03769781 0.03257022 -0.03365389 0.11764706 0.63921569 0.14117647
v -0.03616168 0.03259630 -0.03359005 0.11764706 0.63921569 0.14117647
v -0.04999357 0.03227680 -0.03400973 0.11764706 0.63921569 0.14117647
v -0.05921707 0.03138352 -0.03313480 0.11764706 0.63921569 0.14117647
v -0.06690445 0.03024246 -0.03295165 0.11764706 0.63921569 0.14117647
v -0.06075320 0.03050327 -0.03286164 0.11764706 0.63921569 0.14117647
v -0.05614481 0.03146828 -0.03307410 0.11764706 0.63921569 0.14117647
v -0.06844057 0.02896446 -0.03266803 0.11764706 0.63921569 0.14117647
v -0.05306582 0.01454798 -0.03211440 0.11764706 0.63921569 0.14117647
v -0.05152296 0.01501745 -0.03211440 0.11764706 0.63921569 0.14117647
v -0.06998344 0.02743219 -0.03263035 0.11764706 0.63921569 0.14117647
v -0.01003404 0.02895795 -0.03258744 0.11764706 0.63921569 0.14117647
v -0.04167961 0.00923390 -0.03211440 0.11764706 0.63921569 0.14117647
v -0.04126189 0.00839278 -0.03211440 0.11764706 0.63921569 0.14117647
v -0.04087787 0.00743429 -0.03211440 0.11764706 0.63921569 0.14117647
v -0.04087112 0.00741473 -0.03211440 0.11764706 0.63921569 0.14117647
v -0.04086439 0.00738865 -0.03211440 0.11764706 0.63921569 0.14117647
v -0.04056121 0.00590201 -0.03211440 0.11764706 0.63921569 0.14117647
v -0.04002895 0.00164422 -0.03211440 0.11764706 0.63921569 0.14117647
v -0.03999526 0.00129212 -0.03211440 0.11764706 0.63921569 0.14117647
v -0.03990094 0.00024887 -0.03211440 0.11764706 0.63921569 0.14117647
v -0.03987399 -0.00024016 -0.03211440 0.11764706 0.63921569 0.14117647
v -0.01003404 -0.03293316 -0.03863345 0.11764706 0.63921569 0.14117647
v -0.01155669 -0.03295273 -0.03862194 0.11764706 0.63921569 0.14117647
v -0.01309282 -0.03296576 -0.03862194 0.11764706 0.63921569 0.14117647
v -0.01617181 -0.03296576 -0.03862194 0.11764706 0.63921569 0.14117647
v -0.02232306 -0.03295273 -0.03862194 0.11764706 0.63921569 0.14117647
v -0.01617181 -0.03238545 -0.04015935 0.11764706 0.63921569 0.14117647
v -0.03013845 -0.03221593 -0.04031319 0.11764706 0.63921569 0.14117647
v -0.02971399 -0.03176602 -0.04092962 0.11764706 0.63921569 0.14117647
v -0.02693144 -0.03177254 -0.04093276 0.11764706 0.63921569 0.14117647
v -0.02385919 -0.03177906 -0.04093695 0.11764706 0.63921569 0.14117647
v -0.03616168 -0.03174646 -0.04091915 0.11764706 0.63921569 0.14117647
v -0.04537845 -0.03172690 -0.04088148 0.11764706 0.63921569 0.14117647
v -0.05461542 -0.02998597 -0.04280507 0.11764706 0.63921569 0.14117647
v -0.07249648 0.01779512 -0.04280507 0.11764706 0.63921569 0.14117647
v -0.07459182 0.02435458 -0.04022214 0.11764706 0.63921569 0.14117647
v -0.07552832 0.02435458 -0.03961304 0.11764706 0.63921569 0.14117647
v -0.06844057 0.03083581 -0.03400973 0.11764706 0.63921569 0.14117647
v -0.06998344 0.03053587 -0.03400973 0.11764706 0.63921569 0.14117647
v -0.07690275 0.01746910 -0.03939849 0.11764706 0.63921569 0.14117647
v -0.07637723 0.02127698 -0.03862194 0.11764706 0.63921569 0.14117647
v -0.07608079 0.02281578 -0.03862194 0.11764706 0.63921569 0.14117647
v -0.07575065 0.02435458 -0.03862194 0.11764706 0.63921569 0.14117647
v -0.07546768 0.02542392 -0.03862194 0.11764706 0.63921569 0.14117647
v -0.07519818 0.02623244 -0.03708558 0.11764706 0.63921569 0.14117647
v -0.07459182 0.02743219 -0.03708558 0.11764706 0.63921569 0.14117647
v -0.07398545 0.02838416 -0.03708558 0.11764706 0.63921569 0.14117647
v -0.07310285 0.02915356 -0.03708558 0.11764706 0.63921569 0.14117647
v -0.07237521 0.02979907 -0.03455813 0.11764706 0.63921569 0.14117647
v -0.07316349 0.02916660 -0.03554818 0.11764706 0.63921569 0.14117647
v -0.07153978 0.03001424 -0.03403171 0.11764706 0.63921569 0.14117647
v -0.06693140 0.03105098 -0.03407985 0.11764706 0.63921569 0.14117647
v -0.06383219 0.03118138 -0.03341318 0.11764706 0.63921569 0.14117647
v -0.06288895 0.03124659 -0.03328341 0.11764706 0.63921569 0.14117647
v -0.06234322 0.03148132 -0.03388205 0.11764706 0.63921569 0.14117647
v -0.06186487 0.03129875 -0.03321120 0.11764706 0.63921569 0.14117647
v -0.05306582 0.03212684 -0.03400973 0.11764706 0.63921569 0.14117647
v -0.05152970 0.03220508 -0.03400973 0.11764706 0.63921569 0.14117647
v -0.06075320 0.03133787 -0.03317352 0.11764706 0.63921569 0.14117647
v -0.06844057 0.03015769 -0.03297467 0.11764706 0.63921569 0.14117647
v -0.06998344 0.02896446 -0.03273710 0.11764706 0.63921569 0.14117647
v -0.07151956 0.02743219 -0.03265652 0.11764706 0.63921569 0.14117647
v -0.05471649 0.01382423 -0.03211440 0.11764706 0.63921569 0.14117647
v -0.05623240 0.01273533 -0.03211440 0.11764706 0.63921569 0.14117647
v -0.01003404 -0.02331565 -0.03271199 0.11764706 0.63921569 0.14117647
v -0.03994810 -0.00177896 -0.03211440 0.11764706 0.63921569 0.14117647
v -0.04014349 -0.00331776 -0.03211440 0.11764706 0.63921569 0.14117647
v -0.01003404 -0.03295925 -0.03709710 0.11764706 0.63921569 0.14117647
v -0.01617181 -0.03297228 -0.03708558 0.11764706 0.63921569 0.14117647
v -0.01155669 -0.03296576 -0.03708558 0.11764706 0.63921569 0.14117647
v -0.02385919 -0.03296576 -0.03708558 0.11764706 0.63921569 0.14117647
v -0.02847431 -0.03294621 -0.03708558 0.11764706 0.63921569 0.14117647
v -0.02693144 -0.03293316 -0.03862194 0.11764706 0.63921569 0.14117647
v -0.02847431 -0.03233329 -0.04015935 0.11764706 0.63921569 0.14117647
v -0.03154656 -0.03232025 -0.04015830 0.11764706 0.63921569 0.14117647
v -0.03308269 -0.03231373 -0.04015621 0.11764706 0.63921569 0.14117647
v -0.03616168 -0.03230069 -0.04015098 0.11764706 0.63921569 0.14117647
v -0.03769781 -0.03229417 -0.04014784 0.11764706 0.63921569 0.14117647
v -0.03923394 -0.03228113 -0.04014470 0.11764706 0.63921569 0.14117647
v -0.04231293 -0.03224853 -0.04013737 0.11764706 0.63921569 0.14117647
v -0.04537845 -0.03221593 -0.04011330 0.11764706 0.63921569 0.14117647
v -0.04691457 -0.03219636 -0.04009341 0.11764706 0.63921569 0.14117647
v -0.04845070 -0.03217681 -0.04006830 0.11764706 0.63921569 0.14117647
v -0.04999357 -0.03215072 -0.04003690 0.11764706 0.63921569 0.14117647
v -0.05152970 -0.03211812 -0.04000027 0.11764706 0.63921569 0.14117647
v -0.05460195 -0.03151825 -0.04065019 0.11764706 0.63921569 0.14117647
v -0.05921707 -0.03187035 -0.03960048 0.11764706 0.63921569 0.14117647
v -0.06075320 -0.03181167 -0.03949164 0.11764706 0.63921569 0.14117647
v -0.06160885 -0.03177254 -0.03941629 0.11764706 0.63921569 0.14117647
v -0.06536832 -0.03072277 -0.03998980 0.11764706 0.63921569 0.14117647
v -0.06690445 -0.03055324 -0.03986108 0.11764706 0.63921569 0.14117647
v -0.06547612 -0.02779513 -0.04280507 0.11764706 0.63921569 0.14117647
v -0.07404609 0.00886224 -0.04280507 0.11764706 0.63921569 0.14117647
v -0.07583150 0.02127698 -0.03988410 0.11764706 0.63921569 0.14117647
v -0.07568327 0.02281578 -0.03978049 0.11764706 0.63921569 0.14117647
v -0.06998344 0.03001424 -0.03304270 0.11764706 0.63921569 0.14117647
v -0.07104121 0.02985775 -0.03314108 0.11764706 0.63921569 0.14117647
v -0.07695665 0.01666710 -0.03947803 0.11764706 0.63921569 0.14117647
v -0.07843887 0.00364597 -0.03939745 0.11764706 0.63921569 0.14117647
v -0.07779882 0.01051189 -0.03862194 0.11764706 0.63921569 0.14117647
v -0.07762365 0.01205069 -0.03862194 0.11764706 0.63921569 0.14117647
v -0.07744174 0.01358949 -0.03862194 0.11764706 0.63921569 0.14117647
v -0.07692970 0.01763211 -0.03862194 0.11764706 0.63921569 0.14117647
v -0.07682190 0.01840151 -0.03862194 0.11764706 0.63921569 0.14117647
v -0.07663325 0.01973818 -0.03862194 0.11764706 0.63921569 0.14117647
v -0.07642440 0.02127698 -0.03708558 0.11764706 0.63921569 0.14117647
v -0.07612795 0.02281578 -0.03708558 0.11764706 0.63921569 0.14117647
v -0.07578434 0.02435458 -0.03708558 0.11764706 0.63921569 0.14117647
v -0.07548116 0.02546304 -0.03708558 0.11764706 0.63921569 0.14117647
v -0.07519818 0.02616072 -0.03554818 0.11764706 0.63921569 0.14117647
v -0.07459855 0.02743219 -0.03554818 0.11764706 0.63921569 0.14117647
v -0.07399219 0.02839720 -0.03554818 0.11764706 0.63921569 0.14117647
v -0.07306243 0.02895795 -0.03396263 0.11764706 0.63921569 0.14117647
v -0.07206529 0.02959694 -0.03353354 0.11764706 0.63921569 0.14117647
v -0.07393829 0.02832547 -0.03439277 0.11764706 0.63921569 0.14117647
v -0.07153978 0.02903619 -0.03295165 0.11764706 0.63921569 0.14117647
v -0.07317023 0.02752999 -0.03292653 0.11764706 0.63921569 0.14117647
v -0.07305569 0.02589338 -0.03269210 0.11764706 0.63921569 0.14117647
v -0.07305569 0.02435458 -0.03265233 0.11764706 0.63921569 0.14117647
v -0.05907558 0.00886224 -0.03211440 0.11764706 0.63921569 0.14117647
v -0.05795044 0.01063578 -0.03211440 0.11764706 0.63921569 0.14117647
v -0.05770116 0.01097484 -0.03211440 0.11764706 0.63921569 0.14117647
v -0.05683877 0.01213546 -0.03211440 0.11764706 0.63921569 0.14117647
v -0.01003404 -0.02945782 -0.03274861 0.11764706 0.63921569 0.14117647
v -0.04056794 -0.00639536 -0.03211440 0.11764706 0.63921569 0.14117647
v -0.04089808 -0.00784940 -0.03211440 0.11764706 0.63921569 0.14117647
v -0.01003404 -0.03295925 -0.03708558 0.11764706 0.63921569 0.14117647
v -0.01462895 -0.03295273 -0.03554818 0.11764706 0.63921569 0.14117647
v -0.02539532 -0.03295273 -0.03554818 0.11764706 0.63921569 0.14117647
v -0.01003404 -0.03294621 -0.03554818 0.11764706 0.63921569 0.14117647
v -0.02847431 -0.03293968 -0.03554818 0.11764706 0.63921569 0.14117647
v -0.03001043 -0.03293968 -0.03708558 0.11764706 0.63921569 0.14117647
v -0.03001043 -0.03291360 -0.03862194 0.11764706 0.63921569 0.14117647
v -0.03616168 -0.03286144 -0.03862194 0.11764706 0.63921569 0.14117647
v -0.03923394 -0.03280928 -0.03862194 0.11764706 0.63921569 0.14117647
v -0.04537845 -0.03268539 -0.03862194 0.11764706 0.63921569 0.14117647
v -0.04845070 -0.03261367 -0.03862194 0.11764706 0.63921569 0.14117647
v -0.04999357 -0.03256802 -0.03862194 0.11764706 0.63921569 0.14117647
v -0.05306582 -0.03207900 -0.03995527 0.11764706 0.63921569 0.14117647
v -0.05460195 -0.03202684 -0.03988096 0.11764706 0.63921569 0.14117647
v -0.05152970 -0.03251586 -0.03862194 0.11764706 0.63921569 0.14117647
v -0.05306582 -0.03243110 -0.03862194 0.11764706 0.63921569 0.14117647
v -0.05614481 -0.03223549 -0.03862194 0.11764706 0.63921569 0.14117647
v -0.05768094 -0.03213116 -0.03862194 0.11764706 0.63921569 0.14117647
v -0.05921707 -0.03202032 -0.03862194 0.11764706 0.63921569 0.14117647
v -0.06075320 -0.03188991 -0.03862194 0.11764706 0.63921569 0.14117647
v -0.06172338 -0.03179210 -0.03862194 0.11764706 0.63921569 0.14117647
v -0.06249145 -0.03168778 -0.03862194 0.11764706 0.63921569 0.14117647
v -0.06383219 -0.03150521 -0.03862194 0.11764706 0.63921569 0.14117647
v -0.06536832 -0.03125744 -0.03862194 0.11764706 0.63921569 0.14117647
v -0.06931643 -0.03026634 -0.03946129 0.11764706 0.63921569 0.14117647
v -0.06844057 -0.03037719 -0.03963502 0.11764706 0.63921569 0.14117647
v -0.06988911 -0.02950998 -0.03992387 0.11764706 0.63921569 0.14117647
v -0.07151956 -0.02900140 -0.03975328 0.11764706 0.63921569 0.14117647
v -0.07151956 -0.02791902 -0.04037703 0.11764706 0.63921569 0.14117647
v -0.06992280 -0.02284619 -0.04280507 0.11764706 0.63921569 0.14117647
v -0.07409325 0.00130517 -0.04280507 0.11764706 0.63921569 0.14117647
v -0.07857362 -0.00024016 -0.03959839 0.11764706 0.63921569 0.14117647
v -0.07853320 0.00129212 -0.03954083 0.11764706 0.63921569 0.14117647
v -0.07739458 0.00897961 -0.03991550 0.11764706 0.63921569 0.14117647
v -0.07730699 0.01051189 -0.03985794 0.11764706 0.63921569 0.14117647
v -0.07722614 0.01205069 -0.03979200 0.11764706 0.63921569 0.14117647
v -0.07713856 0.01358949 -0.03971560 0.11764706 0.63921569 0.14117647
v -0.07705097 0.01512830 -0.03961199 0.11764706 0.63921569 0.14117647
v -0.07272556 0.02856673 -0.03306154 0.11764706 0.63921569 0.14117647
v -0.07847256 0.00282441 -0.03944873 0.11764706 0.63921569 0.14117647
v -0.07870164 0.00129212 -0.03862194 0.11764706 0.63921569 0.14117647
v -0.07857362 0.00282441 -0.03862194 0.11764706 0.63921569 0.14117647
v -0.07847256 0.00398503 -0.03862194 0.11764706 0.63921569 0.14117647
v -0.07839845 0.00474791 -0.03862194 0.11764706 0.63921569 0.14117647
v -0.07828391 0.00590201 -0.03862194 0.11764706 0.63921569 0.14117647
v -0.07812895 0.00744081 -0.03862194 0.11764706 0.63921569 0.14117647
v -0.07796725 0.00897961 -0.03862194 0.11764706 0.63921569 0.14117647
v -0.07800768 0.00897961 -0.03708558 0.11764706 0.63921569 0.14117647
v -0.07783251 0.01051189 -0.03708558 0.11764706 0.63921569 0.14117647
v -0.07746195 0.01358949 -0.03708558 0.11764706 0.63921569 0.14117647
v -0.07765060 0.01205069 -0.03708558 0.11764706 0.63921569 0.14117647
v -0.07683537 0.01844063 -0.03708558 0.11764706 0.63921569 0.14117647
v -0.07666020 0.01973818 -0.03708558 0.11764706 0.63921569 0.14117647
v -0.07630986 0.02127698 -0.03554818 0.11764706 0.63921569 0.14117647
v -0.07604036 0.02281578 -0.03554818 0.11764706 0.63921569 0.14117647
v -0.07571023 0.02435458 -0.03554818 0.11764706 0.63921569 0.14117647
v -0.07544747 0.02539132 -0.03554818 0.11764706 0.63921569 0.14117647
v -0.07540705 0.02527395 -0.03459580 0.11764706 0.63921569 0.14117647
v -0.07426169 0.02752999 -0.03393228 0.11764706 0.63921569 0.14117647
v -0.07375638 0.02811030 -0.03336818 0.11764706 0.63921569 0.14117647
v -0.07403935 0.02708661 -0.03308980 0.11764706 0.63921569 0.14117647
v -0.07425495 0.02589338 -0.03298828 0.11764706 0.63921569 0.14117647
v -0.07444360 0.02435458 -0.03295479 0.11764706 0.63921569 0.14117647
v -0.07459182 0.02127698 -0.03284385 0.11764706 0.63921569 0.14117647
v -0.07459182 0.01973818 -0.03278106 0.11764706 0.63921569 0.14117647
v -0.07459182 0.01820590 -0.03274129 0.11764706 0.63921569 0.14117647
v -0.07459182 0.01358949 -0.03269838 0.11764706 0.63921569 0.14117647
v -0.07305569 0.02281578 -0.03264082 0.11764706 0.63921569 0.14117647
v -0.06061845 0.00430452 -0.03211440 0.11764706 0.63921569 0.14117647
v -0.01003404 -0.02947086 -0.03274966 0.11764706 0.63921569 0.14117647
v -0.04246789 -0.01086180 -0.03211440 0.11764706 0.63921569 0.14117647
v -0.04397033 -0.01240060 -0.03211440 0.11764706 0.63921569 0.14117647
v -0.04537845 -0.01323520 -0.03211440 0.11764706 0.63921569 0.14117647
v -0.04688089 -0.01397852 -0.03211440 0.11764706 0.63921569 0.14117647
v -0.04845070 -0.01426542 -0.03211440 0.11764706 0.63921569 0.14117647
v -0.04999357 -0.01429802 -0.03211440 0.11764706 0.63921569 0.14117647
v -0.05768094 -0.02945782 -0.03274234 0.11764706 0.63921569 0.14117647
v -0.01003404 -0.03250934 -0.03402124 0.11764706 0.63921569 0.14117647
v -0.02539532 -0.03250282 -0.03400973 0.11764706 0.63921569 0.14117647
v -0.02847431 -0.03249630 -0.03400973 0.11764706 0.63921569 0.14117647
v -0.03154656 -0.03292664 -0.03554818 0.11764706 0.63921569 0.14117647
v -0.03616168 -0.03288752 -0.03708558 0.11764706 0.63921569 0.14117647
v -0.03769781 -0.03286144 -0.03708558 0.11764706 0.63921569 0.14117647
v -0.04384906 -0.03273755 -0.03708558 0.11764706 0.63921569 0.14117647
v -0.04845070 -0.03263975 -0.03708558 0.11764706 0.63921569 0.14117647
v -0.04999357 -0.03259411 -0.03708558 0.11764706 0.63921569 0.14117647
v -0.05152970 -0.03254194 -0.03708558 0.11764706 0.63921569 0.14117647
v -0.05306582 -0.03247674 -0.03708558 0.11764706 0.63921569 0.14117647
v -0.05460195 -0.03238545 -0.03708558 0.11764706 0.63921569 0.14117647
v -0.05768094 -0.03218332 -0.03708558 0.11764706 0.63921569 0.14117647
v -0.05921707 -0.03207248 -0.03708558 0.11764706 0.63921569 0.14117647
v -0.06075320 -0.03193555 -0.03708558 0.11764706 0.63921569 0.14117647
v -0.06185139 -0.03180515 -0.03708558 0.11764706 0.63921569 0.14117647
v -0.06261946 -0.03170734 -0.03708558 0.11764706 0.63921569 0.14117647
v -0.06383219 -0.03153781 -0.03708558 0.11764706 0.63921569 0.14117647
v -0.06536832 -0.03130960 -0.03708558 0.11764706 0.63921569 0.14117647
v -0.06690445 -0.03100966 -0.03708558 0.11764706 0.63921569 0.14117647
v -0.06690445 -0.03094446 -0.03862194 0.11764706 0.63921569 0.14117647
v -0.06944445 -0.03030546 -0.03862194 0.11764706 0.63921569 0.14117647
v -0.07021251 -0.03001857 -0.03862194 0.11764706 0.63921569 0.14117647
v -0.07151956 -0.02939262 -0.03862194 0.11764706 0.63921569 0.14117647
v -0.07237521 -0.02876014 -0.03949373 0.11764706 0.63921569 0.14117647
v -0.06844057 -0.03057932 -0.03862194 0.11764706 0.63921569 0.14117647
v -0.07295463 -0.02779513 -0.03972398 0.11764706 0.63921569 0.14117647
v -0.07305569 -0.02638022 -0.04028389 0.11764706 0.63921569 0.14117647
v -0.07046853 -0.02177033 -0.04280507 0.11764706 0.63921569 0.14117647
v -0.07409325 0.00056185 -0.04280507 0.11764706 0.63921569 0.14117647
v -0.07857362 -0.00177896 -0.03960048 0.11764706 0.63921569 0.14117647
v -0.07878248 -0.00177896 -0.03862194 0.11764706 0.63921569 0.14117647
v -0.07877575 -0.00024016 -0.03862194 0.11764706 0.63921569 0.14117647
v -0.07874206 0.00129212 -0.03708558 0.11764706 0.63921569 0.14117647
v -0.07841866 0.00489135 -0.03708558 0.11764706 0.63921569 0.14117647
v -0.07860731 0.00282441 -0.03708558 0.11764706 0.63921569 0.14117647
v -0.07816938 0.00744081 -0.03708558 0.11764706 0.63921569 0.14117647
v -0.07806158 0.00744081 -0.03554818 0.11764706 0.63921569 0.14117647
v -0.07789314 0.00897961 -0.03554818 0.11764706 0.63921569 0.14117647
v -0.07771797 0.01051189 -0.03554818 0.11764706 0.63921569 0.14117647
v -0.07734068 0.01358949 -0.03554818 0.11764706 0.63921569 0.14117647
v -0.07690949 0.01751474 -0.03622112 0.11764706 0.63921569 0.14117647
v -0.07654567 0.01973818 -0.03554818 0.11764706 0.63921569 0.14117647
v -0.07692296 0.01606723 -0.03470569 0.11764706 0.63921569 0.14117647
v -0.07551484 0.02435458 -0.03430486 0.11764706 0.63921569 0.14117647
v -0.07521166 0.02435458 -0.03353563 0.11764706 0.63921569 0.14117647
v -0.07502301 0.02582818 -0.03405368 0.11764706 0.63921569 0.14117647
v -0.07531272 0.02338305 -0.03330434 0.11764706 0.63921569 0.14117647
v -0.07540705 0.02235936 -0.03320073 0.11764706 0.63921569 0.14117647
v -0.07547442 0.02127698 -0.03314212 0.11764706 0.63921569 0.14117647
v -0.07556874 0.01973818 -0.03307619 0.11764706 0.63921569 0.14117647
v -0.07565633 0.01820590 -0.03303433 0.11764706 0.63921569 0.14117647
v -0.07613469 0.00897961 -0.03287002 0.11764706 0.63921569 0.14117647
v -0.07613469 0.00744081 -0.03282815 0.11764706 0.63921569 0.14117647
v -0.07613469 0.00590201 -0.03280304 0.11764706 0.63921569 0.14117647
v -0.07613469 0.00282441 -0.03277164 0.11764706 0.63921569 0.14117647
v -0.07459182 0.01205069 -0.03268896 0.11764706 0.63921569 0.14117647
v -0.06093511 0.00129212 -0.03211440 0.11764706 0.63921569 0.14117647
v -0.06085426 0.00282441 -0.03211440 0.11764706 0.63921569 0.14117647
v -0.01003404 -0.03100314 -0.03288781 0.11764706 0.63921569 0.14117647
v -0.05140842 -0.01420021 -0.03211440 0.11764706 0.63921569 0.14117647
v -0.05921707 -0.02945782 -0.03274443 0.11764706 0.63921569 0.14117647
v -0.02847431 -0.03099662 -0.03290455 0.11764706 0.63921569 0.14117647
v -0.01617181 -0.03099662 -0.03289199 0.11764706 0.63921569 0.14117647
v -0.01309282 -0.03099662 -0.03288886 0.11764706 0.63921569 0.14117647
v -0.01155669 -0.03099662 -0.03288781 0.11764706 0.63921569 0.14117647
v -0.01003404 -0.03250282 -0.03400973 0.11764706 0.63921569 0.14117647
v -0.01003404 -0.03192251 -0.03313689 0.11764706 0.63921569 0.14117647
v -0.02078020 -0.03191599 -0.03313480 0.11764706 0.63921569 0.14117647
v -0.03001043 -0.03190947 -0.03313898 0.11764706 0.63921569 0.14117647
v -0.03154656 -0.03248326 -0.03400973 0.11764706 0.63921569 0.14117647
v -0.03461882 -0.03290056 -0.03554818 0.11764706 0.63921569 0.14117647
v -0.03616168 -0.03288100 -0.03554818 0.11764706 0.63921569 0.14117647
v -0.03923394 -0.03282884 -0.03554818 0.11764706 0.63921569 0.14117647
v -0.04231293 -0.03276364 -0.03554818 0.11764706 0.63921569 0.14117647
v -0.04691457 -0.03265931 -0.03554818 0.11764706 0.63921569 0.14117647
v -0.04845070 -0.03262019 -0.03554818 0.11764706 0.63921569 0.14117647
v -0.04999357 -0.03257455 -0.03554818 0.11764706 0.63921569 0.14117647
v -0.05152970 -0.03252890 -0.03554818 0.11764706 0.63921569 0.14117647
v -0.05306582 -0.03246370 -0.03554818 0.11764706 0.63921569 0.14117647
v -0.05614481 -0.03226809 -0.03554818 0.11764706 0.63921569 0.14117647
v -0.05921707 -0.03205944 -0.03554818 0.11764706 0.63921569 0.14117647
v -0.06075320 -0.03194207 -0.03554818 0.11764706 0.63921569 0.14117647
v -0.06195919 -0.03181818 -0.03554818 0.11764706 0.63921569 0.14117647
v -0.06272726 -0.03172038 -0.03554818 0.11764706 0.63921569 0.14117647
v -0.06383219 -0.03156389 -0.03554818 0.11764706 0.63921569 0.14117647
v -0.06536832 -0.03132264 -0.03554818 0.11764706 0.63921569 0.14117647
v -0.06690445 -0.03102270 -0.03554818 0.11764706 0.63921569 0.14117647
v -0.06844057 -0.03065104 -0.03554818 0.11764706 0.63921569 0.14117647
v -0.06844057 -0.03063148 -0.03708558 0.11764706 0.63921569 0.14117647
v -0.06952529 -0.03033155 -0.03708558 0.11764706 0.63921569 0.14117647
v -0.07029336 -0.03006421 -0.03708558 0.11764706 0.63921569 0.14117647
v -0.07151956 -0.02946434 -0.03708558 0.11764706 0.63921569 0.14117647
v -0.07245607 -0.02883187 -0.03862194 0.11764706 0.63921569 0.14117647
v -0.07385744 -0.02719526 -0.03943826 0.11764706 0.63921569 0.14117647
v -0.07406630 -0.02638022 -0.03966328 0.11764706 0.63921569 0.14117647
v -0.07461203 -0.02473057 -0.03984538 0.11764706 0.63921569 0.14117647
v -0.07459182 -0.02330913 -0.04021796 0.11764706 0.63921569 0.14117647
v -0.07277946 -0.01487833 -0.04280507 0.11764706 0.63921569 0.14117647
v -0.07378333 -0.00792764 -0.04280507 0.11764706 0.63921569 0.14117647
v -0.07767081 -0.00639536 -0.04013737 0.11764706 0.63921569 0.14117647
v -0.07852646 -0.00639536 -0.03953141 0.11764706 0.63921569 0.14117647
v -0.07872858 -0.00639536 -0.03862194 0.11764706 0.63921569 0.14117647
v -0.07874879 -0.00485656 -0.03862194 0.11764706 0.63921569 0.14117647
v -0.07885659 -0.00485656 -0.03708558 0.11764706 0.63921569 0.14117647
v -0.07884986 -0.00331776 -0.03708558 0.11764706 0.63921569 0.14117647
v -0.07883638 -0.00177896 -0.03708558 0.11764706 0.63921569 0.14117647
v -0.07881617 -0.00024016 -0.03708558 0.11764706 0.63921569 0.14117647
v -0.07871511 -0.00024016 -0.03554818 0.11764706 0.63921569 0.14117647
v -0.07863426 0.00129212 -0.03554818 0.11764706 0.63921569 0.14117647
v -0.07845909 0.00382854 -0.03608402 0.11764706 0.63921569 0.14117647
v -0.07822328 0.00590201 -0.03554818 0.11764706 0.63921569 0.14117647
v -0.07841193 0.00330039 -0.03505839 0.11764706 0.63921569 0.14117647
v -0.07845235 0.00227018 -0.03472244 0.11764706 0.63921569 0.14117647
v -0.07685559 0.01709092 -0.03519653 0.11764706 0.63921569 0.14117647
v -0.07714530 0.01512830 -0.03554818 0.11764706 0.63921569 0.14117647
v -0.07677474 0.01810157 -0.03564446 0.11764706 0.63921569 0.14117647
v -0.07698360 0.01512830 -0.03451522 0.11764706 0.63921569 0.14117647
v -0.07591235 0.02127698 -0.03400973 0.11764706 0.63921569 0.14117647
v -0.07563612 0.02284838 -0.03389460 0.11764706 0.63921569 0.14117647
v -0.07708466 0.01358949 -0.03424206 0.11764706 0.63921569 0.14117647
v -0.07683537 0.01246800 -0.03331690 0.11764706 0.63921569 0.14117647
v -0.07691622 0.01143778 -0.03322794 0.11764706 0.63921569 0.14117647
v -0.07695665 0.01051189 -0.03319341 0.11764706 0.63921569 0.14117647
v -0.07702402 0.00897961 -0.03314003 0.11764706 0.63921569 0.14117647
v -0.07709140 0.00744081 -0.03309712 0.11764706 0.63921569 0.14117647
v -0.07715877 0.00590201 -0.03306991 0.11764706 0.63921569 0.14117647
v -0.07720593 0.00436321 -0.03305107 0.11764706 0.63921569 0.14117647
v -0.07725983 0.00282441 -0.03303537 0.11764706 0.63921569 0.14117647
v -0.07731373 0.00129212 -0.03302596 0.11764706 0.63921569 0.14117647
v -0.07734068 -0.00024016 -0.03302177 0.11764706 0.63921569 0.14117647
v -0.07613469 0.00129212 -0.03276327 0.11764706 0.63921569 0.14117647
v -0.07613469 -0.00024016 -0.03276013 0.11764706 0.63921569 0.14117647
v -0.07613469 -0.00177896 -0.03275699 0.11764706 0.63921569 0.14117647
v -0.07613469 -0.00485656 -0.03275489 0.11764706 0.63921569 0.14117647
v -0.06094858 -0.00024016 -0.03211440 0.11764706 0.63921569 0.14117647
v -0.01924407 -0.03191599 -0.03313375 0.11764706 0.63921569 0.14117647
v -0.01462895 -0.03191599 -0.03313166 0.11764706 0.63921569 0.14117647
v -0.01155669 -0.03191599 -0.03313061 0.11764706 0.63921569 0.14117647
v -0.02847431 -0.03190947 -0.03313794 0.11764706 0.63921569 0.14117647
v -0.02693144 -0.03190947 -0.03313689 0.11764706 0.63921569 0.14117647
v -0.05153643 -0.01418717 -0.03211440 0.11764706 0.63921569 0.14117647
v -0.06075320 -0.02945782 -0.03275280 0.11764706 0.63921569 0.14117647
v -0.05152970 -0.03099662 -0.03295165 0.11764706 0.63921569 0.14117647
v -0.04999357 -0.03099662 -0.03294432 0.11764706 0.63921569 0.14117647
v -0.03001043 -0.03099662 -0.03290665 0.11764706 0.63921569 0.14117647
v -0.03154656 -0.03190295 -0.03314108 0.11764706 0.63921569 0.14117647
v -0.03308269 -0.03247022 -0.03400973 0.11764706 0.63921569 0.14117647
v -0.03308269 -0.03189643 -0.03314422 0.11764706 0.63921569 0.14117647
v -0.04999357 -0.03182470 -0.03318713 0.11764706 0.63921569 0.14117647
v -0.03616168 -0.03243762 -0.03400973 0.11764706 0.63921569 0.14117647
v -0.03923394 -0.03239850 -0.03400973 0.11764706 0.63921569 0.14117647
v -0.04999357 -0.03222896 -0.03400973 0.11764706 0.63921569 0.14117647
v -0.05152970 -0.03219636 -0.03400973 0.11764706 0.63921569 0.14117647
v -0.05306582 -0.03213116 -0.03400973 0.11764706 0.63921569 0.14117647
v -0.05768094 -0.03195511 -0.03418660 0.11764706 0.63921569 0.14117647
v -0.05921707 -0.03190295 -0.03429858 0.11764706 0.63921569 0.14117647
v -0.06075320 -0.03185079 -0.03446498 0.11764706 0.63921569 0.14117647
v -0.06184465 -0.03180515 -0.03463767 0.11764706 0.63921569 0.14117647
v -0.06690445 -0.03073581 -0.03400973 0.11764706 0.63921569 0.14117647
v -0.06942423 -0.03030546 -0.03454034 0.11764706 0.63921569 0.14117647
v -0.06953203 -0.03033807 -0.03554818 0.11764706 0.63921569 0.14117647
v -0.07030010 -0.03005117 -0.03554818 0.11764706 0.63921569 0.14117647
v -0.07151956 -0.02946434 -0.03554818 0.11764706 0.63921569 0.14117647
v -0.07249648 -0.02886447 -0.03708558 0.11764706 0.63921569 0.14117647
v -0.07322413 -0.02800378 -0.03862194 0.11764706 0.63921569 0.14117647
v -0.07388439 -0.02723438 -0.03862194 0.11764706 0.63921569 0.14117647
v -0.07434927 -0.02638022 -0.03862194 0.11764706 0.63921569 0.14117647
v -0.07505670 -0.02499791 -0.03862194 0.11764706 0.63921569 0.14117647
v -0.07539357 -0.02414374 -0.03943826 0.11764706 0.63921569 0.14117647
v -0.07552832 -0.02330913 -0.03960781 0.11764706 0.63921569 0.14117647
v -0.07575739 -0.02177033 -0.03982654 0.11764706 0.63921569 0.14117647
v -0.07300179 -0.01408285 -0.04280507 0.11764706 0.63921569 0.14117647
v -0.07736089 -0.01408285 -0.03988515 0.11764706 0.63921569 0.14117647
v -0.07747543 -0.01254405 -0.03993748 0.11764706 0.63921569 0.14117647
v -0.07767081 -0.00792764 -0.04005992 0.11764706 0.63921569 0.14117647
v -0.07848604 -0.00792764 -0.03946024 0.11764706 0.63921569 0.14117647
v -0.07864100 -0.00792764 -0.03862194 0.11764706 0.63921569 0.14117647
v -0.07882291 -0.00639536 -0.03708558 0.11764706 0.63921569 0.14117647
v -0.07874206 -0.00639536 -0.03554818 0.11764706 0.63921569 0.14117647
v -0.07876901 -0.00485656 -0.03554818 0.11764706 0.63921569 0.14117647
v -0.07876227 -0.00331776 -0.03554818 0.11764706 0.63921569 0.14117647
v -0.07874206 -0.00177896 -0.03554818 0.11764706 0.63921569 0.14117647
v -0.07853994 -0.00024016 -0.03448801 0.11764706 0.63921569 0.14117647
v -0.07849951 0.00129212 -0.03460104 0.11764706 0.63921569 0.14117647
v -0.07837150 0.00435017 -0.03556178 0.11764706 0.63921569 0.14117647
v -0.07764386 0.00744081 -0.03400973 0.11764706 0.63921569 0.14117647
v -0.07732721 0.01051189 -0.03400973 0.11764706 0.63921569 0.14117647
v -0.07713182 0.01199201 -0.03390193 0.11764706 0.63921569 0.14117647
v -0.07808179 0.00129212 -0.03383181 0.11764706 0.63921569 0.14117647
v -0.07811548 -0.00024016 -0.03371983 0.11764706 0.63921569 0.14117647
v -0.07812222 -0.00177896 -0.03369052 0.11764706 0.63921569 0.14117647
v -0.07813569 -0.00331776 -0.03366959 0.11764706 0.63921569 0.14117647
v -0.07814243 -0.00485656 -0.03364971 0.11764706 0.63921569 0.14117647
v -0.07735415 -0.00177896 -0.03301758 0.11764706 0.63921569 0.14117647
v -0.07736763 -0.00331776 -0.03301549 0.11764706 0.63921569 0.14117647
v -0.07737437 -0.00485656 -0.03301340 0.11764706 0.63921569 0.14117647
v -0.07736089 -0.00639536 -0.03301340 0.11764706 0.63921569 0.14117647
v -0.07613469 -0.00639536 -0.03276117 0.11764706 0.63921569 0.14117647
v -0.06088121 -0.00177896 -0.03211440 0.11764706 0.63921569 0.14117647
v -0.06088795 -0.00169419 -0.03211440 0.11764706 0.63921569 0.14117647
v -0.05285696 -0.01391984 -0.03211440 0.11764706 0.63921569 0.14117647
v -0.06229606 -0.02945782 -0.03276641 0.11764706 0.63921569 0.14117647
v -0.06690445 -0.02791902 -0.03274861 0.11764706 0.63921569 0.14117647
v -0.05152970 -0.03181167 -0.03319550 0.11764706 0.63921569 0.14117647
v -0.05921707 -0.03080101 -0.03299665 0.11764706 0.63921569 0.14117647
v -0.05306582 -0.03178558 -0.03321957 0.11764706 0.63921569 0.14117647
v -0.05394169 -0.03176602 -0.03323736 0.11764706 0.63921569 0.14117647
v -0.05451436 -0.03200075 -0.03387681 0.11764706 0.63921569 0.14117647
v -0.05614481 -0.03200727 -0.03409973 0.11764706 0.63921569 0.14117647
v -0.05496577 -0.03172690 -0.03327608 0.11764706 0.63921569 0.14117647
v -0.05614481 -0.03168126 -0.03333155 0.11764706 0.63921569 0.14117647
v -0.05768094 -0.03162258 -0.03341842 0.11764706 0.63921569 0.14117647
v -0.05921707 -0.03157041 -0.03352935 0.11764706 0.63921569 0.14117647
v -0.06075320 -0.03149869 -0.03369576 0.11764706 0.63921569 0.14117647
v -0.06383219 -0.03122483 -0.03400973 0.11764706 0.63921569 0.14117647
v -0.06536832 -0.03100966 -0.03400973 0.11764706 0.63921569 0.14117647
v -0.06777357 -0.03025330 -0.03321852 0.11764706 0.63921569 0.14117647
v -0.06834624 -0.03041631 -0.03402124 0.11764706 0.63921569 0.14117647
v -0.06879766 -0.03003813 -0.03351575 0.11764706 0.63921569 0.14117647
v -0.06995649 -0.02983600 -0.03402124 0.11764706 0.63921569 0.14117647
v -0.07154651 -0.02909920 -0.03397624 0.11764706 0.63921569 0.14117647
v -0.07242911 -0.02880579 -0.03446603 0.11764706 0.63921569 0.14117647
v -0.07249648 -0.02886447 -0.03554818 0.11764706 0.63921569 0.14117647
v -0.07326455 -0.02802334 -0.03708558 0.11764706 0.63921569 0.14117647
v -0.07389787 -0.02725395 -0.03708558 0.11764706 0.63921569 0.14117647
v -0.07440991 -0.02638022 -0.03708558 0.11764706 0.63921569 0.14117647
v -0.07510386 -0.02505007 -0.03708558 0.11764706 0.63921569 0.14117647
v -0.07543399 -0.02422850 -0.03862194 0.11764706 0.63921569 0.14117647
v -0.07575739 -0.02330913 -0.03862194 0.11764706 0.63921569 0.14117647
v -0.07624249 -0.02177033 -0.03862194 0.11764706 0.63921569 0.14117647
v -0.07686906 -0.01935128 -0.03919127 0.11764706 0.63921569 0.14117647
v -0.07699707 -0.01832107 -0.03953769 0.11764706 0.63921569 0.14117647
v -0.07711161 -0.01715393 -0.03968107 0.11764706 0.63921569 0.14117647
v -0.07597298 -0.02023153 -0.03994062 0.11764706 0.63921569 0.14117647
v -0.07723288 -0.01562165 -0.03979933 0.11764706 0.63921569 0.14117647
v -0.07844561 -0.00877529 -0.03940163 0.11764706 0.63921569 0.14117647
v -0.07845909 -0.01045102 -0.03805366 0.11764706 0.63921569 0.14117647
v -0.07872185 -0.00792764 -0.03708558 0.11764706 0.63921569 0.14117647
v -0.07839171 -0.00980550 -0.03907825 0.11764706 0.63921569 0.14117647
v -0.07833781 -0.01097916 -0.03858845 0.11764706 0.63921569 0.14117647
v -0.07864100 -0.00792764 -0.03554818 0.11764706 0.63921569 0.14117647
v -0.07846582 -0.00899698 -0.03469941 0.11764706 0.63921569 0.14117647
v -0.07851298 -0.00792764 -0.03456336 0.11764706 0.63921569 0.14117647
v -0.07856015 -0.00639536 -0.03443777 0.11764706 0.63921569 0.14117647
v -0.07856688 -0.00485656 -0.03441893 0.11764706 0.63921569 0.14117647
v -0.07854667 -0.00177896 -0.03445870 0.11764706 0.63921569 0.14117647
v -0.07813569 -0.00639536 -0.03366959 0.11764706 0.63921569 0.14117647
v -0.07731373 -0.00792764 -0.03302281 0.11764706 0.63921569 0.14117647
v -0.07613469 -0.00792764 -0.03277792 0.11764706 0.63921569 0.14117647
v -0.07459182 -0.01869273 -0.03277373 0.11764706 0.63921569 0.14117647
v -0.07459182 -0.01715393 -0.03275803 0.11764706 0.63921569 0.14117647
v -0.06067235 -0.00342208 -0.03211440 0.11764706 0.63921569 0.14117647
v -0.05297150 -0.01388072 -0.03211440 0.11764706 0.63921569 0.14117647
v -0.06383219 -0.02945782 -0.03278524 0.11764706 0.63921569 0.14117647
v -0.06844057 -0.02791902 -0.03276850 0.11764706 0.63921569 0.14117647
v -0.06075320 -0.03072929 -0.03300502 0.11764706 0.63921569 0.14117647
v -0.06383219 -0.03054672 -0.03303537 0.11764706 0.63921569 0.14117647
v -0.06536832 -0.03046195 -0.03306886 0.11764706 0.63921569 0.14117647
v -0.06690445 -0.03033807 -0.03314840 0.11764706 0.63921569 0.14117647
v -0.06998344 -0.02906008 -0.03305317 0.11764706 0.63921569 0.14117647
v -0.07105468 -0.02885795 -0.03313689 0.11764706 0.63921569 0.14117647
v -0.07208551 -0.02850585 -0.03344144 0.11764706 0.63921569 0.14117647
v -0.07299506 -0.02786033 -0.03404740 0.11764706 0.63921569 0.14117647
v -0.07387092 -0.02721482 -0.03465336 0.11764706 0.63921569 0.14117647
v -0.07326455 -0.02802334 -0.03554818 0.11764706 0.63921569 0.14117647
v -0.07389787 -0.02725395 -0.03554818 0.11764706 0.63921569 0.14117647
v -0.07438970 -0.02638022 -0.03554818 0.11764706 0.63921569 0.14117647
v -0.07508365 -0.02501746 -0.03554818 0.11764706 0.63921569 0.14117647
v -0.07544073 -0.02424807 -0.03554818 0.11764706 0.63921569 0.14117647
v -0.07545421 -0.02428067 -0.03708558 0.11764706 0.63921569 0.14117647
v -0.07582477 -0.02330913 -0.03708558 0.11764706 0.63921569 0.14117647
v -0.07633680 -0.02177033 -0.03708558 0.11764706 0.63921569 0.14117647
v -0.07694317 -0.01961210 -0.03816669 0.11764706 0.63921569 0.14117647
v -0.07671410 -0.02016633 -0.03865648 0.11764706 0.63921569 0.14117647
v -0.07708466 -0.01877750 -0.03865648 0.11764706 0.63921569 0.14117647
v -0.07744174 -0.01715393 -0.03862194 0.11764706 0.63921569 0.14117647
v -0.07770450 -0.01562165 -0.03862194 0.11764706 0.63921569 0.14117647
v -0.07794031 -0.01408285 -0.03862194 0.11764706 0.63921569 0.14117647
v -0.07815590 -0.01254405 -0.03862194 0.11764706 0.63921569 0.14117647
v -0.07856688 -0.00946644 -0.03708558 0.11764706 0.63921569 0.14117647
v -0.07805485 -0.01408285 -0.03708558 0.11764706 0.63921569 0.14117647
v -0.07824349 -0.01254405 -0.03708558 0.11764706 0.63921569 0.14117647
v -0.07844561 -0.01031409 -0.03616775 0.11764706 0.63921569 0.14117647
v -0.07841866 -0.01002067 -0.03514211 0.11764706 0.63921569 0.14117647
v -0.07799421 -0.01408285 -0.03554818 0.11764706 0.63921569 0.14117647
v -0.07739458 -0.01562165 -0.03400973 0.11764706 0.63921569 0.14117647
v -0.07692970 -0.01654102 -0.03321643 0.11764706 0.63921569 0.14117647
v -0.07808179 -0.00792764 -0.03379413 0.11764706 0.63921569 0.14117647
v -0.07697686 -0.01562165 -0.03317561 0.11764706 0.63921569 0.14117647
v -0.07704423 -0.01408285 -0.03312852 0.11764706 0.63921569 0.14117647
v -0.07711161 -0.01254405 -0.03309189 0.11764706 0.63921569 0.14117647
v -0.07717898 -0.01100525 -0.03306363 0.11764706 0.63921569 0.14117647
v -0.07613469 -0.01254405 -0.03284804 0.11764706 0.63921569 0.14117647
v -0.07613469 -0.01100525 -0.03281873 0.11764706 0.63921569 0.14117647
v -0.07613469 -0.01408285 -0.03288676 0.11764706 0.63921569 0.14117647
v -0.07459182 -0.02023153 -0.03281455 0.11764706 0.63921569 0.14117647
v -0.07305569 -0.02330913 -0.03277583 0.11764706 0.63921569 0.14117647
v -0.07305569 -0.02177033 -0.03275594 0.11764706 0.63921569 0.14117647
v -0.06042980 -0.00449142 -0.03211440 0.11764706 0.63921569 0.14117647
v -0.05489166 -0.01273966 -0.03211440 0.11764706 0.63921569 0.14117647
v -0.06536832 -0.02945782 -0.03282083 0.11764706 0.63921569 0.14117647
v -0.06229606 -0.03063148 -0.03301758 0.11764706 0.63921569 0.14117647
v -0.05574731 -0.01215283 -0.03211440 0.11764706 0.63921569 0.14117647
v -0.05659622 -0.01146167 -0.03211440 0.11764706 0.63921569 0.14117647
v -0.06998344 -0.02638022 -0.03276327 0.11764706 0.63921569 0.14117647
v -0.07151956 -0.02638022 -0.03280199 0.11764706 0.63921569 0.14117647
v -0.06998344 -0.02791902 -0.03282083 0.11764706 0.63921569 0.14117647
v -0.06690445 -0.02945782 -0.03290665 0.11764706 0.63921569 0.14117647
v -0.07154651 -0.02796466 -0.03301340 0.11764706 0.63921569 0.14117647
v -0.07253691 -0.02748216 -0.03311596 0.11764706 0.63921569 0.14117647
v -0.07391808 -0.02578687 -0.03316933 0.11764706 0.63921569 0.14117647
v -0.07356100 -0.02681056 -0.03362773 0.11764706 0.63921569 0.14117647
v -0.07409325 -0.02633458 -0.03408822 0.11764706 0.63921569 0.14117647
v -0.07540705 -0.02416982 -0.03462825 0.11764706 0.63921569 0.14117647
v -0.07580455 -0.02330913 -0.03554818 0.11764706 0.63921569 0.14117647
v -0.07632333 -0.02177033 -0.03554818 0.11764706 0.63921569 0.14117647
v -0.07674105 -0.02046626 -0.03708558 0.11764706 0.63921569 0.14117647
v -0.07697012 -0.01969687 -0.03708558 0.11764706 0.63921569 0.14117647
v -0.07721267 -0.01869273 -0.03708558 0.11764706 0.63921569 0.14117647
v -0.07754280 -0.01715393 -0.03708558 0.11764706 0.63921569 0.14117647
v -0.07782577 -0.01562165 -0.03708558 0.11764706 0.63921569 0.14117647
v -0.07777187 -0.01562165 -0.03554818 0.11764706 0.63921569 0.14117647
v -0.07817612 -0.01254405 -0.03554818 0.11764706 0.63921569 0.14117647
v -0.07835803 -0.01089440 -0.03561202 0.11764706 0.63921569 0.14117647
v -0.07702402 -0.01869273 -0.03444196 0.11764706 0.63921569 0.14117647
v -0.07714530 -0.01709525 -0.03394170 0.11764706 0.63921569 0.14117647
v -0.07676800 -0.01756471 -0.03338388 0.11764706 0.63921569 0.14117647
v -0.07537336 -0.02257233 -0.03323213 0.11764706 0.63921569 0.14117647
v -0.07548789 -0.02177033 -0.03315468 0.11764706 0.63921569 0.14117647
v -0.07567654 -0.02023153 -0.03305631 0.11764706 0.63921569 0.14117647
v -0.07613469 -0.01562165 -0.03293700 0.11764706 0.63921569 0.14117647
v -0.07584498 -0.01869273 -0.03301968 0.11764706 0.63921569 0.14117647
v -0.07459182 -0.02177033 -0.03292130 0.11764706 0.63921569 0.14117647
v -0.07305569 -0.02484142 -0.03284909 0.11764706 0.63921569 0.14117647
v -0.07151956 -0.02484142 -0.03276222 0.11764706 0.63921569 0.14117647
v -0.05788306 -0.00975986 -0.03211440 0.11764706 0.63921569 0.14117647
v -0.05905537 -0.00790156 -0.03211440 0.11764706 0.63921569 0.14117647
v -0.05908906 -0.00784288 -0.03211440 0.11764706 0.63921569 0.14117647
v -0.05912275 -0.00776463 -0.03211440 0.11764706 0.63921569 0.14117647
v -0.06009967 -0.00532603 -0.03211440 0.11764706 0.63921569 0.14117647
v -0.05729017 -0.01060750 -0.03211440 0.11764706 0.63921569 0.14117647
v -0.07305569 -0.02633458 -0.03303328 0.11764706 0.63921569 0.14117647
v -0.07412020 -0.02484142 -0.03308142 0.11764706 0.63921569 0.14117647
v -0.07515102 -0.02360255 -0.03360366 0.11764706 0.63921569 0.14117647
v -0.07486132 -0.02475013 -0.03407357 0.11764706 0.63921569 0.14117647
v -0.07554179 -0.02317221 -0.03407357 0.11764706 0.63921569 0.14117647
v -0.07692296 -0.01955342 -0.03469941 0.11764706 0.63921569 0.14117647
v -0.07672758 -0.02042062 -0.03554818 0.11764706 0.63921569 0.14117647
v -0.07695665 -0.01965122 -0.03554818 0.11764706 0.63921569 0.14117647
v -0.07718572 -0.01869273 -0.03554818 0.11764706 0.63921569 0.14117647
v -0.07750238 -0.01715393 -0.03554818 0.11764706 0.63921569 0.14117647
v -0.07595951 -0.02177033 -0.03400973 0.11764706 0.63921569 0.14117647
f 1987 1988 1997
f 1987 1997 2008
f 1987 2008 2034
f 1987 2034 2069
f 1987 2069 2114
f 1987 2114 2163
f 1987 2163 2218
f 1987 2218 2272
f 1987 2272 2331
f 1987 2331 2403
f 1987 2403 2470
f 1987 2470 2478
f 1987 2478 2477
f 1987 2477 2411
f 1987 2411 2337
f 1987 2337 2334
f 1987 2334 2275
f 1987 2275 2229
f 1987 2229 2170
f 1987 2170 2117
f 1987 2117 2070
f 1987 2070 2035
f 1987 2035 2009
f 1987 2009 1999
f 1987 1999 1989
f 1987 1989 1990
f 1987 1990 1991
f 1987 1991 1992
f 1987 1992 1993
f 1987 1993 1994
f 1987 1994 1995
f 1987 1995 1988
f 1988 1996 1997
f 1988 1995 1998
f 1988 1998 1996
f 1989 1999 2000
f 1989 2000 1990
f 1990 2000 2001
f 1990 2001 1991
f 1991 2002 1992
f 1991 2001 2002
f 1992 2002 2003
f 1992 2003 2004
f 1992 2004 1993
f 1993 2004 2027
f 1993 2027 2005
f 1993 2005 1998
f 1993 1998 1994
f 1994 1998 1995
f 1996 1998 2006
f 1996 2006 2007
f 1996 2007 1997
f 1997 2007 2008
f 1998 2005 2029
f 1998 2029 2006
f 1999 2009 2010
f 1999 2010 2011
f 1999 2011 2001
f 1999 2001 2000
f 2001 2012 2013
f 2001 2013 2014
f 2001 2014 2015
f 2001 2015 2016
f 2001 2016 2017
f 2001 2017 2018
f 2001 2018 2019
f 2001 2019 2020
f 2001 2020 2021
f 2001 2021 2022
f 2001 2022 2023
f 2001 2023 2024
f 2001 2024 2002
f 2001 2011 2010
f 2001 2010 2035
f 2001 2035 2070
f 2001 2070 2118
f 2001 2118 2175
f 2001 2175 2241
f 2001 2241 2299
f 2001 2299 2363
f 2001 2363 2439
f 2001 2439 2509
f 2001 2509 2583
f 2001 2583 2510
f 2001 2510 2440
f 2001 2440 2364
f 2001 2364 2300
f 2001 2300 2242
f 2001 2242 2177
f 2001 2177 2176
f 2001 2176 2119
f 2001 2119 2071
f 2001 2071 2036
f 2001 2036 2012
f 2002 2024 2025
f 2002 2025 2026
f 2002 2026 2003
f 2003 2026 2028
f 2003 2028 2004
f 2004 2028 2027
f 2005 2027 2058
f 2005 2058 2029
f 2006 2029 2030
f 2006 2030 2031
f 2006 2031 2007
f 2007 2031 2032
f 2007 2032 2033
f 2007 2033 2034
f 2007 2034 2008
f 2009 2035 2010
f 2012 2036 2037
f 2012 2037 2038
f 2012 2038 2039
f 2012 2039 2013
f 2013 2039 2040
f 2013 2040 2041
f 2013 2041 2016
f 2013 2016 2014
f 2014 2016 2015
f 2016 2042 2043
f 2016 2043 2044
f 2016 2044 2045
f 2016 2045 2046
f 2016 2046 2047
f 2016 2047 2048
f 2016 2048 2017
f 2016 2041 2049
f 2016 2049 2050
f 2016 2050 2042
f 2017 2048 2018
f 2018 2048 2019
f 2019 2048 2051
f 2019 2051 2020
f 2020 2051 2021
f 2021 2051 2022
f 2022 2051 2023
f 2023 2051 2052
f 2023 2052 2053
f 2023 2053 2024
f 2024 2053 2025
f 2025 2053 2059
f 2025 2059 2028
f 2025 2028 2026
f 2027 2028 2054
f 2027 2054 2055
f 2027 2055 2056
f 2027 2056 2057
f 2027 2057 2058
f 2028 2059 2060
f 2028 2060 2054
f 2029 2058 2061
f 2029 2061 2062
f 2029 2062 2063
f 2029 2063 2030
f 2030 2063 2064
f 2030 2064 2065
f 2030 2065 2031
f 2031 2066 2067
f 2031 2067 2032
f 2031 2065 2068
f 2031 2068 2066
f 2032 2067 2033
f 2033 2067 2069
f 2033 2069 2034
f 2036 2071 2072
f 2036 2072 2037
f 2037 2073 2074
f 2037 2074 2075
f 2037 2075 2076
f 2037 2076 2077
f 2037 2077 2078
f 2037 2078 2038
f 2037 2072 2079
f 2037 2079 2080
f 2037 2080 2081
f 2037 2081 2082
f 2037 2082 2073
f 2038 2078 2040
f 2038 2040 2039
f 2040 2083 2084
f 2040 2084 2041
f 2040 2078 2083
f 2041 2084 2092
f 2041 2092 2049
f 2042 2085 2043
f 2042 2050 2086
f 2042 2086 2085
f 2043 2087 2089
f 2043 2089 2044
f 2043 2085 2088
f 2043 2088 2087
f 2044 2089 2045
f 2045 2089 2046
f 2046 2089 2047
f 2047 2090 2048
f 2047 2089 2090
f 2048 2090 2091
f 2048 2091 2096
f 2048 2096 2051
f 2049 2092 2093
f 2049 2093 2050
f 2050 2093 2094
f 2050 2094 2095
f 2050 2095 2088
f 2050 2088 2086
f 2051 2096 2097
f 2051 2097 2052
f 2052 2097 2059
f 2052 2059 2053
f 2054 2060 2055
f 2055 2098 2099
f 2055 2099 2056
f 2055 2060 2100
f 2055 2100 2098
f 2056 2099 2061
f 2056 2061 2057
f 2057 2061 2058
f 2059 2097 2060
f 2060 2097 2096
f 2060 2096 2101
f 2060 2101 2100
f 2061 2099 2102
f 2061 2102 2062
f 2062 2102 2103
f 2062 2103 2104
f 2062 2104 2063
f 2063 2104 2064
f 2064 2105 2106
f 2064 2106 2107
f 2064 2107 2108
f 2064 2108 2109
f 2064 2109 2065
f 2064 2104 2105
f 2065 2109 2066
f 2065 2066 2068
f 2066 2109 2110
f 2066 2110 2067
f 2067 2110 2111
f 2067 2111 2112
f 2067 2112 2069
f 2069 2113 2114
f 2069 2112 2115
f 2069 2115 2116
f 2069 2116 2113
f 2070 2117 2118
f 2071 2119 2120
f 2071 2120 2121
f 2071 2121 2122
f 2071 2122 2079
f 2071 2079 2072
f 2073 2123 2124
f 2073 2124 2074
f 2073 2082 2125
f 2073 2125 2123
f 2074 2124 2075
f 2075 2124 2126
f 2075 2126 2076
f 2076 2126 2077
f 2077 2126 2127
f 2077 2127 2078
f 2078 2127 2083
f 2079 2122 2121
f 2079 2121 2128
f 2079 2128 2129
f 2079 2129 2080
f 2080 2129 2130
f 2080 2130 2131
f 2080 2131 2132
f 2080 2132 2081
f 2081 2132 2133
f 2081 2133 2082
f 2082 2133 2125
f 2083 2134 2137
f 2083 2137 2084
f 2083 2127 2135
f 2083 2135 2136
f 2083 2136 2134
f 2084 2137 2138
f 2084 2138 2092
f 2085 2086 2088
f 2087 2088 2139
f 2087 2139 2140
f 2087 2140 2089
f 2088 2095 2139
f 2089 2140 2141
f 2089 2141 2090
f 2090 2141 2142
f 2090 2142 2091
f 2091 2142 2143
f 2091 2143 2101
f 2091 2101 2096
f 2092 2138 2144
f 2092 2144 2093
f 2093 2144 2145
f 2093 2145 2094
f 2094 2145 2146
f 2094 2146 2140
f 2094 2140 2095
f 2095 2140 2139
f 2098 2100 2147
f 2098 2147 2148
f 2098 2148 2149
f 2098 2149 2150
f 2098 2150 2102
f 2098 2102 2099
f 2100 2101 2147
f 2101 2143 2151
f 2101 2151 2152
f 2101 2152 2153
f 2101 2153 2147
f 2102 2150 2154
f 2102 2154 2155
f 2102 2155 2156
f 2102 2156 2157
f 2102 2157 2158
f 2102 2158 2106
f 2102 2106 2103
f 2103 2106 2104
f 2104 2106 2105
f 2106 2158 2159
f 2106 2159 2160
f 2106 2160 2107
f 2107 2160 2108
f 2108 2160 2109
f 2109 2160 2161
f 2109 2161 2110
f 2110 2161 2162
f 2110 2162 2111
f 2111 2162 2112
f 2112 2162 2115
f 2113 2116 2162
f 2113 2162 2114
f 2114 2162 2164
f 2114 2164 2165
f 2114 2165 2166
f 2114 2166 2167
f 2114 2167 2168
f 2114 2168 2169
f 2114 2169 2163
f 2115 2162 2116
f 2117 2170 2171
f 2117 2171 2172
f 2117 2172 2173
f 2117 2173 2174
f 2117 2174 2175
f 2117 2175 2118
f 2119 2176 2120
f 2120 2176 2177
f 2120 2177 2178
f 2120 2178 2179
f 2120 2179 2128
f 2120 2128 2121
f 2123 2125 2180
f 2123 2180 2124
f 2124 2180 2181
f 2124 2181 2182
f 2124 2182 2126
f 2125 2133 2183
f 2125 2183 2180
f 2126 2182 2184
f 2126 2184 2135
f 2126 2135 2127
f 2128 2179 2185
f 2128 2185 2186
f 2128 2186 2187
f 2128 2187 2188
f 2128 2188 2189
f 2128 2189 2129
f 2129 2189 2190
f 2129 2190 2130
f 2130 2190 2131
f 2131 2191 2132
f 2131 2190 2192
f 2131 2192 2193
f 2131 2193 2191
f 2132 2194 2133
f 2132 2191 2194
f 2133 2194 2183
f 2134 2136 2195
f 2134 2195 2196
f 2134 2196 2197
f 2134 2197 2137
f 2135 2184 2195
f 2135 2195 2136
f 2137 2197 2198
f 2137 2198 2199
f 2137 2199 2138
f 2138 2200 2201
f 2138 2201 2202
f 2138 2202 2144
f 2138 2199 2200
f 2140 2202 2203
f 2140 2203 2204
f 2140 2204 2141
f 2140 2146 2205
f 2140 2205 2202
f 2141 2204 2203
f 2141 2203 2202
f 2141 2202 2142
f 2142 2202 2143
f 2143 2202 2151
f 2144 2202 2145
f 2145 2202 2146
f 2146 2202 2205
f 2147 2153 2206
f 2147 2206 2207
f 2147 2207 2208
f 2147 2208 2148
f 2148 2208 2149
f 2149 2209 2210
f 2149 2210 2211
f 2149 2211 2212
f 2149 2212 2213
f 2149 2213 2150
f 2149 2208 2209
f 2150 2213 2212
f 2150 2212 2154
f 2151 2202 2209
f 2151 2209 2152
f 2152 2209 2153
f 2153 2209 2206
f 2154 2212 2211
f 2154 2211 2214
f 2154 2214 2155
f 2155 2214 2156
f 2156 2214 2157
f 2157 2214 2158
f 2158 2214 2159
f 2159 2215 2216
f 2159 2216 2160
f 2159 2214 2217
f 2159 2217 2215
f 2160 2216 2162
f 2160 2162 2161
f 2162 2216 2215
f 2162 2215 2270
f 2162 2270 2271
f 2162 2271 2330
f 2162 2330 2329
f 2162 2329 2328
f 2162 2328 2327
f 2162 2327 2402
f 2162 2402 2469
f 2162 2469 2468
f 2162 2468 2546
f 2162 2546 2611
f 2162 2611 2610
f 2162 2610 2663
f 2162 2663 2710
f 2162 2710 2751
f 2162 2751 2750
f 2162 2750 2749
f 2162 2749 2748
f 2162 2748 2747
f 2162 2747 2752
f 2162 2752 2715
f 2162 2715 2714
f 2162 2714 2711
f 2162 2711 2664
f 2162 2664 2612
f 2162 2612 2552
f 2162 2552 2471
f 2162 2471 2409
f 2162 2409 2408
f 2162 2408 2407
f 2162 2407 2406
f 2162 2406 2405
f 2162 2405 2404
f 2162 2404 2333
f 2162 2333 2332
f 2162 2332 2274
f 2162 2274 2273
f 2162 2273 2228
f 2162 2228 2227
f 2162 2227 2226
f 2162 2226 2225
f 2162 2225 2224
f 2162 2224 2223
f 2162 2223 2222
f 2162 2222 2221
f 2162 2221 2220
f 2162 2220 2219
f 2162 2219 2169
f 2162 2169 2168
f 2162 2168 2167
f 2162 2167 2166
f 2162 2166 2165
f 2162 2165 2164
f 2163 2169 2219
f 2163 2219 2220
f 2163 2220 2221
f 2163 2221 2222
f 2163 2222 2223
f 2163 2223 2224
f 2163 2224 2225
f 2163 2225 2226
f 2163 2226 2227
f 2163 2227 2228
f 2163 2228 2218
f 2170 2229 2230
f 2170 2230 2231
f 2170 2231 2171
f 2171 2231 2172
f 2172 2231 2232
f 2172 2232 2173
f 2173 2232 2233
f 2173 2233 2234
f 2173 2234 2235
f 2173 2235 2236
f 2173 2236 2237
f 2173 2237 2238
f 2173 2238 2174
f 2174 2238 2175
f 2175 2238 2237
f 2175 2237 2236
f 2175 2236 2239
f 2175 2239 2240
f 2175 2240 2241
f 2177 2242 2243
f 2177 2243 2178
f 2178 2244 2185
f 2178 2185 2179
f 2178 2243 2244
f 2180 2183 2195
f 2180 2195 2181
f 2181 2195 2182
f 2182 2195 2184
f 2183 2245 2195
f 2183 2194 2246
f 2183 2246 2245
f 2185 2244 2247
f 2185 2247 2248
f 2185 2248 2249
f 2185 2249 2250
f 2185 2250 2251
f 2185 2251 2186
f 2186 2251 2252
f 2186 2252 2253
f 2186 2253 2187
f 2187 2253 2254
f 2187 2254 2188
f 2188 2254 2255
f 2188 2255 2189
f 2189 2255 2190
f 2190 2255 2192
f 2191 2193 2256
f 2191 2256 2194
f 2192 2255 2193
f 2193 2255 2257
f 2193 2257 2256
f 2194 2256 2258
f 2194 2258 2246
f 2195 2245 2259
f 2195 2259 2196
f 2196 2259 2260
f 2196 2260 2261
f 2196 2261 2197
f 2197 2261 2262
f 2197 2262 2198
f 2198 2262 2263
f 2198 2263 2199
f 2199 2263 2200
f 2200 2263 2201
f 2201 2263 2264
f 2201 2264 2202
f 2202 2264 2265
f 2202 2265 2209
f 2206 2209 2207
f 2207 2209 2208
f 2209 2265 2266
f 2209 2266 2210
f 2210 2266 2211
f 2211 2266 2267
f 2211 2267 2214
f 2214 2267 2268
f 2214 2268 2269
f 2214 2269 2217
f 2215 2217 2270
f 2217 2269 2271
f 2217 2271 2270
f 2218 2228 2273
f 2218 2273 2274
f 2218 2274 2272
f 2229 2275 2230
f 2230 2275 2231
f 2231 2276 2232
f 2231 2275 2277
f 2231 2277 2276
f 2232 2276 2278
f 2232 2278 2233
f 2233 2278 2279
f 2233 2279 2339
f 2233 2339 2280
f 2233 2280 2281
f 2233 2281 2234
f 2234 2281 2235
f 2235 2281 2282
f 2235 2282 2240
f 2235 2240 2239
f 2235 2239 2236
f 2240 2282 2283
f 2240 2283 2284
f 2240 2284 2285
f 2240 2285 2286
f 2240 2286 2287
f 2240 2287 2288
f 2240 2288 2289
f 2240 2289 2290
f 2240 2290 2291
f 2240 2291 2292
f 2240 2292 2241
f 2241 2292 2293
f 2241 2293 2294
f 2241 2294 2295
f 2241 2295 2296
f 2241 2296 2297
f 2241 2297 2298
f 2241 2298 2299
f 2242 2300 2301
f 2242 2301 2302
f 2242 2302 2244
f 2242 2244 2243
f 2244 2302 2247
f 2245 2246 2303
f 2245 2303 2260
f 2245 2260 2259
f 2246 2304 2303
f 2246 2258 2304
f 2247 2305 2306
f 2247 2306 2307
f 2247 2307 2308
f 2247 2308 2309
f 2247 2309 2310
f 2247 2310 2311
f 2247 2311 2312
f 2247 2312 2248
f 2247 2302 2305
f 2248 2312 2313
f 2248 2313 2314
f 2248 2314 2249
f 2249 2314 2250
f 2250 2314 2315
f 2250 2315 2251
f 2251 2316 2252
f 2251 2315 2316
f 2252 2316 2317
f 2252 2317 2318
f 2252 2318 2253
f 2253 2319 2254
f 2253 2318 2319
f 2254 2319 2257
f 2254 2257 2255
f 2256 2320 2321
f 2256 2321 2258
f 2256 2257 2319
f 2256 2319 2322
f 2256 2322 2320
f 2258 2321 2304
f 2260 2303 2261
f 2261 2263 2262
f 2261 2303 2267
f 2261 2267 2263
f 2263 2266 2264
f 2263 2267 2266
f 2264 2266 2265
f 2267 2303 2268
f 2268 2303 2323
f 2268 2323 2269
f 2269 2323 2324
f 2269 2324 2325
f 2269 2325 2326
f 2269 2326 2327
f 2269 2327 2328
f 2269 2328 2329
f 2269 2329 2330
f 2269 2330 2271
f 2272 2274 2332
f 2272 2332 2333
f 2272 2333 2331
f 2275 2334 2277
f 2276 2277 2335
f 2276 2335 2336
f 2276 2336 2278
f 2277 2334 2337
f 2277 2337 2335
f 2278 2336 2338
f 2278 2338 2279
f 2279 2338 2414
f 2279 2414 2339
f 2280 2339 2340
f 2280 2340 2285
f 2280 2285 2284
f 2280 2284 2283
f 2280 2283 2282
f 2280 2282 2281
f 2285 2340 2341
f 2285 2341 2286
f 2286 2341 2287
f 2287 2341 2288
f 2288 2341 2342
f 2288 2342 2289
f 2289 2342 2290
f 2290 2342 2343
f 2290 2343 2291
f 2291 2343 2344
f 2291 2344 2292
f 2292 2344 2345
f 2292 2345 2346
f 2292 2346 2293
f 2293 2346 2347
f 2293 2347 2294
f 2294 2347 2348
f 2294 2348 2295
f 2295 2348 2349
f 2295 2349 2296
f 2296 2349 2350
f 2296 2350 2351
f 2296 2351 2352
f 2296 2352 2353
f 2296 2353 2354
f 2296 2354 2355
f 2296 2355 2356
f 2296 2356 2357
f 2296 2357 2358
f 2296 2358 2359
f 2296 2359 2298
f 2296 2298 2297
f 2298 2359 2299
f 2299 2359 2358
f 2299 2358 2360
f 2299 2360 2361
f 2299 2361 2362
f 2299 2362 2363
f 2300 2364 2365
f 2300 2365 2366
f 2300 2366 2367
f 2300 2367 2368
f 2300 2368 2369
f 2300 2369 2370
f 2300 2370 2371
f 2300 2371 2301
f 2301 2371 2305
f 2301 2305 2302
f 2303 2304 2323
f 2304 2321 2372
f 2304 2372 2323
f 2305 2371 2306
f 2306 2373 2374
f 2306 2374 2375
f 2306 2375 2376
f 2306 2376 2377
f 2306 2377 2378
f 2306 2378 2379
f 2306 2379 2380
f 2306 2380 2307
f 2306 2371 2370
f 2306 2370 2369
f 2306 2369 2373
f 2307 2380 2381
f 2307 2381 2308
f 2308 2381 2382
f 2308 2382 2384
f 2308 2384 2309
f 2309 2383 2310
f 2309 2384 2383
f 2310 2385 2386
f 2310 2386 2311
f 2310 2383 2385
f 2311 2386 2312
f 2312 2386 2313
f 2313 2387 2388
f 2313 2388 2314
f 2313 2386 2453
f 2313 2453 2387
f 2314 2388 2389
f 2314 2389 2315
f 2315 2389 2390
f 2315 2390 2316
f 2316 2390 2317
f 2317 2390 2391
f 2317 2391 2392
f 2317 2392 2318
f 2318 2392 2322
f 2318 2322 2319
f 2320 2393 2321
f 2320 2322 2393
f 2321 2393 2372
f 2322 2392 2393
f 2323 2372 2324
f 2324 2372 2394
f 2324 2394 2395
f 2324 2395 2325
f 2325 2395 2396
f 2325 2396 2397
f 2325 2397 2398
f 2325 2398 2399
f 2325 2399 2326
f 2326 2399 2400
f 2326 2400 2401
f 2326 2401 2402
f 2326 2402 2327
f 2331 2333 2404
f 2331 2404 2405
f 2331 2405 2406
f 2331 2406 2407
f 2331 2407 2408
f 2331 2408 2409
f 2331 2409 2410
f 2331 2410 2403
f 2335 2337 2411
f 2335 2411 2336
f 2336 2411 2412
f 2336 2412 2413
f 2336 2413 2338
f 2338 2413 2481
f 2338 2481 2414
f 2339 2414 2415
f 2339 2415 2341
f 2339 2341 2340
f 2341 2415 2416
f 2341 2416 2342
f 2342 2416 2417
f 2342 2417 2343
f 2343 2417 2418
f 2343 2418 2344
f 2344 2418 2419
f 2344 2419 2345
f 2345 2419 2420
f 2345 2420 2348
f 2345 2348 2346
f 2346 2348 2347
f 2348 2420 2421
f 2348 2421 2349
f 2349 2421 2422
f 2349 2422 2350
f 2350 2422 2423
f 2350 2423 2351
f 2351 2423 2424
f 2351 2424 2352
f 2352 2424 2353
f 2353 2425 2354
f 2353 2424 2425
f 2354 2425 2426
f 2354 2426 2427
f 2354 2427 2355
f 2355 2427 2356
f 2356 2427 2428
f 2356 2428 2429
f 2356 2429 2357
f 2357 2429 2430
f 2357 2430 2431
f 2357 2431 2358
f 2358 2432 2433
f 2358 2433 2434
f 2358 2434 2435
f 2358 2435 2361
f 2358 2361 2360
f 2358 2431 2436
f 2358 2436 2432
f 2361 2435 2362
f 2362 2435 2437
f 2362 2437 2438
f 2362 2438 2363
f 2363 2438 2439
f 2364 2440 2441
f 2364 2441 2365
f 2365 2441 2442
f 2365 2442 2443
f 2365 2443 2366
f 2366 2443 2374
f 2366 2374 2373
f 2366 2373 2369
f 2366 2369 2368
f 2366 2368 2367
f 2372 2393 2394
f 2374 2443 2518
f 2374 2518 2444
f 2374 2444 2375
f 2375 2444 2376
f 2376 2445 2377
f 2376 2444 2446
f 2376 2446 2445
f 2377 2447 2378
f 2377 2445 2447
f 2378 2447 2379
f 2379 2447 2381
f 2379 2381 2380
f 2381 2447 2522
f 2381 2522 2448
f 2381 2448 2449
f 2381 2449 2450
f 2381 2450 2382
f 2382 2450 2384
f 2383 2451 2452
f 2383 2452 2385
f 2383 2384 2450
f 2383 2450 2451
f 2385 2452 2386
f 2386 2452 2453
f 2387 2453 2454
f 2387 2454 2455
f 2387 2455 2388
f 2388 2455 2391
f 2388 2391 2389
f 2389 2391 2390
f 2391 2455 2456
f 2391 2456 2457
f 2391 2457 2392
f 2392 2457 2393
f 2393 2457 2394
f 2394 2457 2456
f 2394 2456 2458
f 2394 2458 2395
f 2395 2458 2459
f 2395 2459 2460
f 2395 2460 2396
f 2396 2460 2461
f 2396 2461 2397
f 2397 2461 2462
f 2397 2462 2398
f 2398 2462 2463
f 2398 2463 2464
f 2398 2464 2399
f 2399 2464 2465
f 2399 2465 2466
f 2399 2466 2400
f 2400 2466 2467
f 2400 2467 2401
f 2401 2467 2468
f 2401 2468 2469
f 2401 2469 2402
f 2403 2410 2470
f 2409 2471 2472
f 2409 2472 2410
f 2410 2472 2556
f 2410 2556 2473
f 2410 2473 2474
f 2410 2474 2475
f 2410 2475 2476
f 2410 2476 2470
f 2411 2477 2412
f 2412 2477 2478
f 2412 2478 2479
f 2412 2479 2480
f 2412 2480 2413
f 2413 2480 2481
f 2414 2481 2558
f 2414 2558 2482
f 2414 2482 2415
f 2415 2482 2483
f 2415 2483 2484
f 2415 2484 2416
f 2416 2484 2417
f 2417 2484 2485
f 2417 2485 2418
f 2418 2485 2486
f 2418 2486 2487
f 2418 2487 2488
f 2418 2488 2419
f 2419 2488 2489
f 2419 2489 2420
f 2420 2489 2490
f 2420 2490 2421
f 2421 2490 2422
f 2422 2490 2491
f 2422 2491 2423
f 2423 2491 2492
f 2423 2492 2424
f 2424 2492 2493
f 2424 2493 2425
f 2425 2493 2494
f 2425 2494 2426
f 2426 2494 2495
f 2426 2495 2427
f 2427 2495 2428
f 2428 2495 2496
f 2428 2496 2429
f 2429 2496 2497
f 2429 2497 2498
f 2429 2498 2430
f 2430 2498 2499
f 2430 2499 2500
f 2430 2500 2436
f 2430 2436 2431
f 2432 2436 2500
f 2432 2500 2501
f 2432 2501 2502
f 2432 2502 2433
f 2433 2502 2434
f 2434 2503 2504
f 2434 2504 2435
f 2434 2502 2503
f 2435 2504 2505
f 2435 2505 2437
f 2437 2505 2438
f 2438 2505 2506
f 2438 2506 2507
f 2438 2507 2508
f 2438 2508 2439
f 2439 2508 2509
f 2440 2510 2511
f 2440 2511 2441
f 2441 2511 2512
f 2441 2512 2513
f 2441 2513 2514
f 2441 2514 2442
f 2442 2515 2516
f 2442 2516 2443
f 2442 2514 2515
f 2443 2516 2517
f 2443 2517 2518
f 2444 2518 2519
f 2444 2519 2520
f 2444 2520 2521
f 2444 2521 2446
f 2445 2446 2521
f 2445 2521 2522
f 2445 2522 2447
f 2448 2522 2523
f 2448 2523 2449
f 2449 2523 2524
f 2449 2524 2454
f 2449 2454 2450
f 2450 2454 2451
f 2451 2454 2525
f 2451 2525 2526
f 2451 2526 2452
f 2452 2527 2453
f 2452 2526 2527
f 2453 2527 2525
f 2453 2525 2454
f 2454 2524 2528
f 2454 2528 2529
f 2454 2529 2530
f 2454 2530 2455
f 2455 2530 2458
f 2455 2458 2456
f 2458 2530 2529
f 2458 2529 2531
f 2458 2531 2532
f 2458 2532 2459
f 2459 2532 2533
f 2459 2533 2460
f 2460 2533 2461
f 2461 2533 2534
f 2461 2534 2535
f 2461 2535 2462
f 2462 2535 2536
f 2462 2536 2463
f 2463 2536 2537
f 2463 2537 2464
f 2464 2537 2538
f 2464 2538 2539
f 2464 2539 2465
f 2465 2539 2540
f 2465 2540 2466
f 2466 2540 2541
f 2466 2541 2542
f 2466 2542 2467
f 2467 2542 2543
f 2467 2543 2544
f 2467 2544 2545
f 2467 2545 2546
f 2467 2546 2468
f 2470 2547 2548
f 2470 2548 2549
f 2470 2549 2478
f 2470 2476 2475
f 2470 2475 2480
f 2470 2480 2550
f 2470 2550 2551
f 2470 2551 2547
f 2471 2552 2472
f 2472 2553 2554
f 2472 2554 2555
f 2472 2555 2556
f 2472 2552 2553
f 2473 2556 2480
f 2473 2480 2474
f 2474 2480 2475
f 2478 2549 2548
f 2478 2548 2547
f 2478 2547 2479
f 2479 2547 2550
f 2479 2550 2480
f 2480 2557 2481
f 2480 2556 2555
f 2480 2555 2557
f 2481 2557 2559
f 2481 2559 2560
f 2481 2560 2558
f 2482 2558 2561
f 2482 2561 2483
f 2483 2561 2562
f 2483 2562 2563
f 2483 2563 2484
f 2484 2563 2485
f 2485 2563 2564
f 2485 2564 2486
f 2486 2564 2487
f 2487 2564 2488
f 2488 2564 2489
f 2489 2564 2565
f 2489 2565 2490
f 2490 2565 2566
f 2490 2566 2567
f 2490 2567 2568
f 2490 2568 2569
f 2490 2569 2491
f 2491 2569 2492
f 2492 2569 2493
f 2493 2569 2494
f 2494 2569 2495
f 2495 2569 2496
f 2496 2569 2497
f 2497 2569 2570
f 2497 2570 2498
f 2498 2570 2571
f 2498 2571 2499
f 2499 2571 2572
f 2499 2572 2501
f 2499 2501 2500
f 2501 2572 2502
f 2502 2572 2573
f 2502 2573 2574
f 2502 2574 2503
f 2503 2574 2634
f 2503 2634 2575
f 2503 2575 2504
f 2504 2575 2576
f 2504 2576 2505
f 2505 2577 2578
f 2505 2578 2579
f 2505 2579 2580
f 2505 2580 2506
f 2505 2576 2577
f 2506 2580 2507
f 2507 2580 2581
f 2507 2581 2508
f 2508 2581 2582
f 2508 2582 2509
f 2509 2582 2583
f 2510 2584 2585
f 2510 2585 2586
f 2510 2586 2511
f 2510 2583 2584
f 2511 2586 2512
f 2512 2587 2513
f 2512 2586 2585
f 2512 2585 2587
f 2513 2587 2588
f 2513 2588 2589
f 2513 2589 2515
f 2513 2515 2514
f 2515 2589 2590
f 2515 2590 2591
f 2515 2591 2592
f 2515 2592 2516
f 2516 2592 2517
f 2517 2592 2593
f 2517 2593 2518
f 2518 2593 2519
f 2519 2593 2594
f 2519 2594 2595
f 2519 2595 2520
f 2520 2595 2524
f 2520 2524 2523
f 2520 2523 2596
f 2520 2596 2521
f 2521 2596 2522
f 2522 2596 2523
f 2524 2595 2597
f 2524 2597 2598
f 2524 2598 2531
f 2524 2531 2528
f 2525 2527 2526
f 2528 2531 2529
f 2531 2598 2599
f 2531 2599 2532
f 2532 2599 2533
f 2533 2599 2597
f 2533 2597 2595
f 2533 2595 2600
f 2533 2600 2601
f 2533 2601 2534
f 2534 2601 2535
f 2535 2601 2536
f 2536 2601 2537
f 2537 2601 2539
f 2537 2539 2538
f 2539 2601 2540
f 2540 2601 2602
f 2540 2602 2603
f 2540 2603 2541
f 2541 2603 2604
f 2541 2604 2605
f 2541 2605 2542
f 2542 2605 2606
f 2542 2606 2607
f 2542 2607 2543
f 2543 2607 2544
f 2544 2607 2545
f 2545 2607 2608
f 2545 2608 2609
f 2545 2609 2610
f 2545 2610 2611
f 2545 2611 2546
f 2547 2551 2550
f 2552 2612 2553
f 2553 2613 2554
f 2553 2612 2614
f 2553 2614 2613
f 2554 2615 2560
f 2554 2560 2555
f 2554 2613 2616
f 2554 2616 2615
f 2555 2560 2559
f 2555 2559 2557
f 2558 2560 2561
f 2560 2615 2561
f 2561 2615 2562
f 2562 2615 2563
f 2563 2615 2564
f 2564 2615 2617
f 2564 2617 2618
f 2564 2618 2565
f 2565 2618 2619
f 2565 2619 2620
f 2565 2620 2566
f 2566 2620 2621
f 2566 2621 2622
f 2566 2622 2623
f 2566 2623 2624
f 2566 2624 2567
f 2567 2624 2568
f 2568 2624 2625
f 2568 2625 2569
f 2569 2625 2626
f 2569 2626 2627
f 2569 2627 2570
f 2570 2628 2629
f 2570 2629 2571
f 2570 2627 2628
f 2571 2630 2631
f 2571 2631 2632
f 2571 2632 2633
f 2571 2633 2574
f 2571 2574 2573
f 2571 2573 2572
f 2571 2629 2628
f 2571 2628 2630
f 2574 2633 2634
f 2575 2634 2676
f 2575 2676 2635
f 2575 2635 2576
f 2576 2635 2577
f 2577 2635 2636
f 2577 2636 2637
f 2577 2637 2578
f 2578 2637 2638
f 2578 2638 2579
f 2579 2638 2639
f 2579 2639 2580
f 2580 2639 2640
f 2580 2640 2641
f 2580 2641 2642
f 2580 2642 2643
f 2580 2643 2581
f 2581 2643 2582
f 2582 2643 2644
f 2582 2644 2645
f 2582 2645 2583
f 2583 2645 2644
f 2583 2644 2646
f 2583 2646 2584
f 2584 2646 2647
f 2584 2647 2587
f 2584 2587 2585
f 2587 2647 2588
f 2588 2648 2649
f 2588 2649 2589
f 2588 2647 2650
f 2588 2650 2651
f 2588 2651 2648
f 2589 2649 2652
f 2589 2652 2590
f 2590 2652 2653
f 2590 2653 2654
f 2590 2654 2655
f 2590 2655 2591
f 2591 2655 2656
f 2591 2656 2592
f 2592 2656 2594
f 2592 2594 2593
f 2594 2656 2657
f 2594 2657 2603
f 2594 2603 2601
f 2594 2601 2600
f 2594 2600 2595
f 2597 2599 2598
f 2601 2603 2602
f 2603 2657 2656
f 2603 2656 2604
f 2604 2656 2655
f 2604 2655 2658
f 2604 2658 2608
f 2604 2608 2607
f 2604 2607 2606
f 2604 2606 2605
f 2608 2658 2659
f 2608 2659 2660
f 2608 2660 2609
f 2609 2660 2661
f 2609 2661 2662
f 2609 2662 2663
f 2609 2663 2610
f 2612 2664 2614
f 2613 2665 2616
f 2613 2614 2665
f 2614 2666 2665
f 2614 2664 2666
f 2615 2616 2617
f 2616 2665 2667
f 2616 2667 2617
f 2617 2667 2618
f 2618 2621 2620
f 2618 2620 2619
f 2618 2667 2668
f 2618 2668 2669
f 2618 2669 2621
f 2621 2669 2622
f 2622 2669 2623
f 2623 2669 2624
f 2624 2669 2670
f 2624 2670 2625
f 2625 2627 2626
f 2625 2670 2628
f 2625 2628 2627
f 2628 2670 2671
f 2628 2671 2672
f 2628 2672 2630
f 2630 2672 2631
f 2631 2672 2632
f 2632 2673 2633
f 2632 2672 2673
f 2633 2673 2674
f 2633 2674 2675
f 2633 2675 2676
f 2633 2676 2634
f 2635 2676 2677
f 2635 2677 2636
f 2636 2677 2637
f 2637 2677 2678
f 2637 2678 2638
f 2638 2678 2679
f 2638 2679 2680
f 2638 2680 2681
f 2638 2681 2639
f 2639 2681 2682
f 2639 2682 2640
f 2640 2682 2683
f 2640 2683 2641
f 2641 2683 2684
f 2641 2684 2685
f 2641 2685 2642
f 2642 2685 2684
f 2642 2684 2686
f 2642 2686 2687
f 2642 2687 2643
f 2643 2687 2688
f 2643 2688 2689
f 2643 2689 2647
f 2643 2647 2644
f 2644 2647 2646
f 2647 2689 2690
f 2647 2690 2650
f 2648 2691 2649
f 2648 2651 2690
f 2648 2690 2692
f 2648 2692 2693
f 2648 2693 2691
f 2649 2691 2694
f 2649 2694 2652
f 2650 2690 2651
f 2652 2694 2695
f 2652 2695 2653
f 2653 2695 2696
f 2653 2696 2697
f 2653 2697 2698
f 2653 2698 2654
f 2654 2699 2658
f 2654 2658 2655
f 2654 2698 2699
f 2658 2699 2698
f 2658 2698 2700
f 2658 2700 2701
f 2658 2701 2702
f 2658 2702 2703
f 2658 2703 2659
f 2659 2703 2704
f 2659 2704 2705
f 2659 2705 2660
f 2660 2705 2661
f 2661 2705 2704
f 2661 2704 2706
f 2661 2706 2707
f 2661 2707 2708
f 2661 2708 2709
f 2661 2709 2710
f 2661 2710 2662
f 2662 2710 2663
f 2664 2711 2666
f 2665 2712 2713
f 2665 2713 2667
f 2665 2666 2712
f 2666 2711 2714
f 2666 2714 2715
f 2666 2715 2716
f 2666 2716 2717
f 2666 2717 2718
f 2666 2718 2712
f 2667 2713 2668
f 2668 2713 2712
f 2668 2712 2669
f 2669 2712 2719
f 2669 2719 2670
f 2670 2719 2671
f 2671 2718 2672
f 2671 2719 2718
f 2672 2718 2720
f 2672 2720 2721
f 2672 2721 2673
f 2673 2721 2722
f 2673 2722 2723
f 2673 2723 2674
f 2674 2723 2675
f 2675 2724 2725
f 2675 2725 2679
f 2675 2679 2678
f 2675 2678 2677
f 2675 2677 2676
f 2675 2723 2724
f 2679 2725 2680
f 2680 2725 2726
f 2680 2726 2681
f 2681 2726 2682
f 2682 2726 2727
f 2682 2727 2683
f 2683 2727 2728
f 2683 2728 2684
f 2684 2728 2729
f 2684 2729 2730
f 2684 2730 2687
f 2684 2687 2686
f 2687 2730 2731
f 2687 2731 2732
f 2687 2732 2688
f 2688 2732 2689
f 2689 2732 2692
f 2689 2692 2690
f 2691 2693 2694
f 2692 2732 2733
f 2692 2733 2696
f 2692 2696 2693
f 2693 2696 2734
f 2693 2734 2694
f 2694 2734 2735
f 2694 2735 2695
f 2695 2735 2734
f 2695 2734 2696
f 2696 2733 2697
f 2697 2736 2737
f 2697 2737 2698
f 2697 2733 2736
f 2698 2737 2736
f 2698 2736 2738
f 2698 2738 2739
f 2698 2739 2740
f 2698 2740 2741
f 2698 2741 2700
f 2700 2742 2701
f 2700 2741 2743
f 2700 2743 2742
f 2701 2742 2702
f 2702 2742 2706
f 2702 2706 2703
f 2703 2706 2704
f 2706 2742 2707
f 2707 2742 2743
f 2707 2743 2741
f 2707 2741 2744
f 2707 2744 2745
f 2707 2745 2708
f 2708 2745 2717
f 2708 2717 2746
f 2708 2746 2747
f 2708 2747 2748
f 2708 2748 2749
f 2708 2749 2750
f 2708 2750 2751
f 2708 2751 2710
f 2708 2710 2709
f 2712 2718 2719
f 2715 2752 2746
f 2715 2746 2716
f 2716 2746 2717
f 2717 2745 2753
f 2717 2753 2720
f 2717 2720 2718
f 2720 2753 2721
f 2721 2753 2722
f 2722 2754 2739
f 2722 2739 2755
f 2722 2755 2756
f 2722 2756 2724
f 2722 2724 2723
f 2722 2753 2754
f 2724 2756 2725
f 2725 2756 2755
f 2725 2755 2757
f 2725 2757 2758
f 2725 2758 2727
f 2725 2727 2726
f 2727 2758 2759
f 2727 2759 2728
f 2728 2759 2760
f 2728 2760 2729
f 2729 2760 2730
f 2730 2760 2761
f 2730 2761 2731
f 2731 2761 2762
f 2731 2762 2732
f 2732 2762 2733
f 2733 2762 2758
f 2733 2758 2736
f 2736 2758 2739
f 2736 2739 2738
f 2739 2758 2763
f 2739 2763 2757
f 2739 2757 2755
f 2739 2754 2740
f 2740 2754 2741
f 2741 2754 2744
f 2744 2754 2745
f 2745 2754 2753
f 2746 2752 2747
f 2757 2763 2758
f 2758 2762 2761
f 2758 2761 2760
f 2758 2760 2759

o geometry_9
v -0.00859440 -0.01562231 -0.03211321 0.94117647 0.52156863 0.41176471
v -0.00789958 -0.01562231 -0.03145422 0.94117647 0.52156863 0.41176471
v -0.00859304 -0.01408573 -0.03211321 0.94117647 0.52156863 0.41176471
v -0.00855233 -0.02006091 -0.03211321 0.94117647 0.52156863 0.41176471
v -0.00694015 -0.01562231 -0.03088340 0.94117647 0.52156863 0.41176471
v -0.00789823 -0.01408573 -0.03145719 0.94117647 0.52156863 0.41176471
v -0.00853061 -0.02159551 -0.03211321 0.94117647 0.52156863 0.41176471
v -0.00789008 -0.01715890 -0.03146694 0.94117647 0.52156863 0.41176471
v -0.00694015 -0.01715890 -0.03089287 0.94117647 0.52156863 0.41176471
v -0.00857133 -0.01254714 -0.03211321 0.94117647 0.52156863 0.41176471
v -0.00540261 -0.00947197 -0.03070452 0.94117647 0.52156863 0.41176471
v -0.00694015 -0.01408573 -0.03089937 0.94117647 0.52156863 0.41176471
v -0.00540261 -0.01869549 -0.03068079 0.94117647 0.52156863 0.41176471
v -0.00788466 -0.01254714 -0.03147909 0.94117647 0.52156863 0.41176471
v -0.00786837 -0.02023407 -0.03149972 0.94117647 0.52156863 0.41176471
v -0.00852519 -0.02177066 -0.03211321 0.94117647 0.52156863 0.41176471
v -0.00694015 -0.01869549 -0.03091519 0.94117647 0.52156863 0.41176471
v -0.00540261 -0.02330925 -0.03072332 0.94117647 0.52156863 0.41176471
v -0.00852383 -0.01101055 -0.03211321 0.94117647 0.52156863 0.41176471
v 0.00228510 -0.01101055 -0.03068997 0.94117647 0.52156863 0.41176471
v 0.00228510 -0.00947197 -0.03070481 0.94117647 0.52156863 0.41176471
v -0.00079134 -0.00793538 -0.03083607 0.94117647 0.52156863 0.41176471
v -0.00386506 -0.00793538 -0.03086517 0.94117647 0.52156863 0.41176471
v -0.00540261 -0.00793538 -0.03089174 0.94117647 0.52156863 0.41176471
v -0.00694015 -0.00947197 -0.03110481 0.94117647 0.52156863 0.41176471
v -0.00694015 -0.01101055 -0.03099615 0.94117647 0.52156863 0.41176471
v -0.00694015 -0.01254714 -0.03093455 0.94117647 0.52156863 0.41176471
v 0.00228510 -0.01869549 -0.03066991 0.94117647 0.52156863 0.41176471
v -0.00784937 -0.01101055 -0.03152784 0.94117647 0.52156863 0.41176471
v -0.00843833 -0.00947197 -0.03211321 0.94117647 0.52156863 0.41176471
v -0.00784802 -0.02177066 -0.03152897 0.94117647 0.52156863 0.41176471
v -0.00694015 -0.02177066 -0.03097976 0.94117647 0.52156863 0.41176471
v -0.00694015 -0.02023407 -0.03093992 0.94117647 0.52156863 0.41176471
v -0.00845869 -0.02312016 -0.03211321 0.94117647 0.52156863 0.41176471
v -0.00694015 -0.02330925 -0.03108404 0.94117647 0.52156863 0.41176471
v -0.00540261 -0.02484584 -0.03109802 0.94117647 0.52156863 0.41176471
v -0.00232752 -0.02484584 -0.03096648 0.94117647 0.52156863 0.41176471
v -0.00079134 -0.02484584 -0.03095673 0.94117647 0.52156863 0.41176471
v 0.00228510 -0.02177066 -0.03075228 0.94117647 0.52156863 0.41176471
v 0.00228510 -0.02023407 -0.03069520 0.94117647 0.52156863 0.41176471
v 0.00382265 -0.01562231 -0.03111484 0.94117647 0.52156863 0.41176471
v 0.00382265 -0.01408573 -0.03112543 0.94117647 0.52156863 0.41176471
v 0.00372629 -0.00947197 -0.03119566 0.94117647 0.52156863 0.41176471
v 0.00353766 -0.00793538 -0.03130304 0.94117647 0.52156863 0.41176471
v 0.00228510 -0.00793538 -0.03088156 0.94117647 0.52156863 0.41176471
v 0.00074756 -0.00793538 -0.03085034 0.94117647 0.52156863 0.41176471
v 0.00379008 -0.01101055 -0.03116966 0.94117647 0.52156863 0.41176471
v 0.00074756 -0.00687649 -0.03135645 0.94117647 0.52156863 0.41176471
v -0.00079134 -0.00688246 -0.03135193 0.94117647 0.52156863 0.41176471
v -0.00232752 -0.00688644 -0.03135108 0.94117647 0.52156863 0.41176471
v -0.00386506 -0.00689440 -0.03136478 0.94117647 0.52156863 0.41176471
v -0.00694422 -0.00805680 -0.03137595 0.94117647 0.52156863 0.41176471
v -0.00540261 -0.00691033 -0.03139657 0.94117647 0.52156863 0.41176471
v -0.00643532 -0.00700388 -0.03151159 0.94117647 0.52156863 0.41176471
v -0.00773131 -0.00864994 -0.03167732 0.94117647 0.52156863 0.41176471
v -0.00778288 -0.00947197 -0.03161346 0.94117647 0.52156863 0.41176471
v 0.00382265 -0.01869549 -0.03113349 0.94117647 0.52156863 0.41176471
v 0.00382265 -0.01715890 -0.03111371 0.94117647 0.52156863 0.41176471
v -0.00824699 -0.00814637 -0.03211321 0.94117647 0.52156863 0.41176471
v -0.00843562 -0.02330925 -0.03211321 0.94117647 0.52156863 0.41176471
v -0.00777609 -0.02330925 -0.03161996 0.94117647 0.52156863 0.41176471
v -0.00771638 -0.02408749 -0.03169428 0.94117647 0.52156863 0.41176471
v -0.00680173 -0.02469855 -0.03147429 0.94117647 0.52156863 0.41176471
v -0.00619648 -0.02563404 -0.03168283 0.94117647 0.52156863 0.41176471
v -0.00540261 -0.02568977 -0.03161897 0.94117647 0.52156863 0.41176471
v -0.00386506 -0.02576739 -0.03152049 0.94117647 0.52156863 0.41176471
v -0.00232752 -0.02581516 -0.03145267 0.94117647 0.52156863 0.41176471
v 0.00074756 -0.02484584 -0.03106637 0.94117647 0.52156863 0.41176471
v 0.00228510 -0.02330925 -0.03089329 0.94117647 0.52156863 0.41176471
v -0.00079134 -0.02581715 -0.03144857 0.94117647 0.52156863 0.41176471
v 0.00365437 -0.02177066 -0.03120343 0.94117647 0.52156863 0.41176471
v 0.00462331 -0.01562231 -0.03166658 0.94117647 0.52156863 0.41176471
v 0.00526112 -0.01433851 -0.03211321 0.94117647 0.52156863 0.41176471
v 0.00523398 -0.01241578 -0.03211321 0.94117647 0.52156863 0.41176471
v 0.00397464 -0.01243170 -0.03125797 0.94117647 0.52156863 0.41176471
v 0.00509556 -0.00997953 -0.03211321 0.94117647 0.52156863 0.41176471
v 0.00504128 -0.00947197 -0.03211321 0.94117647 0.52156863 0.41176471
v 0.00492050 -0.00871562 -0.03211321 0.94117647 0.52156863 0.41176471
v 0.00517834 -0.01120561 -0.03211321 0.94117647 0.52156863 0.41176471
v 0.00457445 -0.00754327 -0.03211321 0.94117647 0.52156863 0.41176471
v 0.00327440 -0.00698994 -0.03149590 0.94117647 0.52156863 0.41176471
v 0.00228510 -0.00688644 -0.03137552 0.94117647 0.52156863 0.41176471
v 0.00215076 -0.00618383 -0.03211321 0.94117647 0.52156863 0.41176471
v 0.00074756 -0.00617189 -0.03211321 0.94117647 0.52156863 0.41176471
v 0.00062136 -0.00617189 -0.03211321 0.94117647 0.52156863 0.41176471
v -0.00232752 -0.00617786 -0.03211321 0.94117647 0.52156863 0.41176471
v -0.00386506 -0.00618980 -0.03211321 0.94117647 0.52156863 0.41176471
v -0.00540261 -0.00621170 -0.03211321 0.94117647 0.52156863 0.41176471
v -0.00745990 -0.00762488 -0.03184687 0.94117647 0.52156863 0.41176471
v -0.00814114 -0.00795927 -0.03211321 0.94117647 0.52156863 0.41176471
v -0.00551253 -0.00623359 -0.03211321 0.94117647 0.52156863 0.41176471
v -0.00688994 -0.00651225 -0.03211321 0.94117647 0.52156863 0.41176471
v -0.00705414 -0.00670133 -0.03211321 0.94117647 0.52156863 0.41176471
v 0.00524619 -0.01869549 -0.03211321 0.94117647 0.52156863 0.41176471
v 0.00396378 -0.02010868 -0.03126517 0.94117647 0.52156863 0.41176471
v 0.00520684 -0.02011067 -0.03211321 0.94117647 0.52156863 0.41176471
v 0.00462331 -0.01715890 -0.03166602 0.94117647 0.52156863 0.41176471
v -0.00817371 -0.02454529 -0.03211321 0.94117647 0.52156863 0.41176471
v -0.00750468 -0.02540116 -0.03211321 0.94117647 0.52156863 0.41176471
v -0.00664567 -0.02608586 -0.03211321 0.94117647 0.52156863 0.41176471
v -0.00540261 -0.02633864 -0.03211321 0.94117647 0.52156863 0.41176471
v -0.00519905 -0.02636650 -0.03211321 0.94117647 0.52156863 0.41176471
v -0.00368729 -0.02645408 -0.03211321 0.94117647 0.52156863 0.41176471
v -0.00232752 -0.02649986 -0.03211321 0.94117647 0.52156863 0.41176471
v 0.00074756 -0.02573953 -0.03155016 0.94117647 0.52156863 0.41176471
v 0.00156994 -0.02565394 -0.03165613 0.94117647 0.52156863 0.41176471
v 0.00216297 -0.02476821 -0.03139573 0.94117647 0.52156863 0.41176471
v 0.00315090 -0.02420095 -0.03158308 0.94117647 0.52156863 0.41176471
v 0.00335853 -0.02330925 -0.03138456 0.94117647 0.52156863 0.41176471
v -0.00079134 -0.02650384 -0.03211321 0.94117647 0.52156863 0.41176471
v 0.00074756 -0.02640830 -0.03211321 0.94117647 0.52156863 0.41176471
v 0.00491372 -0.02177066 -0.03211321 0.94117647 0.52156863 0.41176471
v 0.00526926 -0.01586912 -0.03211321 0.94117647 0.52156863 0.41176471
v 0.00371137 -0.00653812 -0.03211321 0.94117647 0.52156863 0.41176471
v 0.00228510 -0.00618781 -0.03211321 0.94117647 0.52156863 0.41176471
v 0.00526791 -0.01715890 -0.03211321 0.94117647 0.52156863 0.41176471
v 0.00202591 -0.02611571 -0.03211321 0.94117647 0.52156863 0.41176471
v 0.00361366 -0.02465675 -0.03211321 0.94117647 0.52156863 0.41176471
f 2764 2765 2766
f 2764 2766 2773
f 2764 2773 2782
f 2764 2782 2793
f 2764 2793 2822
f 2764 2822 2853
f 2764 2853 2856
f 2764 2856 2855
f 2764 2855 2854
f 2764 2854 2851
f 2764 2851 2850
f 2764 2850 2849
f 2764 2849 2848
f 2764 2848 2847
f 2764 2847 2846
f 2764 2846 2878
f 2764 2878 2877
f 2764 2877 2843
f 2764 2843 2841
f 2764 2841 2840
f 2764 2840 2839
f 2764 2839 2842
f 2764 2842 2837
f 2764 2837 2836
f 2764 2836 2876
f 2764 2876 2879
f 2764 2879 2857
f 2764 2857 2859
f 2764 2859 2875
f 2764 2875 2881
f 2764 2881 2880
f 2764 2880 2874
f 2764 2874 2873
f 2764 2873 2867
f 2764 2867 2866
f 2764 2866 2865
f 2764 2865 2864
f 2764 2864 2863
f 2764 2863 2862
f 2764 2862 2861
f 2764 2861 2823
f 2764 2823 2797
f 2764 2797 2779
f 2764 2779 2770
f 2764 2770 2767
f 2764 2767 2765
f 2765 2768 2769
f 2765 2769 2766
f 2765 2767 2770
f 2765 2770 2771
f 2765 2771 2772
f 2765 2772 2768
f 2766 2769 2773
f 2768 2774 2775
f 2768 2775 2769
f 2768 2772 2776
f 2768 2776 2774
f 2769 2775 2777
f 2769 2777 2773
f 2770 2778 2771
f 2770 2779 2778
f 2771 2778 2780
f 2771 2780 2772
f 2772 2780 2781
f 2772 2781 2776
f 2773 2777 2782
f 2774 2783 2784
f 2774 2784 2785
f 2774 2785 2786
f 2774 2786 2787
f 2774 2787 2788
f 2774 2788 2789
f 2774 2789 2790
f 2774 2790 2775
f 2774 2776 2791
f 2774 2791 2783
f 2775 2790 2777
f 2776 2781 2791
f 2777 2790 2789
f 2777 2789 2792
f 2777 2792 2793
f 2777 2793 2782
f 2778 2779 2794
f 2778 2794 2795
f 2778 2795 2796
f 2778 2796 2780
f 2779 2797 2794
f 2780 2796 2781
f 2781 2798 2799
f 2781 2799 2800
f 2781 2800 2801
f 2781 2801 2802
f 2781 2802 2803
f 2781 2803 2791
f 2781 2796 2795
f 2781 2795 2798
f 2783 2804 2805
f 2783 2805 2784
f 2783 2791 2804
f 2784 2806 2807
f 2784 2807 2808
f 2784 2808 2809
f 2784 2809 2785
f 2784 2805 2810
f 2784 2810 2806
f 2785 2809 2811
f 2785 2811 2812
f 2785 2812 2813
f 2785 2813 2786
f 2786 2813 2814
f 2786 2814 2787
f 2787 2815 2788
f 2787 2814 2816
f 2787 2816 2817
f 2787 2817 2815
f 2788 2815 2818
f 2788 2818 2819
f 2788 2819 2792
f 2788 2792 2789
f 2791 2803 2820
f 2791 2820 2821
f 2791 2821 2804
f 2792 2819 2793
f 2793 2819 2822
f 2794 2797 2823
f 2794 2823 2824
f 2794 2824 2798
f 2794 2798 2795
f 2798 2824 2825
f 2798 2825 2826
f 2798 2826 2799
f 2799 2827 2828
f 2799 2828 2829
f 2799 2829 2830
f 2799 2830 2800
f 2799 2826 2827
f 2800 2830 2801
f 2801 2831 2832
f 2801 2832 2802
f 2801 2830 2833
f 2801 2833 2831
f 2802 2834 2820
f 2802 2820 2803
f 2802 2832 2834
f 2804 2835 2836
f 2804 2836 2805
f 2804 2821 2835
f 2805 2836 2837
f 2805 2837 2838
f 2805 2838 2810
f 2806 2839 2840
f 2806 2840 2841
f 2806 2841 2807
f 2806 2810 2842
f 2806 2842 2839
f 2807 2843 2844
f 2807 2844 2808
f 2807 2841 2843
f 2808 2844 2845
f 2808 2845 2809
f 2809 2845 2811
f 2810 2838 2837
f 2810 2837 2842
f 2811 2845 2846
f 2811 2846 2847
f 2811 2847 2848
f 2811 2848 2812
f 2812 2848 2849
f 2812 2849 2813
f 2813 2849 2850
f 2813 2850 2814
f 2814 2850 2851
f 2814 2851 2816
f 2815 2817 2852
f 2815 2852 2853
f 2815 2853 2822
f 2815 2822 2818
f 2816 2851 2817
f 2817 2851 2854
f 2817 2854 2855
f 2817 2855 2856
f 2817 2856 2853
f 2817 2853 2852
f 2818 2822 2819
f 2820 2857 2821
f 2820 2834 2858
f 2820 2858 2859
f 2820 2859 2857
f 2821 2857 2860
f 2821 2860 2835
f 2823 2861 2825
f 2823 2825 2824
f 2825 2861 2862
f 2825 2862 2826
f 2826 2862 2827
f 2827 2862 2863
f 2827 2863 2864
f 2827 2864 2828
f 2828 2864 2865
f 2828 2865 2829
f 2829 2865 2830
f 2830 2865 2866
f 2830 2866 2867
f 2830 2867 2833
f 2831 2833 2868
f 2831 2868 2869
f 2831 2869 2870
f 2831 2870 2832
f 2832 2870 2871
f 2832 2871 2872
f 2832 2872 2834
f 2833 2867 2873
f 2833 2873 2874
f 2833 2874 2868
f 2834 2872 2875
f 2834 2875 2859
f 2834 2859 2858
f 2835 2860 2876
f 2835 2876 2836
f 2843 2877 2844
f 2844 2877 2878
f 2844 2878 2845
f 2845 2878 2846
f 2857 2879 2860
f 2860 2879 2876
f 2868 2874 2880
f 2868 2880 2869
f 2869 2880 2870
f 2870 2880 2871
f 2871 2880 2881
f 2871 2881 2872
f 2872 2881 2875

o geometry_10
v -0.00162693 -0.00617689 -0.03211440 0.26274510 0.77254902 0.45490196
v -0.00162693 -0.00367664 -0.03271199 0.26274510 0.77254902 0.45490196
v -0.00232833 -0.00367664 -0.03271199 0.26274510 0.77254902 0.45490196
v -0.00232833 -0.00617801 -0.03211440 0.26274510 0.77254902 0.45490196
v -0.00162693 -0.01043704 -0.03211440 0.26274510 0.77254902 0.45490196
v -0.00162693 -0.00367664 -0.04280507 0.26274510 0.77254902 0.45490196
v -0.01002731 -0.00367664 -0.03271617 0.26274510 0.77254902 0.45490196
v -0.00386599 -0.00618917 -0.03211440 0.26274510 0.77254902 0.45490196
v -0.00409869 -0.01508356 -0.03211440 0.26274510 0.77254902 0.45490196
v -0.00162693 -0.01508356 -0.03836972 0.26274510 0.77254902 0.45490196
v -0.01002731 -0.00367664 -0.04280507 0.26274510 0.77254902 0.45490196
v -0.00162693 -0.01508356 -0.04280507 0.26274510 0.77254902 0.45490196
v -0.00852419 -0.01100878 -0.03211440 0.26274510 0.77254902 0.45490196
v -0.00843867 -0.00947111 -0.03211440 0.26274510 0.77254902 0.45490196
v -0.00824708 -0.00814560 -0.03211440 0.26274510 0.77254902 0.45490196
v -0.00814100 -0.00795912 -0.03211440 0.26274510 0.77254902 0.45490196
v -0.00689032 -0.00651078 -0.03211440 0.26274510 0.77254902 0.45490196
v -0.00540365 -0.00621151 -0.03211440 0.26274510 0.77254902 0.45490196
v -0.01002731 -0.01408301 -0.03269943 0.26274510 0.77254902 0.45490196
v -0.00859326 -0.01408301 -0.03211440 0.26274510 0.77254902 0.45490196
v -0.00857188 -0.01254534 -0.03211440 0.26274510 0.77254902 0.45490196
v -0.00859326 -0.01508356 -0.03211440 0.26274510 0.77254902 0.45490196
v -0.01002731 -0.01508356 -0.04280507 0.26274510 0.77254902 0.45490196
v -0.01002731 -0.01508356 -0.03269943 0.26274510 0.77254902 0.45490196
f 2882 2883 2884
f 2882 2884 2885
f 2882 2885 2889
f 2882 2889 2899
f 2882 2899 2898
f 2882 2898 2897
f 2882 2897 2896
f 2882 2896 2895
f 2882 2895 2894
f 2882 2894 2902
f 2882 2902 2901
f 2882 2901 2903
f 2882 2903 2890
f 2882 2890 2886
f 2882 2886 2891
f 2882 2891 2893
f 2882 2893 2887
f 2882 2887 2883
f 2883 2887 2892
f 2883 2892 2888
f 2883 2888 2884
f 2884 2888 2885
f 2885 2888 2889
f 2886 2890 2891
f 2887 2893 2904
f 2887 2904 2892
f 2888 2894 2895
f 2888 2895 2896
f 2888 2896 2897
f 2888 2897 2898
f 2888 2898 2899
f 2888 2899 2889
f 2888 2892 2904
f 2888 2904 2905
f 2888 2905 2900
f 2888 2900 2901
f 2888 2901 2902
f 2888 2902 2894
f 2890 2903 2905
f 2890 2905 2904
f 2890 2904 2893
f 2890 2893 2891
f 2900 2905 2903
f 2900 2903 2901

o geometry_11
v 0.04224641 -0.03246935 -0.05875724 0.56470588 0.01568627 0.61568627
v 0.04224641 -0.03246279 -0.05872966 0.56470588 0.01568627 0.61568627
v 0.04224641 -0.03233814 -0.05970431 0.56470588 0.01568627 0.61568627
v 0.04995507 -0.03216757 -0.05987257 0.56470588 0.01568627 0.61568627
v 0.04995507 -0.03233158 -0.05861196 0.56470588 0.01568627 0.61568627
v 0.04924771 -0.03178706 -0.05624338 0.56470588 0.01568627 0.61568627
v 0.04912597 -0.03178706 -0.05624338 0.56470588 0.01568627 0.61568627
v 0.04913584 -0.03024535 -0.05164230 0.56470588 0.01568627 0.61568627
v 0.04224641 -0.03158369 -0.05646682 0.56470588 0.01568627 0.61568627
v 0.04841531 -0.03218069 -0.05989464 0.56470588 0.01568627 0.61568627
v 0.04224641 -0.03120318 -0.06029645 0.56470588 0.01568627 0.61568627
v 0.04841531 -0.03099324 -0.06055667 0.56470588 0.01568627 0.61568627
v 0.05091906 -0.03191171 -0.05963075 0.56470588 0.01568627 0.61568627
v 0.04995507 -0.03099324 -0.06053644 0.56470588 0.01568627 0.61568627
v 0.05738407 -0.02892014 -0.05977419 0.56470588 0.01568627 0.61568627
v 0.05074140 -0.03178050 -0.05780282 0.56470588 0.01568627 0.61568627
v 0.04983992 -0.03191171 -0.05720332 0.56470588 0.01568627 0.61568627
v 0.05740711 -0.02893326 -0.05861196 0.56470588 0.01568627 0.61568627
v 0.04922467 -0.03024535 -0.05164230 0.56470588 0.01568627 0.61568627
v 0.04893515 -0.03008790 -0.05144094 0.56470588 0.01568627 0.61568627
v 0.04224641 -0.02962867 -0.05144094 0.56470588 0.01568627 0.61568627
v 0.04224641 -0.03099324 -0.06039668 0.56470588 0.01568627 0.61568627
v 0.04224641 -0.02945810 -0.06068447 0.56470588 0.01568627 0.61568627
v 0.04841531 -0.02945810 -0.06071574 0.56470588 0.01568627 0.61568627
v 0.04995507 -0.02945810 -0.06072033 0.56470588 0.01568627 0.61568627
v 0.05610424 -0.02792295 -0.06066149 0.56470588 0.01568627 0.61568627
v 0.05779534 -0.02807384 -0.06014290 0.56470588 0.01568627 0.61568627
v 0.05872314 -0.02766052 -0.05980269 0.56470588 0.01568627 0.61568627
v 0.06609950 -0.02100821 -0.05938984 0.56470588 0.01568627 0.61568627
v 0.05817370 -0.02849370 -0.05861196 0.56470588 0.01568627 0.61568627
v 0.05707481 -0.02878893 -0.05753893 0.56470588 0.01568627 0.61568627
v 0.04943195 -0.03002229 -0.05144094 0.56470588 0.01568627 0.61568627
v 0.05692347 -0.02718817 -0.05313738 0.56470588 0.01568627 0.61568627
v 0.05673922 -0.02640748 -0.05144094 0.56470588 0.01568627 0.61568627
v 0.05610424 -0.02672238 -0.05144094 0.56470588 0.01568627 0.61568627
v 0.04224641 0.02841182 -0.05144094 0.56470588 0.01568627 0.61568627
v 0.04224641 -0.02792295 -0.06071482 0.56470588 0.01568627 0.61568627
v 0.04534238 -0.02792295 -0.06072769 0.56470588 0.01568627 0.61568627
v 0.04995507 -0.02792295 -0.06074516 0.56470588 0.01568627 0.61568627
v 0.05149154 -0.02792295 -0.06074792 0.56470588 0.01568627 0.61568627
v 0.05610424 -0.02638123 -0.06075435 0.56470588 0.01568627 0.61568627
v 0.05764399 -0.02638123 -0.06071482 0.56470588 0.01568627 0.61568627
v 0.06532633 -0.02023407 -0.06038932 0.56470588 0.01568627 0.61568627
v 0.06532633 -0.02135592 -0.05972362 0.56470588 0.01568627 0.61568627
v 0.06609950 -0.02100821 -0.05936318 0.56470588 0.01568627 0.61568627
v 0.06633310 -0.02023407 -0.05970523 0.56470588 0.01568627 0.61568627
v 0.07228156 -0.01182355 -0.05948087 0.56470588 0.01568627 0.61568627
v 0.05843690 -0.02718161 -0.05623051 0.56470588 0.01568627 0.61568627
v 0.05727550 -0.02611225 -0.05144094 0.56470588 0.01568627 0.61568627
v 0.06596790 -0.02082452 -0.05833796 0.56470588 0.01568627 0.61568627
v 0.06497100 -0.02132311 -0.05707367 0.56470588 0.01568627 0.61568627
v 0.06472425 -0.02112630 -0.05592524 0.56470588 0.01568627 0.61568627
v 0.06455645 -0.01945994 -0.05169839 0.56470588 0.01568627 0.61568627
v 0.04546740 0.03133122 -0.05144094 0.56470588 0.01568627 0.61568627
v 0.04224641 0.03076703 -0.05702586 0.56470588 0.01568627 0.61568627
v 0.04224641 -0.02638123 -0.06072309 0.56470588 0.01568627 0.61568627
v 0.04380262 -0.02638123 -0.06073045 0.56470588 0.01568627 0.61568627
v 0.04995507 -0.02638123 -0.06075803 0.56470588 0.01568627 0.61568627
v 0.05149154 -0.02638123 -0.06076355 0.56470588 0.01568627 0.61568627
v 0.05302801 -0.02638123 -0.06076631 0.56470588 0.01568627 0.61568627
v 0.05456776 -0.02638123 -0.06076355 0.56470588 0.01568627 0.61568627
v 0.05610424 -0.02484609 -0.06076998 0.56470588 0.01568627 0.61568627
v 0.06378986 -0.01869236 -0.06078561 0.56470588 0.01568627 0.61568627
v 0.06378986 -0.02023407 -0.06076079 0.56470588 0.01568627 0.61568627
v 0.06532633 -0.01869236 -0.06074240 0.56470588 0.01568627 0.61568627
v 0.07147878 -0.01100349 -0.06040955 0.56470588 0.01568627 0.61568627
v 0.07228156 -0.01182355 -0.05917377 0.56470588 0.01568627 0.61568627
v 0.07239013 -0.01100349 -0.05971534 0.56470588 0.01568627 0.61568627
v 0.07551900 -0.00299972 -0.05978522 0.56470588 0.01568627 0.61568627
v 0.07555519 -0.00308500 -0.05861196 0.56470588 0.01568627 0.61568627
v 0.06447749 -0.01938121 -0.05144094 0.56470588 0.01568627 0.61568627
v 0.06613898 -0.01953210 -0.05616982 0.56470588 0.01568627 0.61568627
v 0.06573759 -0.02053586 -0.05707367 0.56470588 0.01568627 0.61568627
v 0.07216641 -0.01156769 -0.05814855 0.56470588 0.01568627 0.61568627
v 0.07090302 -0.01048521 -0.05144094 0.56470588 0.01568627 0.61568627
v 0.06466502 -0.01912535 -0.05144094 0.56470588 0.01568627 0.61568627
v 0.04572403 0.03156084 -0.05144094 0.56470588 0.01568627 0.61568627
v 0.04516472 0.03387013 -0.05861196 0.56470588 0.01568627 0.61568627
v 0.04224641 0.03133122 -0.05861196 0.56470588 0.01568627 0.61568627
v 0.04224641 -0.02023407 -0.06073229 0.56470588 0.01568627 0.61568627
v 0.04534238 -0.02484609 -0.06073964 0.56470588 0.01568627 0.61568627
v 0.04534238 -0.02176922 -0.06074332 0.56470588 0.01568627 0.61568627
v 0.04995507 -0.02484609 -0.06075895 0.56470588 0.01568627 0.61568627
v 0.05456776 -0.02484609 -0.06077366 0.56470588 0.01568627 0.61568627
v 0.05610424 -0.02176922 -0.06078286 0.56470588 0.01568627 0.61568627
v 0.05610424 -0.02330437 -0.06078102 0.56470588 0.01568627 0.61568627
v 0.05764399 -0.02176922 -0.06078654 0.56470588 0.01568627 0.61568627
v 0.05917717 -0.02023407 -0.06079205 0.56470588 0.01568627 0.61568627
v 0.06225340 -0.01869236 -0.06079113 0.56470588 0.01568627 0.61568627
v 0.06378986 -0.01715721 -0.06079297 0.56470588 0.01568627 0.61568627
v 0.07301525 -0.00177947 -0.06082239 0.56470588 0.01568627 0.61568627
v 0.06993903 -0.01100349 -0.06077826 0.56470588 0.01568627 0.61568627
v 0.06532633 -0.01715721 -0.06077918 0.56470588 0.01568627 0.61568627
v 0.07147878 -0.00946834 -0.06063022 0.56470588 0.01568627 0.61568627
v 0.07455501 -0.00177947 -0.06074516 0.56470588 0.01568627 0.61568627
v 0.07565718 -0.00177947 -0.06002337 0.56470588 0.01568627 0.61568627
v 0.07542359 -0.00278322 -0.05707367 0.56470588 0.01568627 0.61568627
v 0.07534791 -0.00259953 -0.05619097 0.56470588 0.01568627 0.61568627
v 0.07585788 -0.00177947 -0.05861196 0.56470588 0.01568627 0.61568627
v 0.07405162 -0.00292099 -0.05144094 0.56470588 0.01568627 0.61568627
v 0.04618135 0.03169205 -0.05144094 0.56470588 0.01568627 0.61568627
v 0.04610897 0.03434904 -0.05784144 0.56470588 0.01568627 0.61568627
v 0.04593130 0.03444745 -0.05861196 0.56470588 0.01568627 0.61568627
v 0.04587208 0.03448025 -0.05962339 0.56470588 0.01568627 0.61568627
v 0.04426981 0.03311568 -0.05971166 0.56470588 0.01568627 0.61568627
v 0.04224641 0.03085887 -0.05999946 0.56470588 0.01568627 0.61568627
v 0.04257542 0.03157396 -0.05972637 0.56470588 0.01568627 0.61568627
v 0.04226615 -0.01869236 -0.06073321 0.56470588 0.01568627 0.61568627
v 0.04224641 0.01359171 -0.06074056 0.56470588 0.01568627 0.61568627
v 0.05764399 -0.02023407 -0.06078837 0.56470588 0.01568627 0.61568627
v 0.07301525 0.00282598 -0.06083343 0.56470588 0.01568627 0.61568627
v 0.07301525 0.00129083 -0.06083251 0.56470588 0.01568627 0.61568627
v 0.07301525 -0.00024432 -0.06082883 0.56470588 0.01568627 0.61568627
v 0.07455501 -0.00024432 -0.06077090 0.56470588 0.01568627 0.61568627
v 0.07301525 -0.00331462 -0.06080309 0.56470588 0.01568627 0.61568627
v 0.07565060 -0.00024432 -0.06004268 0.56470588 0.01568627 0.61568627
v 0.07557164 -0.00177947 -0.05707367 0.56470588 0.01568627 0.61568627
v 0.07537424 -0.00177947 -0.05606500 0.56470588 0.01568627 0.61568627
v 0.07438063 -0.00177947 -0.05144094 0.56470588 0.01568627 0.61568627
v 0.07419310 -0.00249456 -0.05144094 0.56470588 0.01568627 0.61568627
v 0.07560784 0.00590284 -0.06001509 0.56470588 0.01568627 0.61568627
v 0.07559139 0.00743799 -0.05996636 0.56470588 0.01568627 0.61568627
v 0.07572299 0.00743799 -0.05861196 0.56470588 0.01568627 0.61568627
v 0.04692491 0.03175765 -0.05144094 0.56470588 0.01568627 0.61568627
v 0.04611555 0.03434904 -0.05784144 0.56470588 0.01568627 0.61568627
v 0.04672750 0.03450649 -0.05852369 0.56470588 0.01568627 0.61568627
v 0.04687885 0.03455242 -0.05973741 0.56470588 0.01568627 0.61568627
v 0.04687885 0.03358147 -0.06036817 0.56470588 0.01568627 0.61568627
v 0.04535225 0.03360771 -0.05997739 0.56470588 0.01568627 0.61568627
v 0.04224641 0.03062926 -0.06011899 0.56470588 0.01568627 0.61568627
v 0.04224641 0.01361140 -0.06074056 0.56470588 0.01568627 0.61568627
v 0.06225340 0.02281574 -0.06080676 0.56470588 0.01568627 0.61568627
v 0.07301525 0.00743799 -0.06083435 0.56470588 0.01568627 0.61568627
v 0.07301525 0.00897970 -0.06083159 0.56470588 0.01568627 0.61568627
v 0.07455501 0.00590284 -0.06074884 0.56470588 0.01568627 0.61568627
v 0.07545320 0.00743799 -0.05721343 0.56470588 0.01568627 0.61568627
v 0.07536766 -0.00078884 -0.05609902 0.56470588 0.01568627 0.61568627
v 0.07429180 0.00743799 -0.05144094 0.56470588 0.01568627 0.61568627
v 0.07455501 0.00743799 -0.06070010 0.56470588 0.01568627 0.61568627
v 0.07547294 0.00861888 -0.05974017 0.56470588 0.01568627 0.61568627
v 0.07548610 0.00864512 -0.05861196 0.56470588 0.01568627 0.61568627
v 0.07539069 0.00838270 -0.05751318 0.56470588 0.01568627 0.61568627
v 0.04768163 0.03284013 -0.05469314 0.56470588 0.01568627 0.61568627
v 0.04714205 0.03430312 -0.05795270 0.56470588 0.01568627 0.61568627
v 0.04784942 0.03147556 -0.05144094 0.56470588 0.01568627 0.61568627
v 0.04786258 0.03448025 -0.05897792 0.56470588 0.01568627 0.61568627
v 0.04786258 0.03448025 -0.05961328 0.56470588 0.01568627 0.61568627
v 0.04687885 0.03203976 -0.06066149 0.56470588 0.01568627 0.61568627
v 0.04534238 0.03203976 -0.06059436 0.56470588 0.01568627 0.61568627
v 0.05610424 0.03050461 -0.06048495 0.56470588 0.01568627 0.61568627
v 0.04224641 0.02896946 -0.06066608 0.56470588 0.01568627 0.61568627
v 0.04224641 0.01514654 -0.06073964 0.56470588 0.01568627 0.61568627
v 0.04224641 0.01822341 -0.06073688 0.56470588 0.01568627 0.61568627
v 0.04224641 0.02129370 -0.06073412 0.56470588 0.01568627 0.61568627
v 0.04224641 0.02283542 -0.06073229 0.56470588 0.01568627 0.61568627
v 0.04224641 0.02437056 -0.06073045 0.56470588 0.01568627 0.61568627
v 0.05610424 0.02742775 -0.06076631 0.56470588 0.01568627 0.61568627
v 0.05610424 0.02896946 -0.06075895 0.56470588 0.01568627 0.61568627
v 0.06378986 0.02281574 -0.06079665 0.56470588 0.01568627 0.61568627
v 0.06993903 0.01666857 -0.06081320 0.56470588 0.01568627 0.61568627
v 0.06993903 0.01512686 -0.06082515 0.56470588 0.01568627 0.61568627
v 0.07147878 0.01359171 -0.06080492 0.56470588 0.01568627 0.61568627
v 0.07301525 0.01051485 -0.06078745 0.56470588 0.01568627 0.61568627
v 0.07396937 0.00850079 -0.05144094 0.56470588 0.01568627 0.61568627
v 0.07468332 0.00906499 -0.06018152 0.56470588 0.01568627 0.61568627
v 0.07147878 0.01512686 -0.06073596 0.56470588 0.01568627 0.61568627
v 0.07261386 0.01512686 -0.06001233 0.56470588 0.01568627 0.61568627
v 0.07429509 0.01051485 -0.06006750 0.56470588 0.01568627 0.61568627
v 0.07240987 0.01632743 -0.05976315 0.56470588 0.01568627 0.61568627
v 0.07209731 0.01700316 -0.05861196 0.56470588 0.01568627 0.61568627
v 0.05544622 0.02977639 -0.05309876 0.56470588 0.01568627 0.61568627
v 0.05503167 0.02909411 -0.05144094 0.56470588 0.01568627 0.61568627
v 0.05658129 0.03122626 -0.05797844 0.56470588 0.01568627 0.61568627
v 0.05709784 0.03139027 -0.05900366 0.56470588 0.01568627 0.61568627
v 0.05709784 0.03139027 -0.05963351 0.56470588 0.01568627 0.61568627
v 0.04534238 0.03050461 -0.06069091 0.56470588 0.01568627 0.61568627
v 0.05762425 0.03047180 -0.05993418 0.56470588 0.01568627 0.61568627
v 0.06378986 0.02435089 -0.06067896 0.56470588 0.01568627 0.61568627
v 0.04224641 0.02742775 -0.06071114 0.56470588 0.01568627 0.61568627
v 0.04224641 0.02591228 -0.06072309 0.56470588 0.01568627 0.61568627
v 0.05456776 0.02896946 -0.06075251 0.56470588 0.01568627 0.61568627
v 0.06993903 0.01820372 -0.06045276 0.56470588 0.01568627 0.61568627
v 0.07078128 0.01605189 -0.05296360 0.56470588 0.01568627 0.61568627
v 0.06980413 0.01653736 -0.05144094 0.56470588 0.01568627 0.61568627
v 0.07161368 0.01677354 -0.06017692 0.56470588 0.01568627 0.61568627
v 0.07111029 0.01820372 -0.05982384 0.56470588 0.01568627 0.61568627
v 0.07076154 0.01901066 -0.05950938 0.56470588 0.01568627 0.61568627
v 0.07076154 0.01901066 -0.05925100 0.56470588 0.01568627 0.61568627
v 0.07123861 0.01827589 -0.05868828 0.56470588 0.01568627 0.61568627
v 0.07110042 0.01785602 -0.05707367 0.56470588 0.01568627 0.61568627
v 0.07088657 0.01761984 -0.05583605 0.56470588 0.01568627 0.61568627
v 0.07068258 0.01740335 -0.05481083 0.56470588 0.01568627 0.61568627
v 0.05610753 0.02872672 -0.05144094 0.56470588 0.01568627 0.61568627
v 0.05693005 0.02978951 -0.05465084 0.56470588 0.01568627 0.61568627
v 0.06327990 0.02376700 -0.05144094 0.56470588 0.01568627 0.61568627
v 0.06460909 0.02515782 -0.05773662 0.56470588 0.01568627 0.61568627
v 0.06478676 0.02529559 -0.05861196 0.56470588 0.01568627 0.61568627
v 0.06481308 0.02532184 -0.05974660 0.56470588 0.01568627 0.61568627
v 0.06465187 0.02370796 -0.05446051 0.56470588 0.01568627 0.61568627
f 2906 2907 2914
f 2906 2914 2926
f 2906 2926 2941
f 2906 2941 2960
f 2906 2960 2984
f 2906 2984 3011
f 2906 3011 3035
f 2906 3035 3056
f 2906 3056 3084
f 2906 3084 3085
f 2906 3085 3061
f 2906 3061 3060
f 2906 3060 3059
f 2906 3059 3058
f 2906 3058 3057
f 2906 3057 3036
f 2906 3036 3014
f 2906 3014 2985
f 2906 2985 2961
f 2906 2961 2942
f 2906 2942 2928
f 2906 2928 2927
f 2906 2927 2916
f 2906 2916 2908
f 2906 2908 2909
f 2906 2909 2910
f 2906 2910 2911
f 2906 2911 2907
f 2907 2911 2912
f 2907 2912 2913
f 2907 2913 2914
f 2908 2915 2909
f 2908 2916 2917
f 2908 2917 2915
f 2909 2918 2910
f 2909 2915 2919
f 2909 2919 2920
f 2909 2920 2918
f 2910 2921 2922
f 2910 2922 2911
f 2910 2918 2923
f 2910 2923 2921
f 2911 2922 2924
f 2911 2924 2913
f 2911 2913 2912
f 2913 2924 2925
f 2913 2925 2926
f 2913 2926 2914
f 2915 2917 2919
f 2916 2927 2917
f 2917 2927 2928
f 2917 2928 2929
f 2917 2929 2930
f 2917 2930 2919
f 2918 2920 2923
f 2919 2930 2931
f 2919 2931 2932
f 2919 2932 2920
f 2920 2932 2933
f 2920 2933 2934
f 2920 2934 2935
f 2920 2935 2923
f 2921 2924 2922
f 2921 2923 2936
f 2921 2936 2924
f 2923 2935 2936
f 2924 2937 2925
f 2924 2936 2938
f 2924 2938 2939
f 2924 2939 2940
f 2924 2940 2937
f 2925 2937 2940
f 2925 2940 2939
f 2925 2939 2954
f 2925 2954 2976
f 2925 2976 2981
f 2925 2981 2980
f 2925 2980 3005
f 2925 3005 3025
f 2925 3025 3024
f 2925 3024 3043
f 2925 3043 3069
f 2925 3069 3089
f 2925 3089 3100
f 2925 3100 3098
f 2925 3098 3077
f 2925 3077 3050
f 2925 3050 3029
f 2925 3029 3006
f 2925 3006 2982
f 2925 2982 2959
f 2925 2959 2941
f 2925 2941 2926
f 2928 2942 2929
f 2929 2942 2943
f 2929 2943 2944
f 2929 2944 2930
f 2930 2944 2945
f 2930 2945 2946
f 2930 2946 2931
f 2931 2946 2947
f 2931 2947 2932
f 2932 2947 2948
f 2932 2948 2949
f 2932 2949 2933
f 2933 2949 2934
f 2934 2950 2935
f 2934 2949 2951
f 2934 2951 2952
f 2934 2952 2972
f 2934 2972 2950
f 2935 2953 2954
f 2935 2954 2938
f 2935 2938 2936
f 2935 2950 2955
f 2935 2955 2956
f 2935 2956 2957
f 2935 2957 2958
f 2935 2958 2953
f 2938 2954 2939
f 2941 2959 2960
f 2942 2961 2962
f 2942 2962 2963
f 2942 2963 2943
f 2943 2963 2944
f 2944 2963 2964
f 2944 2964 2965
f 2944 2965 2945
f 2945 2965 2966
f 2945 2966 2946
f 2946 2966 2967
f 2946 2967 2968
f 2946 2968 2969
f 2946 2969 2947
f 2947 2969 2948
f 2948 2951 2949
f 2948 2969 2970
f 2948 2970 2971
f 2948 2971 2951
f 2950 2972 2955
f 2951 2971 2952
f 2952 2971 2973
f 2952 2973 2974
f 2952 2974 2975
f 2952 2975 2972
f 2953 2958 2954
f 2954 2958 2976
f 2955 2977 2978
f 2955 2978 2957
f 2955 2957 2956
f 2955 2972 2979
f 2955 2979 2980
f 2955 2980 2977
f 2957 2978 2958
f 2958 2981 2976
f 2958 2978 2977
f 2958 2977 2980
f 2958 2980 2981
f 2959 2982 2960
f 2960 2982 2983
f 2960 2983 2984
f 2961 2985 2962
f 2962 2985 2986
f 2962 2986 2963
f 2963 2986 2985
f 2963 2985 2987
f 2963 2987 2988
f 2963 2988 2964
f 2964 2989 2965
f 2964 2988 2990
f 2964 2990 2991
f 2964 2991 2989
f 2965 2989 2966
f 2966 2989 2991
f 2966 2991 2967
f 2967 2991 2992
f 2967 2992 2993
f 2967 2993 2968
f 2968 2993 2994
f 2968 2994 2995
f 2968 2995 2996
f 2968 2996 2997
f 2968 2997 2998
f 2968 2998 2969
f 2969 2998 2997
f 2969 2997 2970
f 2970 2997 2971
f 2971 2997 2999
f 2971 2999 3000
f 2971 3000 3001
f 2971 3001 2974
f 2971 2974 2973
f 2972 2975 3002
f 2972 3002 3003
f 2972 3003 2979
f 2974 3001 3004
f 2974 3004 2975
f 2975 3004 3002
f 2979 3003 3005
f 2979 3005 2980
f 2982 3006 3007
f 2982 3007 2983
f 2983 3007 3008
f 2983 3008 3009
f 2983 3009 3010
f 2983 3010 2984
f 2984 3010 3012
f 2984 3012 3011
f 2985 3013 2987
f 2985 3014 3013
f 2987 2990 2988
f 2987 3013 2990
f 2990 3013 3014
f 2990 3014 3015
f 2990 3015 2993
f 2990 2993 2991
f 2991 2993 2992
f 2993 3015 3016
f 2993 3016 3017
f 2993 3017 3018
f 2993 3018 2994
f 2994 3018 2995
f 2995 3018 2996
f 2996 3018 3019
f 2996 3019 3020
f 2996 3020 2997
f 2997 3020 3000
f 2997 3000 2999
f 3000 3020 3019
f 3000 3019 3001
f 3001 3019 3021
f 3001 3021 3004
f 3002 3004 3003
f 3003 3004 3022
f 3003 3022 3023
f 3003 3023 3024
f 3003 3024 3025
f 3003 3025 3005
f 3004 3021 3026
f 3004 3026 3027
f 3004 3027 3028
f 3004 3028 3022
f 3006 3029 3007
f 3007 3029 3030
f 3007 3030 3031
f 3007 3031 3008
f 3008 3031 3009
f 3009 3031 3032
f 3009 3032 3033
f 3009 3033 3034
f 3009 3034 3010
f 3010 3034 3011
f 3010 3011 3012
f 3011 3034 3035
f 3014 3036 3037
f 3014 3037 3015
f 3015 3037 3038
f 3015 3038 3016
f 3016 3038 3019
f 3016 3019 3017
f 3017 3019 3018
f 3019 3038 3039
f 3019 3039 3040
f 3019 3040 3021
f 3021 3040 3026
f 3022 3028 3041
f 3022 3041 3042
f 3022 3042 3023
f 3023 3042 3043
f 3023 3043 3024
f 3026 3040 3044
f 3026 3044 3027
f 3027 3044 3045
f 3027 3045 3028
f 3028 3045 3046
f 3028 3046 3047
f 3028 3047 3041
f 3029 3048 3049
f 3029 3049 3030
f 3029 3050 3048
f 3030 3049 3031
f 3031 3051 3032
f 3031 3049 3051
f 3032 3051 3052
f 3032 3052 3033
f 3033 3053 3054
f 3033 3054 3034
f 3033 3052 3055
f 3033 3055 3053
f 3034 3054 3035
f 3035 3054 3056
f 3036 3057 3037
f 3037 3057 3058
f 3037 3058 3059
f 3037 3059 3060
f 3037 3060 3061
f 3037 3061 3062
f 3037 3062 3063
f 3037 3063 3064
f 3037 3064 3065
f 3037 3065 3066
f 3037 3066 3038
f 3038 3066 3039
f 3039 3066 3065
f 3039 3065 3067
f 3039 3067 3068
f 3039 3068 3040
f 3040 3068 3044
f 3041 3047 3043
f 3041 3043 3042
f 3043 3047 3069
f 3044 3070 3045
f 3044 3068 3071
f 3044 3071 3072
f 3044 3072 3073
f 3044 3073 3070
f 3045 3070 3073
f 3045 3073 3072
f 3045 3072 3074
f 3045 3074 3046
f 3046 3074 3075
f 3046 3075 3047
f 3047 3075 3069
f 3048 3050 3076
f 3048 3076 3049
f 3049 3076 3051
f 3050 3077 3076
f 3051 3078 3079
f 3051 3079 3080
f 3051 3080 3052
f 3051 3076 3078
f 3052 3080 3055
f 3053 3055 3063
f 3053 3063 3081
f 3053 3081 3056
f 3053 3056 3054
f 3055 3080 3082
f 3055 3082 3083
f 3055 3083 3063
f 3056 3081 3084
f 3061 3085 3063
f 3061 3063 3062
f 3063 3086 3081
f 3063 3083 3064
f 3063 3085 3086
f 3064 3083 3065
f 3065 3087 3071
f 3065 3071 3067
f 3065 3083 3087
f 3067 3071 3068
f 3069 3075 3088
f 3069 3088 3089
f 3071 3087 3090
f 3071 3090 3072
f 3072 3090 3074
f 3074 3090 3091
f 3074 3091 3092
f 3074 3092 3075
f 3075 3092 3093
f 3075 3093 3094
f 3075 3094 3095
f 3075 3095 3096
f 3075 3096 3097
f 3075 3097 3088
f 3076 3077 3098
f 3076 3098 3099
f 3076 3099 3078
f 3078 3099 3079
f 3079 3099 3100
f 3079 3100 3101
f 3079 3101 3102
f 3079 3102 3103
f 3079 3103 3080
f 3080 3103 3082
f 3081 3086 3084
f 3082 3103 3083
f 3083 3103 3087
f 3084 3086 3085
f 3087 3091 3090
f 3087 3103 3091
f 3088 3097 3089
f 3089 3097 3100
f 3091 3103 3092
f 3092 3103 3093
f 3093 3103 3102
f 3093 3102 3095
f 3093 3095 3094
f 3095 3102 3101
f 3095 3101 3096
f 3096 3101 3097
f 3097 3101 3104
f 3097 3104 3100
f 3098 3100 3099
f 3100 3104 3101

o geometry_12
v 0.03305430 -0.03254945 -0.03706989 0.61176471 0.61568627 0.94117647
v 0.03305430 -0.03254302 -0.03554818 0.61176471 0.61568627 0.94117647
v 0.03305430 -0.03253658 -0.03862194 0.61176471 0.61568627 0.94117647
v 0.03457681 -0.03243357 -0.03708558 0.61176471 0.61568627 0.94117647
v 0.03457681 -0.03244001 -0.03554818 0.61176471 0.61568627 0.94117647
v 0.03611614 -0.03203443 -0.03411648 0.61176471 0.61568627 0.94117647
v 0.03305430 -0.03218250 -0.03400868 0.61176471 0.61568627 0.94117647
v 0.03305430 -0.03215031 -0.04009132 0.61176471 0.61568627 0.94117647
v 0.03457681 -0.03207950 -0.04003376 0.61176471 0.61568627 0.94117647
v 0.03611614 -0.03200868 -0.03992596 0.61176471 0.61568627 0.94117647
v 0.03457681 -0.03241426 -0.03862194 0.61176471 0.61568627 0.94117647
v 0.03611614 -0.03231126 -0.03708558 0.61176471 0.61568627 0.94117647
v 0.03611614 -0.03231126 -0.03554818 0.61176471 0.61568627 0.94117647
v 0.03765548 -0.03194430 -0.03428393 0.61176471 0.61568627 0.94117647
v 0.03452213 -0.03204087 -0.03387472 0.61176471 0.61568627 0.94117647
v 0.03611614 -0.03164173 -0.03334725 0.61176471 0.61568627 0.94117647
v 0.03499739 -0.03171898 -0.03327190 0.61176471 0.61568627 0.94117647
v 0.03397117 -0.03177049 -0.03323422 0.61176471 0.61568627 0.94117647
v 0.03305430 -0.03179624 -0.03321538 0.61176471 0.61568627 0.94117647
v 0.03305430 -0.03214388 -0.04010597 0.61176471 0.61568627 0.94117647
v 0.03911070 -0.02896363 -0.04280507 0.61176471 0.61568627 0.94117647
v 0.03765548 -0.03191856 -0.03975747 0.61176471 0.61568627 0.94117647
v 0.03611614 -0.03227907 -0.03862194 0.61176471 0.61568627 0.94117647
v 0.03765548 -0.03214388 -0.03708558 0.61176471 0.61568627 0.94117647
v 0.03765548 -0.03214388 -0.03554818 0.61176471 0.61568627 0.94117647
v 0.03919061 -0.03183486 -0.03456336 0.61176471 0.61568627 0.94117647
v 0.03919061 -0.03142285 -0.03379413 0.61176471 0.61568627 0.94117647
v 0.03765548 -0.03153229 -0.03351575 0.61176471 0.61568627 0.94117647
v 0.04342168 -0.03030912 -0.03317875 0.61176471 0.61568627 0.94117647
v 0.04226507 -0.03041856 -0.03310968 0.61176471 0.61568627 0.94117647
v 0.04072995 -0.03054731 -0.03305421 0.61176471 0.61568627 0.94117647
v 0.03919061 -0.03065032 -0.03303433 0.61176471 0.61568627 0.94117647
v 0.03305430 -0.03099796 -0.03300293 0.61176471 0.61568627 0.94117647
v 0.03765548 -0.03075976 -0.03303223 0.61176471 0.61568627 0.94117647
v 0.03305430 -0.03135204 -0.04087415 0.61176471 0.61568627 0.94117647
v 0.03305430 -0.02840355 -0.04280507 0.61176471 0.61568627 0.94117647
v 0.04885562 -0.02644004 -0.04280507 0.61176471 0.61568627 0.94117647
v 0.04380441 -0.03064388 -0.03998980 0.61176471 0.61568627 0.94117647
v 0.03887517 -0.03182843 -0.03956281 0.61176471 0.61568627 0.94117647
v 0.03765548 -0.03210525 -0.03862194 0.61176471 0.61568627 0.94117647
v 0.04006122 -0.03178336 -0.03818448 0.61176471 0.61568627 0.94117647
v 0.03919061 -0.03193143 -0.03708558 0.61176471 0.61568627 0.94117647
v 0.03919061 -0.03192499 -0.03554818 0.61176471 0.61568627 0.94117647
v 0.04001495 -0.03177049 -0.03474860 0.61176471 0.61568627 0.94117647
v 0.04226507 -0.03099796 -0.03400973 0.61176471 0.61568627 0.94117647
v 0.04444790 -0.03016749 -0.03328341 0.61176471 0.61568627 0.94117647
v 0.04841821 -0.02882200 -0.03315468 0.61176471 0.61568627 0.94117647
v 0.04687888 -0.02902801 -0.03305317 0.61176471 0.61568627 0.94117647
v 0.04226507 -0.02945934 -0.03289409 0.61176471 0.61568627 0.94117647
v 0.04072995 -0.02945934 -0.03284281 0.61176471 0.61568627 0.94117647
v 0.03919061 -0.02945934 -0.03282292 0.61176471 0.61568627 0.94117647
v 0.03765548 -0.02945934 -0.03281978 0.61176471 0.61568627 0.94117647
v 0.03305430 -0.02945934 -0.03281350 0.61176471 0.61568627 0.94117647
v 0.03305430 0.02880222 -0.04280507 0.61176471 0.61568627 0.94117647
v 0.04984399 -0.02616321 -0.04280507 0.61176471 0.61568627 0.94117647
v 0.04534374 -0.03041856 -0.03973026 0.61176471 0.61568627 0.94117647
v 0.03990139 -0.03175761 -0.03920907 0.61176471 0.61568627 0.94117647
v 0.04063321 -0.03166748 -0.03866694 0.61176471 0.61568627 0.94117647
v 0.04226507 -0.03139066 -0.03862194 0.61176471 0.61568627 0.94117647
v 0.04089818 -0.03166104 -0.03708558 0.61176471 0.61568627 0.94117647
v 0.04012851 -0.03178980 -0.03708558 0.61176471 0.61568627 0.94117647
v 0.04009486 -0.03178980 -0.03554818 0.61176471 0.61568627 0.94117647
v 0.04086453 -0.03165461 -0.03554818 0.61176471 0.61568627 0.94117647
v 0.04226507 -0.03139066 -0.03554818 0.61176471 0.61568627 0.94117647
v 0.04380441 -0.03104946 -0.03554818 0.61176471 0.61568627 0.94117647
v 0.04631109 -0.03028981 -0.03460104 0.61176471 0.61568627 0.94117647
v 0.04534374 -0.03043143 -0.03429230 0.61176471 0.61568627 0.94117647
v 0.04388432 -0.03060526 -0.03388100 0.61176471 0.61568627 0.94117647
v 0.04921732 -0.02869968 -0.03323108 0.61176471 0.61568627 0.94117647
v 0.05149267 -0.02737351 -0.03311387 0.61176471 0.61568627 0.94117647
v 0.04981875 -0.02792072 -0.03305421 0.61176471 0.61568627 0.94117647
v 0.04841821 -0.02792072 -0.03291188 0.61176471 0.61568627 0.94117647
v 0.04687888 -0.02792072 -0.03281560 0.61176471 0.61568627 0.94117647
v 0.04534374 -0.02792072 -0.03278734 0.61176471 0.61568627 0.94117647
v 0.04978931 -0.01388644 -0.03211440 0.61176471 0.61568627 0.94117647
v 0.04844765 -0.01393794 -0.03211440 0.61176471 0.61568627 0.94117647
v 0.04734993 -0.01372550 -0.03211440 0.61176471 0.61568627 0.94117647
v 0.04641623 -0.01342292 -0.03211440 0.61176471 0.61568627 0.94117647
v 0.04402732 -0.01245083 -0.03211440 0.61176471 0.61568627 0.94117647
v 0.04391797 -0.01239932 -0.03211440 0.61176471 0.61568627 0.94117647
v 0.04383385 -0.01233495 -0.03211440 0.61176471 0.61568627 0.94117647
v 0.04311045 -0.01174911 -0.03211440 0.61176471 0.61568627 0.94117647
v 0.04234078 -0.01095083 -0.03211440 0.61176471 0.61568627 0.94117647
v 0.04152064 -0.00981779 -0.03211440 0.61176471 0.61568627 0.94117647
v 0.04110847 -0.00906457 -0.03211440 0.61176471 0.61568627 0.94117647
v 0.04079303 -0.00803454 -0.03211440 0.61176471 0.61568627 0.94117647
v 0.04042712 -0.00639291 -0.03211440 0.61176471 0.61568627 0.94117647
v 0.04017057 -0.00500236 -0.03211440 0.61176471 0.61568627 0.94117647
v 0.03997710 -0.00366331 -0.03211440 0.61176471 0.61568627 0.94117647
v 0.03981728 -0.00231138 -0.03211440 0.61176471 0.61568627 0.94117647
v 0.03977101 -0.00177705 -0.03211440 0.61176471 0.61568627 0.94117647
v 0.03974578 -0.00087577 -0.03211440 0.61176471 0.61568627 0.94117647
v 0.03305430 0.03050178 -0.03268268 0.61176471 0.61568627 0.94117647
v 0.03305430 0.03204040 -0.04058635 0.61176471 0.61568627 0.94117647
v 0.03493851 0.03014127 -0.04280507 0.61176471 0.61568627 0.94117647
v 0.04995334 -0.02886706 -0.03969153 0.61176471 0.61568627 0.94117647
v 0.04841821 -0.02916320 -0.04003481 0.61176471 0.61568627 0.94117647
v 0.05613591 -0.02343361 -0.04280507 0.61176471 0.61568627 0.94117647
v 0.04626482 -0.03027693 -0.03949687 0.61176471 0.61568627 0.94117647
v 0.04380441 -0.03105590 -0.03862194 0.61176471 0.61568627 0.94117647
v 0.04226507 -0.03140353 -0.03708558 0.61176471 0.61568627 0.94117647
v 0.04380441 -0.03105590 -0.03708558 0.61176471 0.61568627 0.94117647
v 0.04534374 -0.03063744 -0.03554818 0.61176471 0.61568627 0.94117647
v 0.04640361 -0.03031555 -0.03554818 0.61176471 0.61568627 0.94117647
v 0.04717328 -0.03007092 -0.03554818 0.61176471 0.61568627 0.94117647
v 0.04841821 -0.02964603 -0.03554818 0.61176471 0.61568627 0.94117647
v 0.05073142 -0.02869325 -0.03476744 0.61176471 0.61568627 0.94117647
v 0.04981875 -0.02883488 -0.03415729 0.61176471 0.61568627 0.94117647
v 0.04841821 -0.02929839 -0.03400973 0.61176471 0.61568627 0.94117647
v 0.05235066 -0.02719325 -0.03321120 0.61176471 0.61568627 0.94117647
v 0.05456293 -0.02584777 -0.03310654 0.61176471 0.61568627 0.94117647
v 0.05293107 -0.02639497 -0.03302909 0.61176471 0.61568627 0.94117647
v 0.05149267 -0.02638210 -0.03285746 0.61176471 0.61568627 0.94117647
v 0.04995334 -0.02638210 -0.03276013 0.61176471 0.61568627 0.94117647
v 0.05315819 -0.01274052 -0.03211440 0.61176471 0.61568627 0.94117647
v 0.05303201 -0.02484348 -0.03272873 0.61176471 0.61568627 0.94117647
v 0.03973316 -0.00024487 -0.03211440 0.61176471 0.61568627 0.94117647
v 0.04006122 0.00282593 -0.03211440 0.61176471 0.61568627 0.94117647
v 0.04066686 0.00744823 -0.03211440 0.61176471 0.61568627 0.94117647
v 0.04097809 0.00873578 -0.03211440 0.61176471 0.61568627 0.94117647
v 0.04245013 0.01187740 -0.03211440 0.61176471 0.61568627 0.94117647
v 0.04393058 0.01345464 -0.03211440 0.61176471 0.61568627 0.94117647
v 0.04534374 0.01409842 -0.03211440 0.61176471 0.61568627 0.94117647
v 0.04711019 0.01488382 -0.03211440 0.61176471 0.61568627 0.94117647
v 0.04835092 0.01498039 -0.03211440 0.61176471 0.61568627 0.94117647
v 0.04953276 0.01483232 -0.03211440 0.61176471 0.61568627 0.94117647
v 0.03457681 0.03050178 -0.03269419 0.61176471 0.61568627 0.94117647
v 0.03305430 0.03051466 -0.03268477 0.61176471 0.61568627 0.94117647
v 0.03988457 0.00128731 -0.03211440 0.61176471 0.61568627 0.94117647
v 0.03305430 0.03302538 -0.03984538 0.61176471 0.61568627 0.94117647
v 0.03572080 0.03054041 -0.04280507 0.61176471 0.61568627 0.94117647
v 0.05074403 -0.02869968 -0.03941001 0.61176471 0.61568627 0.94117647
v 0.05709064 -0.02282203 -0.04280507 0.61176471 0.61568627 0.94117647
v 0.05857530 -0.02418039 -0.03958897 0.61176471 0.61568627 0.94117647
v 0.05570272 -0.02582845 -0.03972921 0.61176471 0.61568627 0.94117647
v 0.05275442 -0.02742501 -0.03978677 0.61176471 0.61568627 0.94117647
v 0.04841821 -0.02963959 -0.03862194 0.61176471 0.61568627 0.94117647
v 0.04635735 -0.03030912 -0.03862194 0.61176471 0.61568627 0.94117647
v 0.04534374 -0.03062457 -0.03862194 0.61176471 0.61568627 0.94117647
v 0.04534374 -0.03063100 -0.03708558 0.61176471 0.61568627 0.94117647
v 0.04638679 -0.03031555 -0.03708558 0.61176471 0.61568627 0.94117647
v 0.04715646 -0.03006448 -0.03708558 0.61176471 0.61568627 0.94117647
v 0.04841821 -0.02964603 -0.03708558 0.61176471 0.61568627 0.94117647
v 0.04995334 -0.02904732 -0.03708558 0.61176471 0.61568627 0.94117647
v 0.04995334 -0.02904089 -0.03554818 0.61176471 0.61568627 0.94117647
v 0.05074403 -0.02869968 -0.03708558 0.61176471 0.61568627 0.94117647
v 0.05150529 -0.02833917 -0.03554818 0.61176471 0.61568627 0.94117647
v 0.05382271 -0.02716750 -0.03473500 0.61176471 0.61568627 0.94117647
v 0.05293107 -0.02734776 -0.03413741 0.61176471 0.61568627 0.94117647
v 0.05337268 -0.02691643 -0.03370936 0.61176471 0.61568627 0.94117647
v 0.05538728 -0.02564820 -0.03321329 0.61176471 0.61568627 0.94117647
v 0.05719158 -0.02428339 -0.03310340 0.61176471 0.61568627 0.94117647
v 0.05598030 -0.02481129 -0.03303956 0.61176471 0.61568627 0.94117647
v 0.05456293 -0.02484348 -0.03284385 0.61176471 0.61568627 0.94117647
v 0.05456293 -0.01186499 -0.03211440 0.61176471 0.61568627 0.94117647
v 0.05610227 -0.02330486 -0.03273710 0.61176471 0.61568627 0.94117647
v 0.05763740 -0.02176624 -0.03270466 0.61176471 0.61568627 0.94117647
v 0.05055898 0.01458125 -0.03211440 0.61176471 0.61568627 0.94117647
v 0.04380441 0.02896960 -0.03271617 0.61176471 0.61568627 0.94117647
v 0.03611614 0.03050178 -0.03270780 0.61176471 0.61568627 0.94117647
v 0.03305430 0.03183439 -0.03296107 0.61176471 0.61568627 0.94117647
v 0.03305430 0.03321851 -0.03862194 0.61176471 0.61568627 0.94117647
v 0.03457681 0.03297387 -0.03978258 0.61176471 0.61568627 0.94117647
v 0.03765548 0.03054041 -0.04280507 0.61176471 0.61568627 0.94117647
v 0.03611614 0.03063697 -0.04280507 0.61176471 0.61568627 0.94117647
v 0.05377644 -0.02714175 -0.03911802 0.61176471 0.61568627 0.94117647
v 0.05317080 -0.02748939 -0.03861148 0.61176471 0.61568627 0.94117647
v 0.05151791 -0.02833917 -0.03862194 0.61176471 0.61568627 0.94117647
v 0.05074824 -0.02869968 -0.03862194 0.61176471 0.61568627 0.94117647
v 0.04995334 -0.02904732 -0.03862194 0.61176471 0.61568627 0.94117647
v 0.06615421 -0.01798084 -0.03947699 0.61176471 0.61568627 0.94117647
v 0.06460647 -0.01950659 -0.03946024 0.61176471 0.61568627 0.94117647
v 0.06302507 -0.02100015 -0.03939431 0.61176471 0.61568627 0.94117647
v 0.06033334 -0.02282203 -0.03975747 0.61176471 0.61568627 0.94117647
v 0.06327322 -0.01677699 -0.04280507 0.61176471 0.61568627 0.94117647
v 0.06053942 -0.02297009 -0.03862194 0.61176471 0.61568627 0.94117647
v 0.05943329 -0.02373618 -0.03862194 0.61176471 0.61568627 0.94117647
v 0.05866783 -0.02424477 -0.03862194 0.61176471 0.61568627 0.94117647
v 0.05668267 -0.02550013 -0.03862194 0.61176471 0.61568627 0.94117647
v 0.05151370 -0.02833917 -0.03708558 0.61176471 0.61568627 0.94117647
v 0.05303201 -0.02758595 -0.03554818 0.61176471 0.61568627 0.94117647
v 0.05383112 -0.02716750 -0.03554818 0.61176471 0.61568627 0.94117647
v 0.05459658 -0.02673617 -0.03554818 0.61176471 0.61568627 0.94117647
v 0.05593403 -0.02597008 -0.03554818 0.61176471 0.61568627 0.94117647
v 0.05670370 -0.02551300 -0.03554818 0.61176471 0.61568627 0.94117647
v 0.05860053 -0.02420614 -0.03447859 0.61176471 0.61568627 0.94117647
v 0.05567327 -0.02581557 -0.03400973 0.61176471 0.61568627 0.94117647
v 0.05821780 -0.02391644 -0.03345400 0.61176471 0.61568627 0.94117647
v 0.06001790 -0.02258383 -0.03320596 0.61176471 0.61568627 0.94117647
v 0.05917673 -0.02283490 -0.03308875 0.61176471 0.61568627 0.94117647
v 0.05767946 -0.02336280 -0.03295060 0.61176471 0.61568627 0.94117647
v 0.05917673 -0.02176624 -0.03282187 0.61176471 0.61568627 0.94117647
v 0.05594665 -0.01085427 -0.03211440 0.61176471 0.61568627 0.94117647
v 0.06071607 -0.02023406 -0.03276955 0.61176471 0.61568627 0.94117647
v 0.06225120 -0.01869543 -0.03273710 0.61176471 0.61568627 0.94117647
v 0.06379054 -0.01715681 -0.03271199 0.61176471 0.61568627 0.94117647
v 0.05169035 0.01416923 -0.03211440 0.61176471 0.61568627 0.94117647
v 0.04995334 0.02743098 -0.03273292 0.61176471 0.61568627 0.94117647
v 0.04841821 0.02743098 -0.03270780 0.61176471 0.61568627 0.94117647
v 0.04534374 0.02896960 -0.03274338 0.61176471 0.61568627 0.94117647
v 0.03765548 0.03050178 -0.03273920 0.61176471 0.61568627 0.94117647
v 0.03611614 0.03171208 -0.03297886 0.61176471 0.61568627 0.94117647
v 0.03457681 0.03177645 -0.03296839 0.61176471 0.61568627 0.94117647
v 0.03305430 0.03260048 -0.03359424 0.61176471 0.61568627 0.94117647
v 0.03305430 0.03316700 -0.03708558 0.61176471 0.61568627 0.94117647
v 0.03457681 0.03307044 -0.03708558 0.61176471 0.61568627 0.94117647
v 0.03457681 0.03311551 -0.03862194 0.61176471 0.61568627 0.94117647
v 0.03729798 0.03285799 -0.03949792 0.61176471 0.61568627 0.94117647
v 0.03611614 0.03291594 -0.03964653 0.61176471 0.61568627 0.94117647
v 0.04226507 0.03169277 -0.03997411 0.61176471 0.61568627 0.94117647
v 0.04698823 0.02885372 -0.04280507 0.61176471 0.61568627 0.94117647
v 0.05442414 -0.02680699 -0.03861148 0.61176471 0.61568627 0.94117647
v 0.05381850 -0.02716106 -0.03809238 0.61176471 0.61568627 0.94117647
v 0.05591301 -0.02595721 -0.03862194 0.61176471 0.61568627 0.94117647
v 0.05303201 -0.02758595 -0.03708558 0.61176471 0.61568627 0.94117647
v 0.06620048 -0.01803235 -0.03862194 0.61176471 0.61568627 0.94117647
v 0.06674724 -0.01700875 -0.03971351 0.61176471 0.61568627 0.94117647
v 0.06763887 -0.01639716 -0.03940268 0.61176471 0.61568627 0.94117647
v 0.06465273 -0.01955165 -0.03862194 0.61176471 0.61568627 0.94117647
v 0.06380736 -0.02031774 -0.03862194 0.61176471 0.61568627 0.94117647
v 0.06303769 -0.02101302 -0.03862194 0.61176471 0.61568627 0.94117647
v 0.06225120 -0.02165036 -0.03862194 0.61176471 0.61568627 0.94117647
v 0.06130909 -0.02240357 -0.03862194 0.61176471 0.61568627 0.94117647
v 0.06969553 -0.00934140 -0.04280507 0.61176471 0.61568627 0.94117647
v 0.06132171 -0.02241645 -0.03708558 0.61176471 0.61568627 0.94117647
v 0.06055625 -0.02297653 -0.03708558 0.61176471 0.61568627 0.94117647
v 0.05945012 -0.02374262 -0.03708558 0.61176471 0.61568627 0.94117647
v 0.05868045 -0.02425764 -0.03708558 0.61176471 0.61568627 0.94117647
v 0.05763740 -0.02492717 -0.03708558 0.61176471 0.61568627 0.94117647
v 0.05670791 -0.02551300 -0.03708558 0.61176471 0.61568627 0.94117647
v 0.05593824 -0.02597652 -0.03708558 0.61176471 0.61568627 0.94117647
v 0.05383112 -0.02716750 -0.03708558 0.61176471 0.61568627 0.94117647
v 0.05459237 -0.02674261 -0.03708558 0.61176471 0.61568627 0.94117647
v 0.05763740 -0.02493360 -0.03554818 0.61176471 0.61568627 0.94117647
v 0.05869306 -0.02426408 -0.03554818 0.61176471 0.61568627 0.94117647
v 0.05945852 -0.02374262 -0.03554818 0.61176471 0.61568627 0.94117647
v 0.06055625 -0.02297009 -0.03554818 0.61176471 0.61568627 0.94117647
v 0.06132592 -0.02241645 -0.03554818 0.61176471 0.61568627 0.94117647
v 0.06302928 -0.02100658 -0.03475174 0.61176471 0.61568627 0.94117647
v 0.06030390 -0.02278984 -0.03400973 0.61176471 0.61568627 0.94117647
v 0.06107356 -0.02221688 -0.03400973 0.61176471 0.61568627 0.94117647
v 0.06271804 -0.02074263 -0.03372715 0.61176471 0.61568627 0.94117647
v 0.06169182 -0.02116753 -0.03314631 0.61176471 0.61568627 0.94117647
v 0.06060251 -0.02171473 -0.03305840 0.61176471 0.61568627 0.94117647
v 0.06222176 -0.02022762 -0.03300084 0.61176471 0.61568627 0.94117647
v 0.06381577 -0.01874050 -0.03296316 0.61176471 0.61568627 0.94117647
v 0.05744814 -0.00928346 -0.03211440 0.61176471 0.61568627 0.94117647
v 0.06532566 -0.01561819 -0.03272664 0.61176471 0.61568627 0.94117647
v 0.06840433 -0.01100877 -0.03268896 0.61176471 0.61568627 0.94117647
v 0.06535931 -0.01717613 -0.03296002 0.61176471 0.61568627 0.94117647
v 0.05314977 0.01359627 -0.03211440 0.61176471 0.61568627 0.94117647
v 0.05149267 0.02743098 -0.03283548 0.61176471 0.61568627 0.94117647
v 0.04687888 0.02896960 -0.03281455 0.61176471 0.61568627 0.94117647
v 0.05412553 0.01317138 -0.03211440 0.61176471 0.61568627 0.94117647
v 0.05303201 0.02589236 -0.03272350 0.61176471 0.61568627 0.94117647
v 0.04072995 0.03050178 -0.03284176 0.61176471 0.61568627 0.94117647
v 0.03919061 0.03050178 -0.03278629 0.61176471 0.61568627 0.94117647
v 0.03765548 0.03163482 -0.03300816 0.61176471 0.61568627 0.94117647
v 0.03305430 0.03260692 -0.03360157 0.61176471 0.61568627 0.94117647
v 0.03919061 0.03153826 -0.03305421 0.61176471 0.61568627 0.94117647
v 0.03305430 0.03310263 -0.03556388 0.61176471 0.61568627 0.94117647
v 0.03457681 0.03301250 -0.03554818 0.61176471 0.61568627 0.94117647
v 0.03611614 0.03294812 -0.03708558 0.61176471 0.61568627 0.94117647
v 0.03611614 0.03299963 -0.03862194 0.61176471 0.61568627 0.94117647
v 0.03741995 0.03287087 -0.03862194 0.61176471 0.61568627 0.94117647
v 0.03818962 0.03278074 -0.03862194 0.61176471 0.61568627 0.94117647
v 0.03919061 0.03264555 -0.03862194 0.61176471 0.61568627 0.94117647
v 0.04072995 0.03240735 -0.03862194 0.61176471 0.61568627 0.94117647
v 0.04503251 0.03137732 -0.03958478 0.61176471 0.61568627 0.94117647
v 0.04380441 0.03151894 -0.03978886 0.61176471 0.61568627 0.94117647
v 0.04841821 0.03016058 -0.03997620 0.61176471 0.61568627 0.94117647
v 0.04995334 0.02990307 -0.03964862 0.61176471 0.61568627 0.94117647
v 0.05454191 0.02602755 -0.04280507 0.61176471 0.61568627 0.94117647
v 0.06697015 -0.01718256 -0.03862194 0.61176471 0.61568627 0.94117647
v 0.06620889 -0.01804522 -0.03708558 0.61176471 0.61568627 0.94117647
v 0.06544763 -0.01881131 -0.03708558 0.61176471 0.61568627 0.94117647
v 0.06467796 -0.01957741 -0.03708558 0.61176471 0.61568627 0.94117647
v 0.06966188 -0.01395082 -0.03862194 0.61176471 0.61568627 0.94117647
v 0.06906465 -0.01471691 -0.03862194 0.61176471 0.61568627 0.94117647
v 0.06909409 -0.01475554 -0.03708558 0.61176471 0.61568627 0.94117647
v 0.06765149 -0.01641004 -0.03862194 0.61176471 0.61568627 0.94117647
v 0.06795431 -0.01561819 -0.03970305 0.61176471 0.61568627 0.94117647
v 0.06948944 -0.01371262 -0.03975014 0.61176471 0.61568627 0.94117647
v 0.07088578 -0.01202594 -0.03963397 0.61176471 0.61568627 0.94117647
v 0.06381997 -0.02034350 -0.03708558 0.61176471 0.61568627 0.94117647
v 0.06305031 -0.02102590 -0.03708558 0.61176471 0.61568627 0.94117647
v 0.06225120 -0.02166967 -0.03708558 0.61176471 0.61568627 0.94117647
v 0.07261017 -0.00300022 -0.04280507 0.61176471 0.61568627 0.94117647
v 0.07404015 -0.00639291 -0.03972502 0.61176471 0.61568627 0.94117647
v 0.07384668 -0.00728132 -0.03949478 0.61176471 0.61568627 0.94117647
v 0.07253867 -0.00920620 -0.03974177 0.61176471 0.61568627 0.94117647
v 0.06225120 -0.02166967 -0.03554818 0.61176471 0.61568627 0.94117647
v 0.06222176 -0.02136710 -0.03414787 0.61176471 0.61568627 0.94117647
v 0.06304190 -0.02101946 -0.03554818 0.61176471 0.61568627 0.94117647
v 0.06381156 -0.02033706 -0.03554818 0.61176471 0.61568627 0.94117647
v 0.06466535 -0.01956453 -0.03554818 0.61176471 0.61568627 0.94117647
v 0.06461488 -0.01951946 -0.03460941 0.61176471 0.61568627 0.94117647
v 0.06434991 -0.01928127 -0.03358377 0.61176471 0.61568627 0.94117647
v 0.06332369 -0.01971904 -0.03311177 0.61176471 0.61568627 0.94117647
v 0.06487143 -0.01825767 -0.03308770 0.61176471 0.61568627 0.94117647
v 0.07147880 -0.00639291 -0.03269524 0.61176471 0.61568627 0.94117647
v 0.05907159 -0.00632853 -0.03211440 0.61176471 0.61568627 0.94117647
v 0.06686500 -0.01407957 -0.03275175 0.61176471 0.61568627 0.94117647
v 0.06993947 -0.00947015 -0.03271826 0.61176471 0.61568627 0.94117647
v 0.06686921 -0.01560532 -0.03298933 0.61176471 0.61568627 0.94117647
v 0.05294369 0.02743742 -0.03301654 0.61176471 0.61568627 0.94117647
v 0.05149267 0.02839664 -0.03310235 0.61176471 0.61568627 0.94117647
v 0.04995334 0.02867346 -0.03300398 0.61176471 0.61568627 0.94117647
v 0.05456293 0.02589236 -0.03284176 0.61176471 0.61568627 0.94117647
v 0.04687888 0.02996101 -0.03307828 0.61176471 0.61568627 0.94117647
v 0.04534374 0.03013483 -0.03301130 0.61176471 0.61568627 0.94117647
v 0.04226507 0.03050178 -0.03291711 0.61176471 0.61568627 0.94117647
v 0.05485314 0.01266924 -0.03211440 0.61176471 0.61568627 0.94117647
v 0.05610227 0.02435374 -0.03273815 0.61176471 0.61568627 0.94117647
v 0.03457681 0.03289662 -0.03449429 0.61176471 0.61568627 0.94117647
v 0.03305430 0.03293525 -0.03436242 0.61176471 0.61568627 0.94117647
v 0.04072995 0.03143525 -0.03310863 0.61176471 0.61568627 0.94117647
v 0.04226507 0.03133869 -0.03318085 0.61176471 0.61568627 0.94117647
v 0.03457681 0.03254254 -0.03372611 0.61176471 0.61568627 0.94117647
v 0.03571659 0.03285155 -0.03463557 0.61176471 0.61568627 0.94117647
v 0.03618344 0.03287731 -0.03558376 0.61176471 0.61568627 0.94117647
v 0.03717601 0.03284512 -0.03708558 0.61176471 0.61568627 0.94117647
v 0.03794568 0.03275499 -0.03708558 0.61176471 0.61568627 0.94117647
v 0.03919061 0.03258761 -0.03708558 0.61176471 0.61568627 0.94117647
v 0.04072995 0.03235585 -0.03708558 0.61176471 0.61568627 0.94117647
v 0.04226507 0.03207903 -0.03708558 0.61176471 0.61568627 0.94117647
v 0.04226507 0.03211122 -0.03862194 0.61176471 0.61568627 0.94117647
v 0.04380441 0.03177002 -0.03862194 0.61176471 0.61568627 0.94117647
v 0.04529328 0.03143525 -0.03862194 0.61176471 0.61568627 0.94117647
v 0.04605873 0.03126144 -0.03862194 0.61176471 0.61568627 0.94117647
v 0.04687888 0.03102968 -0.03862194 0.61176471 0.61568627 0.94117647
v 0.05075245 0.02974857 -0.03941629 0.61176471 0.61568627 0.94117647
v 0.05532419 0.02571854 -0.04280507 0.61176471 0.61568627 0.94117647
v 0.06697856 -0.01718900 -0.03708558 0.61176471 0.61568627 0.94117647
v 0.06765149 -0.01641004 -0.03554818 0.61176471 0.61568627 0.94117647
v 0.06696173 -0.01717613 -0.03554818 0.61176471 0.61568627 0.94117647
v 0.06619207 -0.01802591 -0.03554818 0.61176471 0.61568627 0.94117647
v 0.06543502 -0.01879844 -0.03554818 0.61176471 0.61568627 0.94117647
v 0.07043155 -0.01292722 -0.03862194 0.61176471 0.61568627 0.94117647
v 0.06834966 -0.01561819 -0.03708558 0.61176471 0.61568627 0.94117647
v 0.06967029 -0.01398301 -0.03708558 0.61176471 0.61568627 0.94117647
v 0.06965347 -0.01396369 -0.03554818 0.61176471 0.61568627 0.94117647
v 0.06907727 -0.01472979 -0.03554818 0.61176471 0.61568627 0.94117647
v 0.06832442 -0.01561819 -0.03554818 0.61176471 0.61568627 0.94117647
v 0.06765990 -0.01641647 -0.03708558 0.61176471 0.61568627 0.94117647
v 0.07224006 -0.01022980 -0.03912534 0.61176471 0.61568627 0.94117647
v 0.07291720 -0.00218263 -0.04280507 0.61176471 0.61568627 0.94117647
v 0.07543229 -0.00294228 -0.03956490 0.61176471 0.61568627 0.94117647
v 0.07388453 -0.00735857 -0.03862194 0.61176471 0.61568627 0.94117647
v 0.07346816 -0.00812466 -0.03862194 0.61176471 0.61568627 0.94117647
v 0.07527247 -0.00392082 -0.03862194 0.61176471 0.61568627 0.94117647
v 0.07492758 -0.00485429 -0.03862194 0.61176471 0.61568627 0.94117647
v 0.07431353 -0.00639291 -0.03862194 0.61176471 0.61568627 0.94117647
v 0.06615421 -0.01798728 -0.03462197 0.61176471 0.61568627 0.94117647
v 0.06525837 -0.01863106 -0.03410287 0.61176471 0.61568627 0.94117647
v 0.06589766 -0.01770402 -0.03359633 0.61176471 0.61568627 0.94117647
v 0.06635610 -0.01667398 -0.03310863 0.61176471 0.61568627 0.94117647
v 0.07147880 -0.00793153 -0.03280199 0.61176471 0.61568627 0.94117647
v 0.07301393 -0.00485429 -0.03279676 0.61176471 0.61568627 0.94117647
v 0.07301393 -0.00331567 -0.03269838 0.61176471 0.61568627 0.94117647
v 0.05946694 -0.00486073 -0.03211440 0.61176471 0.61568627 0.94117647
v 0.07301393 -0.00177705 -0.03267012 0.61176471 0.61568627 0.94117647
v 0.06840433 -0.01254095 -0.03280408 0.61176471 0.61568627 0.94117647
v 0.06781131 -0.01507742 -0.03313480 0.61176471 0.61568627 0.94117647
v 0.06835387 -0.01398945 -0.03304165 0.61176471 0.61568627 0.94117647
v 0.05237169 0.02824857 -0.03319864 0.61176471 0.61568627 0.94117647
v 0.05598871 0.02587948 -0.03303014 0.61176471 0.61568627 0.94117647
v 0.05456293 0.02689021 -0.03310235 0.61176471 0.61568627 0.94117647
v 0.04798080 0.02983226 -0.03316201 0.61176471 0.61568627 0.94117647
v 0.05917673 0.02281512 -0.03279780 0.61176471 0.61568627 0.94117647
v 0.05775095 0.02446962 -0.03294642 0.61176471 0.61568627 0.94117647
v 0.04309362 0.03128719 -0.03322794 0.61176471 0.61568627 0.94117647
v 0.05582889 0.01196109 -0.03211440 0.61176471 0.61568627 0.94117647
v 0.06225120 0.01973788 -0.03272454 0.61176471 0.61568627 0.94117647
v 0.06071607 0.02127650 -0.03274966 0.61176471 0.61568627 0.94117647
v 0.03765548 0.03233010 -0.03400973 0.61176471 0.61568627 0.94117647
v 0.03618344 0.03253611 -0.03407775 0.61176471 0.61568627 0.94117647
v 0.03674281 0.03279362 -0.03509502 0.61176471 0.61568627 0.94117647
v 0.03919061 0.03213697 -0.03400973 0.61176471 0.61568627 0.94117647
v 0.04072995 0.03192452 -0.03400973 0.61176471 0.61568627 0.94117647
v 0.04226507 0.03169277 -0.03400973 0.61176471 0.61568627 0.94117647
v 0.04072995 0.03229147 -0.03554818 0.61176471 0.61568627 0.94117647
v 0.03755034 0.03272280 -0.03558376 0.61176471 0.61568627 0.94117647
v 0.03919061 0.03251679 -0.03554818 0.61176471 0.61568627 0.94117647
v 0.04226507 0.03201465 -0.03554818 0.61176471 0.61568627 0.94117647
v 0.04380441 0.03170564 -0.03554818 0.61176471 0.61568627 0.94117647
v 0.04380441 0.03175714 -0.03708558 0.61176471 0.61568627 0.94117647
v 0.04524701 0.03142881 -0.03708558 0.61176471 0.61568627 0.94117647
v 0.04601668 0.03124856 -0.03708558 0.61176471 0.61568627 0.94117647
v 0.04687888 0.03099749 -0.03708558 0.61176471 0.61568627 0.94117647
v 0.04841821 0.03057260 -0.03862194 0.61176471 0.61568627 0.94117647
v 0.05010054 0.02998032 -0.03854345 0.61176471 0.61568627 0.94117647
v 0.05075245 0.02974857 -0.03900289 0.61176471 0.61568627 0.94117647
v 0.05303201 0.02877003 -0.03862194 0.61176471 0.61568627 0.94117647
v 0.05394047 0.02826789 -0.03952094 0.61176471 0.61568627 0.94117647
v 0.05566486 0.02555760 -0.04280507 0.61176471 0.61568627 0.94117647
v 0.06763887 -0.01639716 -0.03476011 0.61176471 0.61568627 0.94117647
v 0.07097410 -0.01215469 -0.03862194 0.61176471 0.61568627 0.94117647
v 0.07043996 -0.01291434 -0.03708558 0.61176471 0.61568627 0.94117647
v 0.07042314 -0.01289503 -0.03554818 0.61176471 0.61568627 0.94117647
v 0.07086054 -0.01200018 -0.03436347 0.61176471 0.61568627 0.94117647
v 0.07261017 -0.00961822 -0.03861671 0.61176471 0.61568627 0.94117647
v 0.07225267 -0.01024268 -0.03810075 0.61176471 0.61568627 0.94117647
v 0.07184050 -0.01085427 -0.03861671 0.61176471 0.61568627 0.94117647
v 0.07305599 -0.00177705 -0.04280507 0.61176471 0.61568627 0.94117647
v 0.07554164 -0.00177705 -0.03970723 0.61176471 0.61568627 0.94117647
v 0.07595381 -0.00024487 -0.03862194 0.61176471 0.61568627 0.94117647
v 0.07576034 -0.00177705 -0.03862194 0.61176471 0.61568627 0.94117647
v 0.07548696 -0.00315473 -0.03862194 0.61176471 0.61568627 0.94117647
v 0.07388874 -0.00735857 -0.03708558 0.61176471 0.61568627 0.94117647
v 0.07347236 -0.00812466 -0.03708558 0.61176471 0.61568627 0.94117647
v 0.07526405 -0.00388863 -0.03708558 0.61176471 0.61568627 0.94117647
v 0.07491917 -0.00485429 -0.03708558 0.61176471 0.61568627 0.94117647
v 0.07430933 -0.00639291 -0.03708558 0.61176471 0.61568627 0.94117647
v 0.06738232 -0.01610102 -0.03373553 0.61176471 0.61568627 0.94117647
v 0.07004882 -0.01110534 -0.03294432 0.61176471 0.61568627 0.94117647
v 0.07147459 -0.00939290 -0.03301863 0.61176471 0.61568627 0.94117647
v 0.07253026 -0.00793153 -0.03307828 0.61176471 0.61568627 0.94117647
v 0.07304757 -0.00634141 -0.03299665 0.61176471 0.61568627 0.94117647
v 0.07401071 -0.00485429 -0.03307514 0.61176471 0.61568627 0.94117647
v 0.07421680 -0.00331567 -0.03298619 0.61176471 0.61568627 0.94117647
v 0.07439765 -0.00177705 -0.03296211 0.61176471 0.61568627 0.94117647
v 0.07455326 0.00128731 -0.03291083 0.61176471 0.61568627 0.94117647
v 0.05986228 -0.00331567 -0.03211440 0.61176471 0.61568627 0.94117647
v 0.06021978 -0.00177705 -0.03211440 0.61176471 0.61568627 0.94117647
v 0.07301393 -0.00024487 -0.03266070 0.61176471 0.61568627 0.94117647
v 0.06048475 -0.00024487 -0.03211440 0.61176471 0.61568627 0.94117647
v 0.06924550 -0.01341005 -0.03318922 0.61176471 0.61568627 0.94117647
v 0.06955673 -0.01254095 -0.03307724 0.61176471 0.61568627 0.94117647
v 0.05381429 0.02820994 -0.03475070 0.61176471 0.61568627 0.94117647
v 0.05294369 0.02838377 -0.03414683 0.61176471 0.61568627 0.94117647
v 0.04957481 0.02988376 -0.03437812 0.61176471 0.61568627 0.94117647
v 0.04900703 0.02963912 -0.03335248 0.61176471 0.61568627 0.94117647
v 0.05539989 0.02669707 -0.03321120 0.61176471 0.61568627 0.94117647
v 0.05731355 0.02535803 -0.03309084 0.61176471 0.61568627 0.94117647
v 0.06230588 0.02134731 -0.03295793 0.61176471 0.61568627 0.94117647
v 0.06066560 0.02281512 -0.03301026 0.61176471 0.61568627 0.94117647
v 0.05917673 0.02400610 -0.03305631 0.61176471 0.61568627 0.94117647
v 0.04486849 0.03135156 -0.03454976 0.61176471 0.61568627 0.94117647
v 0.04368244 0.03144169 -0.03402647 0.61176471 0.61568627 0.94117647
v 0.04846447 0.03006402 -0.03392286 0.61176471 0.61568627 0.94117647
v 0.05592983 0.01188383 -0.03211440 0.61176471 0.61568627 0.94117647
v 0.06379054 0.01820570 -0.03272140 0.61176471 0.61568627 0.94117647
v 0.06686500 0.01666708 -0.03284804 0.61176471 0.61568627 0.94117647
v 0.06532566 0.01820570 -0.03285223 0.61176471 0.61568627 0.94117647
v 0.04509560 0.03140306 -0.03554818 0.61176471 0.61568627 0.94117647
v 0.04586106 0.03120349 -0.03554818 0.61176471 0.61568627 0.94117647
v 0.04687888 0.03091380 -0.03554818 0.61176471 0.61568627 0.94117647
v 0.04841821 0.03045028 -0.03554818 0.61176471 0.61568627 0.94117647
v 0.04841821 0.03052109 -0.03708558 0.61176471 0.61568627 0.94117647
v 0.04989866 0.03000607 -0.03708558 0.61176471 0.61568627 0.94117647
v 0.05066833 0.02971638 -0.03708558 0.61176471 0.61568627 0.94117647
v 0.05071460 0.02972925 -0.03797831 0.61176471 0.61568627 0.94117647
v 0.05149267 0.02938162 -0.03708558 0.61176471 0.61568627 0.94117647
v 0.05135809 0.02948462 -0.03854345 0.61176471 0.61568627 0.94117647
v 0.05401617 0.02830651 -0.03862194 0.61176471 0.61568627 0.94117647
v 0.05303201 0.02872497 -0.03708558 0.61176471 0.61568627 0.94117647
v 0.05397412 0.02828720 -0.03708558 0.61176471 0.61568627 0.94117647
v 0.05478164 0.02791381 -0.03862194 0.61176471 0.61568627 0.94117647
v 0.05695185 0.02670995 -0.03947803 0.61176471 0.61568627 0.94117647
v 0.06229746 0.02129581 -0.04280507 0.61176471 0.61568627 0.94117647
v 0.06946421 -0.01369975 -0.03400973 0.61176471 0.61568627 0.94117647
v 0.06886698 -0.01447228 -0.03400973 0.61176471 0.61568627 0.94117647
v 0.06800899 -0.01560532 -0.03415311 0.61176471 0.61568627 0.94117647
v 0.07225267 -0.01024268 -0.03769678 0.61176471 0.61568627 0.94117647
v 0.07096148 -0.01214825 -0.03708558 0.61176471 0.61568627 0.94117647
v 0.07094466 -0.01212894 -0.03554818 0.61176471 0.61568627 0.94117647
v 0.07123907 -0.01110534 -0.03391449 0.61176471 0.61568627 0.94117647
v 0.07063343 -0.01168473 -0.03333783 0.61176471 0.61568627 0.94117647
v 0.07028434 -0.01252808 -0.03391449 0.61176471 0.61568627 0.94117647
v 0.07168488 -0.01100877 -0.03554818 0.61176471 0.61568627 0.94117647
v 0.07221903 -0.01019118 -0.03554818 0.61176471 0.61568627 0.94117647
v 0.07383407 -0.00725557 -0.03462615 0.61176471 0.61568627 0.94117647
v 0.07251343 -0.00914826 -0.03400973 0.61176471 0.61568627 0.94117647
v 0.07566361 0.00128731 -0.03983596 0.61176471 0.61568627 0.94117647
v 0.07563837 -0.00024487 -0.03979724 0.61176471 0.61568627 0.94117647
v 0.07299290 0.00590317 -0.04280507 0.61176471 0.61568627 0.94117647
v 0.07600848 0.00128731 -0.03708558 0.61176471 0.61568627 0.94117647
v 0.07593698 -0.00024487 -0.03708558 0.61176471 0.61568627 0.94117647
v 0.07602110 0.00128731 -0.03862194 0.61176471 0.61568627 0.94117647
v 0.07574352 -0.00177705 -0.03708558 0.61176471 0.61568627 0.94117647
v 0.07547854 -0.00312254 -0.03708558 0.61176471 0.61568627 0.94117647
v 0.07386772 -0.00731995 -0.03554818 0.61176471 0.61568627 0.94117647
v 0.07345554 -0.00809247 -0.03554818 0.61176471 0.61568627 0.94117647
v 0.07269008 -0.00942509 -0.03554818 0.61176471 0.61568627 0.94117647
v 0.07261438 -0.00961178 -0.03714524 0.61176471 0.61568627 0.94117647
v 0.07546173 -0.00303241 -0.03554818 0.61176471 0.61568627 0.94117647
v 0.07523882 -0.00379850 -0.03554818 0.61176471 0.61568627 0.94117647
v 0.07486871 -0.00485429 -0.03554818 0.61176471 0.61568627 0.94117647
v 0.07426727 -0.00639291 -0.03554818 0.61176471 0.61568627 0.94117647
v 0.07096148 -0.01065470 -0.03310235 0.61176471 0.61568627 0.94117647
v 0.07231155 -0.00882638 -0.03318922 0.61176471 0.61568627 0.94117647
v 0.07385510 -0.00579420 -0.03317980 0.61176471 0.61568627 0.94117647
v 0.07527667 -0.00081139 -0.03329492 0.61176471 0.61568627 0.94117647
v 0.07535657 0.00021221 -0.03321015 0.61176471 0.61568627 0.94117647
v 0.07467944 -0.00027706 -0.03299246 0.61176471 0.61568627 0.94117647
v 0.07536499 0.00128731 -0.03319864 0.61176471 0.61568627 0.94117647
v 0.07455326 0.00282593 -0.03293386 0.61176471 0.61568627 0.94117647
v 0.07301393 0.00436455 -0.03267012 0.61176471 0.61568627 0.94117647
v 0.07301393 0.00282593 -0.03266384 0.61176471 0.61568627 0.94117647
v 0.07301393 0.00128731 -0.03266070 0.61176471 0.61568627 0.94117647
v 0.06046372 0.00082380 -0.03211440 0.61176471 0.61568627 0.94117647
v 0.05464285 0.02783656 -0.03554818 0.61176471 0.61568627 0.94117647
v 0.05387738 0.02823569 -0.03554818 0.61176471 0.61568627 0.94117647
v 0.05303201 0.02863484 -0.03554818 0.61176471 0.61568627 0.94117647
v 0.05149267 0.02931080 -0.03554818 0.61176471 0.61568627 0.94117647
v 0.05058421 0.02968419 -0.03554818 0.61176471 0.61568627 0.94117647
v 0.05571954 0.02687733 -0.03400973 0.61176471 0.61568627 0.94117647
v 0.05868886 0.02529365 -0.03433521 0.61176471 0.61568627 0.94117647
v 0.05680885 0.02662626 -0.03522479 0.61176471 0.61568627 0.94117647
v 0.04981875 0.02997389 -0.03554818 0.61176471 0.61568627 0.94117647
v 0.05833977 0.02506189 -0.03330957 0.61176471 0.61568627 0.94117647
v 0.06012305 0.02369065 -0.03316306 0.61176471 0.61568627 0.94117647
v 0.06393353 0.01988594 -0.03294118 0.61176471 0.61568627 0.94117647
v 0.06351715 0.02088380 -0.03307828 0.61176471 0.61568627 0.94117647
v 0.06183062 0.02230654 -0.03310549 0.61176471 0.61568627 0.94117647
v 0.05734720 0.01037097 -0.03211440 0.61176471 0.61568627 0.94117647
v 0.06840433 0.01358984 -0.03271826 0.61176471 0.61568627 0.94117647
v 0.06686500 0.01512846 -0.03271617 0.61176471 0.61568627 0.94117647
v 0.06532566 0.01666708 -0.03271826 0.61176471 0.61568627 0.94117647
v 0.06826554 0.01651901 -0.03312538 0.61176471 0.61568627 0.94117647
v 0.06672621 0.01807050 -0.03312015 0.61176471 0.61568627 0.94117647
v 0.06993947 0.01205122 -0.03272559 0.61176471 0.61568627 0.94117647
v 0.06840433 0.01512846 -0.03285955 0.61176471 0.61568627 0.94117647
v 0.06532566 0.01936449 -0.03310654 0.61176471 0.61568627 0.94117647
v 0.05473958 0.02788806 -0.03708558 0.61176471 0.61568627 0.94117647
v 0.05610227 0.02721210 -0.03862194 0.61176471 0.61568627 0.94117647
v 0.05697708 0.02672283 -0.03862194 0.61176471 0.61568627 0.94117647
v 0.05774675 0.02626575 -0.03862194 0.61176471 0.61568627 0.94117647
v 0.05897065 0.02549322 -0.03862194 0.61176471 0.61568627 0.94117647
v 0.05974032 0.02498464 -0.03862194 0.61176471 0.61568627 0.94117647
v 0.06157406 0.02364559 -0.03949582 0.61176471 0.61568627 0.94117647
v 0.06329425 0.02226147 -0.03966014 0.61176471 0.61568627 0.94117647
v 0.06491349 0.02081942 -0.03971456 0.61176471 0.61568627 0.94117647
v 0.06648647 0.01934518 -0.03974805 0.61176471 0.61568627 0.94117647
v 0.06802581 0.01783231 -0.03973549 0.61176471 0.61568627 0.94117647
v 0.06949785 0.01627437 -0.03969781 0.61176471 0.61568627 0.94117647
v 0.06806366 0.01478082 -0.04280507 0.61176471 0.61568627 0.94117647
v 0.07223585 -0.01022337 -0.03667324 0.61176471 0.61568627 0.94117647
v 0.07358172 -0.00682424 -0.03360157 0.61176471 0.61568627 0.94117647
v 0.07326208 -0.00783497 -0.03407252 0.61176471 0.61568627 0.94117647
v 0.07540705 -0.00283928 -0.03452673 0.61176471 0.61568627 0.94117647
v 0.07454065 -0.00485429 -0.03400973 0.61176471 0.61568627 0.94117647
v 0.07401071 -0.00634141 -0.03407252 0.61176471 0.61568627 0.94117647
v 0.07562155 0.00282593 -0.03981817 0.61176471 0.61568627 0.94117647
v 0.07271532 0.00757699 -0.04280507 0.61176471 0.61568627 0.94117647
v 0.07555425 0.00436455 -0.03973967 0.61176471 0.61568627 0.94117647
v 0.07595801 0.00128731 -0.03554818 0.61176471 0.61568627 0.94117647
v 0.07594540 0.00282593 -0.03708558 0.61176471 0.61568627 0.94117647
v 0.07588651 -0.00024487 -0.03554818 0.61176471 0.61568627 0.94117647
v 0.07570146 -0.00177705 -0.03554818 0.61176471 0.61568627 0.94117647
v 0.07594540 0.00282593 -0.03862194 0.61176471 0.61568627 0.94117647
v 0.07501170 -0.00334142 -0.03401287 0.61176471 0.61568627 0.94117647
v 0.07516311 -0.00177705 -0.03347702 0.61176471 0.61568627 0.94117647
v 0.07555425 -0.00027706 -0.03388832 0.61176471 0.61568627 0.94117647
v 0.07549958 -0.00177705 -0.03424625 0.61176471 0.61568627 0.94117647
v 0.07566781 0.00128731 -0.03400973 0.61176471 0.61568627 0.94117647
v 0.07534396 0.00282593 -0.03322166 0.61176471 0.61568627 0.94117647
v 0.07532293 0.00359846 -0.03324050 0.61176471 0.61568627 0.94117647
v 0.07462056 0.00421005 -0.03301444 0.61176471 0.61568627 0.94117647
v 0.07423783 0.00590317 -0.03298723 0.61176471 0.61568627 0.94117647
v 0.07301393 0.00590317 -0.03270257 0.61176471 0.61568627 0.94117647
v 0.07147880 0.00898041 -0.03269210 0.61176471 0.61568627 0.94117647
v 0.05905056 0.00735167 -0.03211440 0.61176471 0.61568627 0.94117647
v 0.05907159 0.00728729 -0.03211440 0.61176471 0.61568627 0.94117647
v 0.05980761 0.00460275 -0.03211440 0.61176471 0.61568627 0.94117647
v 0.06009781 0.00336670 -0.03211440 0.61176471 0.61568627 0.94117647
v 0.06033334 0.00213709 -0.03211440 0.61176471 0.61568627 0.94117647
v 0.06045110 0.00128731 -0.03211440 0.61176471 0.61568627 0.94117647
v 0.05621583 0.02698678 -0.03566121 0.61176471 0.61568627 0.94117647
v 0.05610227 0.02715416 -0.03708558 0.61176471 0.61568627 0.94117647
v 0.05775095 0.02565416 -0.03389774 0.61176471 0.61568627 0.94117647
v 0.05964779 0.02493313 -0.03554818 0.61176471 0.61568627 0.94117647
v 0.05887812 0.02542241 -0.03554818 0.61176471 0.61568627 0.94117647
v 0.05918935 0.02475932 -0.03389774 0.61176471 0.61568627 0.94117647
v 0.06149415 0.02359408 -0.03475070 0.61176471 0.61568627 0.94117647
v 0.05749020 0.02626575 -0.03566121 0.61176471 0.61568627 0.94117647
v 0.05688035 0.02666489 -0.03625042 0.61176471 0.61568627 0.94117647
v 0.06066560 0.02387735 -0.03414683 0.61176471 0.61568627 0.94117647
v 0.06114927 0.02333014 -0.03372506 0.61176471 0.61568627 0.94117647
v 0.06454338 0.02049753 -0.03325515 0.61176471 0.61568627 0.94117647
v 0.06285684 0.02190740 -0.03344249 0.61176471 0.61568627 0.94117647
v 0.05746496 0.01021002 -0.03211440 0.61176471 0.61568627 0.94117647
v 0.06947262 0.01512846 -0.03311491 0.61176471 0.61568627 0.94117647
v 0.06918242 0.01590742 -0.03323317 0.61176471 0.61568627 0.94117647
v 0.06766411 0.01746536 -0.03322062 0.61176471 0.61568627 0.94117647
v 0.06612056 0.01899754 -0.03322480 0.61176471 0.61568627 0.94117647
v 0.07147880 0.01051260 -0.03277269 0.61176471 0.61568627 0.94117647
v 0.07002358 0.01366709 -0.03294956 0.61176471 0.61568627 0.94117647
v 0.05692241 0.02669064 -0.03708558 0.61176471 0.61568627 0.94117647
v 0.05769207 0.02624643 -0.03708558 0.61176471 0.61568627 0.94117647
v 0.05895382 0.02548034 -0.03708558 0.61176471 0.61568627 0.94117647
v 0.06163294 0.02369065 -0.03862194 0.61176471 0.61568627 0.94117647
v 0.05971929 0.02497176 -0.03708558 0.61176471 0.61568627 0.94117647
v 0.06071607 0.02430224 -0.03708558 0.61176471 0.61568627 0.94117647
v 0.06162032 0.02368421 -0.03708558 0.61176471 0.61568627 0.94117647
v 0.06240261 0.02313701 -0.03862194 0.61176471 0.61568627 0.94117647
v 0.06342463 0.02237091 -0.03862194 0.61176471 0.61568627 0.94117647
v 0.06419430 0.02174645 -0.03862194 0.61176471 0.61568627 0.94117647
v 0.06509434 0.02098036 -0.03862194 0.61176471 0.61568627 0.94117647
v 0.06586401 0.02029796 -0.03862194 0.61176471 0.61568627 0.94117647
v 0.06668415 0.01953187 -0.03862194 0.61176471 0.61568627 0.94117647
v 0.06745382 0.01879797 -0.03862194 0.61176471 0.61568627 0.94117647
v 0.06821928 0.01803188 -0.03862194 0.61176471 0.61568627 0.94117647
v 0.06898895 0.01723360 -0.03862194 0.61176471 0.61568627 0.94117647
v 0.06966188 0.01646107 -0.03862194 0.61176471 0.61568627 0.94117647
v 0.07089419 0.01462631 -0.03961932 0.61176471 0.61568627 0.94117647
v 0.07227791 0.01286881 -0.03944140 0.61176471 0.61568627 0.94117647
v 0.07388874 0.00996539 -0.03956281 0.61176471 0.61568627 0.94117647
v 0.07412006 0.00898041 -0.03980142 0.61176471 0.61568627 0.94117647
v 0.07544911 0.00563923 -0.03958583 0.61176471 0.61568627 0.94117647
v 0.07580240 0.00436455 -0.03862194 0.61176471 0.61568627 0.94117647
v 0.07588651 0.00282593 -0.03554818 0.61176471 0.61568627 0.94117647
v 0.07560893 0.00282593 -0.03400973 0.61176471 0.61568627 0.94117647
v 0.07579399 0.00436455 -0.03708558 0.61176471 0.61568627 0.94117647
v 0.07546593 0.00421005 -0.03400240 0.61176471 0.61568627 0.94117647
v 0.07540284 0.00551047 -0.03450999 0.61176471 0.61568627 0.94117647
v 0.07517993 0.00462206 -0.03348540 0.61176471 0.61568627 0.94117647
v 0.07389295 0.00846539 -0.03315259 0.61176471 0.61568627 0.94117647
v 0.07404436 0.00744179 -0.03306154 0.61176471 0.61568627 0.94117647
v 0.07301393 0.00744179 -0.03278211 0.61176471 0.61568627 0.94117647
v 0.05902532 0.00740317 -0.03211440 0.61176471 0.61568627 0.94117647
v 0.06071607 0.02421211 -0.03554818 0.61176471 0.61568627 0.94117647
v 0.06317228 0.02217134 -0.03446812 0.61176471 0.61568627 0.94117647
v 0.06407233 0.02165632 -0.03554818 0.61176471 0.61568627 0.94117647
v 0.06330266 0.02227435 -0.03554818 0.61176471 0.61568627 0.94117647
v 0.06231849 0.02304688 -0.03554818 0.61176471 0.61568627 0.94117647
v 0.06154883 0.02363271 -0.03554818 0.61176471 0.61568627 0.94117647
v 0.06533828 0.02007908 -0.03386425 0.61176471 0.61568627 0.94117647
v 0.06482938 0.02073573 -0.03428079 0.61176471 0.61568627 0.94117647
v 0.07098672 0.01320357 -0.03309189 0.61176471 0.61568627 0.94117647
v 0.06935906 0.01611987 -0.03400973 0.61176471 0.61568627 0.94117647
v 0.06864827 0.01688596 -0.03400973 0.61176471 0.61568627 0.94117647
v 0.06787860 0.01768424 -0.03400973 0.61176471 0.61568627 0.94117647
v 0.07236203 0.01148470 -0.03315154 0.61176471 0.61568627 0.94117647
v 0.07059137 0.01423361 -0.03339749 0.61176471 0.61568627 0.94117647
v 0.07084792 0.01453618 -0.03442312 0.61176471 0.61568627 0.94117647
v 0.06710894 0.01845033 -0.03400973 0.61176471 0.61568627 0.94117647
v 0.06633927 0.01920998 -0.03400973 0.61176471 0.61568627 0.94117647
v 0.07306860 0.00897398 -0.03297363 0.61176471 0.61568627 0.94117647
v 0.07259335 0.01051260 -0.03304375 0.61176471 0.61568627 0.94117647
v 0.07149142 0.01201903 -0.03299246 0.61176471 0.61568627 0.94117647
v 0.06238999 0.02311769 -0.03708558 0.61176471 0.61568627 0.94117647
v 0.06338677 0.02234517 -0.03708558 0.61176471 0.61568627 0.94117647
v 0.06415644 0.02172070 -0.03708558 0.61176471 0.61568627 0.94117647
v 0.06507752 0.02095461 -0.03708558 0.61176471 0.61568627 0.94117647
v 0.06584719 0.02028509 -0.03708558 0.61176471 0.61568627 0.94117647
v 0.06667153 0.01951900 -0.03708558 0.61176471 0.61568627 0.94117647
v 0.06744120 0.01878509 -0.03708558 0.61176471 0.61568627 0.94117647
v 0.06895530 0.01719497 -0.03708558 0.61176471 0.61568627 0.94117647
v 0.06963665 0.01642888 -0.03708558 0.61176471 0.61568627 0.94117647
v 0.06818563 0.01801256 -0.03708558 0.61176471 0.61568627 0.94117647
v 0.07040631 0.01550828 -0.03708558 0.61176471 0.61568627 0.94117647
v 0.07043155 0.01553403 -0.03862194 0.61176471 0.61568627 0.94117647
v 0.07100354 0.01476794 -0.03862194 0.61176471 0.61568627 0.94117647
v 0.07177321 0.01367996 -0.03862194 0.61176471 0.61568627 0.94117647
v 0.07230735 0.01290744 -0.03862194 0.61176471 0.61568627 0.94117647
v 0.07286252 0.01205122 -0.03862194 0.61176471 0.61568627 0.94117647
v 0.07357330 0.01087311 -0.03862194 0.61176471 0.61568627 0.94117647
v 0.07396024 0.01010702 -0.03862194 0.61176471 0.61568627 0.94117647
v 0.07447756 0.00898041 -0.03862194 0.61176471 0.61568627 0.94117647
v 0.07506217 0.00744179 -0.03862194 0.61176471 0.61568627 0.94117647
v 0.07531452 0.00664351 -0.03862194 0.61176471 0.61568627 0.94117647
v 0.07551640 0.00587098 -0.03862194 0.61176471 0.61568627 0.94117647
v 0.07572669 0.00436455 -0.03554818 0.61176471 0.61568627 0.94117647
v 0.07550378 0.00582592 -0.03708558 0.61176471 0.61568627 0.94117647
v 0.07547014 0.00574867 -0.03554818 0.61176471 0.61568627 0.94117647
v 0.07528508 0.00651476 -0.03554818 0.61176471 0.61568627 0.94117647
v 0.07499908 0.00744179 -0.03554818 0.61176471 0.61568627 0.94117647
v 0.07464159 0.00744179 -0.03400973 0.61176471 0.61568627 0.94117647
v 0.07504955 0.00597399 -0.03400240 0.61176471 0.61568627 0.94117647
v 0.07409062 0.00897398 -0.03401496 0.61176471 0.61568627 0.94117647
v 0.07361957 0.00948899 -0.03350528 0.61176471 0.61568627 0.94117647
v 0.06501023 0.02088380 -0.03554818 0.61176471 0.61568627 0.94117647
v 0.06660003 0.01945462 -0.03554818 0.61176471 0.61568627 0.94117647
v 0.06577990 0.02022715 -0.03554818 0.61176471 0.61568627 0.94117647
v 0.06957356 0.01635806 -0.03554818 0.61176471 0.61568627 0.94117647
v 0.06888380 0.01713059 -0.03554818 0.61176471 0.61568627 0.94117647
v 0.06811834 0.01793531 -0.03554818 0.61176471 0.61568627 0.94117647
v 0.06736970 0.01870784 -0.03554818 0.61176471 0.61568627 0.94117647
v 0.07250923 0.01201903 -0.03415415 0.61176471 0.61568627 0.94117647
v 0.07201294 0.01251473 -0.03373657 0.61176471 0.61568627 0.94117647
v 0.07332937 0.01045466 -0.03401496 0.61176471 0.61568627 0.94117647
v 0.07142833 0.01353190 -0.03407985 0.61176471 0.61568627 0.94117647
v 0.07225267 0.01283018 -0.03476221 0.61176471 0.61568627 0.94117647
v 0.07034323 0.01543747 -0.03554818 0.61176471 0.61568627 0.94117647
v 0.07094466 0.01466494 -0.03554818 0.61176471 0.61568627 0.94117647
v 0.07099513 0.01474219 -0.03708558 0.61176471 0.61568627 0.94117647
v 0.07176479 0.01369284 -0.03708558 0.61176471 0.61568627 0.94117647
v 0.07231997 0.01292675 -0.03708558 0.61176471 0.61568627 0.94117647
v 0.07286252 0.01205122 -0.03708558 0.61176471 0.61568627 0.94117647
v 0.07356069 0.01086667 -0.03708558 0.61176471 0.61568627 0.94117647
v 0.07396445 0.01010058 -0.03708558 0.61176471 0.61568627 0.94117647
v 0.07447335 0.00898041 -0.03708558 0.61176471 0.61568627 0.94117647
v 0.07504114 0.00744179 -0.03708558 0.61176471 0.61568627 0.94117647
v 0.07530190 0.00659201 -0.03708558 0.61176471 0.61568627 0.94117647
v 0.07441447 0.00898041 -0.03554818 0.61176471 0.61568627 0.94117647
v 0.07386772 0.00990745 -0.03453092 0.61176471 0.61568627 0.94117647
v 0.07351863 0.01079586 -0.03554818 0.61176471 0.61568627 0.94117647
v 0.07279102 0.01205122 -0.03554818 0.61176471 0.61568627 0.94117647
v 0.07228632 0.01287525 -0.03554818 0.61176471 0.61568627 0.94117647
v 0.07171433 0.01364778 -0.03554818 0.61176471 0.61568627 0.94117647
v 0.07393080 0.01002977 -0.03554818 0.61176471 0.61568627 0.94117647
f 3105 3106 3111
f 3105 3111 3123
f 3105 3123 3137
f 3105 3137 3157
f 3105 3157 3197
f 3105 3197 3232
f 3105 3232 3265
f 3105 3265 3308
f 3105 3308 3363
f 3105 3363 3420
f 3105 3420 3365
f 3105 3365 3309
f 3105 3309 3266
f 3105 3266 3234
f 3105 3234 3198
f 3105 3198 3158
f 3105 3158 3140
f 3105 3140 3139
f 3105 3139 3124
f 3105 3124 3112
f 3105 3112 3107
f 3105 3107 3108
f 3105 3108 3109
f 3105 3109 3106
f 3106 3109 3110
f 3106 3110 3111
f 3107 3112 3113
f 3107 3113 3114
f 3107 3114 3115
f 3107 3115 3116
f 3107 3116 3108
f 3108 3116 3109
f 3109 3116 3117
f 3109 3117 3118
f 3109 3118 3110
f 3110 3119 3111
f 3110 3118 3120
f 3110 3120 3121
f 3110 3121 3119
f 3111 3119 3122
f 3111 3122 3123
f 3112 3124 3113
f 3113 3124 3125
f 3113 3125 3114
f 3114 3126 3115
f 3114 3125 3126
f 3115 3127 3116
f 3115 3126 3127
f 3116 3127 3128
f 3116 3128 3129
f 3116 3129 3117
f 3117 3129 3130
f 3117 3130 3118
f 3118 3130 3131
f 3118 3131 3132
f 3118 3132 3120
f 3119 3121 3122
f 3120 3132 3133
f 3120 3133 3134
f 3120 3134 3121
f 3121 3134 3135
f 3121 3135 3122
f 3122 3135 3136
f 3122 3136 3123
f 3123 3136 3138
f 3123 3138 3137
f 3124 3139 3125
f 3125 3140 3158
f 3125 3158 3199
f 3125 3199 3235
f 3125 3235 3269
f 3125 3269 3268
f 3125 3268 3315
f 3125 3315 3377
f 3125 3377 3437
f 3125 3437 3500
f 3125 3500 3565
f 3125 3565 3642
f 3125 3642 3650
f 3125 3650 3581
f 3125 3581 3509
f 3125 3509 3451
f 3125 3451 3392
f 3125 3392 3328
f 3125 3328 3279
f 3125 3279 3237
f 3125 3237 3202
f 3125 3202 3159
f 3125 3159 3141
f 3125 3141 3142
f 3125 3142 3126
f 3125 3139 3140
f 3126 3142 3143
f 3126 3143 3127
f 3127 3143 3144
f 3127 3144 3128
f 3128 3144 3145
f 3128 3145 3146
f 3128 3146 3129
f 3129 3146 3147
f 3129 3147 3148
f 3129 3148 3130
f 3130 3148 3149
f 3130 3149 3131
f 3131 3149 3133
f 3131 3133 3132
f 3133 3149 3150
f 3133 3150 3151
f 3133 3151 3152
f 3133 3152 3134
f 3134 3153 3135
f 3134 3152 3153
f 3135 3153 3154
f 3135 3154 3136
f 3136 3154 3137
f 3136 3137 3138
f 3137 3154 3155
f 3137 3155 3156
f 3137 3156 3157
f 3141 3159 3142
f 3142 3160 3161
f 3142 3161 3143
f 3142 3159 3160
f 3143 3161 3144
f 3144 3161 3145
f 3145 3161 3162
f 3145 3162 3163
f 3145 3163 3164
f 3145 3164 3165
f 3145 3165 3146
f 3146 3165 3166
f 3146 3166 3147
f 3147 3166 3148
f 3148 3166 3167
f 3148 3167 3168
f 3148 3168 3169
f 3148 3169 3170
f 3148 3170 3171
f 3148 3171 3172
f 3148 3172 3149
f 3149 3172 3150
f 3150 3172 3171
f 3150 3171 3173
f 3150 3173 3151
f 3151 3173 3174
f 3151 3174 3175
f 3151 3175 3152
f 3152 3175 3176
f 3152 3176 3177
f 3152 3177 3153
f 3153 3177 3154
f 3154 3177 3178
f 3154 3178 3155
f 3155 3178 3179
f 3155 3179 3156
f 3156 3179 3180
f 3156 3180 3157
f 3157 3180 3181
f 3157 3181 3182
f 3157 3182 3183
f 3157 3183 3184
f 3157 3184 3185
f 3157 3185 3186
f 3157 3186 3187
f 3157 3187 3188
f 3157 3188 3189
f 3157 3189 3190
f 3157 3190 3191
f 3157 3191 3192
f 3157 3192 3193
f 3157 3193 3194
f 3157 3194 3195
f 3157 3195 3196
f 3157 3196 3197
f 3158 3198 3199
f 3159 3200 3201
f 3159 3201 3160
f 3159 3202 3200
f 3160 3201 3203
f 3160 3203 3204
f 3160 3204 3161
f 3161 3204 3163
f 3161 3163 3162
f 3163 3205 3164
f 3163 3204 3205
f 3164 3205 3167
f 3164 3167 3166
f 3164 3166 3165
f 3167 3205 3168
f 3168 3205 3169
f 3169 3205 3206
f 3169 3206 3207
f 3169 3207 3170
f 3170 3207 3208
f 3170 3208 3209
f 3170 3209 3210
f 3170 3210 3211
f 3170 3211 3212
f 3170 3212 3213
f 3170 3213 3173
f 3170 3173 3171
f 3173 3213 3212
f 3173 3212 3211
f 3173 3211 3214
f 3173 3214 3174
f 3174 3214 3215
f 3174 3215 3216
f 3174 3216 3175
f 3175 3216 3217
f 3175 3217 3176
f 3176 3217 3218
f 3176 3218 3177
f 3177 3218 3178
f 3178 3218 3179
f 3179 3219 3259
f 3179 3259 3297
f 3179 3297 3351
f 3179 3351 3406
f 3179 3406 3465
f 3179 3465 3528
f 3179 3528 3529
f 3179 3529 3531
f 3179 3531 3606
f 3179 3606 3673
f 3179 3673 3672
f 3179 3672 3671
f 3179 3671 3670
f 3179 3670 3669
f 3179 3669 3668
f 3179 3668 3726
f 3179 3726 3687
f 3179 3687 3621
f 3179 3621 3546
f 3179 3546 3477
f 3179 3477 3417
f 3179 3417 3358
f 3179 3358 3355
f 3179 3355 3301
f 3179 3301 3262
f 3179 3262 3230
f 3179 3230 3229
f 3179 3229 3228
f 3179 3228 3227
f 3179 3227 3226
f 3179 3226 3225
f 3179 3225 3224
f 3179 3224 3223
f 3179 3223 3222
f 3179 3222 3233
f 3179 3233 3221
f 3179 3221 3196
f 3179 3196 3195
f 3179 3195 3194
f 3179 3194 3193
f 3179 3193 3192
f 3179 3192 3191
f 3179 3191 3190
f 3179 3190 3189
f 3179 3189 3188
f 3179 3188 3187
f 3179 3187 3186
f 3179 3186 3185
f 3179 3185 3184
f 3179 3184 3183
f 3179 3183 3182
f 3179 3182 3181
f 3179 3181 3180
f 3179 3218 3220
f 3179 3220 3219
f 3196 3221 3197
f 3197 3222 3223
f 3197 3223 3224
f 3197 3224 3225
f 3197 3225 3226
f 3197 3226 3227
f 3197 3227 3228
f 3197 3228 3229
f 3197 3229 3230
f 3197 3230 3231
f 3197 3231 3232
f 3197 3221 3233
f 3197 3233 3222
f 3198 3234 3199
f 3199 3234 3235
f 3200 3236 3203
f 3200 3203 3201
f 3200 3202 3236
f 3202 3237 3238
f 3202 3238 3239
f 3202 3239 3240
f 3202 3240 3236
f 3203 3241 3242
f 3203 3242 3243
f 3203 3243 3204
f 3203 3236 3241
f 3204 3206 3205
f 3204 3243 3244
f 3204 3244 3207
f 3204 3207 3206
f 3207 3244 3245
f 3207 3245 3208
f 3208 3245 3209
f 3209 3245 3246
f 3209 3246 3241
f 3209 3241 3247
f 3209 3247 3210
f 3210 3247 3274
f 3210 3274 3248
f 3210 3248 3249
f 3210 3249 3211
f 3211 3249 3250
f 3211 3250 3251
f 3211 3251 3252
f 3211 3252 3253
f 3211 3253 3214
f 3214 3253 3254
f 3214 3254 3255
f 3214 3255 3215
f 3215 3255 3256
f 3215 3256 3257
f 3215 3257 3258
f 3215 3258 3216
f 3216 3258 3217
f 3217 3258 3220
f 3217 3220 3218
f 3219 3220 3260
f 3219 3260 3261
f 3219 3261 3259
f 3220 3258 3260
f 3230 3262 3263
f 3230 3263 3264
f 3230 3264 3231
f 3231 3264 3265
f 3231 3265 3232
f 3234 3266 3267
f 3234 3267 3268
f 3234 3268 3269
f 3234 3269 3235
f 3236 3240 3239
f 3236 3239 3270
f 3236 3270 3271
f 3236 3271 3272
f 3236 3272 3273
f 3236 3273 3274
f 3236 3274 3241
f 3237 3275 3276
f 3237 3276 3277
f 3237 3277 3278
f 3237 3278 3238
f 3237 3279 3275
f 3238 3278 3277
f 3238 3277 3280
f 3238 3280 3281
f 3238 3281 3282
f 3238 3282 3283
f 3238 3283 3270
f 3238 3270 3239
f 3241 3274 3247
f 3241 3246 3245
f 3241 3245 3242
f 3242 3245 3243
f 3243 3245 3244
f 3248 3274 3273
f 3248 3273 3250
f 3248 3250 3249
f 3250 3273 3272
f 3250 3272 3284
f 3250 3284 3251
f 3251 3284 3285
f 3251 3285 3252
f 3252 3285 3286
f 3252 3286 3287
f 3252 3287 3288
f 3252 3288 3289
f 3252 3289 3290
f 3252 3290 3291
f 3252 3291 3255
f 3252 3255 3253
f 3253 3255 3254
f 3255 3291 3290
f 3255 3290 3292
f 3255 3292 3293
f 3255 3293 3256
f 3256 3293 3294
f 3256 3294 3295
f 3256 3295 3257
f 3257 3295 3258
f 3258 3295 3296
f 3258 3296 3260
f 3259 3261 3297
f 3260 3296 3298
f 3260 3298 3299
f 3260 3299 3261
f 3261 3299 3300
f 3261 3300 3297
f 3262 3301 3302
f 3262 3302 3303
f 3262 3303 3263
f 3263 3303 3302
f 3263 3302 3304
f 3263 3304 3264
f 3264 3305 3306
f 3264 3306 3307
f 3264 3307 3265
f 3264 3304 3305
f 3265 3307 3308
f 3266 3309 3310
f 3266 3310 3311
f 3266 3311 3312
f 3266 3312 3313
f 3266 3313 3267
f 3267 3313 3268
f 3268 3313 3312
f 3268 3312 3314
f 3268 3314 3315
f 3270 3316 3317
f 3270 3317 3271
f 3270 3283 3318
f 3270 3318 3316
f 3271 3317 3319
f 3271 3319 3272
f 3272 3319 3285
f 3272 3285 3284
f 3275 3320 3276
f 3275 3279 3321
f 3275 3321 3322
f 3275 3322 3320
f 3276 3320 3323
f 3276 3323 3277
f 3277 3323 3324
f 3277 3324 3325
f 3277 3325 3326
f 3277 3326 3327
f 3277 3327 3280
f 3279 3328 3321
f 3280 3327 3329
f 3280 3329 3330
f 3280 3330 3331
f 3280 3331 3281
f 3281 3331 3332
f 3281 3332 3282
f 3282 3332 3333
f 3282 3333 3283
f 3283 3333 3334
f 3283 3334 3335
f 3283 3335 3318
f 3285 3319 3336
f 3285 3336 3286
f 3286 3336 3337
f 3286 3337 3287
f 3287 3337 3335
f 3287 3335 3288
f 3288 3335 3289
f 3289 3335 3334
f 3289 3334 3338
f 3289 3338 3290
f 3290 3338 3339
f 3290 3339 3340
f 3290 3340 3341
f 3290 3341 3342
f 3290 3342 3343
f 3290 3343 3344
f 3290 3344 3293
f 3290 3293 3292
f 3293 3344 3345
f 3293 3345 3346
f 3293 3346 3347
f 3293 3347 3348
f 3293 3348 3294
f 3294 3348 3295
f 3295 3348 3296
f 3296 3348 3349
f 3296 3349 3350
f 3296 3350 3298
f 3297 3300 3351
f 3298 3350 3299
f 3299 3350 3300
f 3300 3352 3353
f 3300 3353 3351
f 3300 3350 3354
f 3300 3354 3352
f 3301 3355 3302
f 3302 3356 3357
f 3302 3357 3304
f 3302 3355 3358
f 3302 3358 3359
f 3302 3359 3356
f 3304 3357 3360
f 3304 3360 3361
f 3304 3361 3305
f 3305 3361 3306
f 3306 3362 3308
f 3306 3308 3307
f 3306 3361 3362
f 3308 3362 3364
f 3308 3364 3363
f 3309 3365 3366
f 3309 3366 3310
f 3310 3366 3367
f 3310 3367 3368
f 3310 3368 3311
f 3311 3368 3312
f 3312 3368 3369
f 3312 3369 3370
f 3312 3370 3371
f 3312 3371 3372
f 3312 3372 3373
f 3312 3373 3374
f 3312 3374 3314
f 3314 3374 3315
f 3315 3374 3373
f 3315 3373 3375
f 3315 3375 3376
f 3315 3376 3377
f 3316 3337 3317
f 3316 3318 3335
f 3316 3335 3337
f 3317 3337 3336
f 3317 3336 3319
f 3320 3322 3378
f 3320 3378 3379
f 3320 3379 3380
f 3320 3380 3381
f 3320 3381 3323
f 3321 3328 3322
f 3322 3382 3383
f 3322 3383 3384
f 3322 3384 3385
f 3322 3385 3378
f 3322 3328 3386
f 3322 3386 3387
f 3322 3387 3388
f 3322 3388 3382
f 3323 3381 3324
f 3324 3381 3325
f 3325 3381 3389
f 3325 3389 3390
f 3325 3390 3326
f 3326 3390 3391
f 3326 3391 3329
f 3326 3329 3327
f 3328 3392 3393
f 3328 3393 3394
f 3328 3394 3395
f 3328 3395 3388
f 3328 3388 3387
f 3328 3387 3386
f 3329 3391 3342
f 3329 3342 3330
f 3330 3340 3331
f 3330 3342 3341
f 3330 3341 3340
f 3331 3340 3339
f 3331 3339 3332
f 3332 3339 3333
f 3333 3338 3334
f 3333 3339 3338
f 3342 3391 3390
f 3342 3390 3396
f 3342 3396 3343
f 3343 3346 3397
f 3343 3397 3345
f 3343 3345 3344
f 3343 3396 3398
f 3343 3398 3399
f 3343 3399 3400
f 3343 3400 3401
f 3343 3401 3402
f 3343 3402 3346
f 3345 3397 3346
f 3346 3402 3347
f 3347 3402 3403
f 3347 3403 3349
f 3347 3349 3348
f 3349 3403 3350
f 3350 3404 3354
f 3350 3403 3404
f 3351 3405 3406
f 3351 3353 3405
f 3352 3407 3353
f 3352 3354 3407
f 3353 3407 3408
f 3353 3408 3405
f 3354 3404 3409
f 3354 3409 3407
f 3356 3410 3411
f 3356 3411 3412
f 3356 3412 3357
f 3356 3359 3413
f 3356 3413 3410
f 3357 3412 3414
f 3357 3414 3415
f 3357 3415 3416
f 3357 3416 3360
f 3358 3417 3418
f 3358 3418 3359
f 3359 3418 3413
f 3360 3416 3364
f 3360 3364 3362
f 3360 3362 3361
f 3363 3419 3420
f 3363 3364 3421
f 3363 3421 3422
f 3363 3422 3423
f 3363 3423 3419
f 3364 3416 3421
f 3365 3420 3419
f 3365 3419 3424
f 3365 3424 3366
f 3366 3424 3425
f 3366 3425 3367
f 3367 3425 3426
f 3367 3426 3368
f 3368 3426 3369
f 3369 3426 3427
f 3369 3427 3370
f 3370 3427 3428
f 3370 3428 3371
f 3371 3428 3429
f 3371 3429 3372
f 3372 3429 3430
f 3372 3430 3431
f 3372 3431 3373
f 3373 3431 3432
f 3373 3432 3433
f 3373 3433 3434
f 3373 3434 3435
f 3373 3435 3436
f 3373 3436 3376
f 3373 3376 3375
f 3376 3436 3377
f 3377 3436 3437
f 3378 3438 3379
f 3378 3385 3449
f 3378 3449 3438
f 3379 3438 3439
f 3379 3439 3440
f 3379 3440 3441
f 3379 3441 3442
f 3379 3442 3380
f 3380 3442 3400
f 3380 3400 3381
f 3381 3400 3399
f 3381 3399 3389
f 3382 3443 3384
f 3382 3384 3383
f 3382 3388 3443
f 3384 3444 3385
f 3384 3443 3445
f 3384 3445 3446
f 3384 3446 3447
f 3384 3447 3448
f 3384 3448 3439
f 3384 3439 3444
f 3385 3444 3449
f 3388 3450 3443
f 3388 3395 3394
f 3388 3394 3450
f 3389 3399 3398
f 3389 3398 3390
f 3390 3398 3396
f 3392 3451 3393
f 3393 3451 3452
f 3393 3452 3394
f 3394 3453 3454
f 3394 3454 3450
f 3394 3452 3455
f 3394 3455 3456
f 3394 3456 3457
f 3394 3457 3453
f 3400 3442 3401
f 3401 3442 3458
f 3401 3458 3459
f 3401 3459 3402
f 3402 3459 3460
f 3402 3460 3404
f 3402 3404 3403
f 3404 3460 3461
f 3404 3461 3409
f 3405 3408 3462
f 3405 3462 3463
f 3405 3463 3464
f 3405 3464 3406
f 3406 3464 3466
f 3406 3466 3465
f 3407 3409 3467
f 3407 3467 3408
f 3408 3467 3462
f 3409 3461 3468
f 3409 3468 3469
f 3409 3469 3467
f 3410 3470 3411
f 3410 3413 3471
f 3410 3471 3472
f 3410 3472 3470
f 3411 3470 3473
f 3411 3473 3412
f 3412 3473 3414
f 3413 3418 3474
f 3413 3474 3475
f 3413 3475 3471
f 3414 3473 3476
f 3414 3476 3415
f 3415 3476 3422
f 3415 3422 3416
f 3416 3422 3421
f 3417 3477 3478
f 3417 3478 3418
f 3418 3478 3479
f 3418 3479 3474
f 3419 3423 3424
f 3422 3476 3423
f 3423 3480 3481
f 3423 3481 3424
f 3423 3476 3480
f 3424 3482 3425
f 3424 3481 3480
f 3424 3480 3483
f 3424 3483 3484
f 3424 3484 3485
f 3424 3485 3486
f 3424 3486 3482
f 3425 3482 3426
f 3426 3482 3427
f 3427 3487 3488
f 3427 3488 3428
f 3427 3482 3487
f 3428 3488 3486
f 3428 3486 3429
f 3429 3486 3489
f 3429 3489 3430
f 3430 3489 3490
f 3430 3490 3491
f 3430 3491 3431
f 3431 3491 3432
f 3432 3491 3433
f 3433 3491 3434
f 3434 3491 3492
f 3434 3492 3493
f 3434 3493 3435
f 3435 3494 3495
f 3435 3495 3436
f 3435 3493 3494
f 3436 3495 3496
f 3436 3496 3497
f 3436 3497 3498
f 3436 3498 3499
f 3436 3499 3437
f 3437 3499 3500
f 3438 3449 3439
f 3439 3449 3444
f 3439 3448 3501
f 3439 3501 3440
f 3440 3501 3441
f 3441 3501 3458
f 3441 3458 3442
f 3443 3450 3502
f 3443 3502 3503
f 3443 3503 3445
f 3445 3503 3504
f 3445 3504 3446
f 3446 3504 3505
f 3446 3505 3447
f 3447 3505 3501
f 3447 3501 3448
f 3450 3506 3507
f 3450 3507 3508
f 3450 3508 3502
f 3450 3454 3506
f 3451 3509 3452
f 3452 3509 3510
f 3452 3510 3511
f 3452 3511 3512
f 3452 3512 3513
f 3452 3513 3455
f 3453 3457 3514
f 3453 3514 3515
f 3453 3515 3454
f 3454 3515 3506
f 3455 3513 3586
f 3455 3586 3516
f 3455 3516 3517
f 3455 3517 3456
f 3456 3517 3518
f 3456 3518 3457
f 3457 3518 3514
f 3458 3460 3459
f 3458 3501 3460
f 3460 3501 3519
f 3460 3519 3468
f 3460 3468 3461
f 3462 3467 3520
f 3462 3520 3521
f 3462 3521 3522
f 3462 3522 3523
f 3462 3523 3463
f 3463 3523 3524
f 3463 3524 3525
f 3463 3525 3464
f 3464 3525 3526
f 3464 3526 3527
f 3464 3527 3466
f 3465 3466 3528
f 3466 3529 3528
f 3466 3527 3530
f 3466 3530 3531
f 3466 3531 3529
f 3467 3469 3520
f 3468 3532 3469
f 3468 3519 3532
f 3469 3532 3533
f 3469 3533 3520
f 3470 3534 3535
f 3470 3535 3536
f 3470 3536 3537
f 3470 3537 3473
f 3470 3472 3538
f 3470 3538 3534
f 3471 3475 3539
f 3471 3539 3472
f 3472 3539 3538
f 3473 3537 3476
f 3474 3479 3540
f 3474 3540 3541
f 3474 3541 3475
f 3475 3542 3539
f 3475 3541 3542
f 3476 3543 3544
f 3476 3544 3485
f 3476 3485 3484
f 3476 3484 3483
f 3476 3483 3480
f 3476 3537 3545
f 3476 3545 3543
f 3477 3546 3478
f 3478 3546 3547
f 3478 3547 3548
f 3478 3548 3549
f 3478 3549 3479
f 3479 3549 3540
f 3482 3486 3488
f 3482 3488 3487
f 3485 3544 3543
f 3485 3543 3486
f 3486 3543 3489
f 3489 3543 3490
f 3490 3543 3550
f 3490 3550 3493
f 3490 3493 3492
f 3490 3492 3491
f 3493 3551 3552
f 3493 3552 3494
f 3493 3550 3551
f 3494 3552 3553
f 3494 3553 3554
f 3494 3554 3495
f 3495 3554 3555
f 3495 3555 3496
f 3496 3555 3556
f 3496 3556 3557
f 3496 3557 3497
f 3497 3557 3558
f 3497 3558 3559
f 3497 3559 3498
f 3498 3560 3499
f 3498 3559 3561
f 3498 3561 3562
f 3498 3562 3560
f 3499 3560 3563
f 3499 3563 3564
f 3499 3564 3500
f 3500 3564 3565
f 3501 3505 3566
f 3501 3566 3567
f 3501 3567 3568
f 3501 3568 3519
f 3502 3508 3507
f 3502 3507 3569
f 3502 3569 3570
f 3502 3570 3503
f 3503 3570 3571
f 3503 3571 3504
f 3504 3571 3505
f 3505 3572 3573
f 3505 3573 3574
f 3505 3574 3566
f 3505 3571 3575
f 3505 3575 3576
f 3505 3576 3577
f 3505 3577 3578
f 3505 3578 3572
f 3506 3515 3507
f 3507 3515 3569
f 3509 3579 3580
f 3509 3580 3510
f 3509 3581 3579
f 3510 3580 3511
f 3511 3582 3583
f 3511 3583 3585
f 3511 3585 3512
f 3511 3580 3584
f 3511 3584 3582
f 3512 3585 3586
f 3512 3586 3513
f 3514 3587 3588
f 3514 3588 3515
f 3514 3518 3587
f 3515 3589 3590
f 3515 3590 3569
f 3515 3588 3589
f 3516 3586 3591
f 3516 3591 3592
f 3516 3592 3593
f 3516 3593 3517
f 3517 3593 3594
f 3517 3594 3518
f 3518 3594 3587
f 3519 3568 3567
f 3519 3567 3532
f 3520 3533 3595
f 3520 3595 3521
f 3521 3595 3522
f 3522 3595 3596
f 3522 3596 3597
f 3522 3597 3524
f 3522 3524 3523
f 3524 3597 3598
f 3524 3598 3525
f 3525 3598 3599
f 3525 3599 3526
f 3526 3599 3600
f 3526 3600 3527
f 3527 3601 3602
f 3527 3602 3603
f 3527 3603 3604
f 3527 3604 3605
f 3527 3605 3530
f 3527 3600 3599
f 3527 3599 3601
f 3530 3605 3531
f 3531 3605 3606
f 3532 3567 3566
f 3532 3566 3573
f 3532 3573 3595
f 3532 3595 3533
f 3534 3607 3608
f 3534 3608 3609
f 3534 3609 3610
f 3534 3610 3611
f 3534 3611 3536
f 3534 3536 3535
f 3534 3538 3612
f 3534 3612 3613
f 3534 3613 3614
f 3534 3614 3607
f 3536 3611 3615
f 3536 3615 3553
f 3536 3553 3543
f 3536 3543 3545
f 3536 3545 3537
f 3538 3539 3616
f 3538 3616 3612
f 3539 3542 3617
f 3539 3617 3616
f 3540 3549 3618
f 3540 3618 3619
f 3540 3619 3620
f 3540 3620 3541
f 3541 3617 3542
f 3541 3620 3617
f 3543 3552 3551
f 3543 3551 3550
f 3543 3553 3552
f 3546 3621 3622
f 3546 3622 3623
f 3546 3623 3624
f 3546 3624 3547
f 3547 3624 3548
f 3548 3625 3626
f 3548 3626 3549
f 3548 3624 3623
f 3548 3623 3622
f 3548 3622 3627
f 3548 3627 3628
f 3548 3628 3625
f 3549 3626 3629
f 3549 3629 3618
f 3553 3615 3554
f 3554 3615 3555
f 3555 3615 3556
f 3556 3611 3558
f 3556 3558 3557
f 3556 3615 3611
f 3558 3611 3610
f 3558 3610 3561
f 3558 3561 3559
f 3560 3562 3563
f 3561 3610 3609
f 3561 3609 3562
f 3562 3608 3607
f 3562 3607 3630
f 3562 3630 3563
f 3562 3609 3608
f 3563 3631 3564
f 3563 3630 3631
f 3564 3632 3633
f 3564 3633 3634
f 3564 3634 3635
f 3564 3635 3636
f 3564 3636 3565
f 3564 3631 3632
f 3565 3636 3637
f 3565 3637 3638
f 3565 3638 3639
f 3565 3639 3640
f 3565 3640 3641
f 3565 3641 3642
f 3566 3574 3573
f 3569 3590 3589
f 3569 3589 3643
f 3569 3643 3575
f 3569 3575 3571
f 3569 3571 3570
f 3572 3578 3573
f 3573 3578 3596
f 3573 3596 3595
f 3575 3643 3576
f 3576 3643 3589
f 3576 3589 3577
f 3577 3644 3645
f 3577 3645 3578
f 3577 3589 3588
f 3577 3588 3587
f 3577 3587 3594
f 3577 3594 3593
f 3577 3593 3646
f 3577 3646 3647
f 3577 3647 3648
f 3577 3648 3644
f 3578 3645 3596
f 3579 3581 3649
f 3579 3649 3584
f 3579 3584 3580
f 3581 3650 3651
f 3581 3651 3649
f 3582 3652 3654
f 3582 3654 3583
f 3582 3584 3653
f 3582 3653 3652
f 3583 3654 3655
f 3583 3655 3585
f 3584 3649 3656
f 3584 3656 3653
f 3585 3655 3591
f 3585 3591 3586
f 3591 3646 3592
f 3591 3655 3646
f 3592 3646 3593
f 3596 3645 3644
f 3596 3644 3597
f 3597 3648 3647
f 3597 3647 3657
f 3597 3657 3658
f 3597 3658 3598
f 3597 3644 3648
f 3598 3659 3599
f 3598 3658 3660
f 3598 3660 3659
f 3599 3661 3601
f 3599 3659 3661
f 3601 3661 3662
f 3601 3662 3602
f 3602 3662 3663
f 3602 3663 3664
f 3602 3664 3665
f 3602 3665 3666
f 3602 3666 3603
f 3603 3666 3667
f 3603 3667 3668
f 3603 3668 3669
f 3603 3669 3670
f 3603 3670 3671
f 3603 3671 3672
f 3603 3672 3673
f 3603 3673 3604
f 3604 3673 3605
f 3605 3673 3606
f 3607 3614 3674
f 3607 3674 3675
f 3607 3675 3630
f 3612 3616 3676
f 3612 3676 3613
f 3613 3677 3678
f 3613 3678 3614
f 3613 3676 3616
f 3613 3616 3679
f 3613 3679 3680
f 3613 3680 3677
f 3614 3678 3681
f 3614 3681 3682
f 3614 3682 3674
f 3616 3683 3679
f 3616 3617 3684
f 3616 3684 3683
f 3617 3620 3685
f 3617 3685 3686
f 3617 3686 3684
f 3618 3629 3619
f 3619 3629 3685
f 3619 3685 3620
f 3621 3687 3667
f 3621 3667 3627
f 3621 3627 3622
f 3625 3628 3688
f 3625 3688 3689
f 3625 3689 3690
f 3625 3690 3626
f 3626 3690 3691
f 3626 3691 3629
f 3627 3667 3692
f 3627 3692 3628
f 3628 3692 3693
f 3628 3693 3688
f 3629 3691 3685
f 3630 3675 3631
f 3631 3675 3632
f 3632 3675 3694
f 3632 3694 3695
f 3632 3695 3633
f 3633 3695 3696
f 3633 3696 3634
f 3634 3696 3635
f 3635 3697 3636
f 3635 3696 3698
f 3635 3698 3699
f 3635 3699 3700
f 3635 3700 3697
f 3636 3697 3701
f 3636 3701 3702
f 3636 3702 3637
f 3637 3702 3703
f 3637 3703 3704
f 3637 3704 3638
f 3638 3704 3705
f 3638 3705 3639
f 3639 3706 3707
f 3639 3707 3640
f 3639 3705 3706
f 3640 3707 3708
f 3640 3708 3709
f 3640 3709 3641
f 3641 3709 3710
f 3641 3710 3711
f 3641 3711 3642
f 3642 3711 3712
f 3642 3712 3650
f 3646 3655 3660
f 3646 3660 3658
f 3646 3658 3657
f 3646 3657 3647
f 3649 3651 3656
f 3650 3713 3714
f 3650 3714 3715
f 3650 3715 3651
f 3650 3712 3713
f 3651 3715 3716
f 3651 3716 3656
f 3652 3653 3717
f 3652 3717 3718
f 3652 3718 3661
f 3652 3661 3654
f 3653 3656 3716
f 3653 3716 3719
f 3653 3719 3717
f 3654 3661 3659
f 3654 3659 3660
f 3654 3660 3655
f 3661 3718 3663
f 3661 3663 3662
f 3663 3718 3720
f 3663 3720 3721
f 3663 3721 3722
f 3663 3722 3723
f 3663 3723 3724
f 3663 3724 3665
f 3663 3665 3664
f 3665 3724 3725
f 3665 3725 3666
f 3666 3725 3667
f 3667 3687 3726
f 3667 3726 3668
f 3667 3725 3692
f 3674 3682 3675
f 3675 3682 3694
f 3677 3698 3696
f 3677 3696 3678
f 3677 3680 3727
f 3677 3727 3699
f 3677 3699 3698
f 3678 3696 3695
f 3678 3695 3681
f 3679 3683 3680
f 3680 3684 3686
f 3680 3686 3728
f 3680 3728 3729
f 3680 3729 3730
f 3680 3730 3731
f 3680 3731 3732
f 3680 3732 3727
f 3680 3683 3684
f 3681 3695 3682
f 3682 3695 3694
f 3685 3733 3734
f 3685 3734 3728
f 3685 3728 3686
f 3685 3691 3733
f 3688 3693 3735
f 3688 3735 3689
f 3689 3736 3737
f 3689 3737 3738
f 3689 3738 3690
f 3689 3735 3739
f 3689 3739 3740
f 3689 3740 3741
f 3689 3741 3736
f 3690 3738 3742
f 3690 3742 3691
f 3691 3742 3743
f 3691 3743 3733
f 3692 3725 3744
f 3692 3744 3745
f 3692 3745 3746
f 3692 3746 3693
f 3693 3746 3735
f 3697 3700 3701
f 3699 3727 3700
f 3700 3732 3747
f 3700 3747 3701
f 3700 3727 3732
f 3701 3747 3702
f 3702 3747 3748
f 3702 3748 3749
f 3702 3749 3703
f 3703 3749 3750
f 3703 3750 3704
f 3704 3750 3751
f 3704 3751 3705
f 3705 3751 3752
f 3705 3752 3706
f 3706 3752 3753
f 3706 3753 3707
f 3707 3753 3708
f 3708 3753 3709
f 3709 3754 3755
f 3709 3755 3710
f 3709 3753 3756
f 3709 3756 3754
f 3710 3755 3757
f 3710 3757 3758
f 3710 3758 3711
f 3711 3758 3712
f 3712 3758 3759
f 3712 3759 3760
f 3712 3760 3761
f 3712 3761 3762
f 3712 3762 3763
f 3712 3763 3713
f 3713 3763 3764
f 3713 3764 3765
f 3713 3765 3766
f 3713 3766 3715
f 3713 3715 3714
f 3715 3767 3768
f 3715 3768 3716
f 3715 3766 3767
f 3716 3768 3719
f 3717 3719 3769
f 3717 3769 3720
f 3717 3720 3718
f 3719 3768 3770
f 3719 3770 3771
f 3719 3771 3769
f 3720 3769 3721
f 3721 3769 3771
f 3721 3771 3772
f 3721 3772 3773
f 3721 3773 3774
f 3721 3774 3775
f 3721 3775 3722
f 3722 3775 3774
f 3722 3774 3723
f 3723 3776 3777
f 3723 3777 3739
f 3723 3739 3745
f 3723 3745 3744
f 3723 3744 3724
f 3723 3774 3776
f 3724 3744 3725
f 3728 3734 3778
f 3728 3778 3729
f 3729 3778 3749
f 3729 3749 3748
f 3729 3748 3730
f 3730 3748 3731
f 3731 3747 3732
f 3731 3748 3747
f 3733 3743 3734
f 3734 3743 3779
f 3734 3779 3780
f 3734 3780 3778
f 3735 3746 3739
f 3736 3781 3782
f 3736 3782 3737
f 3736 3741 3781
f 3737 3782 3783
f 3737 3783 3738
f 3738 3783 3784
f 3738 3784 3742
f 3739 3785 3786
f 3739 3786 3740
f 3739 3746 3745
f 3739 3777 3787
f 3739 3787 3785
f 3740 3786 3788
f 3740 3788 3741
f 3741 3788 3789
f 3741 3789 3790
f 3741 3790 3781
f 3742 3784 3743
f 3743 3784 3779
f 3749 3778 3750
f 3750 3778 3780
f 3750 3780 3751
f 3751 3780 3752
f 3752 3779 3753
f 3752 3780 3779
f 3753 3779 3784
f 3753 3784 3783
f 3753 3783 3756
f 3754 3782 3781
f 3754 3781 3755
f 3754 3756 3782
f 3755 3781 3790
f 3755 3790 3757
f 3756 3783 3782
f 3757 3790 3791
f 3757 3791 3792
f 3757 3792 3758
f 3758 3792 3759
f 3759 3792 3793
f 3759 3793 3794
f 3759 3794 3760
f 3760 3794 3761
f 3761 3794 3762
f 3762 3794 3795
f 3762 3795 3763
f 3763 3796 3797
f 3763 3797 3764
f 3763 3795 3796
f 3764 3797 3765
f 3765 3798 3766
f 3765 3797 3798
f 3766 3798 3799
f 3766 3799 3767
f 3767 3800 3770
f 3767 3770 3768
f 3767 3799 3800
f 3770 3800 3772
f 3770 3772 3771
f 3772 3800 3799
f 3772 3799 3773
f 3773 3799 3798
f 3773 3798 3801
f 3773 3801 3802
f 3773 3802 3776
f 3773 3776 3774
f 3776 3802 3777
f 3777 3802 3787
f 3785 3787 3802
f 3785 3802 3789
f 3785 3789 3786
f 3786 3789 3788
f 3789 3802 3803
f 3789 3803 3804
f 3789 3804 3805
f 3789 3805 3806
f 3789 3806 3791
f 3789 3791 3790
f 3791 3806 3792
f 3792 3806 3805
f 3792 3805 3793
f 3793 3805 3794
f 3794 3805 3795
f 3795 3804 3796
f 3795 3805 3804
f 3796 3803 3807
f 3796 3807 3797
f 3796 3804 3803
f 3797 3807 3801
f 3797 3801 3798
f 3801 3807 3802
f 3802 3807 3803

o geometry_13
v -0.01616981 0.03292765 -0.05177661 0.67843137 0.35686275 0.43529412
v -0.01614829 0.03173014 -0.04741931 0.67843137 0.35686275 0.43529412
v -0.00694423 0.03170452 -0.04741931 0.67843137 0.35686275 0.43529412
v -0.00694423 0.03267791 -0.05177661 0.67843137 0.35686275 0.43529412
v -0.03308578 0.03291485 -0.05177661 0.67843137 0.35686275 0.43529412
v -0.03308578 0.03175575 -0.04741931 0.67843137 0.35686275 0.43529412
v -0.00578923 0.03148679 -0.04741931 0.67843137 0.35686275 0.43529412
v -0.00606184 0.03239614 -0.05177661 0.67843137 0.35686275 0.43529412
v -0.04997305 0.03238973 -0.05177661 0.67843137 0.35686275 0.43529412
v -0.05711822 0.03134591 -0.04741931 0.67843137 0.35686275 0.43529412
v -0.04995152 0.03152522 -0.04741931 0.67843137 0.35686275 0.43529412
v -0.00279056 0.02925826 -0.04741931 0.67843137 0.35686275 0.43529412
v -0.00535880 0.03214639 -0.05177661 0.67843137 0.35686275 0.43529412
v -0.05767777 0.03196708 -0.05177661 0.67843137 0.35686275 0.43529412
v -0.06543272 0.03076316 -0.05177661 0.67843137 0.35686275 0.43529412
v -0.06497359 0.02979618 -0.04741931 0.67843137 0.35686275 0.43529412
v -0.00279056 0.02948240 -0.05177661 0.67843137 0.35686275 0.43529412
v -0.00453381 0.03143556 -0.05177661 0.67843137 0.35686275 0.43529412
v -0.00279056 -0.02877322 -0.04741931 0.67843137 0.35686275 0.43529412
v -0.06609272 0.03059026 -0.05177661 0.67843137 0.35686275 0.43529412
v -0.06620750 0.02978338 -0.04844252 0.67843137 0.35686275 0.43529412
v -0.06571967 0.02957205 -0.04741931 0.67843137 0.35686275 0.43529412
v -0.00279056 -0.02998354 -0.05177661 0.67843137 0.35686275 0.43529412
v -0.00279773 -0.02890129 -0.04741931 0.67843137 0.35686275 0.43529412
v -0.00279056 -0.02890770 -0.04742613 0.67843137 0.35686275 0.43529412
v -0.06682445 0.03035972 -0.05177661 0.67843137 0.35686275 0.43529412
v -0.06646576 0.02888684 -0.04741931 0.67843137 0.35686275 0.43529412
v -0.06640837 0.02993066 -0.04938641 0.67843137 0.35686275 0.43529412
v -0.07246310 0.02530070 -0.05177661 0.67843137 0.35686275 0.43529412
v -0.07238419 0.02522385 -0.05146867 0.67843137 0.35686275 0.43529412
v -0.07129377 0.02413520 -0.04741931 0.67843137 0.35686275 0.43529412
v -0.00279056 -0.02941360 -0.04938641 0.67843137 0.35686275 0.43529412
v -0.00465577 -0.03169336 -0.05177661 0.67843137 0.35686275 0.43529412
v -0.00496424 -0.03053427 -0.04741931 0.67843137 0.35686275 0.43529412
v -0.00279056 -0.02905498 -0.04795501 0.67843137 0.35686275 0.43529412
v -0.00468446 -0.03171898 -0.05177661 0.67843137 0.35686275 0.43529412
v -0.06672402 0.03016761 -0.05092358 0.67843137 0.35686275 0.43529412
v -0.07262093 0.02495489 -0.05177661 0.67843137 0.35686275 0.43529412
v -0.07241289 0.02387905 -0.04967260 0.67843137 0.35686275 0.43529412
v -0.07173137 0.02312980 -0.04741931 0.67843137 0.35686275 0.43529412
v -0.00531576 -0.03078402 -0.04741931 0.67843137 0.35686275 0.43529412
v -0.00485663 -0.03157169 -0.05092358 0.67843137 0.35686275 0.43529412
v -0.00591836 -0.03191750 -0.04964658 0.67843137 0.35686275 0.43529412
v -0.00471315 -0.03173819 -0.05177661 0.67843137 0.35686275 0.43529412
v -0.07287919 0.02436574 -0.05177661 0.67843137 0.35686275 0.43529412
v -0.07186050 0.02281601 -0.04741931 0.67843137 0.35686275 0.43529412
v -0.07395527 0.01769936 -0.04815633 0.67843137 0.35686275 0.43529412
v -0.00655684 -0.03111702 -0.04741931 0.67843137 0.35686275 0.43529412
v -0.00694423 -0.03249384 -0.05177661 0.67843137 0.35686275 0.43529412
v -0.00635597 -0.03242340 -0.05177661 0.67843137 0.35686275 0.43529412
v -0.00562424 -0.03209680 -0.05092358 0.67843137 0.35686275 0.43529412
v -0.00694423 -0.03117465 -0.04741931 0.67843137 0.35686275 0.43529412
v -0.04538178 -0.03112342 -0.04741931 0.67843137 0.35686275 0.43529412
v -0.05559018 -0.03185346 -0.04978179 0.67843137 0.35686275 0.43529412
v -0.00542337 -0.03219286 -0.05177661 0.67843137 0.35686275 0.43529412
v -0.07480896 0.01821166 -0.05177661 0.67843137 0.35686275 0.43529412
v -0.07336701 0.01823728 -0.04741931 0.67843137 0.35686275 0.43529412
v -0.07587786 0.00897734 -0.05177661 0.67843137 0.35686275 0.43529412
v -0.07536852 0.00975221 -0.05013793 0.67843137 0.35686275 0.43529412
v -0.07471570 0.00897734 -0.04741931 0.67843137 0.35686275 0.43529412
v -0.07361092 0.01659149 -0.04741931 0.67843137 0.35686275 0.43529412
v -0.04533156 -0.03227611 -0.05177661 0.67843137 0.35686275 0.43529412
v -0.05457150 -0.03089929 -0.04741931 0.67843137 0.35686275 0.43529412
v -0.05622148 -0.03076481 -0.04741931 0.67843137 0.35686275 0.43529412
v -0.06537533 -0.02929833 -0.04741931 0.67843137 0.35686275 0.43529412
v -0.06490185 -0.03033575 -0.04979288 0.67843137 0.35686275 0.43529412
v -0.06538251 -0.03076481 -0.05177661 0.67843137 0.35686275 0.43529412
v -0.05611387 -0.03210321 -0.05177661 0.67843137 0.35686275 0.43529412
v -0.07598547 0.00133758 -0.05177661 0.67843137 0.35686275 0.43529412
v -0.07540439 0.00065237 -0.04845489 0.67843137 0.35686275 0.43529412
v -0.07491657 0.00123512 -0.04741931 0.67843137 0.35686275 0.43529412
v -0.06620750 -0.02878602 -0.04741931 0.67843137 0.35686275 0.43529412
v -0.06592054 -0.03009881 -0.05045825 0.67843137 0.35686275 0.43529412
v -0.06539685 -0.03049585 -0.05095216 0.67843137 0.35686275 0.43529412
v -0.06619315 -0.03029733 -0.05148360 0.67843137 0.35686275 0.43529412
v -0.06622902 -0.03034215 -0.05177661 0.67843137 0.35686275 0.43529412
v -0.07607873 -0.00792876 -0.05177661 0.67843137 0.35686275 0.43529412
v -0.07540439 0.00043464 -0.04845489 0.67843137 0.35686275 0.43529412
v -0.07487352 -0.00792876 -0.04741931 0.67843137 0.35686275 0.43529412
v -0.07138703 -0.02318268 -0.04741931 0.67843137 0.35686275 0.43529412
v -0.07214746 -0.02393833 -0.05031920 0.67843137 0.35686275 0.43529412
v -0.07242007 -0.02420088 -0.05134413 0.67843137 0.35686275 0.43529412
v -0.07249898 -0.02427133 -0.05177661 0.67843137 0.35686275 0.43529412
v -0.07551200 -0.01543404 -0.05177661 0.67843137 0.35686275 0.43529412
v -0.07543309 -0.01526755 -0.05144350 0.67843137 0.35686275 0.43529412
v -0.07409157 -0.01529316 -0.04741931 0.67843137 0.35686275 0.43529412
v -0.07230528 -0.02257431 -0.04855598 0.67843137 0.35686275 0.43529412
v -0.07287919 -0.02333637 -0.05177661 0.67843137 0.35686275 0.43529412
v -0.07535417 -0.01625373 -0.05177661 0.67843137 0.35686275 0.43529412
v -0.07533265 -0.01629216 -0.05173482 0.67843137 0.35686275 0.43529412
v -0.07533982 -0.01630497 -0.05177661 0.67843137 0.35686275 0.43529412
f 3808 3809 3810
f 3808 3810 3811
f 3808 3811 3815
f 3808 3815 3820
f 3808 3820 3825
f 3808 3825 3824
f 3808 3824 3830
f 3808 3830 3840
f 3808 3840 3843
f 3808 3843 3851
f 3808 3851 3862
f 3808 3862 3857
f 3808 3857 3856
f 3808 3856 3869
f 3808 3869 3875
f 3808 3875 3874
f 3808 3874 3883
f 3808 3883 3890
f 3808 3890 3895
f 3808 3895 3898
f 3808 3898 3896
f 3808 3896 3891
f 3808 3891 3884
f 3808 3884 3876
f 3808 3876 3865
f 3808 3865 3863
f 3808 3863 3852
f 3808 3852 3845
f 3808 3845 3836
f 3808 3836 3833
f 3808 3833 3827
f 3808 3827 3822
f 3808 3822 3821
f 3808 3821 3816
f 3808 3816 3812
f 3808 3812 3813
f 3808 3813 3809
f 3809 3813 3818
f 3809 3818 3817
f 3809 3817 3823
f 3809 3823 3829
f 3809 3829 3834
f 3809 3834 3838
f 3809 3838 3847
f 3809 3847 3853
f 3809 3853 3864
f 3809 3864 3868
f 3809 3868 3867
f 3809 3867 3878
f 3809 3878 3886
f 3809 3886 3893
f 3809 3893 3887
f 3809 3887 3879
f 3809 3879 3872
f 3809 3872 3871
f 3809 3871 3870
f 3809 3870 3860
f 3809 3860 3859
f 3809 3859 3855
f 3809 3855 3848
f 3809 3848 3841
f 3809 3841 3831
f 3809 3831 3826
f 3809 3826 3819
f 3809 3819 3814
f 3809 3814 3810
f 3810 3814 3811
f 3811 3814 3815
f 3812 3816 3817
f 3812 3817 3818
f 3812 3818 3813
f 3814 3819 3820
f 3814 3820 3815
f 3816 3821 3817
f 3817 3821 3822
f 3817 3822 3823
f 3819 3824 3825
f 3819 3825 3820
f 3819 3826 3832
f 3819 3832 3842
f 3819 3842 3839
f 3819 3839 3830
f 3819 3830 3824
f 3822 3827 3828
f 3822 3828 3823
f 3823 3828 3829
f 3826 3831 3832
f 3827 3833 3828
f 3828 3834 3829
f 3828 3833 3835
f 3828 3835 3836
f 3828 3836 3837
f 3828 3837 3838
f 3828 3838 3834
f 3830 3839 3840
f 3831 3841 3832
f 3832 3841 3843
f 3832 3843 3842
f 3833 3844 3835
f 3833 3836 3844
f 3835 3844 3836
f 3836 3845 3846
f 3836 3846 3837
f 3837 3846 3838
f 3838 3846 3847
f 3839 3842 3840
f 3840 3842 3843
f 3841 3848 3849
f 3841 3849 3843
f 3843 3849 3850
f 3843 3850 3851
f 3845 3852 3846
f 3846 3853 3847
f 3846 3852 3854
f 3846 3854 3853
f 3848 3850 3849
f 3848 3855 3850
f 3850 3856 3857
f 3850 3857 3858
f 3850 3858 3851
f 3850 3855 3859
f 3850 3859 3860
f 3850 3860 3861
f 3850 3861 3856
f 3851 3858 3862
f 3852 3863 3854
f 3853 3854 3864
f 3854 3863 3865
f 3854 3865 3866
f 3854 3866 3867
f 3854 3867 3868
f 3854 3868 3864
f 3856 3861 3869
f 3857 3862 3858
f 3860 3870 3861
f 3861 3870 3871
f 3861 3871 3872
f 3861 3872 3873
f 3861 3873 3874
f 3861 3874 3875
f 3861 3875 3869
f 3865 3876 3877
f 3865 3877 3867
f 3865 3867 3866
f 3867 3877 3878
f 3872 3879 3880
f 3872 3880 3873
f 3873 3880 3881
f 3873 3881 3874
f 3874 3881 3880
f 3874 3880 3882
f 3874 3882 3883
f 3876 3884 3877
f 3877 3884 3885
f 3877 3885 3878
f 3878 3885 3886
f 3879 3882 3880
f 3879 3887 3888
f 3879 3888 3889
f 3879 3889 3882
f 3882 3889 3890
f 3882 3890 3883
f 3884 3891 3892
f 3884 3892 3886
f 3884 3886 3885
f 3886 3892 3893
f 3887 3893 3894
f 3887 3894 3889
f 3887 3889 3888
f 3889 3894 3895
f 3889 3895 3890
f 3891 3896 3893
f 3891 3893 3892
f 3893 3896 3897
f 3893 3897 3894
f 3894 3897 3898
f 3894 3898 3895
f 3896 3898 3897

o geometry_14
v -0.03308640 0.03175491 -0.04741931 0.69411765 0.05882353 0.66666667
v -0.03308640 0.03092321 -0.04280552 0.69411765 0.05882353 0.66666667
v -0.00694203 0.03100946 -0.04280552 0.69411765 0.05882353 0.66666667
v -0.01614869 0.03173027 -0.04741931 0.69411765 0.05882353 0.66666667
v -0.04995350 0.03152696 -0.04741931 0.69411765 0.05882353 0.66666667
v -0.04925453 0.03127437 -0.04552727 0.69411765 0.05882353 0.66666667
v -0.05003117 0.03080615 -0.04280552 0.69411765 0.05882353 0.66666667
v -0.00526167 0.03036874 -0.04280552 0.69411765 0.05882353 0.66666667
v -0.00610185 0.03131134 -0.04532718 0.69411765 0.05882353 0.66666667
v -0.00694203 0.03170562 -0.04741931 0.69411765 0.05882353 0.66666667
v -0.05711267 0.03134214 -0.04741931 0.69411765 0.05882353 0.66666667
v -0.05699264 0.03129901 -0.04695725 0.69411765 0.05882353 0.66666667
v -0.05779046 0.03014079 -0.04280552 0.69411765 0.05882353 0.66666667
v -0.00579120 0.03148383 -0.04741931 0.69411765 0.05882353 0.66666667
v -0.00594652 0.03139142 -0.04631046 0.69411765 0.05882353 0.66666667
v -0.00279056 0.02840962 -0.04280552 0.69411765 0.05882353 0.66666667
v -0.00279056 0.02870534 -0.04309413 0.69411765 0.05882353 0.66666667
v -0.00279056 0.02890864 -0.04424679 0.69411765 0.05882353 0.66666667
v -0.06497081 0.02979579 -0.04741931 0.69411765 0.05882353 0.66666667
v -0.06468839 0.02975883 -0.04696583 0.69411765 0.05882353 0.66666667
v -0.06382704 0.02899489 -0.04280552 0.69411765 0.05882353 0.66666667
v -0.00279056 0.02924748 -0.04719889 0.69411765 0.05882353 0.66666667
v -0.00279056 0.02925980 -0.04741931 0.69411765 0.05882353 0.66666667
v -0.00279056 -0.02815840 -0.04280552 0.69411765 0.05882353 0.66666667
v -0.06571921 0.02957400 -0.04741931 0.69411765 0.05882353 0.66666667
v -0.06515438 0.02861292 -0.04280552 0.69411765 0.05882353 0.66666667
v -0.00279056 -0.02877448 -0.04741931 0.69411765 0.05882353 0.66666667
v -0.00279762 -0.02890385 -0.04741931 0.69411765 0.05882353 0.66666667
v -0.00502162 -0.02961234 -0.04280552 0.69411765 0.05882353 0.66666667
v -0.00531815 -0.03078288 -0.04741931 0.69411765 0.05882353 0.66666667
v -0.00496514 -0.03053645 -0.04741931 0.69411765 0.05882353 0.66666667
v -0.06646054 0.02888400 -0.04741931 0.69411765 0.05882353 0.66666667
v -0.07129686 0.02413406 -0.04741931 0.69411765 0.05882353 0.66666667
v -0.07109917 0.02394924 -0.04631046 0.69411765 0.05882353 0.66666667
v -0.07089442 0.02373361 -0.04510767 0.69411765 0.05882353 0.66666667
v -0.07030135 0.02348102 -0.04280552 0.69411765 0.05882353 0.66666667
v -0.00547348 -0.02977252 -0.04280552 0.69411765 0.05882353 0.66666667
v -0.00610185 -0.03026538 -0.04386242 0.69411765 0.05882353 0.66666667
v -0.00586886 -0.03040092 -0.04477344 0.69411765 0.05882353 0.66666667
v -0.00554408 -0.03063502 -0.04631046 0.69411765 0.05882353 0.66666667
v -0.00655371 -0.03112172 -0.04741931 0.69411765 0.05882353 0.66666667
v -0.07172754 0.02312986 -0.04741931 0.69411765 0.05882353 0.66666667
v -0.07099326 0.02253842 -0.04280552 0.69411765 0.05882353 0.66666667
v -0.07066849 0.02308673 -0.04280552 0.69411765 0.05882353 0.66666667
v -0.00627130 -0.02989573 -0.04280552 0.69411765 0.05882353 0.66666667
v -0.00694203 -0.03117101 -0.04741931 0.69411765 0.05882353 0.66666667
v -0.00690673 -0.02994502 -0.04280552 0.69411765 0.05882353 0.66666667
v -0.04533605 -0.03006207 -0.04280552 0.69411765 0.05882353 0.66666667
v -0.05514990 -0.03030850 -0.04365014 0.69411765 0.05882353 0.66666667
v -0.07185462 0.02281566 -0.04741931 0.69411765 0.05882353 0.66666667
v -0.07336553 0.01823206 -0.04741931 0.69411765 0.05882353 0.66666667
v -0.07249711 0.01779464 -0.04280552 0.69411765 0.05882353 0.66666667
v -0.05551704 -0.03030850 -0.04365014 0.69411765 0.05882353 0.66666667
v -0.04537841 -0.03112172 -0.04741931 0.69411765 0.05882353 0.66666667
v -0.05462038 -0.02998198 -0.04280552 0.69411765 0.05882353 0.66666667
v -0.07361264 0.01658714 -0.04741931 0.69411765 0.05882353 0.66666667
v -0.07404332 0.00886156 -0.04280552 0.69411765 0.05882353 0.66666667
v -0.05574297 -0.03045636 -0.04477344 0.69411765 0.05882353 0.66666667
v -0.05457095 -0.03089378 -0.04741931 0.69411765 0.05882353 0.66666667
v -0.06547915 -0.02779492 -0.04280552 0.69411765 0.05882353 0.66666667
v -0.06488609 -0.02883608 -0.04509683 0.69411765 0.05882353 0.66666667
v -0.06537325 -0.02929814 -0.04741931 0.69411765 0.05882353 0.66666667
v -0.07472111 0.00897861 -0.04741931 0.69411765 0.05882353 0.66666667
v -0.07491880 0.00123454 -0.04741931 0.69411765 0.05882353 0.66666667
v -0.07409274 0.00130847 -0.04280552 0.69411765 0.05882353 0.66666667
v -0.05600420 -0.03065351 -0.04631046 0.69411765 0.05882353 0.66666667
v -0.05622307 -0.03076440 -0.04741931 0.69411765 0.05882353 0.66666667
v -0.06615694 -0.02871903 -0.04700016 0.69411765 0.05882353 0.66666667
v -0.06538737 -0.02897778 -0.04641660 0.69411765 0.05882353 0.66666667
v -0.06992716 -0.02284783 -0.04280552 0.69411765 0.05882353 0.66666667
v -0.07076733 -0.02255212 -0.04396901 0.69411765 0.05882353 0.66666667
v -0.07092266 -0.02272462 -0.04477344 0.69411765 0.05882353 0.66666667
v -0.06620636 -0.02878680 -0.04741931 0.69411765 0.05882353 0.66666667
v -0.07487644 -0.00793265 -0.04741931 0.69411765 0.05882353 0.66666667
v -0.07409274 0.00056302 -0.04280552 0.69411765 0.05882353 0.66666667
v -0.07119801 -0.02301417 -0.04631046 0.69411765 0.05882353 0.66666667
v -0.07138864 -0.02318051 -0.04741931 0.69411765 0.05882353 0.66666667
v -0.07047080 -0.02176970 -0.04280552 0.69411765 0.05882353 0.66666667
v -0.07277952 -0.01487582 -0.04280552 0.69411765 0.05882353 0.66666667
v -0.07397272 -0.01509761 -0.04664469 0.69411765 0.05882353 0.66666667
v -0.07409274 -0.01529475 -0.04741931 0.69411765 0.05882353 0.66666667
v -0.07394447 -0.00793265 -0.04348708 0.69411765 0.05882353 0.66666667
v -0.07378209 -0.00793265 -0.04280552 0.69411765 0.05882353 0.66666667
v -0.07299839 -0.01408108 -0.04280552 0.69411765 0.05882353 0.66666667
v -0.07377503 -0.00799426 -0.04280552 0.69411765 0.05882353 0.66666667
f 3899 3900 3901
f 3899 3901 3902
f 3899 3902 3908
f 3899 3908 3912
f 3899 3912 3921
f 3899 3921 3925
f 3899 3925 3926
f 3899 3926 3929
f 3899 3929 3928
f 3899 3928 3939
f 3899 3939 3944
f 3899 3944 3952
f 3899 3952 3957
f 3899 3957 3965
f 3899 3965 3960
f 3899 3960 3971
f 3899 3971 3975
f 3899 3975 3979
f 3899 3979 3972
f 3899 3972 3962
f 3899 3962 3961
f 3899 3961 3954
f 3899 3954 3949
f 3899 3949 3948
f 3899 3948 3940
f 3899 3940 3931
f 3899 3931 3930
f 3899 3930 3923
f 3899 3923 3917
f 3899 3917 3909
f 3899 3909 3903
f 3899 3903 3904
f 3899 3904 3905
f 3899 3905 3900
f 3900 3905 3911
f 3900 3911 3919
f 3900 3919 3924
f 3900 3924 3934
f 3900 3934 3942
f 3900 3942 3941
f 3900 3941 3950
f 3900 3950 3955
f 3900 3955 3963
f 3900 3963 3973
f 3900 3973 3981
f 3900 3981 3983
f 3900 3983 3982
f 3900 3982 3977
f 3900 3977 3976
f 3900 3976 3968
f 3900 3968 3958
f 3900 3958 3953
f 3900 3953 3946
f 3900 3946 3945
f 3900 3945 3943
f 3900 3943 3935
f 3900 3935 3927
f 3900 3927 3922
f 3900 3922 3914
f 3900 3914 3906
f 3900 3906 3901
f 3901 3906 3907
f 3901 3907 3908
f 3901 3908 3902
f 3903 3909 3910
f 3903 3910 3904
f 3904 3910 3905
f 3905 3910 3911
f 3906 3912 3913
f 3906 3913 3907
f 3906 3914 3915
f 3906 3915 3916
f 3906 3916 3912
f 3907 3913 3908
f 3908 3913 3912
f 3909 3917 3910
f 3910 3917 3918
f 3910 3918 3919
f 3910 3919 3911
f 3912 3916 3920
f 3912 3920 3921
f 3914 3922 3925
f 3914 3925 3921
f 3914 3921 3920
f 3914 3920 3916
f 3914 3916 3915
f 3917 3923 3924
f 3917 3924 3919
f 3917 3919 3918
f 3922 3926 3925
f 3922 3927 3928
f 3922 3928 3929
f 3922 3929 3926
f 3923 3930 3924
f 3924 3930 3931
f 3924 3931 3932
f 3924 3932 3933
f 3924 3933 3934
f 3927 3935 3936
f 3927 3936 3937
f 3927 3937 3938
f 3927 3938 3928
f 3928 3938 3939
f 3931 3940 3941
f 3931 3941 3942
f 3931 3942 3932
f 3932 3942 3933
f 3933 3942 3934
f 3935 3943 3936
f 3936 3944 3939
f 3936 3939 3937
f 3936 3943 3945
f 3936 3945 3946
f 3936 3946 3947
f 3936 3947 3944
f 3937 3939 3938
f 3940 3948 3941
f 3941 3948 3949
f 3941 3949 3950
f 3944 3947 3951
f 3944 3951 3952
f 3946 3953 3951
f 3946 3951 3947
f 3949 3954 3955
f 3949 3955 3950
f 3951 3956 3957
f 3951 3957 3952
f 3951 3953 3958
f 3951 3958 3959
f 3951 3959 3960
f 3951 3960 3956
f 3954 3961 3955
f 3955 3961 3962
f 3955 3962 3963
f 3956 3964 3957
f 3956 3960 3964
f 3957 3964 3965
f 3958 3966 3967
f 3958 3967 3959
f 3958 3968 3969
f 3958 3969 3970
f 3958 3970 3966
f 3959 3967 3960
f 3960 3965 3964
f 3960 3967 3966
f 3960 3966 3971
f 3962 3972 3973
f 3962 3973 3963
f 3966 3970 3974
f 3966 3974 3975
f 3966 3975 3971
f 3968 3976 3969
f 3969 3976 3977
f 3969 3977 3978
f 3969 3978 3970
f 3970 3978 3974
f 3972 3979 3978
f 3972 3978 3980
f 3972 3980 3973
f 3973 3980 3981
f 3974 3978 3979
f 3974 3979 3975
f 3977 3982 3978
f 3978 3983 3981
f 3978 3981 3980
f 3978 3982 3983

o geometry_15
v 0.00382577 0.03367109 -0.03862221 0.67058824 0.20784314 0.12549020
v 0.00382577 0.03323972 -0.03999749 0.67058824 0.20784314 0.12549020
v 0.00228654 0.03323972 -0.04001049 0.67058824 0.20784314 0.12549020
v 0.00075153 0.03323972 -0.04001249 0.67058824 0.20784314 0.12549020
v -0.00078770 0.03366743 -0.03862221 0.67058824 0.20784314 0.12549020
v -0.00078770 0.03364184 -0.03708489 0.67058824 0.20784314 0.12549020
v 0.00228654 0.03364184 -0.03708489 0.67058824 0.20784314 0.12549020
v 0.00382577 0.03363819 -0.03708489 0.67058824 0.20784314 0.12549020
v 0.00536079 0.03363088 -0.03708489 0.67058824 0.20784314 0.12549020
v 0.00536079 0.03366012 -0.03862221 0.67058824 0.20784314 0.12549020
v 0.02534970 0.03314832 -0.03994048 0.67058824 0.20784314 0.12549020
v 0.00536079 0.03323606 -0.03999249 0.67058824 0.20784314 0.12549020
v -0.00694041 0.03101340 -0.04280507 0.67058824 0.20784314 0.12549020
v -0.00386195 0.03323606 -0.03999949 0.67058824 0.20784314 0.12549020
v -0.00694041 0.03323241 -0.03998949 0.67058824 0.20784314 0.12549020
v -0.00232694 0.03366378 -0.03862221 0.67058824 0.20784314 0.12549020
v -0.00232694 0.03363819 -0.03708489 0.67058824 0.20784314 0.12549020
v -0.00694041 0.03354314 -0.03554758 0.67058824 0.20784314 0.12549020
v -0.00078770 0.03355045 -0.03554758 0.67058824 0.20784314 0.12549020
v 0.00228654 0.03355045 -0.03554758 0.67058824 0.20784314 0.12549020
v 0.00382577 0.03354679 -0.03554758 0.67058824 0.20784314 0.12549020
v 0.00536079 0.03354314 -0.03554758 0.67058824 0.20784314 0.12549020
v 0.00690002 0.03353583 -0.03554758 0.67058824 0.20784314 0.12549020
v 0.02381047 0.03339326 -0.03554758 0.67058824 0.20784314 0.12549020
v 0.02534970 0.03337863 -0.03554758 0.67058824 0.20784314 0.12549020
v 0.02688472 0.03336401 -0.03554758 0.67058824 0.20784314 0.12549020
v 0.02688472 0.03341154 -0.03708489 0.67058824 0.20784314 0.12549020
v 0.02534970 0.03346637 -0.03862221 0.67058824 0.20784314 0.12549020
v 0.02688472 0.03313736 -0.03993548 0.67058824 0.20784314 0.12549020
v -0.00748441 0.03093663 -0.04280507 0.67058824 0.20784314 0.12549020
v -0.01002731 0.03322509 -0.03997949 0.67058824 0.20784314 0.12549020
v -0.00847542 0.03322875 -0.03998549 0.67058824 0.20784314 0.12549020
v 0.02688472 0.03049429 -0.04280507 0.67058824 0.20784314 0.12549020
v -0.01002731 0.03322875 -0.03996948 0.67058824 0.20784314 0.12549020
v -0.00694041 0.03365281 -0.03862221 0.67058824 0.20784314 0.12549020
v -0.00694041 0.03362722 -0.03708489 0.67058824 0.20784314 0.12549020
v -0.00847542 0.03353949 -0.03554758 0.67058824 0.20784314 0.12549020
v -0.01002731 0.03317757 -0.03401026 0.67058824 0.20784314 0.12549020
v 0.00690002 0.03317757 -0.03401026 0.67058824 0.20784314 0.12549020
v 0.00997426 0.03316660 -0.03401026 0.67058824 0.20784314 0.12549020
v 0.01765777 0.03313736 -0.03401026 0.67058824 0.20784314 0.12549020
v 0.02227124 0.03311908 -0.03401026 0.67058824 0.20784314 0.12549020
v 0.02534970 0.03310446 -0.03401026 0.67058824 0.20784314 0.12549020
v 0.02688472 0.03309349 -0.03401026 0.67058824 0.20784314 0.12549020
v 0.02842395 0.03332380 -0.03554758 0.67058824 0.20784314 0.12549020
v 0.02842395 0.03337498 -0.03708489 0.67058824 0.20784314 0.12549020
v 0.02688472 0.03344809 -0.03862221 0.67058824 0.20784314 0.12549020
v 0.02842395 0.03311908 -0.03992348 0.67058824 0.20784314 0.12549020
v -0.00847542 0.03065880 -0.04280507 0.67058824 0.20784314 0.12549020
v -0.01002731 0.03224171 -0.04074865 0.67058824 0.20784314 0.12549020
v -0.00887183 0.03051257 -0.04280507 0.67058824 0.20784314 0.12549020
v -0.00955500 0.03006292 -0.04280507 0.67058824 0.20784314 0.12549020
v 0.02995896 0.03308983 -0.03990547 0.67058824 0.20784314 0.12549020
v 0.03149820 0.03306059 -0.03988247 0.67058824 0.20784314 0.12549020
v 0.02842395 0.03043580 -0.04280507 0.67058824 0.20784314 0.12549020
v -0.01002731 0.03363819 -0.03862221 0.67058824 0.20784314 0.12549020
v -0.01002731 0.03363819 -0.03861021 0.67058824 0.20784314 0.12549020
v -0.01001466 0.03361260 -0.03708489 0.67058824 0.20784314 0.12549020
v -0.01002731 0.03353217 -0.03553658 0.67058824 0.20784314 0.12549020
v -0.01002731 0.03284125 -0.03321310 0.67058824 0.20784314 0.12549020
v 0.00536079 0.03284125 -0.03321310 0.67058824 0.20784314 0.12549020
v 0.00843925 0.03284125 -0.03321410 0.67058824 0.20784314 0.12549020
v 0.01919700 0.03283759 -0.03321810 0.67058824 0.20784314 0.12549020
v 0.02534970 0.03283393 -0.03322210 0.67058824 0.20784314 0.12549020
v 0.02688472 0.03283028 -0.03322310 0.67058824 0.20784314 0.12549020
v 0.02795585 0.03282297 -0.03323010 0.67058824 0.20784314 0.12549020
v 0.02844925 0.03301306 -0.03387023 0.67058824 0.20784314 0.12549020
v 0.02995896 0.03301672 -0.03410728 0.67058824 0.20784314 0.12549020
v 0.03305429 0.03293995 -0.03436234 0.67058824 0.20784314 0.12549020
v 0.02995896 0.03325800 -0.03554758 0.67058824 0.20784314 0.12549020
v 0.02995896 0.03332014 -0.03708489 0.67058824 0.20784314 0.12549020
v 0.02842395 0.03341154 -0.03862221 0.67058824 0.20784314 0.12549020
v -0.01002731 0.02949263 -0.04280507 0.67058824 0.20784314 0.12549020
v 0.03305429 0.03302403 -0.03984546 0.67058824 0.20784314 0.12549020
v 0.03303742 0.03302403 -0.03984646 0.67058824 0.20784314 0.12549020
v 0.03305429 0.03301306 -0.03985446 0.67058824 0.20784314 0.12549020
v 0.03305429 0.03204430 -0.04058661 0.67058824 0.20784314 0.12549020
v 0.03305429 0.02880170 -0.04280507 0.67058824 0.20784314 0.12549020
v -0.01002731 0.03360894 -0.03707389 0.67058824 0.20784314 0.12549020
v -0.01002731 0.03204430 -0.03290004 0.67058824 0.20784314 0.12549020
v -0.00847542 0.03204430 -0.03289904 0.67058824 0.20784314 0.12549020
v -0.00540118 0.03204430 -0.03289804 0.67058824 0.20784314 0.12549020
v -0.00386195 0.03204430 -0.03289804 0.67058824 0.20784314 0.12549020
v 0.01458352 0.03204430 -0.03290504 0.67058824 0.20784314 0.12549020
v 0.01765777 0.03283759 -0.03321710 0.67058824 0.20784314 0.12549020
v 0.01612275 0.03204430 -0.03290604 0.67058824 0.20784314 0.12549020
v 0.01919700 0.03204430 -0.03290804 0.67058824 0.20784314 0.12549020
v 0.02073623 0.03204430 -0.03291004 0.67058824 0.20784314 0.12549020
v 0.02381047 0.03204430 -0.03291404 0.67058824 0.20784314 0.12549020
v 0.02534970 0.03204430 -0.03291704 0.67058824 0.20784314 0.12549020
v 0.02688472 0.03204430 -0.03292304 0.67058824 0.20784314 0.12549020
v 0.02898060 0.03279372 -0.03326411 0.67058824 0.20784314 0.12549020
v 0.02844925 0.03218688 -0.03299806 0.67058824 0.20784314 0.12549020
v 0.03305429 0.03183227 -0.03296105 0.67058824 0.20784314 0.12549020
v 0.03303742 0.03260362 -0.03359218 0.67058824 0.20784314 0.12549020
v 0.03305429 0.03260362 -0.03360218 0.67058824 0.20784314 0.12549020
v 0.03305429 0.03310080 -0.03554758 0.67058824 0.20784314 0.12549020
v 0.03149820 0.03318122 -0.03554758 0.67058824 0.20784314 0.12549020
v 0.03149820 0.03325068 -0.03708489 0.67058824 0.20784314 0.12549020
v 0.02995896 0.03335670 -0.03862221 0.67058824 0.20784314 0.12549020
v 0.03149820 0.03329455 -0.03862221 0.67058824 0.20784314 0.12549020
v -0.01002731 -0.00367552 -0.04280507 0.67058824 0.20784314 0.12549020
v 0.03305429 0.03321778 -0.03862221 0.67058824 0.20784314 0.12549020
v 0.03305429 -0.00367552 -0.04280507 0.67058824 0.20784314 0.12549020
v -0.01002731 0.03203334 -0.03289704 0.67058824 0.20784314 0.12549020
v -0.01002731 0.03050525 -0.03259897 0.67058824 0.20784314 0.12549020
v -0.01001466 0.03050525 -0.03259897 0.67058824 0.20784314 0.12549020
v 0.01919700 0.03050525 -0.03262098 0.67058824 0.20784314 0.12549020
v 0.02227124 0.03050525 -0.03262398 0.67058824 0.20784314 0.12549020
v 0.02534970 0.03050525 -0.03263298 0.67058824 0.20784314 0.12549020
v 0.02381047 0.03050525 -0.03262698 0.67058824 0.20784314 0.12549020
v 0.02995896 0.03197485 -0.03295105 0.67058824 0.20784314 0.12549020
v 0.03149820 0.03050525 -0.03267199 0.67058824 0.20784314 0.12549020
v 0.03305429 0.03050525 -0.03268199 0.67058824 0.20784314 0.12549020
v 0.03305429 0.03051988 -0.03268499 0.67058824 0.20784314 0.12549020
v 0.02995896 0.03274254 -0.03333813 0.67058824 0.20784314 0.12549020
v 0.03305429 0.03259997 -0.03359418 0.67058824 0.20784314 0.12549020
v 0.03305429 0.03316660 -0.03708489 0.67058824 0.20784314 0.12549020
v -0.01002731 -0.00367552 -0.03271600 0.67058824 0.20784314 0.12549020
v 0.03305429 -0.00367552 -0.03277501 0.67058824 0.20784314 0.12549020
v -0.01002731 0.02896986 -0.03258797 0.67058824 0.20784314 0.12549020
v -0.01001466 0.02896986 -0.03258797 0.67058824 0.20784314 0.12549020
v 0.02227124 0.02896986 -0.03262798 0.67058824 0.20784314 0.12549020
v -0.01002731 0.02895524 -0.03258797 0.67058824 0.20784314 0.12549020
v 0.03305429 -0.00331726 -0.03277401 0.67058824 0.20784314 0.12549020
v 0.02381047 0.02896986 -0.03263198 0.67058824 0.20784314 0.12549020
v -0.00232694 -0.00367552 -0.03271200 0.67058824 0.20784314 0.12549020
v 0.03149820 -0.00367552 -0.03277001 0.67058824 0.20784314 0.12549020
v 0.01919700 0.01512939 -0.03267399 0.67058824 0.20784314 0.12549020
v -0.00114194 -0.00367552 -0.03271200 0.67058824 0.20784314 0.12549020
v 0.01919700 0.01359400 -0.03267999 0.67058824 0.20784314 0.12549020
f 3984 3985 3986
f 3984 3986 3987
f 3984 3987 3988
f 3984 3988 3989
f 3984 3989 3990
f 3984 3990 3991
f 3984 3991 3992
f 3984 3992 3993
f 3984 3993 3994
f 3984 3994 3995
f 3984 3995 3985
f 3985 3995 3986
f 3986 3995 3996
f 3986 3996 3987
f 3987 3996 3997
f 3987 3997 3988
f 3988 3997 3998
f 3988 3998 3999
f 3988 3999 4000
f 3988 4000 3989
f 3989 4000 4001
f 3989 4001 4002
f 3989 4002 4003
f 3989 4003 3990
f 3990 4003 4004
f 3990 4004 3991
f 3991 4004 4005
f 3991 4005 4006
f 3991 4006 3992
f 3992 4006 4007
f 3992 4007 4008
f 3992 4008 4009
f 3992 4009 4010
f 3992 4010 4011
f 3992 4011 3993
f 3993 4011 4012
f 3993 4012 3994
f 3994 4012 3996
f 3994 3996 3995
f 3996 4013 4014
f 3996 4014 4015
f 3996 4015 3998
f 3996 3998 3997
f 3996 4012 4016
f 3996 4016 4038
f 3996 4038 4061
f 3996 4061 4087
f 3996 4087 4085
f 3996 4085 4056
f 3996 4056 4035
f 3996 4035 4034
f 3996 4034 4032
f 3996 4032 4013
f 3998 4015 4017
f 3998 4017 4018
f 3998 4018 3999
f 3999 4018 4019
f 3999 4019 4000
f 4000 4019 4001
f 4001 4019 4020
f 4001 4020 4021
f 4001 4021 4002
f 4002 4021 4022
f 4002 4022 4003
f 4003 4022 4004
f 4004 4022 4005
f 4005 4022 4023
f 4005 4023 4024
f 4005 4024 4025
f 4005 4025 4026
f 4005 4026 4006
f 4006 4026 4027
f 4006 4027 4007
f 4007 4027 4008
f 4008 4027 4009
f 4009 4027 4028
f 4009 4028 4029
f 4009 4029 4010
f 4010 4029 4055
f 4010 4055 4030
f 4010 4030 4011
f 4011 4030 4012
f 4012 4030 4031
f 4012 4031 4016
f 4013 4032 4014
f 4014 4033 4056
f 4014 4056 4085
f 4014 4085 4102
f 4014 4102 4107
f 4014 4107 4104
f 4014 4104 4089
f 4014 4089 4088
f 4014 4088 4063
f 4014 4063 4043
f 4014 4043 4021
f 4014 4021 4042
f 4014 4042 4062
f 4014 4062 4040
f 4014 4040 4039
f 4014 4039 4017
f 4014 4017 4015
f 4014 4032 4034
f 4014 4034 4035
f 4014 4035 4033
f 4016 4031 4036
f 4016 4036 4037
f 4016 4037 4038
f 4017 4039 4018
f 4018 4039 4040
f 4018 4040 4019
f 4019 4040 4041
f 4019 4041 4042
f 4019 4042 4020
f 4020 4042 4021
f 4021 4043 4044
f 4021 4044 4022
f 4022 4044 4045
f 4022 4045 4046
f 4022 4046 4047
f 4022 4047 4048
f 4022 4048 4023
f 4023 4048 4024
f 4024 4048 4025
f 4025 4048 4026
f 4026 4048 4027
f 4027 4048 4049
f 4027 4049 4050
f 4027 4050 4051
f 4027 4051 4028
f 4028 4051 4052
f 4028 4052 4053
f 4028 4053 4054
f 4028 4054 4029
f 4029 4054 4083
f 4029 4083 4055
f 4030 4055 4037
f 4030 4037 4036
f 4030 4036 4031
f 4033 4035 4056
f 4037 4057 4058
f 4037 4058 4038
f 4037 4055 4057
f 4038 4058 4057
f 4038 4057 4059
f 4038 4059 4060
f 4038 4060 4061
f 4040 4062 4041
f 4041 4062 4042
f 4043 4063 4064
f 4043 4064 4065
f 4043 4065 4066
f 4043 4066 4044
f 4044 4066 4045
f 4045 4066 4067
f 4045 4067 4068
f 4045 4068 4046
f 4046 4068 4067
f 4046 4067 4069
f 4046 4069 4070
f 4046 4070 4047
f 4047 4070 4071
f 4047 4071 4072
f 4047 4072 4048
f 4048 4072 4073
f 4048 4073 4074
f 4048 4074 4049
f 4049 4075 4050
f 4049 4074 4076
f 4049 4076 4077
f 4049 4077 4075
f 4050 4075 4051
f 4051 4075 4052
f 4052 4078 4079
f 4052 4079 4100
f 4052 4100 4077
f 4052 4077 4098
f 4052 4098 4097
f 4052 4097 4108
f 4052 4108 4103
f 4052 4103 4087
f 4052 4087 4061
f 4052 4061 4060
f 4052 4060 4059
f 4052 4059 4057
f 4052 4057 4086
f 4052 4086 4101
f 4052 4101 4080
f 4052 4080 4081
f 4052 4081 4053
f 4052 4075 4078
f 4053 4081 4082
f 4053 4082 4054
f 4054 4082 4084
f 4054 4084 4083
f 4055 4083 4057
f 4057 4083 4084
f 4057 4084 4086
f 4063 4088 4064
f 4064 4088 4065
f 4065 4088 4089
f 4065 4089 4090
f 4065 4090 4066
f 4066 4090 4067
f 4067 4090 4069
f 4069 4090 4070
f 4070 4090 4091
f 4070 4091 4092
f 4070 4092 4071
f 4071 4092 4072
f 4072 4092 4094
f 4072 4094 4073
f 4073 4093 4074
f 4073 4094 4093
f 4074 4095 4076
f 4074 4093 4096
f 4074 4096 4097
f 4074 4097 4098
f 4074 4098 4077
f 4074 4077 4095
f 4075 4099 4078
f 4075 4077 4099
f 4076 4095 4077
f 4077 4100 4078
f 4077 4078 4099
f 4078 4100 4079
f 4080 4101 4082
f 4080 4082 4081
f 4082 4101 4086
f 4082 4086 4084
f 4085 4087 4103
f 4085 4103 4111
f 4085 4111 4113
f 4085 4113 4110
f 4085 4110 4102
f 4089 4104 4105
f 4089 4105 4090
f 4090 4105 4091
f 4091 4105 4092
f 4092 4106 4094
f 4092 4105 4107
f 4092 4107 4106
f 4093 4103 4108
f 4093 4108 4096
f 4093 4094 4109
f 4093 4109 4103
f 4094 4106 4109
f 4096 4108 4097
f 4102 4110 4107
f 4103 4109 4111
f 4104 4107 4105
f 4106 4112 4111
f 4106 4111 4109
f 4106 4107 4113
f 4106 4113 4112
f 4107 4110 4113
f 4111 4112 4114
f 4111 4114 4113
f 4112 4113 4114

o geometry_16
v 0.00690341 -0.03290562 -0.03554811 0.31372549 0.36078431 0.56862745
v 0.00690341 -0.03288845 -0.03708540 0.31372549 0.36078431 0.56862745
v 0.01305008 -0.03285984 -0.03708540 0.31372549 0.36078431 0.56862745
v 0.01766329 -0.03283695 -0.03708540 0.31372549 0.36078431 0.56862745
v 0.01151150 -0.03288273 -0.03554811 0.31372549 0.36078431 0.56862745
v 0.01766329 -0.03245355 -0.03400983 0.31372549 0.36078431 0.56862745
v 0.00843688 -0.03248502 -0.03400983 0.31372549 0.36078431 0.56862745
v 0.00690341 -0.03248788 -0.03400983 0.31372549 0.36078431 0.56862745
v 0.00690341 -0.03285698 -0.03862170 0.31372549 0.36078431 0.56862745
v 0.01458867 -0.03282837 -0.03862170 0.31372549 0.36078431 0.56862745
v 0.01766329 -0.03281406 -0.03862170 0.31372549 0.36078431 0.56862745
v 0.02073534 -0.03279976 -0.03862170 0.31372549 0.36078431 0.56862745
v 0.01766329 -0.03285126 -0.03554811 0.31372549 0.36078431 0.56862745
v 0.01920188 -0.03282837 -0.03708540 0.31372549 0.36078431 0.56862745
v 0.01920188 -0.03244496 -0.03400983 0.31372549 0.36078431 0.56862745
v 0.02842317 -0.03189847 -0.03314195 0.31372549 0.36078431 0.56862745
v 0.02688714 -0.03190133 -0.03313899 0.31372549 0.36078431 0.56862745
v 0.02380996 -0.03190420 -0.03313504 0.31372549 0.36078431 0.56862745
v 0.00690341 -0.03191850 -0.03312813 0.31372549 0.36078431 0.56862745
v 0.00690341 -0.03236199 -0.04015998 0.31372549 0.36078431 0.56862745
v 0.01151150 -0.03236485 -0.04015998 0.31372549 0.36078431 0.56862745
v 0.01458867 -0.03235913 -0.04015998 0.31372549 0.36078431 0.56862745
v 0.01920188 -0.03233624 -0.04015998 0.31372549 0.36078431 0.56862745
v 0.02227393 -0.03279117 -0.03862170 0.31372549 0.36078431 0.56862745
v 0.02073534 -0.03281978 -0.03708540 0.31372549 0.36078431 0.56862745
v 0.01920188 -0.03283981 -0.03554811 0.31372549 0.36078431 0.56862745
v 0.02688714 -0.03239918 -0.03400983 0.31372549 0.36078431 0.56862745
v 0.02073534 -0.03243638 -0.03400983 0.31372549 0.36078431 0.56862745
v 0.02996175 -0.03187845 -0.03315676 0.31372549 0.36078431 0.56862745
v 0.02996175 -0.03099719 -0.03293955 0.31372549 0.36078431 0.56862745
v 0.02842317 -0.03099719 -0.03292178 0.31372549 0.36078431 0.56862745
v 0.02688714 -0.03099719 -0.03291684 0.31372549 0.36078431 0.56862745
v 0.02227393 -0.03099719 -0.03290499 0.31372549 0.36078431 0.56862745
v 0.02073534 -0.03099719 -0.03290104 0.31372549 0.36078431 0.56862745
v 0.02842317 -0.03238488 -0.03400983 0.31372549 0.36078431 0.56862745
v 0.01612470 -0.03099719 -0.03289314 0.31372549 0.36078431 0.56862745
v 0.01151150 -0.03099719 -0.03288821 0.31372549 0.36078431 0.56862745
v 0.00843688 -0.03099719 -0.03288524 0.31372549 0.36078431 0.56862745
v 0.00997547 -0.03191564 -0.03312912 0.31372549 0.36078431 0.56862745
v 0.00690341 -0.03099719 -0.03288426 0.31372549 0.36078431 0.56862745
v 0.00690341 -0.03182694 -0.04096466 0.31372549 0.36078431 0.56862745
v 0.01305008 -0.03183553 -0.04097552 0.31372549 0.36078431 0.56862745
v 0.01458867 -0.03183267 -0.04097355 0.31372549 0.36078431 0.56862745
v 0.02227393 -0.03181264 -0.04096367 0.31372549 0.36078431 0.56862745
v 0.02227393 -0.03231907 -0.04015998 0.31372549 0.36078431 0.56862745
v 0.02380996 -0.03277687 -0.03862170 0.31372549 0.36078431 0.56862745
v 0.02688714 -0.03276542 -0.03708540 0.31372549 0.36078431 0.56862745
v 0.02227393 -0.03280834 -0.03708540 0.31372549 0.36078431 0.56862745
v 0.02380996 -0.03230763 -0.04015998 0.31372549 0.36078431 0.56862745
v 0.02073534 -0.03282837 -0.03554811 0.31372549 0.36078431 0.56862745
v 0.03150034 -0.03184125 -0.03318441 0.31372549 0.36078431 0.56862745
v 0.03303637 -0.03099719 -0.03300175 0.31372549 0.36078431 0.56862745
v 0.03150034 -0.03099719 -0.03296917 0.31372549 0.36078431 0.56862745
v 0.02996175 -0.03234769 -0.03400983 0.31372549 0.36078431 0.56862745
v 0.03305429 -0.02945786 -0.03281416 0.31372549 0.36078431 0.56862745
v 0.02227393 -0.02945786 -0.03278157 0.31372549 0.36078431 0.56862745
v 0.01766329 -0.02945786 -0.03276874 0.31372549 0.36078431 0.56862745
v 0.01458867 -0.02945786 -0.03276084 0.31372549 0.36078431 0.56862745
v 0.00997547 -0.02945786 -0.03274998 0.31372549 0.36078431 0.56862745
v 0.00690341 -0.02945786 -0.03274405 0.31372549 0.36078431 0.56862745
v 0.02688714 -0.03276542 -0.03554811 0.31372549 0.36078431 0.56862745
v 0.02842317 -0.03274825 -0.03554811 0.31372549 0.36078431 0.56862745
v 0.00690341 -0.02834485 -0.04280507 0.31372549 0.36078431 0.56862745
v 0.01305008 -0.02966959 -0.04280507 0.31372549 0.36078431 0.56862745
v 0.02109119 -0.03052223 -0.04280507 0.31372549 0.36078431 0.56862745
v 0.02534855 -0.03180119 -0.04095084 0.31372549 0.36078431 0.56862745
v 0.02190273 -0.03051937 -0.04280507 0.31372549 0.36078431 0.56862745
v 0.02688714 -0.03179261 -0.04094689 0.31372549 0.36078431 0.56862745
v 0.02534855 -0.03275970 -0.03862170 0.31372549 0.36078431 0.56862745
v 0.02842317 -0.03275111 -0.03708540 0.31372549 0.36078431 0.56862745
v 0.02842317 -0.03178402 -0.04094097 0.31372549 0.36078431 0.56862745
v 0.02959567 -0.03177544 -0.04093504 0.31372549 0.36078431 0.56862745
v 0.02534855 -0.03229046 -0.04015998 0.31372549 0.36078431 0.56862745
v 0.03305429 -0.03179833 -0.03321502 0.31372549 0.36078431 0.56862745
v 0.03305429 -0.03099719 -0.03300274 0.31372549 0.36078431 0.56862745
v 0.02996175 -0.03271106 -0.03554811 0.31372549 0.36078431 0.56862745
v 0.03150034 -0.03227329 -0.03400983 0.31372549 0.36078431 0.56862745
v 0.03305429 -0.00486006 -0.03277565 0.31372549 0.36078431 0.56862745
v 0.00690341 -0.02792140 -0.03273616 0.31372549 0.36078431 0.56862745
v 0.00690341 -0.01869686 -0.03272233 0.31372549 0.36078431 0.56862745
v 0.02996175 -0.03271678 -0.03708540 0.31372549 0.36078431 0.56862745
v 0.00690341 -0.00367552 -0.04280507 0.31372549 0.36078431 0.56862745
v 0.03162323 -0.02914599 -0.04280507 0.31372549 0.36078431 0.56862745
v 0.03062225 -0.03175541 -0.04092517 0.31372549 0.36078431 0.56862745
v 0.02688714 -0.03273967 -0.03862170 0.31372549 0.36078431 0.56862745
v 0.02842317 -0.03271964 -0.03862170 0.31372549 0.36078431 0.56862745
v 0.03150034 -0.03219318 -0.04014319 0.31372549 0.36078431 0.56862745
v 0.03005136 -0.03212737 -0.04031104 0.31372549 0.36078431 0.56862745
v 0.02842317 -0.03224468 -0.04015998 0.31372549 0.36078431 0.56862745
v 0.02688714 -0.03226757 -0.04015998 0.31372549 0.36078431 0.56862745
v 0.03305429 -0.03217887 -0.03399699 0.31372549 0.36078431 0.56862745
v 0.03150034 -0.03263667 -0.03554811 0.31372549 0.36078431 0.56862745
v 0.03305429 -0.03218460 -0.03400884 0.31372549 0.36078431 0.56862745
v 0.03305429 -0.00367552 -0.03277466 0.31372549 0.36078431 0.56862745
v 0.03268308 -0.00367552 -0.03277368 0.31372549 0.36078431 0.56862745
v 0.03114450 -0.00367552 -0.03276973 0.31372549 0.36078431 0.56862745
v 0.00690341 -0.01562392 -0.03271838 0.31372549 0.36078431 0.56862745
v 0.02996175 -0.03268531 -0.03862170 0.31372549 0.36078431 0.56862745
v 0.03150034 -0.03263094 -0.03862170 0.31372549 0.36078431 0.56862745
v 0.03150034 -0.03264239 -0.03708540 0.31372549 0.36078431 0.56862745
v 0.00690341 -0.00367552 -0.03273912 0.31372549 0.36078431 0.56862745
v 0.03305429 -0.00367552 -0.04280507 0.31372549 0.36078431 0.56862745
v 0.03305429 -0.02840780 -0.04280507 0.31372549 0.36078431 0.56862745
v 0.03305429 -0.03135198 -0.04087481 0.31372549 0.36078431 0.56862745
v 0.03305429 -0.03136343 -0.04086692 0.31372549 0.36078431 0.56862745
v 0.03150034 -0.03164097 -0.04091233 0.31372549 0.36078431 0.56862745
v 0.03305429 -0.03214740 -0.04010567 0.31372549 0.36078431 0.56862745
v 0.03303637 -0.03254511 -0.03554811 0.31372549 0.36078431 0.56862745
v 0.03305429 -0.03253939 -0.03552935 0.31372549 0.36078431 0.56862745
v 0.02960591 -0.00367552 -0.03276676 0.31372549 0.36078431 0.56862745
v 0.02842317 -0.00367552 -0.03276479 0.31372549 0.36078431 0.56862745
v 0.01458867 -0.00367552 -0.03274603 0.31372549 0.36078431 0.56862745
v 0.01305008 -0.00367552 -0.03274405 0.31372549 0.36078431 0.56862745
v 0.01115821 -0.00367552 -0.03274208 0.31372549 0.36078431 0.56862745
v 0.00997547 -0.00367552 -0.03274109 0.31372549 0.36078431 0.56862745
v 0.03305429 -0.03253939 -0.03862170 0.31372549 0.36078431 0.56862745
v 0.03305429 -0.03254797 -0.03708540 0.31372549 0.36078431 0.56862745
v 0.03305429 -0.03254797 -0.03706960 0.31372549 0.36078431 0.56862745
v 0.03305429 -0.03254225 -0.03554811 0.31372549 0.36078431 0.56862745
f 4115 4116 4117
f 4115 4117 4118
f 4115 4118 4119
f 4115 4119 4120
f 4115 4120 4121
f 4115 4121 4122
f 4115 4122 4133
f 4115 4133 4154
f 4115 4154 4174
f 4115 4174 4193
f 4115 4193 4194
f 4115 4194 4211
f 4115 4211 4215
f 4115 4215 4196
f 4115 4196 4177
f 4115 4177 4155
f 4115 4155 4134
f 4115 4134 4123
f 4115 4123 4116
f 4116 4123 4124
f 4116 4124 4125
f 4116 4125 4117
f 4117 4125 4126
f 4117 4126 4118
f 4118 4127 4119
f 4118 4126 4138
f 4118 4138 4128
f 4118 4128 4127
f 4119 4127 4120
f 4120 4129 4130
f 4120 4130 4121
f 4120 4127 4129
f 4121 4130 4131
f 4121 4131 4122
f 4122 4131 4132
f 4122 4132 4133
f 4123 4134 4135
f 4123 4135 4136
f 4123 4136 4124
f 4124 4136 4125
f 4125 4136 4126
f 4126 4136 4137
f 4126 4137 4138
f 4127 4128 4139
f 4127 4139 4162
f 4127 4162 4140
f 4127 4140 4141
f 4127 4141 4142
f 4127 4142 4129
f 4128 4138 4139
f 4129 4142 4130
f 4130 4143 4144
f 4130 4144 4145
f 4130 4145 4146
f 4130 4146 4147
f 4130 4147 4148
f 4130 4148 4131
f 4130 4142 4141
f 4130 4141 4149
f 4130 4149 4143
f 4131 4148 4150
f 4131 4150 4132
f 4132 4150 4151
f 4132 4151 4152
f 4132 4152 4153
f 4132 4153 4133
f 4133 4153 4154
f 4134 4155 4156
f 4134 4156 4135
f 4135 4156 4136
f 4136 4156 4157
f 4136 4157 4158
f 4136 4158 4137
f 4137 4158 4159
f 4137 4159 4138
f 4138 4160 4184
f 4138 4184 4161
f 4138 4161 4162
f 4138 4162 4139
f 4138 4159 4163
f 4138 4163 4160
f 4140 4162 4164
f 4140 4164 4141
f 4141 4164 4149
f 4143 4165 4166
f 4143 4166 4167
f 4143 4167 4144
f 4143 4149 4168
f 4143 4168 4165
f 4144 4167 4169
f 4144 4169 4145
f 4145 4169 4146
f 4146 4169 4170
f 4146 4170 4171
f 4146 4171 4172
f 4146 4172 4147
f 4147 4172 4148
f 4148 4172 4173
f 4148 4173 4174
f 4148 4174 4150
f 4149 4164 4175
f 4149 4175 4176
f 4149 4176 4190
f 4149 4190 4168
f 4150 4174 4151
f 4151 4174 4152
f 4152 4174 4154
f 4152 4154 4153
f 4155 4177 4178
f 4155 4178 4179
f 4155 4179 4156
f 4156 4179 4157
f 4157 4179 4158
f 4158 4180 4159
f 4158 4179 4181
f 4158 4181 4180
f 4159 4180 4182
f 4159 4182 4163
f 4160 4183 4184
f 4160 4163 4187
f 4160 4187 4183
f 4161 4184 4164
f 4161 4164 4162
f 4163 4182 4185
f 4163 4185 4186
f 4163 4186 4187
f 4164 4184 4175
f 4165 4188 4166
f 4165 4168 4188
f 4166 4189 4169
f 4166 4169 4167
f 4166 4188 4189
f 4168 4190 4206
f 4168 4206 4191
f 4168 4191 4188
f 4169 4189 4188
f 4169 4188 4205
f 4169 4205 4207
f 4169 4207 4223
f 4169 4223 4233
f 4169 4233 4232
f 4169 4232 4231
f 4169 4231 4230
f 4169 4230 4221
f 4169 4221 4219
f 4169 4219 4218
f 4169 4218 4217
f 4169 4217 4216
f 4169 4216 4208
f 4169 4208 4192
f 4169 4192 4170
f 4170 4193 4171
f 4170 4192 4194
f 4170 4194 4193
f 4171 4193 4172
f 4172 4193 4173
f 4173 4193 4174
f 4175 4184 4176
f 4176 4184 4195
f 4176 4195 4190
f 4177 4196 4216
f 4177 4216 4217
f 4177 4217 4197
f 4177 4197 4181
f 4177 4181 4179
f 4177 4179 4178
f 4180 4181 4182
f 4181 4197 4198
f 4181 4198 4186
f 4181 4186 4185
f 4181 4185 4182
f 4183 4199 4184
f 4183 4187 4199
f 4184 4199 4200
f 4184 4200 4212
f 4184 4212 4195
f 4186 4198 4201
f 4186 4201 4202
f 4186 4202 4203
f 4186 4203 4204
f 4186 4204 4187
f 4187 4204 4200
f 4187 4200 4199
f 4188 4191 4205
f 4190 4195 4214
f 4190 4214 4206
f 4191 4207 4205
f 4191 4206 4207
f 4192 4208 4209
f 4192 4209 4210
f 4192 4210 4211
f 4192 4211 4194
f 4195 4212 4213
f 4195 4213 4214
f 4196 4215 4229
f 4196 4229 4228
f 4196 4228 4227
f 4196 4227 4226
f 4196 4226 4225
f 4196 4225 4224
f 4196 4224 4210
f 4196 4210 4209
f 4196 4209 4208
f 4196 4208 4216
f 4197 4217 4218
f 4197 4218 4219
f 4197 4219 4220
f 4197 4220 4198
f 4198 4220 4221
f 4198 4221 4201
f 4200 4204 4203
f 4200 4203 4201
f 4200 4201 4212
f 4201 4203 4202
f 4201 4221 4213
f 4201 4213 4212
f 4206 4214 4222
f 4206 4222 4207
f 4207 4222 4223
f 4210 4224 4211
f 4211 4224 4225
f 4211 4225 4226
f 4211 4226 4227
f 4211 4227 4228
f 4211 4228 4229
f 4211 4229 4215
f 4213 4230 4214
f 4213 4221 4230
f 4214 4230 4231
f 4214 4231 4232
f 4214 4232 4222
f 4219 4221 4220
f 4222 4232 4233
f 4222 4233 4223

o geometry_17
v 0.02743831 0.03223099 -0.05144094 0.43529412 0.98823529 0.10196078
v 0.02687578 0.03222424 -0.05144094 0.43529412 0.98823529 0.10196078
v 0.02844029 0.03221074 -0.05144094 0.43529412 0.98823529 0.10196078
v 0.02798697 0.03293282 -0.05289020 0.43529412 0.98823529 0.10196078
v 0.02734297 0.03293282 -0.05289020 0.43529412 0.98823529 0.10196078
v 0.02688792 0.03449845 -0.05744959 0.43529412 0.98823529 0.10196078
v 0.02611043 0.03435673 -0.05781442 0.43529412 0.98823529 0.10196078
v 0.02626298 0.03185308 -0.05144094 0.43529412 0.98823529 0.10196078
v 0.02924724 0.03439722 -0.05771500 0.43529412 0.98823529 0.10196078
v 0.02940846 0.03156290 -0.05144094 0.43529412 0.98823529 0.10196078
v 0.02842469 0.03453219 -0.05737480 0.43529412 0.98823529 0.10196078
v 0.02842469 0.03494385 -0.05861156 0.43529412 0.98823529 0.10196078
v 0.02688792 0.03484937 -0.05861156 0.43529412 0.98823529 0.10196078
v 0.02603676 0.03443771 -0.05861156 0.43529412 0.98823529 0.10196078
v 0.02348674 0.03053714 -0.05854589 0.43529412 0.98823529 0.10196078
v 0.02348674 0.02794575 -0.05144094 0.43529412 0.98823529 0.10196078
v 0.02591454 0.03156964 -0.05144094 0.43529412 0.98823529 0.10196078
v 0.02937726 0.03453894 -0.05861156 0.43529412 0.98823529 0.10196078
v 0.03234159 0.02934942 -0.05144094 0.43529412 0.98823529 0.10196078
v 0.02938419 0.03454569 -0.05962759 0.43529412 0.98823529 0.10196078
v 0.02842469 0.03476839 -0.05984101 0.43529412 0.98823529 0.10196078
v 0.02688792 0.03470090 -0.05977535 0.43529412 0.98823529 0.10196078
v 0.02601856 0.03446471 -0.05953912 0.43529412 0.98823529 0.10196078
v 0.02348674 0.03048990 -0.05994681 0.43529412 0.98823529 0.10196078
v 0.02348674 -0.03141997 -0.05144094 0.43529412 0.98823529 0.10196078
v 0.03234159 0.03081382 -0.05799683 0.43529412 0.98823529 0.10196078
v 0.03234159 0.03094204 -0.05861156 0.43529412 0.98823529 0.10196078
v 0.03234159 -0.03098807 -0.05144094 0.43529412 0.98823529 0.10196078
v 0.02842469 0.03358067 -0.06046213 0.43529412 0.98823529 0.10196078
v 0.03234159 0.03079358 -0.05921808 0.43529412 0.98823529 0.10196078
v 0.03234159 0.03057088 -0.06009001 0.43529412 0.98823529 0.10196078
v 0.02688792 0.03358067 -0.06036910 0.43529412 0.98823529 0.10196078
v 0.02348674 0.02928868 -0.06049131 0.43529412 0.98823529 0.10196078
v 0.02348674 -0.03353222 -0.05710757 0.43529412 0.98823529 0.10196078
v 0.03063580 -0.03181138 -0.05154947 0.43529412 0.98823529 0.10196078
v 0.03078748 -0.03172365 -0.05144094 0.43529412 0.98823529 0.10196078
v 0.03158750 -0.03141997 -0.05144094 0.43529412 0.98823529 0.10196078
v 0.03234159 -0.03109605 -0.05170543 0.43529412 0.98823529 0.10196078
v 0.02842469 0.03204203 -0.06064363 0.43529412 0.98823529 0.10196078
v 0.02688792 0.03204203 -0.06061262 0.43529412 0.98823529 0.10196078
v 0.03234159 0.02971383 -0.06042473 0.43529412 0.98823529 0.10196078
v 0.03234159 0.02896476 -0.06069470 0.43529412 0.98823529 0.10196078
v 0.02348674 0.02896476 -0.06061535 0.43529412 0.98823529 0.10196078
v 0.02348674 -0.03356596 -0.05719877 0.43529412 0.98823529 0.10196078
v 0.03057079 -0.03338376 -0.05607694 0.43529412 0.98823529 0.10196078
v 0.03085422 -0.03181138 -0.05154947 0.43529412 0.98823529 0.10196078
v 0.03096343 -0.03172365 -0.05144094 0.43529412 0.98823529 0.10196078
v 0.03202349 -0.03320830 -0.05652841 0.43529412 0.98823529 0.10196078
v 0.03234159 -0.03342424 -0.05749976 0.43529412 0.98823529 0.10196078
v 0.02842469 0.03050339 -0.06067920 0.43529412 0.98823529 0.10196078
v 0.02688792 0.03050339 -0.06067464 0.43529412 0.98823529 0.10196078
v 0.02348674 0.02742612 -0.06072754 0.43529412 0.98823529 0.10196078
v 0.02348674 0.02775679 -0.06070747 0.43529412 0.98823529 0.10196078
v 0.03234159 0.02742612 -0.06072571 0.43529412 0.98823529 0.10196078
v 0.02348674 -0.03398436 -0.05854407 0.43529412 0.98823529 0.10196078
v 0.03099811 -0.03338376 -0.05607694 0.43529412 0.98823529 0.10196078
v 0.03150690 -0.03354572 -0.05705376 0.43529412 0.98823529 0.10196078
v 0.03234159 -0.03347148 -0.05766666 0.43529412 0.98823529 0.10196078
v 0.02842469 0.02896476 -0.06071021 0.43529412 0.98823529 0.10196078
v 0.02688792 0.02896476 -0.06070838 0.43529412 0.98823529 0.10196078
v 0.02535028 0.02742612 -0.06072845 0.43529412 0.98823529 0.10196078
v 0.02348674 0.02589423 -0.06073392 0.43529412 0.98823529 0.10196078
v 0.03234159 0.02658932 -0.06072754 0.43529412 0.98823529 0.10196078
v 0.02996232 0.02742612 -0.06072845 0.43529412 0.98823529 0.10196078
v 0.02348674 -0.03380891 -0.05991398 0.43529412 0.98823529 0.10196078
v 0.03149996 -0.03397087 -0.05861156 0.43529412 0.98823529 0.10196078
v 0.03234159 -0.03368743 -0.05861156 0.43529412 0.98823529 0.10196078
v 0.02535028 0.02589423 -0.06073483 0.43529412 0.98823529 0.10196078
v 0.02535028 0.02281696 -0.06074213 0.43529412 0.98823529 0.10196078
v 0.02348674 0.02467952 -0.06073666 0.43529412 0.98823529 0.10196078
v 0.03234159 0.01666242 -0.06074122 0.43529412 0.98823529 0.10196078
v 0.02842469 0.01513053 -0.06075125 0.43529412 0.98823529 0.10196078
v 0.02688792 0.01666242 -0.06075216 0.43529412 0.98823529 0.10196078
v 0.02842469 0.02127833 -0.06074213 0.43529412 0.98823529 0.10196078
v 0.02842469 0.02435560 -0.06073666 0.43529412 0.98823529 0.10196078
v 0.02688792 0.02589423 -0.06073483 0.43529412 0.98823529 0.10196078
v 0.02348674 -0.03253346 -0.06053965 0.43529412 0.98823529 0.10196078
v 0.03149996 -0.03253346 -0.06053236 0.43529412 0.98823529 0.10196078
v 0.03149996 -0.03372792 -0.05990486 0.43529412 0.98823529 0.10196078
v 0.03234159 -0.03358621 -0.05976805 0.43529412 0.98823529 0.10196078
v 0.02535028 0.01973969 -0.06074851 0.43529412 0.98823529 0.10196078
v 0.02381264 0.01973969 -0.06074760 0.43529412 0.98823529 0.10196078
v 0.02348674 0.01699309 -0.06075308 0.43529412 0.98823529 0.10196078
v 0.03234159 0.01513053 -0.06074304 0.43529412 0.98823529 0.10196078
v 0.03149996 0.01513053 -0.06074487 0.43529412 0.98823529 0.10196078
v 0.03234159 0.01359189 -0.06074487 0.43529412 0.98823529 0.10196078
v 0.02996232 0.01359189 -0.06074943 0.43529412 0.98823529 0.10196078
v 0.02688792 0.01513053 -0.06075399 0.43529412 0.98823529 0.10196078
v 0.02535028 0.01513053 -0.06075672 0.43529412 0.98823529 0.10196078
v 0.02688792 0.02281696 -0.06074122 0.43529412 0.98823529 0.10196078
v 0.02996232 -0.03099482 -0.06064910 0.43529412 0.98823529 0.10196078
v 0.02348674 -0.03099482 -0.06063359 0.43529412 0.98823529 0.10196078
v 0.03234159 -0.03260094 -0.06029340 0.43529412 0.98823529 0.10196078
v 0.03149996 -0.03099482 -0.06064728 0.43529412 0.98823529 0.10196078
v 0.03234159 -0.03099482 -0.06063542 0.43529412 0.98823529 0.10196078
v 0.02348674 0.01513053 -0.06075672 0.43529412 0.98823529 0.10196078
v 0.02381264 0.01666242 -0.06075399 0.43529412 0.98823529 0.10196078
v 0.03234159 0.01274834 -0.06074395 0.43529412 0.98823529 0.10196078
v 0.03149996 0.01205326 -0.06074487 0.43529412 0.98823529 0.10196078
v 0.02688792 0.01359189 -0.06075490 0.43529412 0.98823529 0.10196078
v 0.02535028 0.01359189 -0.06075764 0.43529412 0.98823529 0.10196078
v 0.02381264 0.01359189 -0.06075855 0.43529412 0.98823529 0.10196078
v 0.03149996 -0.02945618 -0.06066552 0.43529412 0.98823529 0.10196078
v 0.03234159 -0.02945618 -0.06066643 0.43529412 0.98823529 0.10196078
v 0.03234159 -0.02791755 -0.06067737 0.43529412 0.98823529 0.10196078
v 0.02348674 -0.02484702 -0.06065457 0.43529412 0.98823529 0.10196078
v 0.02381264 -0.02484702 -0.06065640 0.43529412 0.98823529 0.10196078
v 0.03234159 -0.02722246 -0.06068011 0.43529412 0.98823529 0.10196078
v 0.02348674 0.01391582 -0.06075764 0.43529412 0.98823529 0.10196078
v 0.03234159 0.01205326 -0.06074304 0.43529412 0.98823529 0.10196078
v 0.02688792 0.01205326 -0.06075308 0.43529412 0.98823529 0.10196078
v 0.03234159 -0.00485150 -0.06071842 0.43529412 0.98823529 0.10196078
v 0.03234159 -0.02414519 -0.06068650 0.43529412 0.98823529 0.10196078
v 0.02381264 0.01205326 -0.06075490 0.43529412 0.98823529 0.10196078
v 0.02348674 0.01237718 -0.06075490 0.43529412 0.98823529 0.10196078
v 0.02348674 0.01359189 -0.06075764 0.43529412 0.98823529 0.10196078
v 0.03234159 -0.02568382 -0.06068376 0.43529412 0.98823529 0.10196078
v 0.02348674 -0.02330839 -0.06065913 0.43529412 0.98823529 0.10196078
v 0.02348674 -0.02297772 -0.06066005 0.43529412 0.98823529 0.10196078
v 0.02842469 -0.02484702 -0.06067281 0.43529412 0.98823529 0.10196078
v 0.02996232 -0.02484702 -0.06067829 0.43529412 0.98823529 0.10196078
f 4234 4235 4241
f 4234 4241 4250
f 4234 4250 4249
f 4234 4249 4258
f 4234 4258 4269
f 4234 4269 4280
f 4234 4280 4270
f 4234 4270 4261
f 4234 4261 4252
f 4234 4252 4243
f 4234 4243 4236
f 4234 4236 4237
f 4234 4237 4238
f 4234 4238 4235
f 4235 4238 4239
f 4235 4239 4240
f 4235 4240 4241
f 4236 4242 4237
f 4236 4243 4242
f 4237 4242 4244
f 4237 4244 4238
f 4238 4244 4239
f 4239 4244 4245
f 4239 4245 4246
f 4239 4246 4240
f 4240 4246 4247
f 4240 4247 4248
f 4240 4248 4249
f 4240 4249 4250
f 4240 4250 4241
f 4242 4251 4245
f 4242 4245 4244
f 4242 4243 4252
f 4242 4252 4251
f 4245 4251 4253
f 4245 4253 4254
f 4245 4254 4255
f 4245 4255 4246
f 4246 4255 4256
f 4246 4256 4247
f 4247 4256 4248
f 4248 4256 4257
f 4248 4257 4266
f 4248 4266 4276
f 4248 4276 4286
f 4248 4286 4285
f 4248 4285 4295
f 4248 4295 4303
f 4248 4303 4316
f 4248 4316 4329
f 4248 4329 4342
f 4248 4342 4349
f 4248 4349 4348
f 4248 4348 4352
f 4248 4352 4351
f 4248 4351 4339
f 4248 4339 4325
f 4248 4325 4310
f 4248 4310 4298
f 4248 4298 4288
f 4248 4288 4277
f 4248 4277 4267
f 4248 4267 4258
f 4248 4258 4249
f 4251 4259 4260
f 4251 4260 4253
f 4251 4252 4259
f 4252 4261 4271
f 4252 4271 4282
f 4252 4282 4291
f 4252 4291 4300
f 4252 4300 4313
f 4252 4313 4326
f 4252 4326 4328
f 4252 4328 4337
f 4252 4337 4338
f 4252 4338 4341
f 4252 4341 4350
f 4252 4350 4346
f 4252 4346 4345
f 4252 4345 4343
f 4252 4343 4331
f 4252 4331 4319
f 4252 4319 4317
f 4252 4317 4304
f 4252 4304 4296
f 4252 4296 4287
f 4252 4287 4275
f 4252 4275 4274
f 4252 4274 4264
f 4252 4264 4263
f 4252 4263 4260
f 4252 4260 4259
f 4253 4262 4254
f 4253 4260 4263
f 4253 4263 4264
f 4253 4264 4262
f 4254 4262 4265
f 4254 4265 4255
f 4255 4265 4256
f 4256 4265 4266
f 4256 4266 4257
f 4258 4267 4268
f 4258 4268 4269
f 4261 4270 4271
f 4262 4272 4273
f 4262 4273 4265
f 4262 4264 4274
f 4262 4274 4275
f 4262 4275 4272
f 4265 4273 4276
f 4265 4276 4266
f 4267 4277 4268
f 4268 4277 4278
f 4268 4278 4289
f 4268 4289 4279
f 4268 4279 4280
f 4268 4280 4269
f 4270 4280 4281
f 4270 4281 4282
f 4270 4282 4271
f 4272 4283 4284
f 4272 4284 4273
f 4272 4275 4283
f 4273 4284 4285
f 4273 4285 4286
f 4273 4286 4276
f 4275 4287 4292
f 4275 4292 4283
f 4277 4288 4278
f 4278 4288 4289
f 4279 4289 4281
f 4279 4281 4280
f 4281 4289 4290
f 4281 4290 4282
f 4282 4290 4291
f 4283 4292 4293
f 4283 4293 4284
f 4284 4293 4285
f 4285 4293 4292
f 4285 4292 4294
f 4285 4294 4301
f 4285 4301 4295
f 4287 4296 4297
f 4287 4297 4292
f 4288 4298 4299
f 4288 4299 4289
f 4289 4299 4290
f 4290 4299 4291
f 4291 4299 4300
f 4292 4297 4294
f 4294 4297 4309
f 4294 4309 4301
f 4295 4301 4302
f 4295 4302 4303
f 4296 4304 4305
f 4296 4305 4306
f 4296 4306 4307
f 4296 4307 4308
f 4296 4308 4297
f 4297 4308 4309
f 4298 4310 4311
f 4298 4311 4312
f 4298 4312 4299
f 4299 4312 4313
f 4299 4313 4300
f 4301 4309 4302
f 4302 4309 4323
f 4302 4323 4314
f 4302 4314 4330
f 4302 4330 4315
f 4302 4315 4303
f 4303 4315 4316
f 4304 4317 4318
f 4304 4318 4305
f 4305 4318 4319
f 4305 4319 4320
f 4305 4320 4321
f 4305 4321 4306
f 4306 4321 4322
f 4306 4322 4307
f 4307 4322 4308
f 4308 4322 4323
f 4308 4323 4309
f 4310 4324 4311
f 4310 4325 4324
f 4311 4326 4312
f 4311 4324 4327
f 4311 4327 4328
f 4311 4328 4326
f 4312 4326 4313
f 4314 4323 4322
f 4314 4322 4329
f 4314 4329 4330
f 4315 4330 4316
f 4316 4330 4329
f 4317 4319 4318
f 4319 4331 4332
f 4319 4332 4320
f 4320 4332 4333
f 4320 4333 4321
f 4321 4333 4334
f 4321 4334 4322
f 4322 4334 4335
f 4322 4335 4329
f 4324 4325 4336
f 4324 4336 4337
f 4324 4337 4327
f 4325 4338 4336
f 4325 4339 4340
f 4325 4340 4341
f 4325 4341 4338
f 4327 4337 4328
f 4329 4335 4342
f 4331 4343 4332
f 4332 4344 4333
f 4332 4343 4345
f 4332 4345 4344
f 4333 4344 4334
f 4334 4344 4345
f 4334 4345 4346
f 4334 4346 4335
f 4335 4347 4348
f 4335 4348 4349
f 4335 4349 4342
f 4335 4346 4350
f 4335 4350 4341
f 4335 4341 4347
f 4336 4338 4337
f 4339 4351 4340
f 4340 4351 4352
f 4340 4352 4348
f 4340 4348 4353
f 4340 4353 4341
f 4341 4353 4354
f 4341 4354 4348
f 4341 4348 4347
f 4348 4354 4353

o geometry_18
v 0.01766504 0.03206922 -0.05144094 0.20784314 0.16078431 0.65098039
v 0.01848292 0.03283459 -0.05316098 0.20784314 0.16078431 0.65098039
v 0.01818985 0.03283459 -0.05316098 0.20784314 0.16078431 0.65098039
v 0.01673894 0.03445340 -0.05757693 0.20784314 0.16078431 0.65098039
v 0.01716456 0.03276686 -0.05332059 0.20784314 0.16078431 0.65098039
v 0.01704914 0.03177797 -0.05144094 0.20784314 0.16078431 0.65098039
v 0.01922056 0.03183216 -0.05144094 0.20784314 0.16078431 0.65098039
v 0.01871738 0.03298361 -0.05399912 0.20784314 0.16078431 0.65098039
v 0.01846309 0.03436535 -0.05778761 0.20784314 0.16078431 0.65098039
v 0.01766233 0.03443985 -0.05760247 0.20784314 0.16078431 0.65098039
v 0.01672271 0.03297006 -0.05434568 0.20784314 0.16078431 0.65098039
v 0.01766233 0.03474465 -0.05861115 0.20784314 0.16078431 0.65098039
v 0.01652432 0.03461595 -0.05861115 0.20784314 0.16078431 0.65098039
v 0.01427535 0.02879098 -0.05144094 0.20784314 0.16078431 0.65098039
v 0.01669205 0.03156123 -0.05144094 0.20784314 0.16078431 0.65098039
v 0.01998885 0.03135126 -0.05144094 0.20784314 0.16078431 0.65098039
v 0.02002221 0.03133771 -0.05146465 0.20784314 0.16078431 0.65098039
v 0.01944690 0.03396572 -0.05861115 0.20784314 0.16078431 0.65098039
v 0.01867860 0.03447371 -0.05861115 0.20784314 0.16078431 0.65098039
v 0.01766233 0.03464982 -0.05982595 0.20784314 0.16078431 0.65098039
v 0.01655588 0.03459563 -0.05971833 0.20784314 0.16078431 0.65098039
v 0.01872910 0.03450081 -0.05963625 0.20784314 0.16078431 0.65098039
v 0.01529163 0.03297683 -0.05952863 0.20784314 0.16078431 0.65098039
v 0.01529163 0.03297683 -0.05911549 0.20784314 0.16078431 0.65098039
v 0.01571094 0.03352546 -0.05860659 0.20784314 0.16078431 0.65098039
v 0.01427535 0.02898740 -0.05214227 0.20784314 0.16078431 0.65098039
v 0.01427535 -0.03134175 -0.05144094 0.20784314 0.16078431 0.65098039
v 0.02001861 0.03133094 -0.05144094 0.20784314 0.16078431 0.65098039
v 0.02348674 0.02795110 -0.05144094 0.20784314 0.16078431 0.65098039
v 0.02348674 0.03053847 -0.05854549 0.20784314 0.16078431 0.65098039
v 0.02348674 0.03049106 -0.05994633 0.20784314 0.16078431 0.65098039
v 0.01766233 0.03357965 -0.06045341 0.20784314 0.16078431 0.65098039
v 0.01607615 0.03352546 -0.05992262 0.20784314 0.16078431 0.65098039
v 0.01922416 0.03364061 -0.05999467 0.20784314 0.16078431 0.65098039
v 0.01427535 0.03053170 -0.05850992 0.20784314 0.16078431 0.65098039
v 0.01427535 0.03046396 -0.05998281 0.20784314 0.16078431 0.65098039
v 0.01427535 -0.03340081 -0.05733069 0.20784314 0.16078431 0.65098039
v 0.02140821 -0.03335340 -0.05459922 0.20784314 0.16078431 0.65098039
v 0.02091404 -0.03209358 -0.05144094 0.20784314 0.16078431 0.65098039
v 0.02348674 -0.03141626 -0.05144094 0.20784314 0.16078431 0.65098039
v 0.02348674 0.02928542 -0.06049171 0.20784314 0.16078431 0.65098039
v 0.01612485 0.03204213 -0.06036859 0.20784314 0.16078431 0.65098039
v 0.02348674 0.02896708 -0.06061575 0.20784314 0.16078431 0.65098039
v 0.01919892 0.03204213 -0.06059568 0.20784314 0.16078431 0.65098039
v 0.01766233 0.03204213 -0.06064676 0.20784314 0.16078431 0.65098039
v 0.01427535 0.02896708 -0.06055282 0.20784314 0.16078431 0.65098039
v 0.01427535 0.02927188 -0.06044064 0.20784314 0.16078431 0.65098039
v 0.01427535 -0.03354305 -0.05774839 0.20784314 0.16078431 0.65098039
v 0.02227479 -0.03445066 -0.05861115 0.20784314 0.16078431 0.65098039
v 0.02169045 -0.03335340 -0.05459922 0.20784314 0.16078431 0.65098039
v 0.02230364 -0.03215453 -0.05144094 0.20784314 0.16078431 0.65098039
v 0.02320990 -0.03167364 -0.05144094 0.20784314 0.16078431 0.65098039
v 0.02348674 -0.03352950 -0.05710725 0.20784314 0.16078431 0.65098039
v 0.02348674 0.02775467 -0.06070786 0.20784314 0.16078431 0.65098039
v 0.02348674 0.02742956 -0.06072701 0.20784314 0.16078431 0.65098039
v 0.02073640 0.02896708 -0.06070695 0.20784314 0.16078431 0.65098039
v 0.01919892 0.02896708 -0.06070512 0.20784314 0.16078431 0.65098039
v 0.01766233 0.02896708 -0.06070239 0.20784314 0.16078431 0.65098039
v 0.01458736 0.02742956 -0.06072428 0.20784314 0.16078431 0.65098039
v 0.01427535 0.02742956 -0.06072337 0.20784314 0.16078431 0.65098039
v 0.01427535 0.02774113 -0.06069145 0.20784314 0.16078431 0.65098039
v 0.01427535 -0.03378011 -0.05871330 0.20784314 0.16078431 0.65098039
v 0.01427535 -0.03365142 -0.05974934 0.20784314 0.16078431 0.65098039
v 0.02227479 -0.03399685 -0.05998555 0.20784314 0.16078431 0.65098039
v 0.02348674 -0.03381398 -0.05991350 0.20784314 0.16078431 0.65098039
v 0.02348674 -0.03399008 -0.05854457 0.20784314 0.16078431 0.65098039
v 0.02314317 -0.03336694 -0.05611042 0.20784314 0.16078431 0.65098039
v 0.02271574 -0.03319084 -0.05508624 0.20784314 0.16078431 0.65098039
v 0.02297274 -0.03184297 -0.05144094 0.20784314 0.16078431 0.65098039
v 0.02309718 -0.03180910 -0.05152940 0.20784314 0.16078431 0.65098039
v 0.02348674 -0.03356337 -0.05719845 0.20784314 0.16078431 0.65098039
v 0.02348674 0.02589204 -0.06073431 0.20784314 0.16078431 0.65098039
v 0.01612485 0.02589204 -0.06072975 0.20784314 0.16078431 0.65098039
v 0.01458736 0.02589204 -0.06072792 0.20784314 0.16078431 0.65098039
v 0.01427535 0.02589204 -0.06072701 0.20784314 0.16078431 0.65098039
v 0.01427535 -0.03253384 -0.06036677 0.20784314 0.16078431 0.65098039
v 0.02227479 -0.03253384 -0.06061210 0.20784314 0.16078431 0.65098039
v 0.02348674 -0.03253384 -0.06054005 0.20784314 0.16078431 0.65098039
v 0.02344526 -0.03354305 -0.05707350 0.20784314 0.16078431 0.65098039
v 0.02348674 0.01545449 -0.06075620 0.20784314 0.16078431 0.65098039
v 0.01458736 0.01820442 -0.06073796 0.20784314 0.16078431 0.65098039
v 0.01427535 0.02127947 -0.06073340 0.20784314 0.16078431 0.65098039
v 0.01427535 0.02466608 -0.06072884 0.20784314 0.16078431 0.65098039
v 0.01427535 -0.03099631 -0.06061757 0.20784314 0.16078431 0.65098039
v 0.02348674 -0.03099631 -0.06063307 0.20784314 0.16078431 0.65098039
v 0.01458736 -0.03099631 -0.06061848 0.20784314 0.16078431 0.65098039
v 0.02073640 -0.03099631 -0.06063307 0.20784314 0.16078431 0.65098039
v 0.01458736 0.01512938 -0.06074160 0.20784314 0.16078431 0.65098039
v 0.02348674 0.01359185 -0.06075802 0.20784314 0.16078431 0.65098039
v 0.01427535 0.01544094 -0.06074069 0.20784314 0.16078431 0.65098039
v 0.01612485 -0.02945879 -0.06062852 0.20784314 0.16078431 0.65098039
v 0.01766233 -0.02945879 -0.06063399 0.20784314 0.16078431 0.65098039
v 0.01427535 0.01236590 -0.06073796 0.20784314 0.16078431 0.65098039
v 0.01458736 0.01205433 -0.06073887 0.20784314 0.16078431 0.65098039
v 0.02348674 -0.02484622 -0.06065496 0.20784314 0.16078431 0.65098039
v 0.01919892 0.01359185 -0.06075073 0.20784314 0.16078431 0.65098039
v 0.01612485 0.01359185 -0.06074525 0.20784314 0.16078431 0.65098039
v 0.01458736 0.01359185 -0.06074160 0.20784314 0.16078431 0.65098039
v 0.02348674 0.01205433 -0.06075437 0.20784314 0.16078431 0.65098039
v 0.01612485 0.01205433 -0.06074252 0.20784314 0.16078431 0.65098039
v 0.01427535 0.01359185 -0.06074069 0.20784314 0.16078431 0.65098039
v 0.02348674 -0.02452111 -0.06065588 0.20784314 0.16078431 0.65098039
f 4355 4356 4357
f 4355 4357 4358
f 4355 4358 4359
f 4355 4359 4360
f 4355 4360 4369
f 4355 4369 4368
f 4355 4368 4381
f 4355 4381 4393
f 4355 4393 4405
f 4355 4405 4423
f 4355 4423 4406
f 4355 4406 4394
f 4355 4394 4383
f 4355 4383 4382
f 4355 4382 4370
f 4355 4370 4361
f 4355 4361 4356
f 4356 4362 4363
f 4356 4363 4364
f 4356 4364 4358
f 4356 4358 4357
f 4356 4361 4362
f 4358 4365 4359
f 4358 4364 4366
f 4358 4366 4367
f 4358 4367 4368
f 4358 4368 4365
f 4359 4365 4369
f 4359 4369 4360
f 4361 4370 4362
f 4362 4370 4371
f 4362 4371 4363
f 4363 4372 4373
f 4363 4373 4366
f 4363 4366 4364
f 4363 4371 4372
f 4365 4368 4369
f 4366 4374 4375
f 4366 4375 4367
f 4366 4373 4376
f 4366 4376 4374
f 4367 4375 4377
f 4367 4377 4378
f 4367 4378 4379
f 4367 4379 4368
f 4368 4379 4378
f 4368 4378 4380
f 4368 4380 4389
f 4368 4389 4390
f 4368 4390 4401
f 4368 4401 4400
f 4368 4400 4415
f 4368 4415 4414
f 4368 4414 4429
f 4368 4429 4437
f 4368 4437 4436
f 4368 4436 4444
f 4368 4444 4455
f 4368 4455 4447
f 4368 4447 4438
f 4368 4438 4430
f 4368 4430 4417
f 4368 4417 4416
f 4368 4416 4402
f 4368 4402 4391
f 4368 4391 4381
f 4370 4382 4371
f 4371 4382 4383
f 4371 4383 4384
f 4371 4384 4372
f 4372 4376 4373
f 4372 4384 4385
f 4372 4385 4376
f 4374 4376 4386
f 4374 4386 4375
f 4375 4386 4387
f 4375 4387 4377
f 4376 4388 4386
f 4376 4385 4388
f 4377 4389 4378
f 4377 4387 4390
f 4377 4390 4389
f 4378 4389 4380
f 4381 4391 4392
f 4381 4392 4393
f 4383 4394 4407
f 4383 4407 4425
f 4383 4425 4420
f 4383 4420 4419
f 4383 4419 4432
f 4383 4432 4439
f 4383 4439 4449
f 4383 4449 4456
f 4383 4456 4453
f 4383 4453 4443
f 4383 4443 4434
f 4383 4434 4426
f 4383 4426 4409
f 4383 4409 4408
f 4383 4408 4397
f 4383 4397 4395
f 4383 4395 4385
f 4383 4385 4384
f 4385 4395 4388
f 4386 4396 4387
f 4386 4388 4397
f 4386 4397 4398
f 4386 4398 4399
f 4386 4399 4400
f 4386 4400 4396
f 4387 4396 4400
f 4387 4400 4401
f 4387 4401 4390
f 4388 4395 4397
f 4391 4402 4392
f 4392 4402 4403
f 4392 4403 4404
f 4392 4404 4405
f 4392 4405 4393
f 4394 4406 4407
f 4397 4408 4398
f 4398 4408 4399
f 4399 4408 4409
f 4399 4409 4410
f 4399 4410 4411
f 4399 4411 4412
f 4399 4412 4413
f 4399 4413 4414
f 4399 4414 4415
f 4399 4415 4400
f 4402 4416 4403
f 4403 4416 4417
f 4403 4417 4418
f 4403 4418 4419
f 4403 4419 4420
f 4403 4420 4421
f 4403 4421 4422
f 4403 4422 4404
f 4404 4422 4405
f 4405 4422 4421
f 4405 4421 4423
f 4406 4423 4424
f 4406 4424 4407
f 4407 4424 4425
f 4409 4413 4410
f 4409 4426 4413
f 4410 4413 4411
f 4411 4413 4412
f 4413 4426 4427
f 4413 4427 4428
f 4413 4428 4429
f 4413 4429 4414
f 4417 4430 4418
f 4418 4431 4432
f 4418 4432 4419
f 4418 4430 4431
f 4420 4425 4433
f 4420 4433 4421
f 4421 4433 4424
f 4421 4424 4423
f 4424 4433 4425
f 4426 4434 4427
f 4427 4434 4428
f 4428 4434 4435
f 4428 4435 4436
f 4428 4436 4437
f 4428 4437 4429
f 4430 4438 4431
f 4431 4439 4432
f 4431 4438 4440
f 4431 4440 4441
f 4431 4441 4439
f 4434 4442 4435
f 4434 4443 4442
f 4435 4442 4444
f 4435 4444 4436
f 4438 4445 4446
f 4438 4446 4440
f 4438 4447 4448
f 4438 4448 4445
f 4439 4441 4449
f 4440 4446 4441
f 4441 4446 4449
f 4442 4443 4450
f 4442 4450 4451
f 4442 4451 4452
f 4442 4452 4455
f 4442 4455 4444
f 4443 4453 4454
f 4443 4454 4450
f 4445 4448 4446
f 4446 4456 4449
f 4446 4448 4454
f 4446 4454 4453
f 4446 4453 4456
f 4447 4455 4448
f 4448 4455 4452
f 4448 4452 4451
f 4448 4451 4454
f 4450 4454 4451

o geometry_19
v 0.03234159 -0.03368962 -0.05861116 0.25098039 0.46274510 0.24313725
v 0.03234159 -0.03358835 -0.05976780 0.25098039 0.46274510 0.24313725
v 0.03918848 -0.03387865 -0.05861116 0.25098039 0.46274510 0.24313725
v 0.03972173 -0.03335881 -0.05612212 0.25098039 0.46274510 0.24313725
v 0.03234159 -0.03346683 -0.05766673 0.25098039 0.46274510 0.24313725
v 0.03918848 -0.03368287 -0.05986342 0.25098039 0.46274510 0.24313725
v 0.03234159 -0.03260268 -0.06029329 0.25098039 0.46274510 0.24313725
v 0.03918848 -0.03253517 -0.06050276 0.25098039 0.46274510 0.24313725
v 0.04072617 -0.03356810 -0.05971497 0.25098039 0.46274510 0.24313725
v 0.04079695 -0.03362886 -0.05865579 0.25098039 0.46274510 0.24313725
v 0.04032284 -0.03348709 -0.05707384 0.25098039 0.46274510 0.24313725
v 0.04007077 -0.03335881 -0.05612212 0.25098039 0.46274510 0.24313725
v 0.03234159 -0.03342632 -0.05750006 0.25098039 0.46274510 0.24313725
v 0.03985940 -0.03178579 -0.05163765 0.25098039 0.46274510 0.24313725
v 0.04072617 -0.03253517 -0.06034611 0.25098039 0.46274510 0.24313725
v 0.03234159 -0.03099590 -0.06063573 0.25098039 0.46274510 0.24313725
v 0.03918848 -0.03099590 -0.06067398 0.25098039 0.46274510 0.24313725
v 0.04072617 -0.03099590 -0.06066578 0.25098039 0.46274510 0.24313725
v 0.04154835 -0.03334531 -0.05947181 0.25098039 0.46274510 0.24313725
v 0.04154835 -0.03334531 -0.05919767 0.25098039 0.46274510 0.24313725
v 0.04135637 -0.03319003 -0.05817310 0.25098039 0.46274510 0.24313725
v 0.04109169 -0.03298750 -0.05707384 0.25098039 0.46274510 0.24313725
v 0.04023365 -0.03194106 -0.05246187 0.25098039 0.46274510 0.24313725
v 0.03999902 -0.03178579 -0.05163765 0.25098039 0.46274510 0.24313725
v 0.03234159 -0.03109717 -0.05170596 0.25098039 0.46274510 0.24313725
v 0.03966841 -0.03164401 -0.05144094 0.25098039 0.46274510 0.24313725
v 0.03234159 -0.03098915 -0.05144094 0.25098039 0.46274510 0.24313725
v 0.04214170 -0.03240690 -0.05973410 0.25098039 0.46274510 0.24313725
v 0.04224641 -0.03099590 -0.06039711 0.25098039 0.46274510 0.24313725
v 0.04224641 -0.03120519 -0.06029693 0.25098039 0.46274510 0.24313725
v 0.03234159 -0.02945663 -0.06066669 0.25098039 0.46274510 0.24313725
v 0.03611407 -0.02945663 -0.06068491 0.25098039 0.46274510 0.24313725
v 0.03918848 -0.02945663 -0.06069310 0.25098039 0.46274510 0.24313725
v 0.04072617 -0.02945663 -0.06069675 0.25098039 0.46274510 0.24313725
v 0.04224641 -0.02945663 -0.06068400 0.25098039 0.46274510 0.24313725
v 0.04224641 -0.03233938 -0.05970404 0.25098039 0.46274510 0.24313725
v 0.04224641 -0.03246766 -0.05875688 0.25098039 0.46274510 0.24313725
v 0.04224641 -0.03246091 -0.05872956 0.25098039 0.46274510 0.24313725
v 0.04151732 -0.03179254 -0.05469773 0.25098039 0.46274510 0.24313725
v 0.04130887 -0.03157650 -0.05367315 0.25098039 0.46274510 0.24313725
v 0.04076787 -0.03215035 -0.05411121 0.25098039 0.46274510 0.24313725
v 0.04100249 -0.03134021 -0.05246187 0.25098039 0.46274510 0.24313725
v 0.04081149 -0.03108367 -0.05144094 0.25098039 0.46274510 0.24313725
v 0.04021038 -0.03154950 -0.05144094 0.25098039 0.46274510 0.24313725
v 0.03234159 0.02935286 -0.05144094 0.25098039 0.46274510 0.24313725
v 0.03234159 -0.02791736 -0.06067762 0.25098039 0.46274510 0.24313725
v 0.03303869 -0.02791736 -0.06068035 0.25098039 0.46274510 0.24313725
v 0.04224641 -0.02638485 -0.06072316 0.25098039 0.46274510 0.24313725
v 0.04224641 -0.02791736 -0.06071496 0.25098039 0.46274510 0.24313725
v 0.04224641 -0.03158325 -0.05646638 0.25098039 0.46274510 0.24313725
v 0.04224641 -0.02962541 -0.05144094 0.25098039 0.46274510 0.24313725
v 0.04170056 -0.03028703 -0.05144094 0.25098039 0.46274510 0.24313725
v 0.04161718 -0.03038154 -0.05144094 0.25098039 0.46274510 0.24313725
v 0.04153477 -0.03046931 -0.05144094 0.25098039 0.46274510 0.24313725
v 0.03529772 0.03191831 -0.05144094 0.25098039 0.46274510 0.24313725
v 0.03542570 0.03274195 -0.05346095 0.25098039 0.46274510 0.24313725
v 0.03527639 0.03443650 -0.05909385 0.25098039 0.46274510 0.24313725
v 0.03234159 0.03081112 -0.05799641 0.25098039 0.46274510 0.24313725
v 0.03234159 -0.02638485 -0.06068217 0.25098039 0.46274510 0.24313725
v 0.03234159 -0.02568273 -0.06068400 0.25098039 0.46274510 0.24313725
v 0.03234159 -0.02415021 -0.06068673 0.25098039 0.46274510 0.24313725
v 0.03234159 -0.00639462 -0.06071587 0.25098039 0.46274510 0.24313725
v 0.03234159 -0.00415998 -0.06071951 0.25098039 0.46274510 0.24313725
v 0.04224641 -0.02023452 -0.06073226 0.25098039 0.46274510 0.24313725
v 0.04224641 0.02841445 -0.05144094 0.25098039 0.46274510 0.24313725
v 0.03604717 0.03244490 -0.05144094 0.25098039 0.46274510 0.24313725
v 0.03602099 0.03475380 -0.05859295 0.25098039 0.46274510 0.24313725
v 0.03544606 0.03424071 -0.05806836 0.25098039 0.46274510 0.24313725
v 0.03527639 0.03443650 -0.05951188 0.25098039 0.46274510 0.24313725
v 0.03234159 0.03094614 -0.05861116 0.25098039 0.46274510 0.24313725
v 0.03234159 0.01204960 -0.06074319 0.25098039 0.46274510 0.24313725
v 0.03234159 0.01275172 -0.06074410 0.25098039 0.46274510 0.24313725
v 0.03234159 0.01358886 -0.06074502 0.25098039 0.46274510 0.24313725
v 0.04224641 0.01358886 -0.06074046 0.25098039 0.46274510 0.24313725
v 0.04224641 0.03076386 -0.05702557 0.25098039 0.46274510 0.24313725
v 0.03889665 0.03191831 -0.05144094 0.25098039 0.46274510 0.24313725
v 0.03666574 0.03276895 -0.05144094 0.25098039 0.46274510 0.24313725
v 0.03676948 0.03285672 -0.05154203 0.25098039 0.46274510 0.24313725
v 0.03647377 0.03300524 -0.05246187 0.25098039 0.46274510 0.24313725
v 0.03650383 0.03453777 -0.05707384 0.25098039 0.46274510 0.24313725
v 0.03765079 0.03509136 -0.05861116 0.25098039 0.46274510 0.24313725
v 0.03611407 0.03469304 -0.05975231 0.25098039 0.46274510 0.24313725
v 0.03611407 0.03357910 -0.06033154 0.25098039 0.46274510 0.24313725
v 0.03234159 0.03057482 -0.06009020 0.25098039 0.46274510 0.24313725
v 0.03234159 0.01512813 -0.06074319 0.25098039 0.46274510 0.24313725
v 0.04224641 0.02129871 -0.06073409 0.25098039 0.46274510 0.24313725
v 0.04224641 0.01514839 -0.06073955 0.25098039 0.46274510 0.24313725
v 0.04224641 0.01360912 -0.06074046 0.25098039 0.46274510 0.24313725
v 0.04224641 0.03133095 -0.05861116 0.25098039 0.46274510 0.24313725
v 0.03853210 0.03290398 -0.05291906 0.25098039 0.46274510 0.24313725
v 0.03813944 0.03273520 -0.05189448 0.25098039 0.46274510 0.24313725
v 0.03788833 0.03264068 -0.05144094 0.25098039 0.46274510 0.24313725
v 0.03721062 0.03280271 -0.05144094 0.25098039 0.46274510 0.24313725
v 0.03711561 0.03285672 -0.05154203 0.25098039 0.46274510 0.24313725
v 0.03678984 0.03438924 -0.05618314 0.25098039 0.46274510 0.24313725
v 0.03765079 0.03484157 -0.05987071 0.25098039 0.46274510 0.24313725
v 0.03715633 0.03438924 -0.05618314 0.25098039 0.46274510 0.24313725
v 0.03766049 0.03457152 -0.05699825 0.25098039 0.46274510 0.24313725
v 0.03818016 0.03430147 -0.05643632 0.25098039 0.46274510 0.24313725
v 0.03856313 0.03446350 -0.05746090 0.25098039 0.46274510 0.24313725
v 0.03875607 0.03464578 -0.05861116 0.25098039 0.46274510 0.24313725
v 0.03872504 0.03462553 -0.05967035 0.25098039 0.46274510 0.24313725
v 0.03765079 0.03357910 -0.06047544 0.25098039 0.46274510 0.24313725
v 0.03234159 0.02896804 -0.06069493 0.25098039 0.46274510 0.24313725
v 0.03234159 0.02971067 -0.06042444 0.25098039 0.46274510 0.24313725
v 0.03234159 0.01582350 -0.06074228 0.25098039 0.46274510 0.24313725
v 0.04224641 0.02437049 -0.06073044 0.25098039 0.46274510 0.24313725
v 0.04224641 0.03085837 -0.06000003 0.25098039 0.46274510 0.24313725
v 0.03763625 0.03270144 -0.05144094 0.25098039 0.46274510 0.24313725
v 0.04224641 0.03062883 -0.06011934 0.25098039 0.46274510 0.24313725
v 0.03611407 0.03203983 -0.06056196 0.25098039 0.46274510 0.24313725
v 0.04224641 0.02896804 -0.06066578 0.25098039 0.46274510 0.24313725
v 0.03457638 0.02896804 -0.06070859 0.25098039 0.46274510 0.24313725
v 0.03234159 0.02742877 -0.06072589 0.25098039 0.46274510 0.24313725
v 0.03457638 0.02588951 -0.06072862 0.25098039 0.46274510 0.24313725
v 0.03234159 0.02659163 -0.06072771 0.25098039 0.46274510 0.24313725
v 0.04224641 0.02590976 -0.06072316 0.25098039 0.46274510 0.24313725
v 0.04224641 0.02742877 -0.06071132 0.25098039 0.46274510 0.24313725
v 0.03457638 0.02742877 -0.06072316 0.25098039 0.46274510 0.24313725
f 4457 4458 4459
f 4457 4459 4460
f 4457 4460 4461
f 4457 4461 4469
f 4457 4469 4481
f 4457 4481 4483
f 4457 4483 4501
f 4457 4501 4514
f 4457 4514 4526
f 4457 4526 4540
f 4457 4540 4561
f 4457 4561 4560
f 4457 4560 4570
f 4457 4570 4572
f 4457 4572 4562
f 4457 4562 4541
f 4457 4541 4529
f 4457 4529 4528
f 4457 4528 4527
f 4457 4527 4519
f 4457 4519 4518
f 4457 4518 4517
f 4457 4517 4516
f 4457 4516 4515
f 4457 4515 4502
f 4457 4502 4487
f 4457 4487 4472
f 4457 4472 4463
f 4457 4463 4458
f 4458 4462 4459
f 4458 4463 4464
f 4458 4464 4462
f 4459 4462 4465
f 4459 4465 4466
f 4459 4466 4467
f 4459 4467 4468
f 4459 4468 4460
f 4460 4469 4461
f 4460 4468 4480
f 4460 4480 4470
f 4460 4470 4469
f 4462 4464 4471
f 4462 4471 4465
f 4463 4472 4464
f 4464 4472 4473
f 4464 4473 4474
f 4464 4474 4471
f 4465 4471 4475
f 4465 4475 4466
f 4466 4475 4476
f 4466 4476 4477
f 4466 4477 4467
f 4467 4477 4468
f 4468 4477 4478
f 4468 4478 4479
f 4468 4479 4480
f 4469 4470 4481
f 4470 4480 4482
f 4470 4482 4483
f 4470 4483 4481
f 4471 4484 4475
f 4471 4474 4485
f 4471 4485 4486
f 4471 4486 4484
f 4472 4487 4473
f 4473 4487 4488
f 4473 4488 4489
f 4473 4489 4490
f 4473 4490 4474
f 4474 4490 4505
f 4474 4505 4491
f 4474 4491 4485
f 4475 4484 4492
f 4475 4492 4493
f 4475 4493 4476
f 4476 4493 4494
f 4476 4494 4477
f 4477 4494 4495
f 4477 4495 4496
f 4477 4496 4497
f 4477 4497 4478
f 4478 4497 4479
f 4479 4497 4496
f 4479 4496 4498
f 4479 4498 4499
f 4479 4499 4500
f 4479 4500 4480
f 4480 4500 4482
f 4482 4500 4499
f 4482 4499 4510
f 4482 4510 4509
f 4482 4509 4508
f 4482 4508 4507
f 4482 4507 4521
f 4482 4521 4532
f 4482 4532 4548
f 4482 4548 4565
f 4482 4565 4549
f 4482 4549 4533
f 4482 4533 4522
f 4482 4522 4511
f 4482 4511 4501
f 4482 4501 4483
f 4484 4486 4492
f 4485 4491 4505
f 4485 4505 4504
f 4485 4504 4520
f 4485 4520 4530
f 4485 4530 4544
f 4485 4544 4543
f 4485 4543 4542
f 4485 4542 4563
f 4485 4563 4573
f 4485 4573 4574
f 4485 4574 4568
f 4485 4568 4566
f 4485 4566 4564
f 4485 4564 4545
f 4485 4545 4531
f 4485 4531 4521
f 4485 4521 4507
f 4485 4507 4506
f 4485 4506 4494
f 4485 4494 4493
f 4485 4493 4492
f 4485 4492 4486
f 4487 4502 4488
f 4488 4502 4503
f 4488 4503 4504
f 4488 4504 4505
f 4488 4505 4489
f 4489 4505 4490
f 4494 4506 4495
f 4495 4506 4507
f 4495 4507 4508
f 4495 4508 4509
f 4495 4509 4510
f 4495 4510 4496
f 4496 4510 4498
f 4498 4510 4499
f 4501 4511 4512
f 4501 4512 4513
f 4501 4513 4514
f 4502 4515 4504
f 4502 4504 4503
f 4504 4515 4516
f 4504 4516 4517
f 4504 4517 4518
f 4504 4518 4519
f 4504 4519 4520
f 4511 4522 4512
f 4512 4522 4523
f 4512 4523 4524
f 4512 4524 4513
f 4513 4524 4523
f 4513 4523 4525
f 4513 4525 4526
f 4513 4526 4514
f 4519 4527 4520
f 4520 4527 4528
f 4520 4528 4529
f 4520 4529 4530
f 4521 4531 4532
f 4522 4533 4534
f 4522 4534 4535
f 4522 4535 4536
f 4522 4536 4523
f 4523 4537 4538
f 4523 4538 4525
f 4523 4536 4537
f 4525 4538 4539
f 4525 4539 4540
f 4525 4540 4526
f 4529 4541 4542
f 4529 4542 4543
f 4529 4543 4544
f 4529 4544 4530
f 4531 4545 4546
f 4531 4546 4532
f 4532 4546 4547
f 4532 4547 4548
f 4533 4549 4534
f 4534 4549 4550
f 4534 4550 4553
f 4534 4553 4551
f 4534 4551 4536
f 4534 4536 4535
f 4536 4551 4537
f 4537 4552 4538
f 4537 4551 4553
f 4537 4553 4554
f 4537 4554 4555
f 4537 4555 4556
f 4537 4556 4557
f 4537 4557 4558
f 4537 4558 4552
f 4538 4552 4539
f 4539 4552 4559
f 4539 4559 4560
f 4539 4560 4561
f 4539 4561 4540
f 4541 4562 4563
f 4541 4563 4542
f 4545 4564 4558
f 4545 4558 4557
f 4545 4557 4556
f 4545 4556 4546
f 4546 4556 4555
f 4546 4555 4547
f 4547 4555 4548
f 4548 4555 4565
f 4549 4555 4550
f 4549 4565 4555
f 4550 4555 4553
f 4552 4558 4559
f 4553 4555 4554
f 4558 4564 4566
f 4558 4566 4559
f 4559 4567 4560
f 4559 4566 4568
f 4559 4568 4567
f 4560 4569 4570
f 4560 4567 4569
f 4562 4571 4563
f 4562 4572 4571
f 4563 4571 4572
f 4563 4572 4570
f 4563 4570 4573
f 4567 4568 4569
f 4568 4574 4569
f 4569 4574 4575
f 4569 4575 4570
f 4570 4575 4573
f 4573 4575 4574

o geometry_20
v -0.00279056 -0.03242889 -0.05866746 0.15686275 0.10980392 0.65490196
v -0.00279056 -0.03221985 -0.05980360 0.15686275 0.10980392 0.65490196
v 0.00228585 -0.03408097 -0.05861192 0.15686275 0.10980392 0.65490196
v 0.00299912 -0.03332573 -0.05467821 0.15686275 0.10980392 0.65490196
v 0.00240445 -0.03210522 -0.05144094 0.15686275 0.10980392 0.65490196
v -0.00279056 -0.03034524 -0.05241139 0.15686275 0.10980392 0.65490196
v 0.00228585 -0.03253004 -0.06046908 0.15686275 0.10980392 0.65490196
v 0.00228585 -0.03379776 -0.05988462 0.15686275 0.10980392 0.65490196
v 0.00123849 -0.03352129 -0.05967159 0.15686275 0.10980392 0.65490196
v -0.00279056 -0.03099259 -0.06036075 0.15686275 0.10980392 0.65490196
v 0.00382430 -0.03426304 -0.05861192 0.15686275 0.10980392 0.65490196
v 0.00316115 -0.03332573 -0.05467821 0.15686275 0.10980392 0.65490196
v 0.00388110 -0.03221985 -0.05144094 0.15686275 0.10980392 0.65490196
v -0.00278555 -0.02988670 -0.05144094 0.15686275 0.10980392 0.65490196
v -0.00279056 -0.02989345 -0.05144640 0.15686275 0.10980392 0.65490196
v 0.00382430 -0.03253004 -0.06051915 0.15686275 0.10980392 0.65490196
v 0.00382430 -0.03388542 -0.05993742 0.15686275 0.10980392 0.65490196
v -0.00279056 -0.02945514 -0.06054464 0.15686275 0.10980392 0.65490196
v 0.01304836 -0.03389891 -0.05996929 0.15686275 0.10980392 0.65490196
v 0.01304836 -0.03425630 -0.05861192 0.15686275 0.10980392 0.65490196
v 0.01304836 -0.03377753 -0.05707431 0.15686275 0.10980392 0.65490196
v 0.01304836 -0.03341340 -0.05594181 0.15686275 0.10980392 0.65490196
v 0.01304836 -0.03193664 -0.05144094 0.15686275 0.10980392 0.65490196
v -0.00279056 -0.02934725 -0.05144094 0.15686275 0.10980392 0.65490196
v 0.01304836 -0.03253004 -0.06058652 0.15686275 0.10980392 0.65490196
v 0.01304836 -0.03099259 -0.06061383 0.15686275 0.10980392 0.65490196
v 0.01150991 -0.03099259 -0.06060564 0.15686275 0.10980392 0.65490196
v -0.00279056 0.00589944 -0.06066390 0.15686275 0.10980392 0.65490196
v 0.01427445 -0.03365615 -0.05974898 0.15686275 0.10980392 0.65490196
v 0.01427445 -0.03253004 -0.06036712 0.15686275 0.10980392 0.65490196
v 0.01427445 -0.03377753 -0.05871389 0.15686275 0.10980392 0.65490196
v 0.01427445 -0.03354826 -0.05774889 0.15686275 0.10980392 0.65490196
v 0.01405229 -0.03347408 -0.05707431 0.15686275 0.10980392 0.65490196
v 0.01385351 -0.03332573 -0.05622493 0.15686275 0.10980392 0.65490196
v 0.01338579 -0.03184223 -0.05144094 0.15686275 0.10980392 0.65490196
v -0.00279056 0.02946017 -0.05144094 0.15686275 0.10980392 0.65490196
v 0.01427445 -0.03099259 -0.06061747 0.15686275 0.10980392 0.65490196
v -0.00279056 0.01051179 -0.06067756 0.15686275 0.10980392 0.65490196
v -0.00279056 0.01205598 -0.06068211 0.15686275 0.10980392 0.65490196
v 0.01427445 0.01236616 -0.06073764 0.15686275 0.10980392 0.65490196
v 0.01406732 -0.03151856 -0.05144094 0.15686275 0.10980392 0.65490196
v 0.01383680 -0.03178154 -0.05164304 0.15686275 0.10980392 0.65490196
v 0.01427445 -0.03134324 -0.05144094 0.15686275 0.10980392 0.65490196
v -0.00133563 0.03097064 -0.05144094 0.15686275 0.10980392 0.65490196
v -0.00279056 0.03324310 -0.05864015 0.15686275 0.10980392 0.65490196
v -0.00279056 0.01405196 -0.06068757 0.15686275 0.10980392 0.65490196
v -0.00279056 0.01513087 -0.06069030 0.15686275 0.10980392 0.65490196
v 0.01427445 0.01390361 -0.06074128 0.15686275 0.10980392 0.65490196
v 0.01427445 0.02879259 -0.05144094 0.15686275 0.10980392 0.65490196
v -0.00056556 0.03175960 -0.05144094 0.15686275 0.10980392 0.65490196
v -0.00013793 0.03198887 -0.05144094 0.15686275 0.10980392 0.65490196
v 0.00009091 0.03279131 -0.05328353 0.15686275 0.10980392 0.65490196
v 0.00007922 0.03433550 -0.05788090 0.15686275 0.10980392 0.65490196
v -0.00024818 0.03450408 -0.05890597 0.15686275 0.10980392 0.65490196
v -0.00024818 0.03450408 -0.05963336 0.15686275 0.10980392 0.65490196
v -0.00279056 0.03322962 -0.05938028 0.15686275 0.10980392 0.65490196
v -0.00279056 0.01666832 -0.06069394 0.15686275 0.10980392 0.65490196
v -0.00279056 0.01820577 -0.06069576 0.15686275 0.10980392 0.65490196
v -0.00279056 0.01866431 -0.06069576 0.15686275 0.10980392 0.65490196
v 0.01427445 0.01544106 -0.06074037 0.15686275 0.10980392 0.65490196
v 0.01427445 0.02898814 -0.05214192 0.15686275 0.10980392 0.65490196
v 0.01097871 0.03449733 -0.05897425 0.15686275 0.10980392 0.65490196
v 0.01104720 0.03157753 -0.05144094 0.15686275 0.10980392 0.65490196
v 0.00072066 0.03231254 -0.05144094 0.15686275 0.10980392 0.65490196
v 0.00110486 0.03440293 -0.05768699 0.15686275 0.10980392 0.65490196
v 0.00065384 0.03459848 -0.05848083 0.15686275 0.10980392 0.65490196
v 0.00074906 0.03462546 -0.05979085 0.15686275 0.10980392 0.65490196
v 0.00074906 0.03358026 -0.06040262 0.15686275 0.10980392 0.65490196
v -0.00279056 0.03246089 -0.06019415 0.15686275 0.10980392 0.65490196
v -0.00279056 0.03318916 -0.05975262 0.15686275 0.10980392 0.65490196
v -0.00279056 0.02020176 -0.06069485 0.15686275 0.10980392 0.65490196
v -0.00279056 0.02481411 -0.06069030 0.15686275 0.10980392 0.65490196
v -0.00279056 0.02743046 -0.06068757 0.15686275 0.10980392 0.65490196
v 0.01427445 0.02005341 -0.06073491 0.15686275 0.10980392 0.65490196
v 0.01427445 0.03053234 -0.05850996 0.15686275 0.10980392 0.65490196
v 0.01234178 0.03294640 -0.05911536 0.15686275 0.10980392 0.65490196
v 0.01097871 0.03449733 -0.05962972 0.15686275 0.10980392 0.65490196
v 0.00997312 0.03455128 -0.05877670 0.15686275 0.10980392 0.65490196
v 0.00997312 0.03206304 -0.05144094 0.15686275 0.10980392 0.65490196
v 0.00165276 0.03286548 -0.05307596 0.15686275 0.10980392 0.65490196
v 0.00111488 0.03286548 -0.05307596 0.15686275 0.10980392 0.65490196
v 0.00169786 0.03440293 -0.05768699 0.15686275 0.10980392 0.65490196
v 0.00997312 0.03455128 -0.05974624 0.15686275 0.10980392 0.65490196
v 0.00997312 0.03358026 -0.06036985 0.15686275 0.10980392 0.65490196
v -0.00279056 0.03204281 -0.06036439 0.15686275 0.10980392 0.65490196
v 0.00997312 0.03204281 -0.06064114 0.15686275 0.10980392 0.65490196
v 0.00074906 0.03204281 -0.06063112 0.15686275 0.10980392 0.65490196
v -0.00279056 0.03050536 -0.06065662 0.15686275 0.10980392 0.65490196
v -0.00279056 0.03097064 -0.06058652 0.15686275 0.10980392 0.65490196
v -0.00279056 0.02896792 -0.06068575 0.15686275 0.10980392 0.65490196
v 0.01427445 0.02589302 -0.06072762 0.15686275 0.10980392 0.65490196
v 0.01427445 0.03046490 -0.05998294 0.15686275 0.10980392 0.65490196
v 0.01234178 0.03294640 -0.05951319 0.15686275 0.10980392 0.65490196
v 0.01149821 0.03350609 -0.05985731 0.15686275 0.10980392 0.65490196
v 0.01427445 0.02927136 -0.06044086 0.15686275 0.10980392 0.65490196
v 0.01427445 0.02896792 -0.06055283 0.15686275 0.10980392 0.65490196
v 0.01427445 0.02774065 -0.06069121 0.15686275 0.10980392 0.65490196
v 0.01427445 0.02743046 -0.06072307 0.15686275 0.10980392 0.65490196
v 0.00997312 0.03050536 -0.06067300 0.15686275 0.10980392 0.65490196
v 0.00843466 0.03050536 -0.06067482 0.15686275 0.10980392 0.65490196
v 0.00074906 0.03050536 -0.06066754 0.15686275 0.10980392 0.65490196
v -0.00078940 0.03050536 -0.06066299 0.15686275 0.10980392 0.65490196
v -0.00279056 0.02942645 -0.06067847 0.15686275 0.10980392 0.65490196
v -0.00232618 0.02896792 -0.06068666 0.15686275 0.10980392 0.65490196
v 0.01427445 0.02620320 -0.06072671 0.15686275 0.10980392 0.65490196
f 4576 4577 4578
f 4576 4578 4579
f 4576 4579 4580
f 4576 4580 4581
f 4576 4581 4590
f 4576 4590 4599
f 4576 4599 4611
f 4576 4611 4620
f 4576 4620 4631
f 4576 4631 4645
f 4576 4645 4644
f 4576 4644 4660
f 4576 4660 4664
f 4576 4664 4663
f 4576 4663 4678
f 4576 4678 4665
f 4576 4665 4648
f 4576 4648 4647
f 4576 4647 4646
f 4576 4646 4634
f 4576 4634 4633
f 4576 4633 4632
f 4576 4632 4622
f 4576 4622 4621
f 4576 4621 4614
f 4576 4614 4613
f 4576 4613 4603
f 4576 4603 4593
f 4576 4593 4585
f 4576 4585 4577
f 4577 4582 4583
f 4577 4583 4584
f 4577 4584 4578
f 4577 4585 4582
f 4578 4584 4583
f 4578 4583 4586
f 4578 4586 4579
f 4579 4586 4587
f 4579 4587 4588
f 4579 4588 4580
f 4580 4588 4598
f 4580 4598 4610
f 4580 4610 4616
f 4580 4616 4618
f 4580 4618 4624
f 4580 4624 4638
f 4580 4638 4654
f 4580 4654 4639
f 4580 4639 4626
f 4580 4626 4625
f 4580 4625 4619
f 4580 4619 4611
f 4580 4611 4599
f 4580 4599 4589
f 4580 4589 4590
f 4580 4590 4581
f 4582 4591 4592
f 4582 4592 4583
f 4582 4585 4593
f 4582 4593 4591
f 4583 4592 4586
f 4586 4592 4594
f 4586 4594 4595
f 4586 4595 4587
f 4587 4595 4596
f 4587 4596 4597
f 4587 4597 4598
f 4587 4598 4588
f 4589 4599 4590
f 4591 4600 4592
f 4591 4593 4600
f 4592 4600 4594
f 4593 4601 4602
f 4593 4602 4600
f 4593 4603 4601
f 4594 4604 4595
f 4594 4600 4605
f 4594 4605 4604
f 4595 4604 4606
f 4595 4606 4607
f 4595 4607 4608
f 4595 4608 4609
f 4595 4609 4596
f 4596 4609 4597
f 4597 4609 4598
f 4598 4609 4610
f 4600 4602 4601
f 4600 4601 4612
f 4600 4612 4605
f 4601 4603 4613
f 4601 4613 4614
f 4601 4614 4615
f 4601 4615 4612
f 4604 4605 4612
f 4604 4612 4615
f 4604 4615 4623
f 4604 4623 4635
f 4604 4635 4649
f 4604 4649 4666
f 4604 4666 4680
f 4604 4680 4673
f 4604 4673 4672
f 4604 4672 4671
f 4604 4671 4670
f 4604 4670 4667
f 4604 4667 4650
f 4604 4650 4636
f 4604 4636 4624
f 4604 4624 4618
f 4604 4618 4607
f 4604 4607 4606
f 4607 4616 4617
f 4607 4617 4609
f 4607 4609 4608
f 4607 4618 4616
f 4609 4617 4610
f 4610 4617 4616
f 4611 4619 4620
f 4614 4621 4615
f 4615 4621 4622
f 4615 4622 4632
f 4615 4632 4623
f 4619 4625 4620
f 4620 4625 4626
f 4620 4626 4627
f 4620 4627 4628
f 4620 4628 4629
f 4620 4629 4630
f 4620 4630 4631
f 4623 4632 4633
f 4623 4633 4634
f 4623 4634 4646
f 4623 4646 4635
f 4624 4636 4637
f 4624 4637 4638
f 4626 4639 4627
f 4627 4639 4628
f 4628 4640 4641
f 4628 4641 4629
f 4628 4639 4640
f 4629 4641 4642
f 4629 4642 4630
f 4630 4642 4643
f 4630 4643 4644
f 4630 4644 4645
f 4630 4645 4631
f 4635 4646 4647
f 4635 4647 4648
f 4635 4648 4665
f 4635 4665 4649
f 4636 4650 4651
f 4636 4651 4637
f 4637 4651 4668
f 4637 4668 4652
f 4637 4652 4658
f 4637 4658 4653
f 4637 4653 4654
f 4637 4654 4638
f 4639 4654 4655
f 4639 4655 4656
f 4639 4656 4640
f 4640 4657 4641
f 4640 4656 4655
f 4640 4655 4657
f 4641 4653 4642
f 4641 4657 4653
f 4642 4653 4658
f 4642 4658 4659
f 4642 4659 4643
f 4643 4660 4644
f 4643 4659 4661
f 4643 4661 4662
f 4643 4662 4663
f 4643 4663 4664
f 4643 4664 4660
f 4649 4665 4666
f 4650 4667 4668
f 4650 4668 4651
f 4652 4668 4667
f 4652 4667 4669
f 4652 4669 4659
f 4652 4659 4658
f 4653 4657 4655
f 4653 4655 4654
f 4659 4669 4670
f 4659 4670 4671
f 4659 4671 4661
f 4661 4671 4672
f 4661 4672 4673
f 4661 4673 4674
f 4661 4674 4675
f 4661 4675 4676
f 4661 4676 4662
f 4662 4676 4677
f 4662 4677 4663
f 4663 4677 4678
f 4665 4678 4679
f 4665 4679 4666
f 4666 4679 4680
f 4667 4670 4669
f 4673 4680 4679
f 4673 4679 4675
f 4673 4675 4674
f 4675 4679 4676
f 4676 4679 4678
f 4676 4678 4677

o geometry_21
v -0.01002565 -0.03296375 -0.03708558 0.13725490 0.19607843 0.36862745
v 0.00074666 -0.03293224 -0.03554818 0.13725490 0.19607843 0.36862745
v -0.00079105 -0.03293750 -0.03554818 0.13725490 0.19607843 0.36862745
v -0.00847799 -0.03294975 -0.03554818 0.13725490 0.19607843 0.36862745
v -0.01002565 -0.03295150 -0.03555864 0.13725490 0.19607843 0.36862745
v -0.01002565 -0.03293750 -0.03862194 0.13725490 0.19607843 0.36862745
v -0.01001571 -0.03293750 -0.03862194 0.13725490 0.19607843 0.36862745
v 0.00382210 -0.03290249 -0.03708558 0.13725490 0.19607843 0.36862745
v 0.00689920 -0.03288849 -0.03708558 0.13725490 0.19607843 0.36862745
v 0.00689920 -0.03290424 -0.03554818 0.13725490 0.19607843 0.36862745
v 0.00689920 -0.03248944 -0.03400973 0.13725490 0.19607843 0.36862745
v 0.00382210 -0.03249994 -0.03400973 0.13725490 0.19607843 0.36862745
v 0.00074666 -0.03250694 -0.03400973 0.13725490 0.19607843 0.36862745
v -0.00079105 -0.03250869 -0.03400973 0.13725490 0.19607843 0.36862745
v -0.01002565 -0.03294975 -0.03554818 0.13725490 0.19607843 0.36862745
v -0.01002565 -0.03293399 -0.03863345 0.13725490 0.19607843 0.36862745
v 0.00689920 -0.03285874 -0.03862194 0.13725490 0.19607843 0.36862745
v 0.00689920 -0.03191887 -0.03312852 0.13725490 0.19607843 0.36862745
v 0.00535982 -0.03192062 -0.03312747 0.13725490 0.19607843 0.36862745
v 0.00228438 -0.03192237 -0.03312747 0.13725490 0.19607843 0.36862745
v -0.00694027 -0.03250869 -0.03400973 0.13725490 0.19607843 0.36862745
v -0.01002565 -0.03251044 -0.03402124 0.13725490 0.19607843 0.36862745
v -0.01002565 -0.03237218 -0.04016563 0.13725490 0.19607843 0.36862745
v -0.01001571 -0.03237743 -0.04015935 0.13725490 0.19607843 0.36862745
v 0.00689920 -0.03236343 -0.04015935 0.13725490 0.19607843 0.36862745
v 0.00689920 -0.03099826 -0.03288362 0.13725490 0.19607843 0.36862745
v 0.00382210 -0.03099826 -0.03288048 0.13725490 0.19607843 0.36862745
v 0.00074666 -0.03099826 -0.03287839 0.13725490 0.19607843 0.36862745
v -0.00386483 -0.03192237 -0.03312747 0.13725490 0.19607843 0.36862745
v -0.00540255 -0.03192237 -0.03312852 0.13725490 0.19607843 0.36862745
v -0.01002565 -0.03250694 -0.03400973 0.13725490 0.19607843 0.36862745
v -0.01002565 -0.03180511 -0.04095264 0.13725490 0.19607843 0.36862745
v -0.00694027 -0.03180861 -0.04095788 0.13725490 0.19607843 0.36862745
v 0.00382210 -0.03182086 -0.04096834 0.13725490 0.19607843 0.36862745
v 0.00535982 -0.03182436 -0.04096625 0.13725490 0.19607843 0.36862745
v 0.00689754 -0.03182611 -0.04096625 0.13725490 0.19607843 0.36862745
v 0.00689920 -0.03182611 -0.04096416 0.13725490 0.19607843 0.36862745
v 0.00689920 -0.02945982 -0.03274443 0.13725490 0.19607843 0.36862745
v 0.00202589 -0.02611516 -0.03211440 0.13725490 0.19607843 0.36862745
v 0.00074666 -0.02640745 -0.03211440 0.13725490 0.19607843 0.36862745
v -0.00079105 -0.02650371 -0.03211440 0.13725490 0.19607843 0.36862745
v -0.00386483 -0.03099826 -0.03288048 0.13725490 0.19607843 0.36862745
v -0.00215810 -0.02650021 -0.03211440 0.13725490 0.19607843 0.36862745
v -0.00694027 -0.03192062 -0.03312852 0.13725490 0.19607843 0.36862745
v -0.01001571 -0.03192062 -0.03313061 0.13725490 0.19607843 0.36862745
v -0.01002565 -0.03192412 -0.03313689 0.13725490 0.19607843 0.36862745
v -0.01002565 -0.02813316 -0.04280507 0.13725490 0.19607843 0.36862745
v -0.00835206 -0.02926555 -0.04280507 0.13725490 0.19607843 0.36862745
v -0.00690216 -0.02994988 -0.04280507 0.13725490 0.19607843 0.36862745
v 0.00380719 -0.03002339 -0.04280507 0.13725490 0.19607843 0.36862745
v 0.00440869 -0.02982561 -0.04280507 0.13725490 0.19607843 0.36862745
v 0.00545758 -0.02929180 -0.04280507 0.13725490 0.19607843 0.36862745
v 0.00689920 -0.02834318 -0.04280507 0.13725490 0.19607843 0.36862745
v 0.00689920 -0.02792138 -0.03273710 0.13725490 0.19607843 0.36862745
v 0.00526703 -0.01716106 -0.03211440 0.13725490 0.19607843 0.36862745
v 0.00524549 -0.01869775 -0.03211440 0.13725490 0.19607843 0.36862745
v 0.00520737 -0.02011193 -0.03211440 0.13725490 0.19607843 0.36862745
v 0.00491408 -0.02177288 -0.03211440 0.13725490 0.19607843 0.36862745
v 0.00361332 -0.02465548 -0.03211440 0.13725490 0.19607843 0.36862745
v -0.00694027 -0.03099826 -0.03288258 0.13725490 0.19607843 0.36862745
v -0.00232712 -0.02649846 -0.03211440 0.13725490 0.19607843 0.36862745
v -0.01001571 -0.03099826 -0.03288571 0.13725490 0.19607843 0.36862745
v -0.01002565 -0.03100351 -0.03288781 0.13725490 0.19607843 0.36862745
v -0.01002565 -0.01508356 -0.04280507 0.13725490 0.19607843 0.36862745
v 0.00689920 -0.01508356 -0.04280507 0.13725490 0.19607843 0.36862745
v 0.00689920 -0.02023619 -0.03272454 0.13725490 0.19607843 0.36862745
v 0.00689920 -0.01716106 -0.03272036 0.13725490 0.19607843 0.36862745
v 0.00689920 -0.01562263 -0.03271931 0.13725490 0.19607843 0.36862745
v 0.00526868 -0.01586941 -0.03211440 0.13725490 0.19607843 0.36862745
v -0.00368753 -0.02645295 -0.03211440 0.13725490 0.19607843 0.36862745
v -0.01002565 -0.02945982 -0.03274861 0.13725490 0.19607843 0.36862745
v -0.00519874 -0.02636719 -0.03211440 0.13725490 0.19607843 0.36862745
v -0.00540255 -0.02633919 -0.03211440 0.13725490 0.19607843 0.36862745
v -0.00664532 -0.02608541 -0.03211440 0.13725490 0.19607843 0.36862745
v -0.00750532 -0.02540107 -0.03211440 0.13725490 0.19607843 0.36862745
v -0.01002565 -0.01508356 -0.03269943 0.13725490 0.19607843 0.36862745
v 0.00689920 -0.01508356 -0.03317561 0.13725490 0.19607843 0.36862745
v 0.00526868 -0.01562263 -0.03211440 0.13725490 0.19607843 0.36862745
v 0.00689754 -0.01508356 -0.03272036 0.13725490 0.19607843 0.36862745
v 0.00526537 -0.01508356 -0.03211440 0.13725490 0.19607843 0.36862745
v -0.00817475 -0.02454522 -0.03211440 0.13725490 0.19607843 0.36862745
v -0.00843491 -0.02331132 -0.03211440 0.13725490 0.19607843 0.36862745
v -0.00845810 -0.02312229 -0.03211440 0.13725490 0.19607843 0.36862745
v -0.00852439 -0.02177288 -0.03211440 0.13725490 0.19607843 0.36862745
v -0.00853101 -0.02159786 -0.03211440 0.13725490 0.19607843 0.36862745
v -0.01002565 -0.02332182 -0.03271199 0.13725490 0.19607843 0.36862745
v -0.00859232 -0.01508356 -0.03211440 0.13725490 0.19607843 0.36862745
v -0.01002565 -0.01563488 -0.03269943 0.13725490 0.19607843 0.36862745
v -0.00859398 -0.01547211 -0.03211440 0.13725490 0.19607843 0.36862745
v -0.00855090 -0.02006292 -0.03211440 0.13725490 0.19607843 0.36862745
v -0.00858072 -0.01700355 -0.03211440 0.13725490 0.19607843 0.36862745
v -0.00859398 -0.01562263 -0.03211440 0.13725490 0.19607843 0.36862745
v -0.01002565 -0.02178513 -0.03270885 0.13725490 0.19607843 0.36862745
f 4681 4682 4683
f 4681 4683 4684
f 4681 4684 4685
f 4681 4685 4695
f 4681 4695 4702
f 4681 4702 4711
f 4681 4711 4726
f 4681 4726 4743
f 4681 4743 4751
f 4681 4751 4766
f 4681 4766 4773
f 4681 4773 4768
f 4681 4768 4756
f 4681 4756 4744
f 4681 4744 4727
f 4681 4727 4712
f 4681 4712 4703
f 4681 4703 4696
f 4681 4696 4686
f 4681 4686 4687
f 4681 4687 4688
f 4681 4688 4682
f 4682 4688 4689
f 4682 4689 4690
f 4682 4690 4691
f 4682 4691 4683
f 4683 4691 4692
f 4683 4692 4693
f 4683 4693 4684
f 4684 4693 4694
f 4684 4694 4701
f 4684 4701 4695
f 4684 4695 4685
f 4686 4696 4687
f 4687 4696 4697
f 4687 4697 4689
f 4687 4689 4688
f 4689 4697 4705
f 4689 4705 4717
f 4689 4717 4733
f 4689 4733 4745
f 4689 4745 4757
f 4689 4757 4748
f 4689 4748 4747
f 4689 4747 4746
f 4689 4746 4734
f 4689 4734 4718
f 4689 4718 4706
f 4689 4706 4698
f 4689 4698 4691
f 4689 4691 4690
f 4691 4698 4692
f 4692 4698 4693
f 4693 4698 4699
f 4693 4699 4694
f 4694 4699 4700
f 4694 4700 4709
f 4694 4709 4701
f 4695 4701 4702
f 4696 4703 4704
f 4696 4704 4705
f 4696 4705 4697
f 4698 4706 4707
f 4698 4707 4699
f 4699 4707 4708
f 4699 4708 4700
f 4700 4708 4709
f 4701 4709 4710
f 4701 4710 4711
f 4701 4711 4702
f 4703 4712 4704
f 4704 4712 4713
f 4704 4713 4714
f 4704 4714 4715
f 4704 4715 4716
f 4704 4716 4705
f 4705 4716 4717
f 4706 4718 4719
f 4706 4719 4720
f 4706 4720 4721
f 4706 4721 4707
f 4707 4721 4708
f 4708 4722 4709
f 4708 4721 4723
f 4708 4723 4722
f 4709 4722 4724
f 4709 4724 4725
f 4709 4725 4710
f 4710 4725 4711
f 4711 4725 4726
f 4712 4727 4728
f 4712 4728 4729
f 4712 4729 4730
f 4712 4730 4713
f 4713 4730 4714
f 4714 4716 4715
f 4714 4730 4716
f 4716 4730 4731
f 4716 4731 4732
f 4716 4732 4733
f 4716 4733 4717
f 4718 4734 4735
f 4718 4735 4736
f 4718 4736 4737
f 4718 4737 4738
f 4718 4738 4739
f 4718 4739 4719
f 4719 4739 4738
f 4719 4738 4737
f 4719 4737 4736
f 4719 4736 4735
f 4719 4735 4749
f 4719 4749 4758
f 4719 4758 4760
f 4719 4760 4767
f 4719 4767 4769
f 4719 4769 4772
f 4719 4772 4771
f 4719 4771 4770
f 4719 4770 4765
f 4719 4765 4764
f 4719 4764 4763
f 4719 4763 4762
f 4719 4762 4761
f 4719 4761 4755
f 4719 4755 4754
f 4719 4754 4753
f 4719 4753 4752
f 4719 4752 4750
f 4719 4750 4741
f 4719 4741 4723
f 4719 4723 4721
f 4719 4721 4720
f 4722 4723 4740
f 4722 4740 4725
f 4722 4725 4724
f 4723 4741 4742
f 4723 4742 4740
f 4725 4740 4742
f 4725 4742 4743
f 4725 4743 4726
f 4727 4744 4745
f 4727 4745 4733
f 4727 4733 4732
f 4727 4732 4731
f 4727 4731 4730
f 4727 4730 4729
f 4727 4729 4728
f 4734 4746 4735
f 4735 4746 4747
f 4735 4747 4748
f 4735 4748 4749
f 4741 4750 4742
f 4742 4751 4743
f 4742 4750 4752
f 4742 4752 4753
f 4742 4753 4754
f 4742 4754 4755
f 4742 4755 4751
f 4744 4756 4767
f 4744 4767 4760
f 4744 4760 4759
f 4744 4759 4757
f 4744 4757 4745
f 4748 4758 4749
f 4748 4757 4759
f 4748 4759 4760
f 4748 4760 4758
f 4751 4755 4761
f 4751 4761 4762
f 4751 4762 4763
f 4751 4763 4764
f 4751 4764 4765
f 4751 4765 4766
f 4756 4768 4772
f 4756 4772 4769
f 4756 4769 4767
f 4765 4770 4766
f 4766 4770 4771
f 4766 4771 4772
f 4766 4772 4773
f 4768 4773 4772

